{
  "generated_at": "2026-06-18T13:56:14.301702+00:00",
  "workspace": "<local-rre-root>/rsp_batch_runs",
  "model_id": "model_007",
  "run_name": "model_007_M0p6887_Z0p004060_T6669",
  "source": "cumulative:continue_saturation+continue_saturation_resume:LOGS_continue_saturation_resume_2180000+continue_saturation_resume:LOGS_continue_saturation_resume_2270000",
  "source_kind": "history_exact_rsp_columns",
  "cycle_count": 1651,
  "first_period": 1.0,
  "last_period": 1651.0,
  "rolling_window": 100,
  "fits": {
    "50": {
      "delta_r": {
        "available": true,
        "window_cycles": 50,
        "window_start_period": 1602.0,
        "window_end_period": 1651.0,
        "first": 0.6201456442012745,
        "last": 0.630115539213409,
        "median": 0.6256229851641444,
        "peak_to_peak": 0.009969895012134522,
        "fractional_peak_to_peak": 0.015935947445279246,
        "slope_per_cycle": 0.00019943602315209728,
        "fractional_slope_per_cycle": 0.00031877988482116164,
        "log_slope_per_cycle": 0.000318952457107159,
        "efolding_cycles": 3135.2635093951585
      },
      "period_days": {
        "available": true,
        "window_cycles": 50,
        "window_start_period": 1602.0,
        "window_end_period": 1651.0,
        "first": 0.5572302267969482,
        "last": 0.5572191034335022,
        "median": 0.5572443292653878,
        "peak_to_peak": 5.608191748185387e-05,
        "fractional_peak_to_peak": 0.00010064152210536868,
        "slope_per_cycle": 1.8875377487065778e-07,
        "fractional_slope_per_cycle": 3.3872713450398116e-07,
        "log_slope_per_cycle": 3.3872105195657856e-07,
        "efolding_cycles": 2952281.808950547
      },
      "gamma": {
        "available": true,
        "window_cycles": 50,
        "window_start_period": 1602.0,
        "window_end_period": 1651.0,
        "first": 0.0006554787741406039,
        "last": 0.0004009829461245552,
        "median": 0.0005134294814785575,
        "peak_to_peak": 0.00026813027666185396,
        "fractional_peak_to_peak": 0.52223389254879,
        "slope_per_cycle": -5.263015996747613e-06,
        "fractional_slope_per_cycle": -0.010250708591161051,
        "log_slope_per_cycle": -0.010248655355441224,
        "efolding_cycles": null
      },
      "max_vsurf_div_cs": {
        "available": true,
        "window_cycles": 50,
        "window_start_period": 1629.0,
        "window_end_period": 1651.0,
        "first": 4.85518,
        "last": 4.88476,
        "median": 4.86882,
        "peak_to_peak": 0.02958000000000016,
        "fractional_peak_to_peak": 0.006075394037980488,
        "slope_per_cycle": 0.0013220059288537591,
        "fractional_slope_per_cycle": 0.00027152491339867954,
        "log_slope_per_cycle": 0.00027152581565829557,
        "efolding_cycles": 3682.891063509262
      }
    },
    "100": {
      "delta_r": {
        "available": true,
        "window_cycles": 100,
        "window_start_period": 1552.0,
        "window_end_period": 1651.0,
        "first": 0.6041056995917877,
        "last": 0.630115539213409,
        "median": 0.6200169942558502,
        "peak_to_peak": 0.02600983962162129,
        "fractional_peak_to_peak": 0.04195020436954075,
        "slope_per_cycle": 0.00025786479820214556,
        "fractional_slope_per_cycle": 0.00041589956499762904,
        "log_slope_per_cycle": 0.00041714335457942027,
        "efolding_cycles": 2397.257415279306
      },
      "period_days": {
        "available": true,
        "window_cycles": 100,
        "window_start_period": 1552.0,
        "window_end_period": 1651.0,
        "first": 0.5572208908550372,
        "last": 0.5572191034335022,
        "median": 0.5572350474477195,
        "peak_to_peak": 7.637645704328122e-05,
        "fractional_peak_to_peak": 0.00013706326871058296,
        "slope_per_cycle": 3.0973112101595196e-07,
        "fractional_slope_per_cycle": 5.558356790991531e-07,
        "log_slope_per_cycle": 5.558325883834846e-07,
        "efolding_cycles": 1799102.8610040254
      },
      "gamma": {
        "available": true,
        "window_cycles": 100,
        "window_start_period": 1552.0,
        "window_end_period": 1651.0,
        "first": 0.0010111051167748775,
        "last": 0.0004009829461245552,
        "median": 0.0006530095043568788,
        "peak_to_peak": 0.0006237566192961277,
        "fractional_peak_to_peak": 0.9552029719849774,
        "slope_per_cycle": -6.218529846452753e-06,
        "fractional_slope_per_cycle": -0.00952287800554621,
        "log_slope_per_cycle": -0.00947041989174943,
        "efolding_cycles": null
      },
      "max_vsurf_div_cs": {
        "available": true,
        "window_cycles": 100,
        "window_start_period": 1629.0,
        "window_end_period": 1651.0,
        "first": 4.85518,
        "last": 4.88476,
        "median": 4.86882,
        "peak_to_peak": 0.02958000000000016,
        "fractional_peak_to_peak": 0.006075394037980488,
        "slope_per_cycle": 0.0013220059288537591,
        "fractional_slope_per_cycle": 0.00027152491339867954,
        "log_slope_per_cycle": 0.00027152581565829557,
        "efolding_cycles": 3682.891063509262
      }
    },
    "250": {
      "delta_r": {
        "available": true,
        "window_cycles": 250,
        "window_start_period": 1402.0,
        "window_end_period": 1651.0,
        "first": 0.5052456240335683,
        "last": 0.630115539213409,
        "median": 0.5930848771073691,
        "peak_to_peak": 0.1248699151798407,
        "fractional_peak_to_peak": 0.21054307739031233,
        "slope_per_cycle": 0.0004949602516514743,
        "fractional_slope_per_cycle": 0.0008345521370659889,
        "log_slope_per_cycle": 0.000859736547012028,
        "efolding_cycles": 1163.147016926814
      },
      "period_days": {
        "available": true,
        "window_cycles": 250,
        "window_start_period": 1402.0,
        "window_end_period": 1651.0,
        "first": 0.5569921056695144,
        "last": 0.5572191034335022,
        "median": 0.5572006246783012,
        "peak_to_peak": 0.0005568297119398213,
        "fractional_peak_to_peak": 0.0009993343282077365,
        "slope_per_cycle": 1.4522738664639823e-06,
        "fractional_slope_per_cycle": 2.606375158503187e-06,
        "log_slope_per_cycle": 2.606876659924646e-06,
        "efolding_cycles": 383600.8106455278
      },
      "gamma": {
        "available": true,
        "window_cycles": 250,
        "window_start_period": 1402.0,
        "window_end_period": 1651.0,
        "first": 0.0028865971366237764,
        "last": 0.0004009829461245552,
        "median": 0.0012555181937539475,
        "peak_to_peak": 0.0024992486391450263,
        "fractional_peak_to_peak": 1.9906112484697462,
        "slope_per_cycle": -1.0124433599779457e-05,
        "fractional_slope_per_cycle": -0.008063948137229155,
        "log_slope_per_cycle": -0.008010942107544928,
        "efolding_cycles": null
      },
      "max_vsurf_div_cs": {
        "available": true,
        "window_cycles": 250,
        "window_start_period": 1629.0,
        "window_end_period": 1651.0,
        "first": 4.85518,
        "last": 4.88476,
        "median": 4.86882,
        "peak_to_peak": 0.02958000000000016,
        "fractional_peak_to_peak": 0.006075394037980488,
        "slope_per_cycle": 0.0013220059288537591,
        "fractional_slope_per_cycle": 0.00027152491339867954,
        "log_slope_per_cycle": 0.00027152581565829557,
        "efolding_cycles": 3682.891063509262
      }
    },
    "500": {
      "delta_r": {
        "available": true,
        "window_cycles": 500,
        "window_start_period": 1152.0,
        "window_end_period": 1651.0,
        "first": 0.2827580182762972,
        "last": 0.630115539213409,
        "median": 0.5048071262506748,
        "peak_to_peak": 0.3474223295636891,
        "fractional_peak_to_peak": 0.6882278626771361,
        "slope_per_cycle": 0.0007634599611705211,