{
  "generated_at": "2026-06-19T02:29:40.100191+00:00",
  "workspace": "<local-rre-root>/rsp_batch_runs",
  "model_id": "model_008",
  "run_name": "model_008_M0p6151_Z0p0004406_T6792",
  "source": "cumulative:saturation+continue_saturation+continue_saturation_resume:LOGS_continue_saturation_resume_1620000",
  "source_kind": "history_exact_rsp_columns",
  "cycle_count": 1110,
  "first_period": 1.0,
  "last_period": 1110.0,
  "rolling_window": 100,
  "fits": {
    "50": {
      "delta_r": {
        "available": true,
        "window_cycles": 50,
        "window_start_period": 1061.0,
        "window_end_period": 1110.0,
        "first": 0.0704001268608776,
        "last": 0.07793956298609306,
        "median": 0.07406850707699952,
        "peak_to_peak": 0.00753943612521546,
        "fractional_peak_to_peak": 0.10179003766577441,
        "slope_per_cycle": 0.00015382019057052018,
        "fractional_slope_per_cycle": 0.0020767286481231904,
        "log_slope_per_cycle": 0.0020760720511358573,
        "efolding_cycles": 481.6788509112107
      },
      "period_days": {
        "available": true,
        "window_cycles": 50,
        "window_start_period": 1061.0,
        "window_end_period": 1110.0,
        "first": 0.6316164620450042,
        "last": 0.6316194621987503,
        "median": 0.6316170552252205,
        "peak_to_peak": 3.145596495390812e-06,
        "fractional_peak_to_peak": 4.980227290203814e-06,
        "slope_per_cycle": 6.796205455668741e-08,
        "fractional_slope_per_cycle": 1.0760009406720923e-07,
        "log_slope_per_cycle": 1.0759999640772628e-07,
        "efolding_cycles": 9293680.60767142
      },
      "gamma": {
        "available": true,
        "window_cycles": 50,
        "window_start_period": 1061.0,
        "window_end_period": 1110.0,
        "first": 0.004202153515236449,
        "last": 0.004229889896482127,
        "median": 0.004215849631634834,
        "peak_to_peak": 2.784169409163033e-05,
        "fractional_peak_to_peak": 0.00660405292511199,
        "slope_per_cycle": 5.684455965054973e-07,
        "fractional_slope_per_cycle": 0.00013483535850994382,
        "log_slope_per_cycle": 0.0001348369436659903,
        "efolding_cycles": 7416.36507630385
      },
      "max_vsurf_div_cs": {
        "available": true,
        "window_cycles": 50,
        "window_start_period": 1061.0,
        "window_end_period": 1110.0,
        "first": 0.40671,
        "last": 0.4544,
        "median": 0.429725,
        "peak_to_peak": 0.04769000000000001,
        "fractional_peak_to_peak": 0.11097795101518415,
        "slope_per_cycle": 0.0009730487394957984,
        "fractional_slope_per_cycle": 0.0022643521775456356,
        "log_slope_per_cycle": 0.0022630658875105593,
        "efolding_cycles": 441.87842939916794
      }
    },
    "100": {
      "delta_r": {
        "available": true,
        "window_cycles": 100,
        "window_start_period": 1011.0,
        "window_end_period": 1110.0,
        "first": 0.06348104272167099,
        "last": 0.07793956298609306,
        "median": 0.07032728897214202,
        "peak_to_peak": 0.01445852026442207,
        "fractional_peak_to_peak": 0.2055890462399221,
        "slope_per_cycle": 0.00014589849038411533,
        "fractional_slope_per_cycle": 0.002074564404749179,
        "log_slope_per_cycle": 0.002072121027305251,
        "efolding_cycles": 482.59729370174796
      },
      "period_days": {
        "available": true,
        "window_cycles": 100,
        "window_start_period": 1011.0,
        "window_end_period": 1110.0,
        "first": 0.6316212087985197,
        "last": 0.6316194621987503,
        "median": 0.6316177488195158,
        "peak_to_peak": 4.892196264760784e-06,
        "fractional_peak_to_peak": 7.74550156942902e-06,
        "slope_per_cycle": -2.477402689219699e-08,
        "fractional_slope_per_cycle": -3.922313288139746e-08,
        "log_slope_per_cycle": -3.922305877848973e-08,
        "efolding_cycles": null
      },
      "gamma": {
        "available": true,
        "window_cycles": 100,
        "window_start_period": 1011.0,
        "window_end_period": 1110.0,
        "first": 0.004176763204644154,
        "last": 0.004229889896482127,
        "median": 0.004201809938971674,
        "peak_to_peak": 5.329512479298505e-05,
        "fractional_peak_to_peak": 0.012683849476073206,
        "slope_per_cycle": 5.475976575933739e-07,
        "fractional_slope_per_cycle": 0.00013032423302025643,
        "log_slope_per_cycle": 0.00013030496857190674,
        "efolding_cycles": 7674.3044487069255
      },
      "max_vsurf_div_cs": {
        "available": true,
        "window_cycles": 100,
        "window_start_period": 1018.0,
        "window_end_period": 1110.0,
        "first": 0.36986,
        "last": 0.4544,
        "median": 0.40945,
        "peak_to_peak": 0.08454,
        "fractional_peak_to_peak": 0.20647209671510566,
        "slope_per_cycle": 0.000917123034227567,
        "fractional_slope_per_cycle": 0.002239890180064885,
        "log_slope_per_cycle": 0.0022357057829459188,
        "efolding_cycles": 447.2860461461667
      }
    },
    "250": {
      "delta_r": {
        "available": true,
        "window_cycles": 250,
        "window_start_period": 861.0,
        "window_end_period": 1110.0,
        "first": 0.04664514573910772,
        "last": 0.07793956298609306,
        "median": 0.06022347445345222,
        "peak_to_peak": 0.03129441724698534,
        "fractional_peak_to_peak": 0.5196381897755392,
        "slope_per_cycle": 0.00012508457031119028,
        "fractional_slope_per_cycle": 0.0020770068722599246,
        "log_slope_per_cycle": 0.002061760416225282,
        "efolding_cycles": 485.02240712857554
      },
      "period_days": {
        "available": true,
        "window_cycles": 250,
        "window_start_period": 861.0,
        "window_end_period": 1110.0,
        "first": 0.6316268901304445,
        "last": 0.6316194621987503,
        "median": 0.6316220512109187,
        "peak_to_peak": 1.0573528189561365e-05,
        "fractional_peak_to_peak": 1.6740277147212087e-05,
        "slope_per_cycle": -3.767727656189358e-08,
        "fractional_slope_per_cycle": -5.965161680099724e-08,
        "log_slope_per_cycle": -5.965170454658306e-08,
        "efolding_cycles": null
      },
      "gamma": {
        "available": true,
        "window_cycles": 250,
        "window_start_period": 861.0,
        "window_end_period": 1110.0,
        "first": 0.004116016027332425,
        "last": 0.004229889896482127,
        "median": 0.004165480880259498,
        "peak_to_peak": 0.00011414768700839743,
        "fractional_peak_to_peak": 0.02740324353650288,
        "slope_per_cycle": 4.5738727012098155e-07,
        "fractional_slope_per_cycle": 0.00010980419386596429,
        "log_slope_per_cycle": 0.00010970364574833252,
        "efolding_cycles": 9115.4673409311
      },
      "max_vsurf_div_cs": {
        "available": true,
        "window_cycles": 250,
        "window_start_period": 1018.0,
        "window_end_period": 1110.0,
        "first": 0.36986,
        "last": 0.4544,
        "median": 0.40945,
        "peak_to_peak": 0.08454,
        "fractional_peak_to_peak": 0.20647209671510566,
        "slope_per_cycle": 0.000917123034227567,
        "fractional_slope_per_cycle": 0.002239890180064885,
        "log_slope_per_cycle": 0.0022357057829459188,
        "efolding_cycles": 447.2860461461667
      }
    },
    "500": {
      "delta_r": {
        "available": true,
        "window_cycles": 500,
        "window_start_period": 611.0,
        "window_end_period": 1110.0,
        "first": 0.02806159101429717,
        "last": 0.07793956298609306,
        "median": 0.04659749113084466,
        "peak_to_peak": 0.04987797197179589,
        "fractional_peak_to_peak": 1.070400374812878,
        "slope_per_cycle": 9.808285022182403e-05,
        "fractional_slope_per_cycle": 0.0021048955177953616,
        "log_slope_per_cycle": 0.0020462297443026036,