{
  "generated_at": "2026-06-18T18:00:45.474150+00:00",
  "workspace": "<local-rre-root>/rsp_batch_runs",
  "model_id": "model_008",
  "run_name": "model_008_M0p6151_Z0p0004406_T6792",
  "source": "cumulative:saturation+continue_saturation+continue_saturation_resume:LOGS_continue_saturation_resume_1620000",
  "source_kind": "history_exact_rsp_columns",
  "cycle_count": 1071,
  "first_period": 1.0,
  "last_period": 1071.0,
  "rolling_window": 100,
  "fits": {
    "50": {
      "delta_r": {
        "available": true,
        "window_cycles": 50,
        "window_start_period": 1022.0,
        "window_end_period": 1071.0,
        "first": 0.0649415618687641,
        "last": 0.07187415187026058,
        "median": 0.06831779535024163,
        "peak_to_peak": 0.006932590001496486,
        "fractional_peak_to_peak": 0.10147561065100978,
        "slope_per_cycle": 0.00014145231656568979,
        "fractional_slope_per_cycle": 0.0020705047029183662,
        "log_slope_per_cycle": 0.0020699082697429464,
        "efolding_cycles": 483.11319618245017
      },
      "period_days": {
        "available": true,
        "window_cycles": 50,
        "window_start_period": 1022.0,
        "window_end_period": 1071.0,
        "first": 0.6316202103469037,
        "last": 0.6316163422952027,
        "median": 0.6316174810231422,
        "peak_to_peak": 3.8937446488196414e-06,
        "fractional_peak_to_peak": 6.164719574436504e-06,
        "slope_per_cycle": -8.471212430793136e-08,
        "fractional_slope_per_cycle": -1.3411934731557494e-07,
        "log_slope_per_cycle": -1.3411924350481032e-07,
        "efolding_cycles": null
      },
      "gamma": {
        "available": true,
        "window_cycles": 50,
        "window_start_period": 1022.0,
        "window_end_period": 1071.0,
        "first": 0.004181075129106295,
        "last": 0.004207507320672917,
        "median": 0.004193784940118045,
        "peak_to_peak": 2.6432191566621785e-05,
        "fractional_peak_to_peak": 0.006302705537847103,
        "slope_per_cycle": 5.313803241836798e-07,
        "fractional_slope_per_cycle": 0.00012670662224485043,
        "log_slope_per_cycle": 0.00012669079012046268,
        "efolding_cycles": 7893.233589033267
      },
      "max_vsurf_div_cs": {
        "available": true,
        "window_cycles": 50,
        "window_start_period": 1022.0,
        "window_end_period": 1071.0,
        "first": 0.37313,
        "last": 0.41591,
        "median": 0.39383500000000005,
        "peak_to_peak": 0.042779999999999985,
        "fractional_peak_to_peak": 0.10862417002043998,
        "slope_per_cycle": 0.0008723250900360146,
        "fractional_slope_per_cycle": 0.0022149506520142055,
        "log_slope_per_cycle": 0.0022139072734545873,
        "efolding_cycles": 451.6901010219805
      }
    },
    "100": {
      "delta_r": {
        "available": true,
        "window_cycles": 100,
        "window_start_period": 972.0,
        "window_end_period": 1071.0,
        "first": 0.0585696500926165,
        "last": 0.07187415187026058,
        "median": 0.064874475161806,
        "peak_to_peak": 0.013304501777644084,
        "fractional_peak_to_peak": 0.2050806845752632,
        "slope_per_cycle": 0.00013429877976881254,
        "fractional_slope_per_cycle": 0.0020701328131572955,
        "log_slope_per_cycle": 0.0020677945933318537,
        "efolding_cycles": 483.60702906602154
      },
      "period_days": {
        "available": true,
        "window_cycles": 100,
        "window_start_period": 972.0,
        "window_end_period": 1071.0,
        "first": 0.6316223015237806,
        "last": 0.6316163422952027,
        "median": 0.6316202594213947,
        "peak_to_peak": 6.033168174268688e-06,
        "fractional_peak_to_peak": 9.551891479534655e-06,
        "slope_per_cycle": -7.605058666575968e-08,
        "fractional_slope_per_cycle": -1.2040555306985716e-07,
        "log_slope_per_cycle": -1.204056939934503e-07,
        "efolding_cycles": null
      },
      "gamma": {
        "available": true,
        "window_cycles": 100,
        "window_start_period": 972.0,
        "window_end_period": 1071.0,
        "first": 0.004160044309817127,
        "last": 0.004207507320672917,
        "median": 0.004180789779521975,
        "peak_to_peak": 4.746301085579042e-05,
        "fractional_peak_to_peak": 0.01135264228980613,
        "slope_per_cycle": 4.805433659537234e-07,
        "fractional_slope_per_cycle": 0.00011494081053955025,
        "log_slope_per_cycle": 0.00011488501742409051,
        "efolding_cycles": 8704.355210293137
      },
      "max_vsurf_div_cs": {
        "available": true,
        "window_cycles": 100,
        "window_start_period": 1018.0,
        "window_end_period": 1071.0,
        "first": 0.36986,
        "last": 0.41591,
        "median": 0.3921,
        "peak_to_peak": 0.04604999999999998,
        "fractional_peak_to_peak": 0.11744452945677118,
        "slope_per_cycle": 0.0008680144844673149,
        "fractional_slope_per_cycle": 0.002213757930291545,
        "log_slope_per_cycle": 0.002212590882925453,
        "efolding_cycles": 451.9588360039772
      }
    },
    "250": {
      "delta_r": {
        "available": true,
        "window_cycles": 250,
        "window_start_period": 822.0,
        "window_end_period": 1071.0,
        "first": 0.043071659232469806,
        "last": 0.07187415187026058,
        "median": 0.05557555597791408,
        "peak_to_peak": 0.028802492637790778,
        "fractional_peak_to_peak": 0.5182582905555995,
        "slope_per_cycle": 0.00011511491762786392,
        "fractional_slope_per_cycle": 0.0020713228253372937,
        "log_slope_per_cycle": 0.002056156653139098,
        "efolding_cycles": 486.34426685015353
      },
      "period_days": {
        "available": true,
        "window_cycles": 250,
        "window_start_period": 822.0,
        "window_end_period": 1071.0,
        "first": 0.6316287118782876,
        "last": 0.6316163422952027,
        "median": 0.6316222660677266,
        "peak_to_peak": 1.2404987829950365e-05,
        "fractional_peak_to_peak": 1.963988367158073e-05,
        "slope_per_cycle": -4.4838776442523393e-08,
        "fractional_slope_per_cycle": -7.098986031900828e-08,
        "log_slope_per_cycle": -7.09898111713583e-08,
        "efolding_cycles": null
      },
      "gamma": {
        "available": true,
        "window_cycles": 250,
        "window_start_period": 822.0,
        "window_end_period": 1071.0,
        "first": 0.004104092597185031,
        "last": 0.004207507320672917,
        "median": 0.00414892046242287,
        "peak_to_peak": 0.00010341472348788638,
        "fractional_peak_to_peak": 0.02492569438834088,
        "slope_per_cycle": 4.1453388577819517e-07,
        "fractional_slope_per_cycle": 9.9913673817723e-05,
        "log_slope_per_cycle": 9.983095594455863e-05,
        "efolding_cycles": 10016.933029824462
      },
      "max_vsurf_div_cs": {
        "available": true,
        "window_cycles": 250,
        "window_start_period": 1018.0,
        "window_end_period": 1071.0,
        "first": 0.36986,
        "last": 0.41591,
        "median": 0.3921,
        "peak_to_peak": 0.04604999999999998,
        "fractional_peak_to_peak": 0.11744452945677118,
        "slope_per_cycle": 0.0008680144844673149,
        "fractional_slope_per_cycle": 0.002213757930291545,
        "log_slope_per_cycle": 0.002212590882925453,
        "efolding_cycles": 451.9588360039772
      }
    },
    "500": {
      "delta_r": {
        "available": true,
        "window_cycles": 500,
        "window_start_period": 572.0,
        "window_end_period": 1071.0,
        "first": 0.007720817862079343,
        "last": 0.07187415187026058,
        "median": 0.043027724089305774,
        "peak_to_peak": 0.06415333400818124,
        "fractional_peak_to_peak": 1.4909766985357722,
        "slope_per_cycle": 0.00010263102765901919,
        "fractional_slope_per_cycle": 0.002385230216824956,