{
  "generated_at": "2026-06-20T03:09:00.500530+00:00",
  "workspace": "<local-rre-root>/rsp_batch_runs",
  "model_id": "model_008",
  "run_name": "model_008_M0p6151_Z0p0004406_T6792",
  "source": "cumulative:saturation+continue_saturation+continue_saturation_resume:LOGS_continue_saturation_resume_1620000",
  "source_kind": "history_exact_rsp_columns",
  "cycle_count": 1195,
  "first_period": 1.0,
  "last_period": 1195.0,
  "rolling_window": 100,
  "fits": {
    "50": {
      "delta_r": {
        "available": true,
        "window_cycles": 50,
        "window_start_period": 1146.0,
        "window_end_period": 1195.0,
        "first": 0.08401817174294735,
        "last": 0.09307459124655271,
        "median": 0.08842935995064938,
        "peak_to_peak": 0.009056419503605362,
        "fractional_peak_to_peak": 0.10241417000710584,
        "slope_per_cycle": 0.00018478233526033393,
        "fractional_slope_per_cycle": 0.0020896038981109578,
        "log_slope_per_cycle": 0.002089020649440724,
        "efolding_cycles": 478.69320979078003
      },
      "period_days": {
        "available": true,
        "window_cycles": 50,
        "window_start_period": 1146.0,
        "window_end_period": 1195.0,
        "first": 0.631619730237354,
        "last": 0.6316193947399518,
        "median": 0.6316180064262719,
        "peak_to_peak": 2.857926301724767e-06,
        "fractional_peak_to_peak": 4.5247701500707135e-06,
        "slope_per_cycle": -1.6853822299474758e-08,
        "fractional_slope_per_cycle": -2.6683568435349994e-08,
        "log_slope_per_cycle": -2.6683534091211502e-08,
        "efolding_cycles": null
      },
      "gamma": {
        "available": true,
        "window_cycles": 50,
        "window_start_period": 1146.0,
        "window_end_period": 1195.0,
        "first": 0.0042482919693689145,
        "last": 0.004278634516986997,
        "median": 0.0042629777417661704,
        "peak_to_peak": 3.0342547618082867e-05,
        "fractional_peak_to_peak": 0.007117688492905857,
        "slope_per_cycle": 6.234567629663068e-07,
        "fractional_slope_per_cycle": 0.00014624912461025564,
        "log_slope_per_cycle": 0.00014623846822078214,
        "efolding_cycles": 6838.146023864661
      },
      "max_vsurf_div_cs": {
        "available": true,
        "window_cycles": 50,
        "window_start_period": 1146.0,
        "window_end_period": 1195.0,
        "first": 0.49351,
        "last": 0.55274,
        "median": 0.5220400000000001,
        "peak_to_peak": 0.059230000000000005,
        "fractional_peak_to_peak": 0.11345873879396215,
        "slope_per_cycle": 0.0012071308523409362,
        "fractional_slope_per_cycle": 0.002312334021034664,
        "log_slope_per_cycle": 0.002310875745931417,
        "efolding_cycles": 432.7363778691364
      }
    },
    "100": {
      "delta_r": {
        "available": true,
        "window_cycles": 100,
        "window_start_period": 1096.0,
        "window_end_period": 1195.0,
        "first": 0.07570167521513937,
        "last": 0.09307459124655271,
        "median": 0.08393055497654567,
        "peak_to_peak": 0.017372916031413332,
        "fractional_peak_to_peak": 0.20699155434237484,
        "slope_per_cycle": 0.00017538937462729265,
        "fractional_slope_per_cycle": 0.002089696352851534,
        "log_slope_per_cycle": 0.0020872961345481584,
        "efolding_cycles": 479.0887040168223
      },
      "period_days": {
        "available": true,
        "window_cycles": 100,
        "window_start_period": 1096.0,
        "window_end_period": 1195.0,
        "first": 0.6316179757339327,
        "last": 0.6316193947399518,
        "median": 0.6316191138083943,
        "peak_to_peak": 3.6466785672262247e-06,
        "fractional_peak_to_peak": 5.773540552372309e-06,
        "slope_per_cycle": -1.9936302417810526e-08,
        "fractional_slope_per_cycle": -3.156380480255436e-08,
        "log_slope_per_cycle": -3.156381490575262e-08,
        "efolding_cycles": null
      },
      "gamma": {
        "available": true,
        "window_cycles": 100,
        "window_start_period": 1096.0,
        "window_end_period": 1195.0,
        "first": 0.004221908338763517,
        "last": 0.004278634516986997,
        "median": 0.004248150573968178,
        "peak_to_peak": 5.672617822348024e-05,
        "fractional_peak_to_peak": 0.013353146795475421,
        "slope_per_cycle": 5.664192692121589e-07,
        "fractional_slope_per_cycle": 0.00013333314329371082,
        "log_slope_per_cycle": 0.00013328526090107694,
        "efolding_cycles": 7502.705049601775
      },
      "max_vsurf_div_cs": {
        "available": true,
        "window_cycles": 100,
        "window_start_period": 1096.0,
        "window_end_period": 1195.0,
        "first": 0.44009,
        "last": 0.55274,
        "median": 0.49294499999999997,
        "peak_to_peak": 0.11265000000000003,
        "fractional_peak_to_peak": 0.22852448041870804,
        "slope_per_cycle": 0.0011345384338433844,
        "fractional_slope_per_cycle": 0.0023015517630635965,
        "log_slope_per_cycle": 0.0022979935009292967,
        "efolding_cycles": 435.1622402742241
      }
    },
    "250": {
      "delta_r": {
        "available": true,
        "window_cycles": 250,
        "window_start_period": 946.0,
        "window_end_period": 1195.0,
        "first": 0.05551844539208162,
        "last": 0.09307459124655271,
        "median": 0.07179973595646638,
        "peak_to_peak": 0.03755614585447109,
        "fractional_peak_to_peak": 0.5230680218272966,
        "slope_per_cycle": 0.00015010788539662114,
        "fractional_slope_per_cycle": 0.0020906467607016625,
        "log_slope_per_cycle": 0.002075113963235049,
        "efolding_cycles": 481.9012438435072
      },
      "period_days": {
        "available": true,
        "window_cycles": 250,
        "window_start_period": 946.0,
        "window_end_period": 1195.0,
        "first": 0.6316220272680814,
        "last": 0.6316193947399518,
        "median": 0.6316194845883487,
        "peak_to_peak": 6.033168174268688e-06,
        "fractional_peak_to_peak": 9.55190319722442e-06,
        "slope_per_cycle": -1.6035324197318216e-08,
        "fractional_slope_per_cycle": -2.538763383426822e-08,
        "log_slope_per_cycle": -2.5387603569237757e-08,
        "efolding_cycles": null
      },
      "gamma": {
        "available": true,
        "window_cycles": 250,
        "window_start_period": 946.0,
        "window_end_period": 1195.0,
        "first": 0.004148938189480707,
        "last": 0.004278634516986997,
        "median": 0.0042072004540257705,
        "peak_to_peak": 0.00012973178162196345,
        "fractional_peak_to_peak": 0.0308356549776054,
        "slope_per_cycle": 5.242196907630913e-07,
        "fractional_slope_per_cycle": 0.00012460059759251022,
        "log_slope_per_cycle": 0.000124500032752977,
        "efolding_cycles": 8032.126400995572
      },
      "max_vsurf_div_cs": {
        "available": true,
        "window_cycles": 250,
        "window_start_period": 1018.0,
        "window_end_period": 1195.0,
        "first": 0.36986,
        "last": 0.55274,
        "median": 0.45077,
        "peak_to_peak": 0.18288,
        "fractional_peak_to_peak": 0.40570579231093457,
        "slope_per_cycle": 0.0010300768143125705,
        "fractional_slope_per_cycle": 0.002285149442759213,
        "log_slope_per_cycle": 0.0022718353668781505,
        "efolding_cycles": 440.1727407625285
      }
    },
    "500": {
      "delta_r": {
        "available": true,
        "window_cycles": 500,
        "window_start_period": 696.0,
        "window_end_period": 1195.0,
        "first": 0.033333403003896755,
        "last": 0.09307459124655271,
        "median": 0.0554614582378643,
        "peak_to_peak": 0.05974118824265595,
        "fractional_peak_to_peak": 1.0771658398601178,
        "slope_per_cycle": 0.00011745179123728551,
        "fractional_slope_per_cycle": 0.0021177191326913138,