{
  "generated_at": "2026-06-18T21:35:08.268998+00:00",
  "workspace": "<local-rre-root>/rsp_batch_runs",
  "model_id": "model_008",
  "run_name": "model_008_M0p6151_Z0p0004406_T6792",
  "source": "cumulative:saturation+continue_saturation+continue_saturation_resume:LOGS_continue_saturation_resume_1620000",
  "source_kind": "history_exact_rsp_columns",
  "cycle_count": 1088,
  "first_period": 1.0,
  "last_period": 1088.0,
  "rolling_window": 100,
  "fits": {
    "50": {
      "delta_r": {
        "available": true,
        "window_cycles": 50,
        "window_start_period": 1039.0,
        "window_end_period": 1088.0,
        "first": 0.06726540014523685,
        "last": 0.07445356219707389,
        "median": 0.0707657179174146,
        "peak_to_peak": 0.007188162051837033,
        "fractional_peak_to_peak": 0.10157689716687114,
        "slope_per_cycle": 0.00014666994253508117,
        "fractional_slope_per_cycle": 0.0020726129381779005,
        "log_slope_per_cycle": 0.00207200819778847,
        "efolding_cycles": 482.6235731438402
      },
      "period_days": {
        "available": true,
        "window_cycles": 50,
        "window_start_period": 1039.0,
        "window_end_period": 1088.0,
        "first": 0.631618249982561,
        "last": 0.6316172313790217,
        "median": 0.631616722720727,
        "peak_to_peak": 1.9333803060739285e-06,
        "fractional_peak_to_peak": 3.061002403080426e-06,
        "slope_per_cycle": -2.217145678758275e-08,
        "fractional_slope_per_cycle": -3.510270705322346e-08,
        "log_slope_per_cycle": -3.510267880551494e-08,
        "efolding_cycles": null
      },
      "gamma": {
        "available": true,
        "window_cycles": 50,
        "window_start_period": 1039.0,
        "window_end_period": 1088.0,
        "first": 0.004189711912573562,
        "last": 0.004217727984598142,
        "median": 0.004203357165060175,
        "peak_to_peak": 2.8016072024579508e-05,
        "fractional_peak_to_peak": 0.006665165705512544,
        "slope_per_cycle": 5.616876902817511e-07,
        "fractional_slope_per_cycle": 0.00013362835186852602,
        "log_slope_per_cycle": 0.00013362186301660054,
        "efolding_cycles": 7483.805250311207
      },
      "max_vsurf_div_cs": {
        "available": true,
        "window_cycles": 50,
        "window_start_period": 1039.0,
        "window_end_period": 1088.0,
        "first": 0.38737,
        "last": 0.43216,
        "median": 0.40898999999999996,
        "peak_to_peak": 0.044789999999999996,
        "fractional_peak_to_peak": 0.1095136800410768,
        "slope_per_cycle": 0.0009136629051620646,
        "fractional_slope_per_cycle": 0.0022339492534342274,
        "log_slope_per_cycle": 0.0022326914578170687,
        "efolding_cycles": 447.8899207048129
      }
    },
    "100": {
      "delta_r": {
        "available": true,
        "window_cycles": 100,
        "window_start_period": 989.0,
        "window_end_period": 1088.0,
        "first": 0.060660116849660994,
        "last": 0.07445356219707389,
        "median": 0.06719586643251052,
        "peak_to_peak": 0.013793445347412892,
        "fractional_peak_to_peak": 0.2052722299706725,
        "slope_per_cycle": 0.00013921864393072638,
        "fractional_slope_per_cycle": 0.002071833452293577,
        "log_slope_per_cycle": 0.002069467181287684,
        "efolding_cycles": 483.216167447396
      },
      "period_days": {
        "available": true,
        "window_cycles": 100,
        "window_start_period": 989.0,
        "window_end_period": 1088.0,
        "first": 0.6316222798862253,
        "last": 0.6316172313790217,
        "median": 0.6316182975913398,
        "peak_to_peak": 5.963283970400468e-06,
        "fractional_peak_to_peak": 9.441278052173755e-06,
        "slope_per_cycle": -7.140399220881398e-08,
        "fractional_slope_per_cycle": -1.130492775163596e-07,
        "log_slope_per_cycle": -1.1304912734955433e-07,
        "efolding_cycles": null
      },
      "gamma": {
        "available": true,
        "window_cycles": 100,
        "window_start_period": 989.0,
        "window_end_period": 1088.0,
        "first": 0.00416718647503109,
        "last": 0.004217727984598142,
        "median": 0.004189804609389769,
        "peak_to_peak": 5.094435481262441e-05,
        "fractional_peak_to_peak": 0.012159124246140988,
        "slope_per_cycle": 5.143961125128148e-07,
        "fractional_slope_per_cycle": 0.00012277329385718895,
        "log_slope_per_cycle": 0.000122732028976165,
        "efolding_cycles": 8147.832381995442
      },
      "max_vsurf_div_cs": {
        "available": true,
        "window_cycles": 100,
        "window_start_period": 1018.0,
        "window_end_period": 1088.0,
        "first": 0.36986,
        "last": 0.43216,
        "median": 0.39955,
        "peak_to_peak": 0.062299999999999967,
        "fractional_peak_to_peak": 0.15592541609310465,
        "slope_per_cycle": 0.0008886901408450704,
        "fractional_slope_per_cycle": 0.0022242276081718693,
        "log_slope_per_cycle": 0.002221977294894346,
        "efolding_cycles": 450.0496032510312
      }
    },
    "250": {
      "delta_r": {
        "available": true,
        "window_cycles": 250,
        "window_start_period": 839.0,
        "window_end_period": 1088.0,
        "first": 0.04459389935299285,
        "last": 0.07445356219707389,
        "median": 0.057552911811300955,
        "peak_to_peak": 0.029859662844081036,
        "fractional_peak_to_peak": 0.5188210622945034,
        "slope_per_cycle": 0.00011935347431848308,
        "fractional_slope_per_cycle": 0.0020738042709256476,
        "log_slope_per_cycle": 0.0020585472791720505,
        "efolding_cycles": 485.7794669657531
      },
      "period_days": {
        "available": true,
        "window_cycles": 250,
        "window_start_period": 839.0,
        "window_end_period": 1088.0,
        "first": 0.6316281170560116,
        "last": 0.6316172313790217,
        "median": 0.6316221874859185,
        "peak_to_peak": 1.1800453756705132e-05,
        "fractional_peak_to_peak": 1.8682772693079617e-05,
        "slope_per_cycle": -4.396807145689463e-08,
        "fractional_slope_per_cycle": -6.961134730225869e-08,
        "log_slope_per_cycle": -6.961138554539511e-08,
        "efolding_cycles": null
      },
      "gamma": {
        "available": true,
        "window_cycles": 250,
        "window_start_period": 839.0,
        "window_end_period": 1088.0,
        "first": 0.00411042567516382,
        "last": 0.004217727984598142,
        "median": 0.004156315658900185,
        "peak_to_peak": 0.00010837552993411652,
        "fractional_peak_to_peak": 0.02607490355118843,
        "slope_per_cycle": 4.3374078099045377e-07,
        "fractional_slope_per_cycle": 0.00010435703555423103,
        "log_slope_per_cycle": 0.00010427685693484028,
        "efolding_cycles": 9589.855595905354
      },
      "max_vsurf_div_cs": {
        "available": true,
        "window_cycles": 250,
        "window_start_period": 1018.0,
        "window_end_period": 1088.0,
        "first": 0.36986,
        "last": 0.43216,
        "median": 0.39955,
        "peak_to_peak": 0.062299999999999967,
        "fractional_peak_to_peak": 0.15592541609310465,
        "slope_per_cycle": 0.0008886901408450704,
        "fractional_slope_per_cycle": 0.0022242276081718693,
        "log_slope_per_cycle": 0.002221977294894346,
        "efolding_cycles": 450.0496032510312
      }
    },
    "500": {
      "delta_r": {
        "available": true,
        "window_cycles": 500,
        "window_start_period": 589.0,
        "window_end_period": 1088.0,
        "first": 0.00798962764271316,
        "last": 0.07445356219707389,
        "median": 0.04454837700304681,
        "peak_to_peak": 0.06646393455436073,
        "fractional_peak_to_peak": 1.4919496292719046,
        "slope_per_cycle": 9.899807812148834e-05,
        "fractional_slope_per_cycle": 0.0022222600413639654,