{
  "generated_at": "2026-06-19T05:51:58.767553+00:00",
  "workspace": "<local-rre-root>/rsp_batch_runs",
  "model_id": "model_008",
  "run_name": "model_008_M0p6151_Z0p0004406_T6792",
  "source": "cumulative:saturation+continue_saturation+continue_saturation_resume:LOGS_continue_saturation_resume_1620000",
  "source_kind": "history_exact_rsp_columns",
  "cycle_count": 1126,
  "first_period": 1.0,
  "last_period": 1126.0,
  "rolling_window": 100,
  "fits": {
    "50": {
      "delta_r": {
        "available": true,
        "window_cycles": 50,
        "window_start_period": 1077.0,
        "window_end_period": 1126.0,
        "first": 0.07277392545028327,
        "last": 0.08058296573157975,
        "median": 0.07657264978775791,
        "peak_to_peak": 0.007809040281296475,
        "fractional_peak_to_peak": 0.10198210853276427,
        "slope_per_cycle": 0.0001593447948985357,
        "fractional_slope_per_cycle": 0.0020809622670784345,
        "log_slope_per_cycle": 0.0020802912237681353,
        "efolding_cycles": 480.70192700647465
      },
      "period_days": {
        "available": true,
        "window_cycles": 50,
        "window_start_period": 1077.0,
        "window_end_period": 1126.0,
        "first": 0.6316165043670615,
        "last": 0.6316206077422464,
        "median": 0.6316186166948777,
        "peak_to_peak": 4.1033751848607025e-06,
        "fractional_peak_to_peak": 6.496602659264175e-06,
        "slope_per_cycle": 9.251154610832843e-08,
        "fractional_slope_per_cycle": 1.4646741508732143e-07,
        "log_slope_per_cycle": 1.464674253014006e-07,
        "efolding_cycles": 6827456.671285103
      },
      "gamma": {
        "available": true,
        "window_cycles": 50,
        "window_start_period": 1077.0,
        "window_end_period": 1126.0,
        "first": 0.004210964795334906,
        "last": 0.004237907696435764,
        "median": 0.004224835045172414,
        "peak_to_peak": 2.694290110085828e-05,
        "fractional_peak_to_peak": 0.0063772669968843124,
        "slope_per_cycle": 5.49077960368956e-07,
        "fractional_slope_per_cycle": 0.00012996435470217236,
        "log_slope_per_cycle": 0.00012997073037973136,
        "efolding_cycles": 7694.040012534604
      },
      "max_vsurf_div_cs": {
        "available": true,
        "window_cycles": 50,
        "window_start_period": 1077.0,
        "window_end_period": 1126.0,
        "first": 0.42155,
        "last": 0.47138,
        "median": 0.44565,
        "peak_to_peak": 0.04983000000000004,
        "fractional_peak_to_peak": 0.11181420397172678,
        "slope_per_cycle": 0.0010171337334933975,
        "fractional_slope_per_cycle": 0.0022823599988632277,
        "log_slope_per_cycle": 0.0022812305958450174,
        "efolding_cycles": 438.35989304254366
      }
    },
    "100": {
      "delta_r": {
        "available": true,
        "window_cycles": 100,
        "window_start_period": 1027.0,
        "window_end_period": 1126.0,
        "first": 0.06561666119978948,
        "last": 0.08058296573157975,
        "median": 0.07269853709175145,
        "peak_to_peak": 0.014966304531790264,
        "fractional_peak_to_peak": 0.2058680288559531,
        "slope_per_cycle": 0.0001510255770785686,
        "fractional_slope_per_cycle": 0.002077422505599557,
        "log_slope_per_cycle": 0.0020748875945874115,
        "efolding_cycles": 481.9538189001745
      },
      "period_days": {
        "available": true,
        "window_cycles": 100,
        "window_start_period": 1027.0,
        "window_end_period": 1126.0,
        "first": 0.6316196496943357,
        "last": 0.6316206077422464,
        "median": 0.6316177488195158,
        "peak_to_peak": 4.291139991452475e-06,
        "fractional_peak_to_peak": 6.793887599695467e-06,
        "slope_per_cycle": 2.071200215859922e-08,
        "fractional_slope_per_cycle": 3.27919888212604e-08,
        "log_slope_per_cycle": 3.279193955915448e-08,
        "efolding_cycles": 30495298.949794248
      },
      "gamma": {
        "available": true,
        "window_cycles": 100,
        "window_start_period": 1027.0,
        "window_end_period": 1126.0,
        "first": 0.004183774218415572,
        "last": 0.004237907696435764,
        "median": 0.004210784774854254,
        "peak_to_peak": 5.4133478020192485e-05,
        "fractional_peak_to_peak": 0.012855911882142251,
        "slope_per_cycle": 5.545026154811257e-07,
        "fractional_slope_per_cycle": 0.0001316862877420085,
        "log_slope_per_cycle": 0.00013168383781341655,
        "efolding_cycles": 7593.946353666459
      },
      "max_vsurf_div_cs": {
        "available": true,
        "window_cycles": 100,
        "window_start_period": 1027.0,
        "window_end_period": 1126.0,
        "first": 0.37726,
        "last": 0.47138,
        "median": 0.42108,
        "peak_to_peak": 0.09412000000000004,
        "fractional_peak_to_peak": 0.22352047116937407,
        "slope_per_cycle": 0.0009496271827182718,
        "fractional_slope_per_cycle": 0.0022552179697878593,
        "log_slope_per_cycle": 0.0022502073235114812,
        "efolding_cycles": 444.40349542525064
      }
    },
    "250": {
      "delta_r": {
        "available": true,
        "window_cycles": 250,
        "window_start_period": 877.0,
        "window_end_period": 1126.0,
        "first": 0.04819721940723287,
        "last": 0.08058296573157975,
        "median": 0.06224672016543398,
        "peak_to_peak": 0.032385746324346876,
        "fractional_peak_to_peak": 0.5202803655883367,
        "slope_per_cycle": 0.0001294387923496563,
        "fractional_slope_per_cycle": 0.002079447591867411,
        "log_slope_per_cycle": 0.0020642276393469366,
        "efolding_cycles": 484.44269466151115
      },
      "period_days": {
        "available": true,
        "window_cycles": 250,
        "window_start_period": 877.0,
        "window_end_period": 1126.0,
        "first": 0.6316257562465897,
        "last": 0.6316206077422464,
        "median": 0.6316218602433974,
        "peak_to_peak": 9.439644334752195e-06,
        "fractional_peak_to_peak": 1.494508808025517e-05,
        "slope_per_cycle": -3.0412659621522604e-08,
        "fractional_slope_per_cycle": -4.81501061565586e-08,
        "log_slope_per_cycle": -4.815018869393431e-08,
        "efolding_cycles": null
      },
      "gamma": {
        "available": true,
        "window_cycles": 250,
        "window_start_period": 877.0,
        "window_end_period": 1126.0,
        "first": 0.004120823716959027,
        "last": 0.004237907696435764,
        "median": 0.004171990327957281,
        "peak_to_peak": 0.00011749625434712228,
        "fractional_peak_to_peak": 0.028163117627516557,
        "slope_per_cycle": 4.72262026127877e-07,
        "fractional_slope_per_cycle": 0.00011319825526995152,
        "log_slope_per_cycle": 0.00011307117427490987,
        "efolding_cycles": 8843.987041018083
      },
      "max_vsurf_div_cs": {
        "available": true,
        "window_cycles": 250,
        "window_start_period": 1018.0,
        "window_end_period": 1126.0,
        "first": 0.36986,
        "last": 0.47138,
        "median": 0.41684,
        "peak_to_peak": 0.10152,
        "fractional_peak_to_peak": 0.24354668457921505,
        "slope_per_cycle": 0.0009383429709943472,
        "fractional_slope_per_cycle": 0.002251086678328249,
        "log_slope_per_cycle": 0.0022452225996261272,
        "efolding_cycles": 445.39013644639033
      }
    },
    "500": {
      "delta_r": {
        "available": true,
        "window_cycles": 500,
        "window_start_period": 627.0,
        "window_end_period": 1126.0,
        "first": 0.028985527758666585,
        "last": 0.08058296573157975,
        "median": 0.04814796112813724,
        "peak_to_peak": 0.05159743797291316,
        "fractional_peak_to_peak": 1.0716432589034404,
        "slope_per_cycle": 0.00010145374267462172,
        "fractional_slope_per_cycle": 0.0021071243786340323,