{
  "generated_at": "2026-06-18T09:39:03.970328+00:00",
  "workspace": "<local-rre-root>/rsp_batch_runs",
  "model_id": "model_007",
  "run_name": "model_007_M0p6887_Z0p004060_T6669",
  "source": "cumulative:continue_saturation+continue_saturation_resume:LOGS_continue_saturation_resume_2180000+continue_saturation_resume:LOGS_continue_saturation_resume_2270000",
  "source_kind": "history_exact_rsp_columns",
  "cycle_count": 1636,
  "first_period": 1.0,
  "last_period": 1636.0,
  "rolling_window": 100,
  "fits": {
    "50": {
      "delta_r": {
        "available": true,
        "window_cycles": 50,
        "window_start_period": 1587.0,
        "window_end_period": 1636.0,
        "first": 0.6160242171730506,
        "last": 0.6274691932097181,
        "median": 0.6225105041233769,
        "peak_to_peak": 0.011444976036667498,
        "fractional_peak_to_peak": 0.018385193439883207,
        "slope_per_cycle": 0.00023227904511594402,
        "fractional_slope_per_cycle": 0.0003731327320219934,
        "log_slope_per_cycle": 0.0003734301519283659,
        "efolding_cycles": 2677.876959951074
      },
      "period_days": {
        "available": true,
        "window_cycles": 50,
        "window_start_period": 1587.0,
        "window_end_period": 1636.0,
        "first": 0.5572322182453893,
        "last": 0.5572494959200008,
        "median": 0.5572394625814976,
        "peak_to_peak": 4.287866306396104e-05,
        "fractional_peak_to_peak": 7.694836052227715e-05,
        "slope_per_cycle": 2.8881299747184867e-07,
        "fractional_slope_per_cycle": 5.182924341608507e-07,
        "log_slope_per_cycle": 5.182898701274837e-07,
        "efolding_cycles": 1929422.2357732558
      },
      "gamma": {
        "available": true,
        "window_cycles": 50,
        "window_start_period": 1587.0,
        "window_end_period": 1636.0,
        "first": 0.0007417440613389037,
        "last": 0.0004809488949115062,
        "median": 0.0005926688491876843,
        "peak_to_peak": 0.00028965997945650575,
        "fractional_peak_to_peak": 0.48873832301717146,
        "slope_per_cycle": -5.746613659897975e-06,
        "fractional_slope_per_cycle": -0.009696162819716811,
        "log_slope_per_cycle": -0.009678360211783343,
        "efolding_cycles": null
      },
      "max_vsurf_div_cs": {
        "available": true,
        "window_cycles": 50,
        "window_start_period": 1629.0,
        "window_end_period": 1636.0,
        "first": 4.85518,
        "last": 4.86307,
        "median": 4.857810000000001,
        "peak_to_peak": 0.009020000000000472,
        "fractional_peak_to_peak": 0.0018568037860683046,
        "slope_per_cycle": 0.0012272619047619035,
        "fractional_slope_per_cycle": 0.0002526368682105524,
        "log_slope_per_cycle": 0.00025255159610755785,
        "efolding_cycles": 3959.5869335710527
      }
    },
    "100": {
      "delta_r": {
        "available": true,
        "window_cycles": 100,
        "window_start_period": 1537.0,
        "window_end_period": 1636.0,
        "first": 0.5979318633982516,
        "last": 0.6274691932097181,
        "median": 0.615886292407581,
        "peak_to_peak": 0.029537329811466506,
        "fractional_peak_to_peak": 0.04795906350829985,
        "slope_per_cycle": 0.00029621790622467797,
        "fractional_slope_per_cycle": 0.00048096200528627286,
        "log_slope_per_cycle": 0.00048254283614860264,
        "efolding_cycles": 2072.354877302629
      },
      "period_days": {
        "available": true,
        "window_cycles": 100,
        "window_start_period": 1537.0,
        "window_end_period": 1636.0,
        "first": 0.5572081086074037,
        "last": 0.5572494959200008,
        "median": 0.5572318229964865,
        "peak_to_peak": 6.748624784114199e-05,
        "fractional_peak_to_peak": 0.000121109823696425,
        "slope_per_cycle": 3.744969716464954e-07,
        "fractional_slope_per_cycle": 6.720667345103452e-07,
        "log_slope_per_cycle": 6.720681187368931e-07,
        "efolding_cycles": 1487944.4093843237
      },
      "gamma": {
        "available": true,
        "window_cycles": 100,
        "window_start_period": 1537.0,
        "window_end_period": 1636.0,
        "first": 0.0011519058683645074,
        "last": 0.0004809488949115062,
        "median": 0.0007444896038591327,
        "peak_to_peak": 0.0006998217864821095,
        "fractional_peak_to_peak": 0.9400020938566725,
        "slope_per_cycle": -6.8333124478685055e-06,
        "fractional_slope_per_cycle": -0.009178519636066616,
        "log_slope_per_cycle": -0.009067901499334216,
        "efolding_cycles": null
      },
      "max_vsurf_div_cs": {
        "available": true,
        "window_cycles": 100,
        "window_start_period": 1629.0,
        "window_end_period": 1636.0,
        "first": 4.85518,
        "last": 4.86307,
        "median": 4.857810000000001,
        "peak_to_peak": 0.009020000000000472,
        "fractional_peak_to_peak": 0.0018568037860683046,
        "slope_per_cycle": 0.0012272619047619035,
        "fractional_slope_per_cycle": 0.0002526368682105524,
        "log_slope_per_cycle": 0.00025255159610755785,
        "efolding_cycles": 3959.5869335710527
      }
    },
    "250": {
      "delta_r": {
        "available": true,
        "window_cycles": 250,
        "window_start_period": 1387.0,
        "window_end_period": 1636.0,
        "first": 0.4916926697245758,
        "last": 0.6274691932097181,
        "median": 0.5854900242769334,
        "peak_to_peak": 0.13577652348514224,
        "fractional_peak_to_peak": 0.23190236870871214,
        "slope_per_cycle": 0.0005434878222593738,
        "fractional_slope_per_cycle": 0.0009282614557448159,
        "log_slope_per_cycle": 0.000957701946147282,
        "efolding_cycles": 1044.1661980774686
      },
      "period_days": {
        "available": true,
        "window_cycles": 250,
        "window_start_period": 1387.0,
        "window_end_period": 1636.0,
        "first": 0.5569524574497093,
        "last": 0.5572494959200008,
        "median": 0.5571849239255405,
        "peak_to_peak": 0.0005568297119398213,
        "fractional_peak_to_peak": 0.0009993624881606332,
        "slope_per_cycle": 1.4905357351487874e-06,
        "fractional_slope_per_cycle": 2.6751185668260746e-06,
        "log_slope_per_cycle": 2.6755558486756843e-06,
        "efolding_cycles": 373754.11187733884
      },
      "gamma": {
        "available": true,
        "window_cycles": 250,
        "window_start_period": 1387.0,
        "window_end_period": 1636.0,
        "first": 0.003086634645679705,
        "last": 0.0004809488949115062,
        "median": 0.0014207322682042072,
        "peak_to_peak": 0.002634550563797307,
        "fractional_peak_to_peak": 1.8543610381478526,
        "slope_per_cycle": -1.080381713288565e-05,
        "fractional_slope_per_cycle": -0.007604400473385163,
        "log_slope_per_cycle": -0.0076804968680440665,
        "efolding_cycles": null
      },
      "max_vsurf_div_cs": {
        "available": true,
        "window_cycles": 250,
        "window_start_period": 1629.0,
        "window_end_period": 1636.0,
        "first": 4.85518,
        "last": 4.86307,
        "median": 4.857810000000001,
        "peak_to_peak": 0.009020000000000472,
        "fractional_peak_to_peak": 0.0018568037860683046,
        "slope_per_cycle": 0.0012272619047619035,
        "fractional_slope_per_cycle": 0.0002526368682105524,
        "log_slope_per_cycle": 0.00025255159610755785,
        "efolding_cycles": 3959.5869335710527
      }
    },
    "500": {
      "delta_r": {
        "available": true,
        "window_cycles": 500,
        "window_start_period": 1137.0,
        "window_end_period": 1636.0,
        "first": 0.2718041075741189,
        "last": 0.6274691932097181,
        "median": 0.49119524947293636,
        "peak_to_peak": 0.3560928074239049,
        "fractional_peak_to_peak": 0.7249516517230177,
        "slope_per_cycle": 0.0007837391520183452,