{
  "generated_at": "2026-06-17T22:29:07.285123+00:00",
  "workspace": "<local-rre-root>/rsp_batch_runs",
  "model_id": "model_007",
  "run_name": "model_007_M0p6887_Z0p004060_T6669",
  "source": "cumulative:continue_saturation+continue_saturation_resume:LOGS_continue_saturation_resume_2180000",
  "source_kind": "history_exact_rsp_columns",
  "cycle_count": 1597,
  "first_period": 1.0,
  "last_period": 1597.0,
  "rolling_window": 100,
  "fits": {
    "50": {
      "delta_r": {
        "available": true,
        "window_cycles": 50,
        "window_start_period": 1548.0,
        "window_end_period": 1597.0,
        "first": 0.6023969096747459,
        "last": 0.6188596158607451,
        "median": 0.6116236050113462,
        "peak_to_peak": 0.01646270618599921,
        "fractional_peak_to_peak": 0.026916400954953026,
        "slope_per_cycle": 0.0003316059106927491,
        "fractional_slope_per_cycle": 0.0005421731731341492,
        "log_slope_per_cycle": 0.0005427304574025891,
        "efolding_cycles": 1842.535251818778
      },
      "period_days": {
        "available": true,
        "window_cycles": 50,
        "window_start_period": 1548.0,
        "window_end_period": 1597.0,
        "first": 0.5572297780405454,
        "last": 0.5572336486173379,
        "median": 0.557229661923333,
        "peak_to_peak": 4.786807922985137e-05,
        "fractional_peak_to_peak": 8.590368119426734e-05,
        "slope_per_cycle": 4.231276464816358e-07,
        "fractional_slope_per_cycle": 7.593415702623746e-07,
        "log_slope_per_cycle": 7.593484382028168e-07,
        "efolding_cycles": 1316918.4918148299
      },
      "gamma": {
        "available": true,
        "window_cycles": 50,
        "window_start_period": 1548.0,
        "window_end_period": 1597.0,
        "first": 0.001042912931169252,
        "last": 0.0006869092310941526,
        "median": 0.0008531536663918336,
        "peak_to_peak": 0.00035600370007509937,
        "fractional_peak_to_peak": 0.4172796930952825,
        "slope_per_cycle": -7.513349847953143e-06,
        "fractional_slope_per_cycle": -0.008806561049814953,
        "log_slope_per_cycle": -0.008839868834950672,
        "efolding_cycles": null
      },
      "max_vsurf_div_cs": {
        "available": true,
        "window_cycles": 50,
        "window_start_period": 1562.0,
        "window_end_period": 1597.0,
        "first": 4.72111,
        "last": 4.80028,
        "median": 4.762185000000001,
        "peak_to_peak": 0.07916999999999952,
        "fractional_peak_to_peak": 0.016624721635131668,
        "slope_per_cycle": 0.0022302792792792767,
        "fractional_slope_per_cycle": 0.00046833108736415665,
        "log_slope_per_cycle": 0.0004684608779290108,
        "efolding_cycles": 2134.6499720976426
      }
    },
    "100": {
      "delta_r": {
        "available": true,
        "window_cycles": 100,
        "window_start_period": 1498.0,
        "window_end_period": 1597.0,
        "first": 0.5778588089040486,
        "last": 0.6188596158607451,
        "median": 0.6022683938703932,
        "peak_to_peak": 0.0410008069566965,
        "fractional_peak_to_peak": 0.06807730137258337,
        "slope_per_cycle": 0.0004112409393675947,
        "fractional_slope_per_cycle": 0.0006828200575574165,
        "log_slope_per_cycle": 0.0006856568804777522,
        "efolding_cycles": 1458.455429344222
      },
      "period_days": {
        "available": true,
        "window_cycles": 100,
        "window_start_period": 1498.0,
        "window_end_period": 1597.0,
        "first": 0.5571709523541439,
        "last": 0.5572336486173379,
        "median": 0.5572146095081957,
        "peak_to_peak": 9.330931964701694e-05,
        "fractional_peak_to_peak": 0.0001674566999048587,
        "slope_per_cycle": 6.68856814634089e-07,
        "fractional_slope_per_cycle": 1.2003576417790445e-06,
        "log_slope_per_cycle": 1.2003763593549279e-06,
        "efolding_cycles": 833072.0546157637
      },
      "gamma": {
        "available": true,
        "window_cycles": 100,
        "window_start_period": 1498.0,
        "window_end_period": 1597.0,
        "first": 0.0015763406355375918,
        "last": 0.0006869092310941526,
        "median": 0.0010479158681958789,
        "peak_to_peak": 0.0008894314044434392,
        "fractional_peak_to_peak": 0.8487622255159749,
        "slope_per_cycle": -9.021751364574812e-06,
        "fractional_slope_per_cycle": -0.008609232514158708,
        "log_slope_per_cycle": -0.008488472933080275,
        "efolding_cycles": null
      },
      "max_vsurf_div_cs": {
        "available": true,
        "window_cycles": 100,
        "window_start_period": 1562.0,
        "window_end_period": 1597.0,
        "first": 4.72111,
        "last": 4.80028,
        "median": 4.762185000000001,
        "peak_to_peak": 0.07916999999999952,
        "fractional_peak_to_peak": 0.016624721635131668,
        "slope_per_cycle": 0.0022302792792792767,
        "fractional_slope_per_cycle": 0.00046833108736415665,
        "log_slope_per_cycle": 0.0004684608779290108,
        "efolding_cycles": 2134.6499720976426
      }
    },
    "250": {
      "delta_r": {
        "available": true,
        "window_cycles": 250,
        "window_start_period": 1348.0,
        "window_end_period": 1597.0,
        "first": 0.45439906827442833,
        "last": 0.6188596158607451,
        "median": 0.561540093844588,
        "peak_to_peak": 0.16446054758631679,
        "fractional_peak_to_peak": 0.29287409641640466,
        "slope_per_cycle": 0.0006690041061820679,
        "fractional_slope_per_cycle": 0.0011913737122521862,
        "log_slope_per_cycle": 0.001231154695798453,
        "efolding_cycles": 812.2456125235018
      },
      "period_days": {
        "available": true,
        "window_cycles": 250,
        "window_start_period": 1348.0,
        "window_end_period": 1597.0,
        "first": 0.556973043092423,
        "last": 0.5572336486173379,
        "median": 0.5570888589902919,
        "peak_to_peak": 0.0005568297119398213,
        "fractional_peak_to_peak": 0.0009995348191831725,
        "slope_per_cycle": 1.4563256723317797e-06,
        "fractional_slope_per_cycle": 2.614171238267679e-06,
        "log_slope_per_cycle": 2.6141678820947026e-06,
        "efolding_cycles": 382530.9027967674
      },
      "gamma": {
        "available": true,
        "window_cycles": 250,
        "window_start_period": 1348.0,
        "window_end_period": 1597.0,
        "first": 0.003620645420807753,
        "last": 0.0006869092310941526,
        "median": 0.0018991328649541476,
        "peak_to_peak": 0.0029337361897136,
        "fractional_peak_to_peak": 1.5447766945913137,
        "slope_per_cycle": -1.2291338735853254e-05,
        "fractional_slope_per_cycle": -0.0064720794224947574,
        "log_slope_per_cycle": -0.006792565406466469,
        "efolding_cycles": null
      },
      "max_vsurf_div_cs": {
        "available": true,
        "window_cycles": 250,
        "window_start_period": 1562.0,
        "window_end_period": 1597.0,
        "first": 4.72111,
        "last": 4.80028,
        "median": 4.762185000000001,
        "peak_to_peak": 0.07916999999999952,
        "fractional_peak_to_peak": 0.016624721635131668,
        "slope_per_cycle": 0.0022302792792792767,
        "fractional_slope_per_cycle": 0.00046833108736415665,
        "log_slope_per_cycle": 0.0004684608779290108,
        "efolding_cycles": 2134.6499720976426
      }
    },
    "500": {
      "delta_r": {
        "available": true,
        "window_cycles": 500,
        "window_start_period": 1098.0,
        "window_end_period": 1597.0,
        "first": 0.24578641097799547,
        "last": 0.6188596158607451,
        "median": 0.45392679198088937,