{
  "generated_at": "2026-06-18T06:17:45.644330+00:00",
  "workspace": "<local-rre-root>/rsp_batch_runs",
  "model_id": "model_009",
  "run_name": "model_009_M0p6668_Z0p0001120_T6852",
  "source": "cumulative:saturation",
  "source_kind": "history_exact_rsp_columns",
  "cycle_count": 130,
  "first_period": 1.0,
  "last_period": 130.0,
  "rolling_window": 100,
  "fits": {
    "50": {
      "delta_r": {
        "available": true,
        "window_cycles": 50,
        "window_start_period": 81.0,
        "window_end_period": 130.0,
        "first": 0.0024043430332554294,
        "last": 0.0029629517423446217,
        "median": 0.002656474728710112,
        "peak_to_peak": 0.0005885090758077638,
        "fractional_peak_to_peak": 0.2215376150382287,
        "slope_per_cycle": 7.5713516392807275e-06,
        "fractional_slope_per_cycle": 0.0028501500719930063,
        "log_slope_per_cycle": 0.0028783657388063446,
        "efolding_cycles": 347.41936596796035
      },
      "period_days": {
        "available": true,
        "window_cycles": 50,
        "window_start_period": 81.0,
        "window_end_period": 130.0,
        "first": 0.4992097333821854,
        "last": 0.48926701773661924,
        "median": 0.5014029844478851,
        "peak_to_peak": 0.0274534022858845,
        "fractional_peak_to_peak": 0.054753168882938616,
        "slope_per_cycle": -2.0070912707668046e-05,
        "fractional_slope_per_cycle": -4.0029503872556586e-05,
        "log_slope_per_cycle": -4.07321394298836e-05,
        "efolding_cycles": null
      },
      "gamma": {
        "available": true,
        "window_cycles": 50,
        "window_start_period": 81.0,
        "window_end_period": 130.0,
        "first": 0.005221564547244577,
        "last": 0.005212405085044138,
        "median": 0.005198329708706109,
        "peak_to_peak": 0.004415816500496566,
        "fractional_peak_to_peak": 0.8494683384743762,
        "slope_per_cycle": -1.603232638884656e-06,
        "fractional_slope_per_cycle": -0.0003084130343251561,
        "log_slope_per_cycle": -0.00020481067394077638,
        "efolding_cycles": null
      },
      "max_vsurf_div_cs": {
        "available": true,
        "window_cycles": 50,
        "window_start_period": 81.0,
        "window_end_period": 130.0,
        "first": 0.01636,
        "last": 0.02092,
        "median": 0.018209999999999997,
        "peak_to_peak": 0.004970000000000002,
        "fractional_peak_to_peak": 0.27292696320702925,
        "slope_per_cycle": 5.354045618247298e-05,
        "fractional_slope_per_cycle": 0.00294016782989967,
        "log_slope_per_cycle": 0.0029595000346073768,
        "efolding_cycles": 337.894910730307
      }
    },
    "100": {
      "delta_r": {
        "available": true,
        "window_cycles": 100,
        "window_start_period": 31.0,
        "window_end_period": 130.0,
        "first": 0.002176820031027482,
        "last": 0.0029629517423446217,
        "median": 0.0024183929819638905,
        "peak_to_peak": 0.0009490811865697779,
        "fractional_peak_to_peak": 0.39244291297895806,
        "slope_per_cycle": 6.786438570371995e-06,
        "fractional_slope_per_cycle": 0.0028061769203700593,
        "log_slope_per_cycle": 0.0027595902759339325,
        "efolding_cycles": 362.37263506864923
      },
      "period_days": {
        "available": true,
        "window_cycles": 100,
        "window_start_period": 31.0,
        "window_end_period": 130.0,
        "first": 0.4959497705749635,
        "last": 0.48926701773661924,
        "median": 0.501001074839967,
        "peak_to_peak": 0.02790101825738761,
        "fractional_peak_to_peak": 0.055690535726495065,
        "slope_per_cycle": -3.506373481700923e-06,
        "fractional_slope_per_cycle": -6.9987344494639084e-06,
        "log_slope_per_cycle": -7.004726347029121e-06,
        "efolding_cycles": null
      },
      "gamma": {
        "available": true,
        "window_cycles": 100,
        "window_start_period": 31.0,
        "window_end_period": 130.0,
        "first": 0.004759896791133371,
        "last": 0.005212405085044138,
        "median": 0.0050914662827520885,
        "peak_to_peak": 0.004415816500496566,
        "fractional_peak_to_peak": 0.8672976025502985,
        "slope_per_cycle": -5.576467397326678e-07,
        "fractional_slope_per_cycle": -0.00010952576502799567,
        "log_slope_per_cycle": -6.495788054291161e-05,
        "efolding_cycles": null
      },
      "max_vsurf_div_cs": {
        "available": true,
        "window_cycles": 100,
        "window_start_period": 31.0,
        "window_end_period": 130.0,
        "first": 0.01505,
        "last": 0.02092,
        "median": 0.016730000000000002,
        "peak_to_peak": 0.007840000000000001,
        "fractional_peak_to_peak": 0.46861924686192474,
        "slope_per_cycle": 4.7094569456945696e-05,
        "fractional_slope_per_cycle": 0.0028149772538521036,
        "log_slope_per_cycle": 0.002790541531965314,
        "efolding_cycles": 358.3533835798972
      }
    },
    "250": {
      "delta_r": {
        "available": false,
        "reason": "only 130 rows for 250-cycle window"
      },
      "period_days": {
        "available": false,
        "reason": "only 130 rows for 250-cycle window"
      },
      "gamma": {
        "available": false,
        "reason": "only 130 rows for 250-cycle window"
      },
      "max_vsurf_div_cs": {
        "available": false,
        "reason": "only 130 rows for 250-cycle window"
      }
    },
    "500": {
      "delta_r": {
        "available": false,
        "reason": "only 130 rows for 500-cycle window"
      },
      "period_days": {
        "available": false,
        "reason": "only 130 rows for 500-cycle window"
      },
      "gamma": {
        "available": false,
        "reason": "only 130 rows for 500-cycle window"
      },
      "max_vsurf_div_cs": {
        "available": false,
        "reason": "only 130 rows for 500-cycle window"
      }
    }
  },
  "latest_rolling": {
    "window_start_period": 31.0,
    "window_end_period": 130.0,
    "gamma_peak_to_peak": 0.004415816500496566,
    "period_fractional_peak_to_peak": 0.055690535726495065,
    "delta_r_fractional_peak_to_peak": 0.39244291297895806
  },
  "growth_outlook": {
    "status": "amplitude still growing",
    "tolerance": 0.001,
    "delta_r_fractional_peak_to_peak": 0.39244291297895806,
    "delta_r_criterion_factor": 392.4429129789581,
    "log_slope_per_cycle": 0.0027595902759339325,
    "efolding_cycles": 362.37263506864923,
    "doubling_cycles": 251.17757030991217,
    "fit_window_cycles": 100,
    "max_vsurf_div_cs_latest": 0.02092,
    "max_vsurf_div_cs_log_slope_per_cycle": 0.002790541531965314,
    "max_vsurf_div_cs_efolding_cycles": 358.3533835798972,
    "max_vsurf_div_cs_fit_window_cycles": 100,
    "cycles_to_vsurf_div_cs_0p8": 1305.8060762510445,
    "cycles_to_vsurf_div_cs_1p0": 1385.770322888526
  }
}
