{
  "generated_at": "2026-06-19T15:07:46.503672+00:00",
  "workspace": "<local-rre-root>/rsp_batch_runs",
  "model_id": "model_009",
  "run_name": "model_009_M0p6668_Z0p0001120_T6852",
  "source": "cumulative:saturation+saturation_resume:LOGS_saturation_resume_130000",
  "source_kind": "history_exact_rsp_columns",
  "cycle_count": 281,
  "first_period": 1.0,
  "last_period": 281.0,
  "rolling_window": 100,
  "fits": {
    "50": {
      "delta_r": {
        "available": true,
        "window_cycles": 50,
        "window_start_period": 232.0,
        "window_end_period": 281.0,
        "first": 0.003953517414288399,
        "last": 0.0042269738197280304,
        "median": 0.004009124825097299,
        "peak_to_peak": 0.000900550327918026,
        "fractional_peak_to_peak": 0.22462516564227214,
        "slope_per_cycle": 1.0332119525135339e-05,
        "fractional_slope_per_cycle": 0.002577150868552611,
        "log_slope_per_cycle": 0.0026015049869313966,
        "efolding_cycles": 384.3928822060608
      },
      "period_days": {
        "available": true,
        "window_cycles": 50,
        "window_start_period": 232.0,
        "window_end_period": 281.0,
        "first": 0.49101606797782654,
        "last": 0.5107422225291763,
        "median": 0.5018674242341055,
        "peak_to_peak": 0.030513374139382266,
        "fractional_peak_to_peak": 0.06079967072170185,
        "slope_per_cycle": 3.796718566734332e-05,
        "fractional_slope_per_cycle": 7.565182323854679e-05,
        "log_slope_per_cycle": 7.510110870494512e-05,
        "efolding_cycles": 13315.382652056025
      },
      "gamma": {
        "available": true,
        "window_cycles": 50,
        "window_start_period": 232.0,
        "window_end_period": 281.0,
        "first": 0.005117241874928775,
        "last": 0.0038935743652613866,
        "median": 0.005161888327817844,
        "peak_to_peak": 0.005295484819423992,
        "fractional_peak_to_peak": 1.0258813215478113,
        "slope_per_cycle": -2.443829762528307e-07,
        "fractional_slope_per_cycle": -4.734371623962313e-05,
        "log_slope_per_cycle": 1.3916882706578405e-06,
        "efolding_cycles": 718551.7195796352
      },
      "max_vsurf_div_cs": {
        "available": true,
        "window_cycles": 50,
        "window_start_period": 232.0,
        "window_end_period": 281.0,
        "first": 0.02804,
        "last": 0.02909,
        "median": 0.027555,
        "peak_to_peak": 0.008060000000000001,
        "fractional_peak_to_peak": 0.2925058972963165,
        "slope_per_cycle": 6.956302521008406e-05,
        "fractional_slope_per_cycle": 0.002524515522049866,
        "log_slope_per_cycle": 0.0025478897584750903,
        "efolding_cycles": 392.48165925298866
      }
    },
    "100": {
      "delta_r": {
        "available": true,
        "window_cycles": 100,
        "window_start_period": 182.0,
        "window_end_period": 281.0,
        "first": 0.003376846762709107,
        "last": 0.0042269738197280304,
        "median": 0.003664790509279481,
        "peak_to_peak": 0.001445885260171309,
        "fractional_peak_to_peak": 0.3945342186709544,
        "slope_per_cycle": 1.0035357626704166e-05,
        "fractional_slope_per_cycle": 0.0027383168563916566,
        "log_slope_per_cycle": 0.0027009130381343773,
        "efolding_cycles": 370.24516742336056
      },
      "period_days": {
        "available": true,
        "window_cycles": 100,
        "window_start_period": 182.0,
        "window_end_period": 281.0,
        "first": 0.49862816202476906,
        "last": 0.5107422225291763,
        "median": 0.500602094184907,
        "peak_to_peak": 0.030513374139382266,
        "fractional_peak_to_peak": 0.06095334896483986,
        "slope_per_cycle": 7.857045556265128e-06,
        "fractional_slope_per_cycle": 1.5695191145890367e-05,
        "log_slope_per_cycle": 1.5376076925607177e-05,
        "efolding_cycles": 65036.09502204097
      },
      "gamma": {
        "available": true,
        "window_cycles": 100,
        "window_start_period": 182.0,
        "window_end_period": 281.0,
        "first": 0.0037639715012054557,
        "last": 0.0038935743652613866,
        "median": 0.005104057065273535,
        "peak_to_peak": 0.005295484819423992,
        "fractional_peak_to_peak": 1.0375050184005334,
        "slope_per_cycle": 6.305778142279748e-07,
        "fractional_slope_per_cycle": 0.00012354442870912162,
        "log_slope_per_cycle": 0.00013280867212461106,
        "efolding_cycles": 7529.628781031143
      },
      "max_vsurf_div_cs": {
        "available": true,
        "window_cycles": 100,
        "window_start_period": 182.0,
        "window_end_period": 281.0,
        "first": 0.02374,
        "last": 0.02909,
        "median": 0.025474999999999998,
        "peak_to_peak": 0.011800000000000001,
        "fractional_peak_to_peak": 0.463199214916585,
        "slope_per_cycle": 6.876855685568556e-05,
        "fractional_slope_per_cycle": 0.002699452673432211,
        "log_slope_per_cycle": 0.0026902089358523257,
        "efolding_cycles": 371.71834004156074
      }
    },
    "250": {
      "delta_r": {
        "available": true,
        "window_cycles": 250,
        "window_start_period": 32.0,
        "window_end_period": 281.0,
        "first": 0.0020138705557748438,
        "last": 0.0042269738197280304,
        "median": 0.0029789680856904255,
        "peak_to_peak": 0.002480071593489619,
        "fractional_peak_to_peak": 0.832527077212652,
        "slope_per_cycle": 8.348435993458981e-06,
        "fractional_slope_per_cycle": 0.0028024590238347894,
        "log_slope_per_cycle": 0.0027341291884478533,
        "efolding_cycles": 365.74716521266254
      },
      "period_days": {
        "available": true,
        "window_cycles": 250,
        "window_start_period": 32.0,
        "window_end_period": 281.0,
        "first": 0.5152237491572709,
        "last": 0.5107422225291763,
        "median": 0.5013299327587959,
        "peak_to_peak": 0.030513374139382266,
        "fractional_peak_to_peak": 0.06086485594719739,
        "slope_per_cycle": 1.3130688497363655e-07,
        "fractional_slope_per_cycle": 2.6191710566943554e-07,
        "log_slope_per_cycle": 3.424343839804104e-08,
        "efolding_cycles": 29202674.92931454
      },
      "gamma": {
        "available": true,
        "window_cycles": 250,
        "window_start_period": 32.0,
        "window_end_period": 281.0,
        "first": 0.007772388356689523,
        "last": 0.0038935743652613866,
        "median": 0.0050867255220922855,
        "peak_to_peak": 0.005295484819423992,
        "fractional_peak_to_peak": 1.0410400161017217,
        "slope_per_cycle": -1.3437230365444994e-07,
        "fractional_slope_per_cycle": -2.6416267807424287e-05,
        "log_slope_per_cycle": -7.36696944162835e-05,
        "efolding_cycles": null
      },
      "max_vsurf_div_cs": {
        "available": true,
        "window_cycles": 250,
        "window_start_period": 129.0,
        "window_end_period": 281.0,
        "first": 0.01909,
        "last": 0.02909,
        "median": 0.02356,
        "peak_to_peak": 0.014260000000000002,
        "fractional_peak_to_peak": 0.605263157894737,
        "slope_per_cycle": 6.494143111790171e-05,
        "fractional_slope_per_cycle": 0.0027564274668039775,
        "log_slope_per_cycle": 0.002728112338043172,
        "efolding_cycles": 366.55382040362855
      }
    },
    "500": {
      "delta_r": {
        "available": false,
        "reason": "only 281 rows for 500-cycle window"
      },
      "period_days": {
        "available": false,
        "reason": "only 281 rows for 500-cycle window"
      },
      "gamma": {
        "available": false,
        "reason": "only 281 rows for 500-cycle window"
      },
      "max_vsurf_div_cs": {
        "available": false,
        "reason": "only 281 rows for 500-cycle window"
      }
    }
  },
  "latest_rolling": {
    "window_start_period": 182.0,