{
  "generated_at": "2026-06-17T20:50:29.545203+00:00",
  "workspace": "<local-rre-root>/rsp_batch_runs",
  "model_id": "model_008",
  "run_name": "model_008_M0p6151_Z0p0004406_T6792",
  "source": "cumulative:saturation+continue_saturation",
  "source_kind": "history_exact_rsp_columns",
  "cycle_count": 959,
  "first_period": 1.0,
  "last_period": 959.0,
  "rolling_window": 100,
  "fits": {
    "50": {
      "delta_r": {
        "available": true,
        "window_cycles": 50,
        "window_start_period": 910.0,
        "window_end_period": 959.0,
        "first": 0.051565413887022515,
        "last": 0.05702212513316507,
        "median": 0.054222489250518535,
        "peak_to_peak": 0.005456711246142554,
        "fractional_peak_to_peak": 0.10063557246388076,
        "slope_per_cycle": 0.00011134772711379082,
        "fractional_slope_per_cycle": 0.0020535340345468555,
        "log_slope_per_cycle": 0.002052924394173825,
        "efolding_cycles": 487.1099991982112
      },
      "period_days": {
        "available": true,
        "window_cycles": 50,
        "window_start_period": 910.0,
        "window_end_period": 959.0,
        "first": 0.6316232503838493,
        "last": 0.6316220336359132,
        "median": 0.631622134865848,
        "peak_to_peak": 1.2895756367203859e-06,
        "fractional_peak_to_peak": 2.041688480398621e-06,
        "slope_per_cycle": -2.287911722978203e-08,
        "fractional_slope_per_cycle": -3.622279202523735e-08,
        "log_slope_per_cycle": -3.622277138023925e-08,
        "efolding_cycles": null
      },
      "gamma": {
        "available": true,
        "window_cycles": 50,
        "window_start_period": 910.0,
        "window_end_period": 959.0,
        "first": 0.004132584788179943,
        "last": 0.004154207126987785,
        "median": 0.004143852189376026,
        "peak_to_peak": 2.1622338807841812e-05,
        "fractional_peak_to_peak": 0.005217931967572826,
        "slope_per_cycle": 4.4847540262216455e-07,
        "fractional_slope_per_cycle": 0.00010822668911115172,
        "log_slope_per_cycle": 0.00010823849874311387,
        "efolding_cycles": 9238.856891144935
      },
      "max_vsurf_div_cs": {
        "available": true,
        "window_cycles": 50,
        "window_start_period": 910.0,
        "window_end_period": 959.0,
        "first": 0.29208,
        "last": 0.32488,
        "median": 0.307975,
        "peak_to_peak": 0.032799999999999996,
        "fractional_peak_to_peak": 0.10650215114863218,
        "slope_per_cycle": 0.0006692902761104443,
        "fractional_slope_per_cycle": 0.002173196772823912,
        "log_slope_per_cycle": 0.0021722440650567454,
        "efolding_cycles": 460.3534271706605
      }
    },
    "100": {
      "delta_r": {
        "available": true,
        "window_cycles": 100,
        "window_start_period": 860.0,
        "window_end_period": 959.0,
        "first": 0.0465498365225816,
        "last": 0.05702212513316507,
        "median": 0.051512637986278254,
        "peak_to_peak": 0.010472288610583469,
        "fractional_peak_to_peak": 0.20329552164214612,
        "slope_per_cycle": 0.00010568815374198955,
        "fractional_slope_per_cycle": 0.0020516936789403482,
        "log_slope_per_cycle": 0.0020493372362124303,
        "efolding_cycles": 487.96263608042983
      },
      "period_days": {
        "available": true,
        "window_cycles": 100,
        "window_start_period": 860.0,
        "window_end_period": 959.0,
        "first": 0.6316269946065559,
        "last": 0.6316220336359132,
        "median": 0.6316232869212723,
        "peak_to_peak": 5.033798343379026e-06,
        "fractional_peak_to_peak": 7.96962120873554e-06,
        "slope_per_cycle": -5.462866419428101e-08,
        "fractional_slope_per_cycle": -8.648931305328854e-08,
        "log_slope_per_cycle": -8.648920444580662e-08,
        "efolding_cycles": null
      },
      "gamma": {
        "available": true,
        "window_cycles": 100,
        "window_start_period": 860.0,
        "window_end_period": 959.0,
        "first": 0.004114679542342753,
        "last": 0.004154207126987785,
        "median": 0.004132605967258665,
        "peak_to_peak": 3.952758464503218e-05,
        "fractional_peak_to_peak": 0.009564808490864307,
        "slope_per_cycle": 4.0065706400573355e-07,
        "fractional_slope_per_cycle": 9.695022152608143e-05,
        "log_slope_per_cycle": 9.691532773315602e-05,
        "efolding_cycles": 10318.285284587515
      },
      "max_vsurf_div_cs": {
        "available": true,
        "window_cycles": 100,
        "window_start_period": 860.0,
        "window_end_period": 959.0,
        "first": 0.26241,
        "last": 0.32488,
        "median": 0.291765,
        "peak_to_peak": 0.062470000000000026,
        "fractional_peak_to_peak": 0.21411067125940406,
        "slope_per_cycle": 0.0006300201620162017,
        "fractional_slope_per_cycle": 0.0021593411204777874,
        "log_slope_per_cycle": 0.002155832394651257,
        "efolding_cycles": 463.85795226060105
      }
    },
    "250": {
      "delta_r": {
        "available": true,
        "window_cycles": 250,
        "window_start_period": 710.0,
        "window_end_period": 959.0,
        "first": 0.034293272485950155,
        "last": 0.05702212513316507,
        "median": 0.04418570974446956,
        "peak_to_peak": 0.022728852647214914,
        "fractional_peak_to_peak": 0.5143937435577741,
        "slope_per_cycle": 9.087048681339789e-05,
        "fractional_slope_per_cycle": 0.0020565582705112384,
        "log_slope_per_cycle": 0.002042281073498849,
        "efolding_cycles": 489.64856648590177
      },
      "period_days": {
        "available": true,
        "window_cycles": 250,
        "window_start_period": 710.0,
        "window_end_period": 959.0,
        "first": 0.631630033881369,
        "last": 0.6316220336359132,
        "median": 0.6316283031161529,
        "peak_to_peak": 8.073073156422694e-06,
        "fractional_peak_to_peak": 1.2781367010620012e-05,
        "slope_per_cycle": -3.717362493540162e-08,
        "fractional_slope_per_cycle": -5.8853640269134035e-08,
        "log_slope_per_cycle": -5.8853834823791434e-08,
        "efolding_cycles": null
      },
      "gamma": {
        "available": true,
        "window_cycles": 250,
        "window_start_period": 710.0,
        "window_end_period": 959.0,
        "first": 0.004076736447067863,
        "last": 0.004154207126987785,
        "median": 0.004108243805601599,
        "peak_to_peak": 8.026580060487443e-05,
        "fractional_peak_to_peak": 0.019537740310210376,
        "slope_per_cycle": 3.055391175257937e-07,
        "fractional_slope_per_cycle": 7.437219697360476e-05,
        "log_slope_per_cycle": 7.430104387681912e-05,
        "efolding_cycles": 13458.761113206727
      },
      "max_vsurf_div_cs": {
        "available": true,
        "window_cycles": 250,
        "window_start_period": 710.0,
        "window_end_period": 959.0,
        "first": 0.19084,
        "last": 0.32488,
        "median": 0.24850499999999998,
        "peak_to_peak": 0.13404,
        "fractional_peak_to_peak": 0.539385525442144,
        "slope_per_cycle": 0.0005348580540488648,
        "fractional_slope_per_cycle": 0.002152302988064083,
        "log_slope_per_cycle": 0.002134817599307308,
        "efolding_cycles": 468.42409408863483
      }
    },
    "500": {
      "delta_r": {
        "available": true,
        "window_cycles": 500,
        "window_start_period": 460.0,
        "window_end_period": 959.0,
        "first": 0.006162391581683302,
        "last": 0.05702212513316507,
        "median": 0.03425852963024578,
        "peak_to_peak": 0.05085973355148177,
        "fractional_peak_to_peak": 1.4845860023887103,