{
  "generated_at": "2026-06-18T02:49:52.434015+00:00",
  "workspace": "<local-rre-root>/rsp_batch_runs",
  "model_id": "model_009",
  "run_name": "model_009_M0p6668_Z0p0001120_T6852",
  "source": "cumulative:saturation",
  "source_kind": "history_exact_rsp_columns",
  "cycle_count": 107,
  "first_period": 1.0,
  "last_period": 107.0,
  "rolling_window": 100,
  "fits": {
    "50": {
      "delta_r": {
        "available": true,
        "window_cycles": 50,
        "window_start_period": 58.0,
        "window_end_period": 107.0,
        "first": 0.0021774843773831876,
        "last": 0.0026844492010162924,
        "median": 0.0024203876637352018,
        "peak_to_peak": 0.0005572161785876162,
        "fractional_peak_to_peak": 0.23021774029690206,
        "slope_per_cycle": 7.0853918826246164e-06,
        "fractional_slope_per_cycle": 0.0029273789437888084,
        "log_slope_per_cycle": 0.0028746597529621084,
        "efolding_cycles": 347.86725593162095
      },
      "period_days": {
        "available": true,
        "window_cycles": 50,
        "window_start_period": 58.0,
        "window_end_period": 107.0,
        "first": 0.5092562948112404,
        "last": 0.492346347225,
        "median": 0.5013580155142107,
        "peak_to_peak": 0.026798647002304055,
        "fractional_peak_to_peak": 0.053452116397936525,
        "slope_per_cycle": -3.2976998921054514e-05,
        "fractional_slope_per_cycle": -6.577534995073755e-05,
        "log_slope_per_cycle": -6.598699600213599e-05,
        "efolding_cycles": null
      },
      "gamma": {
        "available": true,
        "window_cycles": 50,
        "window_start_period": 58.0,
        "window_end_period": 107.0,
        "first": 0.007489693168972699,
        "last": 0.004244302671632378,
        "median": 0.004898067672830456,
        "peak_to_peak": 0.004331095653940911,
        "fractional_peak_to_peak": 0.8842457767509962,
        "slope_per_cycle": -5.032457481761943e-06,
        "fractional_slope_per_cycle": -0.0010274373115906393,
        "log_slope_per_cycle": -0.0008517217569120345,
        "efolding_cycles": null
      },
      "max_vsurf_div_cs": {
        "available": true,
        "window_cycles": 50,
        "window_start_period": 58.0,
        "window_end_period": 107.0,
        "first": 0.01445,
        "last": 0.01865,
        "median": 0.01678,
        "peak_to_peak": 0.004739999999999999,
        "fractional_peak_to_peak": 0.2824791418355184,
        "slope_per_cycle": 5.0121968787515e-05,
        "fractional_slope_per_cycle": 0.0029870064831653757,
        "log_slope_per_cycle": 0.0029651078094197585,
        "efolding_cycles": 337.25586530888734
      }
    },
    "100": {
      "delta_r": {
        "available": true,
        "window_cycles": 100,
        "window_start_period": 8.0,
        "window_end_period": 107.0,
        "first": 0.0020339777814397664,
        "last": 0.0026844492010162924,
        "median": 0.0023055158994411684,
        "peak_to_peak": 0.000766984218512512,
        "fractional_peak_to_peak": 0.3326735758787959,
        "slope_per_cycle": 6.3117294569604915e-06,
        "fractional_slope_per_cycle": 0.002737664684286231,
        "log_slope_per_cycle": 0.002728954048637958,
        "efolding_cycles": 366.4407616167475
      },
      "period_days": {
        "available": true,
        "window_cycles": 100,
        "window_start_period": 8.0,
        "window_end_period": 107.0,
        "first": 0.49497899666234674,
        "last": 0.492346347225,
        "median": 0.5003284864776456,
        "peak_to_peak": 0.052864217024217175,
        "fractional_peak_to_peak": 0.1056590189305144,
        "slope_per_cycle": -6.759661425800261e-06,
        "fractional_slope_per_cycle": -1.3510446853403935e-05,
        "log_slope_per_cycle": -1.2321866274643081e-05,
        "efolding_cycles": null
      },
      "gamma": {
        "available": true,
        "window_cycles": 100,
        "window_start_period": 8.0,
        "window_end_period": 107.0,
        "first": 0.004703832305492358,
        "last": 0.004244302671632378,
        "median": 0.005081429458258355,
        "peak_to_peak": 0.004331095653940911,
        "fractional_peak_to_peak": 0.8523380457249093,
        "slope_per_cycle": -4.655808672496794e-07,
        "fractional_slope_per_cycle": -9.162399499475801e-05,
        "log_slope_per_cycle": -0.0002798575467953774,
        "efolding_cycles": null
      },
      "max_vsurf_div_cs": {
        "available": true,
        "window_cycles": 100,
        "window_start_period": 8.0,
        "window_end_period": 107.0,
        "first": 0.01725,
        "last": 0.01865,
        "median": 0.01598,
        "peak_to_peak": 0.006249999999999999,
        "fractional_peak_to_peak": 0.3911138923654567,
        "slope_per_cycle": 3.96872487248725e-05,
        "fractional_slope_per_cycle": 0.0024835574921697433,
        "log_slope_per_cycle": 0.0024808046710084663,
        "efolding_cycles": 403.0950165832654
      }
    },
    "250": {
      "delta_r": {
        "available": false,
        "reason": "only 107 rows for 250-cycle window"
      },
      "period_days": {
        "available": false,
        "reason": "only 107 rows for 250-cycle window"
      },
      "gamma": {
        "available": false,
        "reason": "only 107 rows for 250-cycle window"
      },
      "max_vsurf_div_cs": {
        "available": false,
        "reason": "only 107 rows for 250-cycle window"
      }
    },
    "500": {
      "delta_r": {
        "available": false,
        "reason": "only 107 rows for 500-cycle window"
      },
      "period_days": {
        "available": false,
        "reason": "only 107 rows for 500-cycle window"
      },
      "gamma": {
        "available": false,
        "reason": "only 107 rows for 500-cycle window"
      },
      "max_vsurf_div_cs": {
        "available": false,
        "reason": "only 107 rows for 500-cycle window"
      }
    }
  },
  "latest_rolling": {
    "window_start_period": 8.0,
    "window_end_period": 107.0,
    "gamma_peak_to_peak": 0.004331095653940911,
    "period_fractional_peak_to_peak": 0.1056590189305144,
    "delta_r_fractional_peak_to_peak": 0.3326735758787959
  },
  "growth_outlook": {
    "status": "amplitude still growing",
    "tolerance": 0.001,
    "delta_r_fractional_peak_to_peak": 0.3326735758787959,
    "delta_r_criterion_factor": 332.67357587879593,
    "log_slope_per_cycle": 0.002728954048637958,
    "efolding_cycles": 366.4407616167475,
    "doubling_cycles": 253.9973807568876,
    "fit_window_cycles": 100,
    "max_vsurf_div_cs_latest": 0.01865,
    "max_vsurf_div_cs_log_slope_per_cycle": 0.0024808046710084663,
    "max_vsurf_div_cs_efolding_cycles": 403.0950165832654,
    "max_vsurf_div_cs_fit_window_cycles": 100,
    "cycles_to_vsurf_div_cs_0p8": 1515.1396744388326,
    "cycles_to_vsurf_div_cs_1p0": 1605.0877279562826
  }
}
