{
  "generated_at": "2026-06-17T19:28:30.378118+00:00",
  "workspace": "<local-rre-root>/rsp_batch_runs",
  "model_id": "model_008",
  "run_name": "model_008_M0p6151_Z0p0004406_T6792",
  "source": "cumulative:saturation+continue_saturation",
  "source_kind": "history_exact_rsp_columns",
  "cycle_count": 951,
  "first_period": 1.0,
  "last_period": 951.0,
  "rolling_window": 100,
  "fits": {
    "50": {
      "delta_r": {
        "available": true,
        "window_cycles": 50,
        "window_start_period": 902.0,
        "window_end_period": 951.0,
        "first": 0.0507277758445186,
        "last": 0.056092026251066684,
        "median": 0.05333961927850117,
        "peak_to_peak": 0.005364250406548088,
        "fractional_peak_to_peak": 0.10056784204888726,
        "slope_per_cycle": 0.00010945866832003636,
        "fractional_slope_per_cycle": 0.002052108166511685,
        "log_slope_per_cycle": 0.002051504789687624,
        "efolding_cycles": 487.447070573141
      },
      "period_days": {
        "available": true,
        "window_cycles": 50,
        "window_start_period": 902.0,
        "window_end_period": 951.0,
        "first": 0.6316237954133087,
        "last": 0.6316219608082125,
        "median": 0.631622426190017,
        "peak_to_peak": 1.8346050961737248e-06,
        "fractional_peak_to_peak": 2.90459144593736e-06,
        "slope_per_cycle": -3.6788403409014625e-08,
        "fractional_slope_per_cycle": -5.8244295774810286e-08,
        "log_slope_per_cycle": -5.8244267984873866e-08,
        "efolding_cycles": null
      },
      "gamma": {
        "available": true,
        "window_cycles": 50,
        "window_start_period": 902.0,
        "window_end_period": 951.0,
        "first": 0.004129093673548921,
        "last": 0.004150457745067903,
        "median": 0.004140225998348465,
        "peak_to_peak": 2.153247391708385e-05,
        "fractional_peak_to_peak": 0.005200796750146767,
        "slope_per_cycle": 4.4741936098491776e-07,
        "fractional_slope_per_cycle": 0.00010806641018229277,
        "log_slope_per_cycle": 0.00010807152179389642,
        "efolding_cycles": 9253.131476274606
      },
      "max_vsurf_div_cs": {
        "available": true,
        "window_cycles": 50,
        "window_start_period": 902.0,
        "window_end_period": 951.0,
        "first": 0.2871,
        "last": 0.31925,
        "median": 0.302675,
        "peak_to_peak": 0.032149999999999956,
        "fractional_peak_to_peak": 0.10621954241347965,
        "slope_per_cycle": 0.0006558597839135655,
        "fractional_slope_per_cycle": 0.0021668779513126803,
        "log_slope_per_cycle": 0.0021659119788342306,
        "efolding_cycles": 461.6992794592857
      }
    },
    "100": {
      "delta_r": {
        "available": true,
        "window_cycles": 100,
        "window_start_period": 852.0,
        "window_end_period": 951.0,
        "first": 0.04579442176962534,
        "last": 0.056092026251066684,
        "median": 0.0506758898630677,
        "peak_to_peak": 0.010297604481441347,
        "fractional_peak_to_peak": 0.20320520289365815,
        "slope_per_cycle": 0.0001039212352068418,
        "fractional_slope_per_cycle": 0.002050703707180069,
        "log_slope_per_cycle": 0.0020483996838482005,
        "efolding_cycles": 488.18597653821274
      },
      "period_days": {
        "available": true,
        "window_cycles": 100,
        "window_start_period": 852.0,
        "window_end_period": 951.0,
        "first": 0.6316273130029785,
        "last": 0.6316219608082125,
        "median": 0.6316238393065416,
        "peak_to_peak": 5.465559144046672e-06,
        "fractional_peak_to_peak": 8.653186919048682e-06,
        "slope_per_cycle": -6.142700891245842e-08,
        "fractional_slope_per_cycle": -9.725251817584813e-08,
        "log_slope_per_cycle": -9.725243233364809e-08,
        "efolding_cycles": null
      },
      "gamma": {
        "available": true,
        "window_cycles": 100,
        "window_start_period": 852.0,
        "window_end_period": 951.0,
        "first": 0.004112335039449903,
        "last": 0.004150457745067903,
        "median": 0.004129350612933628,
        "peak_to_peak": 3.8291108016101465e-05,
        "fractional_peak_to_peak": 0.009272912766518072,
        "slope_per_cycle": 3.859466730374016e-07,
        "fractional_slope_per_cycle": 9.346425363556433e-05,
        "log_slope_per_cycle": 9.342431789673229e-05,
        "efolding_cycles": 10703.851229669797
      },
      "max_vsurf_div_cs": {
        "available": true,
        "window_cycles": 100,
        "window_start_period": 852.0,
        "window_end_period": 951.0,
        "first": 0.25796,
        "last": 0.31925,
        "median": 0.28679,
        "peak_to_peak": 0.061289999999999956,
        "fractional_peak_to_peak": 0.2137103804177271,
        "slope_per_cycle": 0.0006179603360336032,
        "fractional_slope_per_cycle": 0.0021547485478350123,
        "log_slope_per_cycle": 0.0021514021089890085,
        "efolding_cycles": 464.81315409229666
      }
    },
    "250": {
      "delta_r": {
        "available": true,
        "window_cycles": 250,
        "window_start_period": 702.0,
        "window_end_period": 951.0,
        "first": 0.033741384226090965,
        "last": 0.056092026251066684,
        "median": 0.04346938428974667,
        "peak_to_peak": 0.02235064202497572,
        "fractional_peak_to_peak": 0.5141697401554333,
        "slope_per_cycle": 8.936061858990574e-05,
        "fractional_slope_per_cycle": 0.0020557139248688103,
        "log_slope_per_cycle": 0.002041426971784709,
        "efolding_cycles": 489.8534279312251
      },
      "period_days": {
        "available": true,
        "window_cycles": 250,
        "window_start_period": 702.0,
        "window_end_period": 951.0,
        "first": 0.6316302771893916,
        "last": 0.6316219608082125,
        "median": 0.6316285970512157,
        "peak_to_peak": 8.316381179040988e-06,
        "fractional_peak_to_peak": 1.3166568483229479e-05,
        "slope_per_cycle": -3.573443825899342e-08,
        "fractional_slope_per_cycle": -5.6575079763362726e-08,
        "log_slope_per_cycle": -5.657527808345546e-08,
        "efolding_cycles": null
      },
      "gamma": {
        "available": true,
        "window_cycles": 250,
        "window_start_period": 702.0,
        "window_end_period": 951.0,
        "first": 0.004073931471776597,
        "last": 0.004150457745067903,
        "median": 0.004106175289035814,
        "peak_to_peak": 7.735549836832608e-05,
        "fractional_peak_to_peak": 0.01883882029461295,
        "slope_per_cycle": 2.982963559465476e-07,
        "fractional_slope_per_cycle": 7.26457919960333e-05,
        "log_slope_per_cycle": 7.258670800798617e-05,
        "efolding_cycles": 13776.626980933996
      },
      "max_vsurf_div_cs": {
        "available": true,
        "window_cycles": 250,
        "window_start_period": 702.0,
        "window_end_period": 951.0,
        "first": 0.18766,
        "last": 0.31925,
        "median": 0.24430000000000002,
        "peak_to_peak": 0.13158999999999998,
        "fractional_peak_to_peak": 0.538641015145313,
        "slope_per_cycle": 0.0005252319339509432,
        "fractional_slope_per_cycle": 0.002149946516377172,
        "log_slope_per_cycle": 0.0021326069168911403,
        "efolding_cycles": 468.9096673557518
      }
    },
    "500": {
      "delta_r": {
        "available": true,
        "window_cycles": 500,
        "window_start_period": 452.0,
        "window_end_period": 951.0,
        "first": 0.006064124540965388,
        "last": 0.056092026251066684,
        "median": 0.033707210465070414,
        "peak_to_peak": 0.0500279017101013,
        "fractional_peak_to_peak": 1.484189911293414,