{
  "generated_at": "2026-06-18T01:44:14.765843+00:00",
  "workspace": "<local-rre-root>/rsp_batch_runs",
  "model_id": "model_007",
  "run_name": "model_007_M0p6887_Z0p004060_T6669",
  "source": "cumulative:continue_saturation+continue_saturation_resume:LOGS_continue_saturation_resume_2180000",
  "source_kind": "history_exact_rsp_columns",
  "cycle_count": 1610,
  "first_period": 1.0,
  "last_period": 1610.0,
  "rolling_window": 100,
  "fits": {
    "50": {
      "delta_r": {
        "available": true,
        "window_cycles": 50,
        "window_start_period": 1561.0,
        "window_end_period": 1610.0,
        "first": 0.6076916536475583,
        "last": 0.6220012019147223,
        "median": 0.6156036715820536,
        "peak_to_peak": 0.014309548267164018,
        "fractional_peak_to_peak": 0.023244741588999283,
        "slope_per_cycle": 0.00029464969328412956,
        "fractional_slope_per_cycle": 0.0004786353735137783,
        "log_slope_per_cycle": 0.0004789989259778743,
        "efolding_cycles": 2087.6873532826908
      },
      "period_days": {
        "available": true,
        "window_cycles": 50,
        "window_start_period": 1561.0,
        "window_end_period": 1610.0,
        "first": 0.5572260258160532,
        "last": 0.557241521668448,
        "median": 0.5572320234975605,
        "peak_to_peak": 3.6222801060858956e-05,
        "fractional_peak_to_peak": 6.50048804329307e-05,
        "slope_per_cycle": 3.3030705459733966e-07,
        "fractional_slope_per_cycle": 5.927639487122651e-07,
        "log_slope_per_cycle": 5.927601583591594e-07,
        "efolding_cycles": 1687022.965187363
      },
      "gamma": {
        "available": true,
        "window_cycles": 50,
        "window_start_period": 1561.0,
        "window_end_period": 1610.0,
        "first": 0.0009555146707827606,
        "last": 0.0006138507198387269,
        "median": 0.0007509161912745211,
        "peak_to_peak": 0.0003644042780771555,
        "fractional_peak_to_peak": 0.48527955890610974,
        "slope_per_cycle": -6.8536962801793535e-06,
        "fractional_slope_per_cycle": -0.009127112132908809,
        "log_slope_per_cycle": -0.008996572992402458,
        "efolding_cycles": null
      },
      "max_vsurf_div_cs": {
        "available": true,
        "window_cycles": 50,
        "window_start_period": 1562.0,
        "window_end_period": 1610.0,
        "first": 4.72111,
        "last": 4.82185,
        "median": 4.77567,
        "peak_to_peak": 0.10114999999999963,
        "fractional_peak_to_peak": 0.02118027418142368,
        "slope_per_cycle": 0.0021437571428571394,
        "fractional_slope_per_cycle": 0.00044889138965990936,
        "log_slope_per_cycle": 0.00044906975376106015,
        "efolding_cycles": 2226.8255468661055
      }
    },
    "100": {
      "delta_r": {
        "available": true,
        "window_cycles": 100,
        "window_start_period": 1511.0,
        "window_end_period": 1610.0,
        "first": 0.5852202281927674,
        "last": 0.6220012019147223,
        "median": 0.6075238718041795,
        "peak_to_peak": 0.03678097372195488,
        "fractional_peak_to_peak": 0.06054243368696848,
        "slope_per_cycle": 0.0003700179170914825,
        "fractional_slope_per_cycle": 0.0006090590580294904,
        "log_slope_per_cycle": 0.0006116104773170608,
        "efolding_cycles": 1635.027582239401
      },
      "period_days": {
        "available": true,
        "window_cycles": 100,
        "window_start_period": 1511.0,
        "window_end_period": 1610.0,
        "first": 0.5571843884300648,
        "last": 0.557241521668448,
        "median": 0.5572252477788263,
        "peak_to_peak": 8.810574619988465e-05,
        "fractional_peak_to_peak": 0.00015811513665449624,
        "slope_per_cycle": 5.275129599447403e-07,
        "fractional_slope_per_cycle": 9.466781378759791e-07,
        "log_slope_per_cycle": 9.466936356235058e-07,
        "efolding_cycles": 1056307.9357150067
      },
      "gamma": {
        "available": true,
        "window_cycles": 100,
        "window_start_period": 1511.0,
        "window_end_period": 1610.0,
        "first": 0.0014258106915449047,
        "last": 0.0006138507198387269,
        "median": 0.0009545331989684591,
        "peak_to_peak": 0.0008347002988392996,
        "fractional_peak_to_peak": 0.874459159452327,
        "slope_per_cycle": -8.206493638555871e-06,
        "fractional_slope_per_cycle": -0.00859738943331089,
        "log_slope_per_cycle": -0.008617767850121302,
        "efolding_cycles": null
      },
      "max_vsurf_div_cs": {
        "available": true,
        "window_cycles": 100,
        "window_start_period": 1562.0,
        "window_end_period": 1610.0,
        "first": 4.72111,
        "last": 4.82185,
        "median": 4.77567,
        "peak_to_peak": 0.10114999999999963,
        "fractional_peak_to_peak": 0.02118027418142368,
        "slope_per_cycle": 0.0021437571428571394,
        "fractional_slope_per_cycle": 0.00044889138965990936,
        "log_slope_per_cycle": 0.00044906975376106015,
        "efolding_cycles": 2226.8255468661055
      }
    },
    "250": {
      "delta_r": {
        "available": true,
        "window_cycles": 250,
        "window_start_period": 1361.0,
        "window_end_period": 1610.0,
        "first": 0.4670849718298591,
        "last": 0.6220012019147223,
        "median": 0.5701773709189397,
        "peak_to_peak": 0.15491623008486322,
        "fractional_peak_to_peak": 0.2716983135181055,
        "slope_per_cycle": 0.0006277164296887106,
        "fractional_slope_per_cycle": 0.0011009143149210512,
        "log_slope_per_cycle": 0.0011374500311792878,
        "efolding_cycles": 879.159499396398
      },
      "period_days": {
        "available": true,
        "window_cycles": 250,
        "window_start_period": 1361.0,
        "window_end_period": 1610.0,
        "first": 0.5569709120338989,
        "last": 0.557241521668448,
        "median": 0.5571329336020991,
        "peak_to_peak": 0.0005568297119398213,
        "fractional_peak_to_peak": 0.0009994557462968175,
        "slope_per_cycle": 1.4809126515960039e-06,
        "fractional_slope_per_cycle": 2.6580956936458228e-06,
        "log_slope_per_cycle": 2.6582885517838707e-06,
        "efolding_cycles": 376181.88564553694
      },
      "gamma": {
        "available": true,
        "window_cycles": 250,
        "window_start_period": 1361.0,
        "window_end_period": 1610.0,
        "first": 0.003446020759933253,
        "last": 0.0006138507198387269,
        "median": 0.0017334221453308178,
        "peak_to_peak": 0.002854910367227648,
        "fractional_peak_to_peak": 1.646979285985064,
        "slope_per_cycle": -1.1851837813289503e-05,
        "fractional_slope_per_cycle": -0.0068372484136157265,
        "log_slope_per_cycle": -0.007092509887124359,
        "efolding_cycles": null
      },
      "max_vsurf_div_cs": {
        "available": true,
        "window_cycles": 250,
        "window_start_period": 1562.0,
        "window_end_period": 1610.0,
        "first": 4.72111,
        "last": 4.82185,
        "median": 4.77567,
        "peak_to_peak": 0.10114999999999963,
        "fractional_peak_to_peak": 0.02118027418142368,
        "slope_per_cycle": 0.0021437571428571394,
        "fractional_slope_per_cycle": 0.00044889138965990936,
        "log_slope_per_cycle": 0.00044906975376106015,
        "efolding_cycles": 2226.8255468661055
      }
    },
    "500": {
      "delta_r": {
        "available": true,
        "window_cycles": 500,
        "window_start_period": 1111.0,
        "window_end_period": 1610.0,
        "first": 0.2525675696479537,
        "last": 0.6220012019147223,
        "median": 0.4666119517792926,
        "peak_to_peak": 0.3694336322667686,