{
  "generated_at": "2026-06-20T00:33:11.708936+00:00",
  "workspace": "<local-rre-root>/rsp_batch_runs",
  "model_id": "model_009",
  "run_name": "model_009_M0p6668_Z0p0001120_T6852",
  "source": "cumulative:saturation+saturation_resume:LOGS_saturation_resume_130000",
  "source_kind": "history_exact_rsp_columns",
  "cycle_count": 316,
  "first_period": 1.0,
  "last_period": 316.0,
  "rolling_window": 100,
  "fits": {
    "50": {
      "delta_r": {
        "available": true,
        "window_cycles": 50,
        "window_start_period": 267.0,
        "window_end_period": 316.0,
        "first": 0.004347645030062353,
        "last": 0.004599231632936629,
        "median": 0.004429612062053057,
        "peak_to_peak": 0.0010519868103315844,
        "fractional_peak_to_peak": 0.2374896030610872,
        "slope_per_cycle": 1.1285419502960872e-05,
        "fractional_slope_per_cycle": 0.002547721864774374,
        "log_slope_per_cycle": 0.0025819070449609174,
        "efolding_cycles": 387.31061288658327
      },
      "period_days": {
        "available": true,
        "window_cycles": 50,
        "window_start_period": 267.0,
        "window_end_period": 316.0,
        "first": 0.492071336387523,
        "last": 0.5132195270472396,
        "median": 0.5010814464923654,
        "peak_to_peak": 0.03125811988177396,
        "fractional_peak_to_peak": 0.062381315653542595,
        "slope_per_cycle": 4.0055914500915954e-05,
        "fractional_slope_per_cycle": 7.99389296516814e-05,
        "log_slope_per_cycle": 7.901180232168022e-05,
        "efolding_cycles": 12656.337035936816
      },
      "gamma": {
        "available": true,
        "window_cycles": 50,
        "window_start_period": 267.0,
        "window_end_period": 316.0,
        "first": 0.00488239617278169,
        "last": 0.004368930379714903,
        "median": 0.00515302125651625,
        "peak_to_peak": 0.005525054268201901,
        "fractional_peak_to_peak": 1.0721970652100838,
        "slope_per_cycle": 8.090954948036486e-07,
        "fractional_slope_per_cycle": 0.00015701380889521994,
        "log_slope_per_cycle": 3.1314077131259406e-05,
        "efolding_cycles": 31934.51928371684
      },
      "max_vsurf_div_cs": {
        "available": true,
        "window_cycles": 50,
        "window_start_period": 267.0,
        "window_end_period": 316.0,
        "first": 0.03084,
        "last": 0.03147,
        "median": 0.030555,
        "peak_to_peak": 0.00912,
        "fractional_peak_to_peak": 0.29847815414825724,
        "slope_per_cycle": 7.551260504201679e-05,
        "fractional_slope_per_cycle": 0.0024713665534942496,
        "log_slope_per_cycle": 0.0025102273212763873,
        "efolding_cycles": 398.3702955999719
      }
    },
    "100": {
      "delta_r": {
        "available": true,
        "window_cycles": 100,
        "window_start_period": 217.0,
        "window_end_period": 316.0,
        "first": 0.003691980447574572,
        "last": 0.004599231632936629,
        "median": 0.004055919850963097,
        "peak_to_peak": 0.0016268048449283867,
        "fractional_peak_to_peak": 0.40109393299329976,
        "slope_per_cycle": 1.1033311759250042e-05,
        "fractional_slope_per_cycle": 0.002720298271335449,
        "log_slope_per_cycle": 0.0026988652131580723,
        "efolding_cycles": 370.52609931188516
      },
      "period_days": {
        "available": true,
        "window_cycles": 100,
        "window_start_period": 217.0,
        "window_end_period": 316.0,
        "first": 0.500721046956325,
        "last": 0.5132195270472396,
        "median": 0.5003573177962378,
        "peak_to_peak": 0.03125811988177396,
        "fractional_peak_to_peak": 0.06247159533800065,
        "slope_per_cycle": 7.785061551154914e-06,
        "fractional_slope_per_cycle": 1.555900408420778e-05,
        "log_slope_per_cycle": 1.5160620841171328e-05,
        "efolding_cycles": 65960.35943886443
      },
      "gamma": {
        "available": true,
        "window_cycles": 100,
        "window_start_period": 217.0,
        "window_end_period": 316.0,
        "first": 0.0034840821552654094,
        "last": 0.004368930379714903,
        "median": 0.0050858444580819655,
        "peak_to_peak": 0.005525054268201901,
        "fractional_peak_to_peak": 1.086359269092861,
        "slope_per_cycle": 7.65565980777843e-07,
        "fractional_slope_per_cycle": 0.00015052878378167358,
        "log_slope_per_cycle": 0.00019402942705053355,
        "efolding_cycles": 5153.857408132001
      },
      "max_vsurf_div_cs": {
        "available": true,
        "window_cycles": 100,
        "window_start_period": 217.0,
        "window_end_period": 316.0,
        "first": 0.02589,
        "last": 0.03147,
        "median": 0.02805,
        "peak_to_peak": 0.01338,
        "fractional_peak_to_peak": 0.4770053475935829,
        "slope_per_cycle": 7.560804080408041e-05,
        "fractional_slope_per_cycle": 0.0026954738254574124,
        "log_slope_per_cycle": 0.002688119747508185,
        "efolding_cycles": 372.00723700161547
      }
    },
    "250": {
      "delta_r": {
        "available": true,
        "window_cycles": 250,
        "window_start_period": 67.0,
        "window_end_period": 316.0,
        "first": 0.002218479715238253,
        "last": 0.004599231632936629,
        "median": 0.0032985694791722864,
        "peak_to_peak": 0.0027473342757282637,
        "fractional_peak_to_peak": 0.8328865870721799,
        "slope_per_cycle": 9.186933503547284e-06,
        "fractional_slope_per_cycle": 0.002785126571247052,
        "log_slope_per_cycle": 0.002734229063264956,
        "efolding_cycles": 365.733805347638
      },
      "period_days": {
        "available": true,
        "window_cycles": 250,
        "window_start_period": 67.0,
        "window_end_period": 316.0,
        "first": 0.5146446971217962,
        "last": 0.5132195270472396,
        "median": 0.5012360662727399,
        "peak_to_peak": 0.03125811988177396,
        "fractional_peak_to_peak": 0.06236207245462927,
        "slope_per_cycle": 8.601153479414737e-08,
        "fractional_slope_per_cycle": 1.715988544753791e-07,
        "log_slope_per_cycle": -1.2912839056075739e-07,
        "efolding_cycles": null
      },
      "gamma": {
        "available": true,
        "window_cycles": 250,
        "window_start_period": 67.0,
        "window_end_period": 316.0,
        "first": 0.008041927163519903,
        "last": 0.004368930379714903,
        "median": 0.0050867255220922855,
        "peak_to_peak": 0.005525054268201901,
        "fractional_peak_to_peak": 1.086171102452039,
        "slope_per_cycle": -1.3838117868879415e-07,
        "fractional_slope_per_cycle": -2.7204373046626436e-05,
        "log_slope_per_cycle": -7.868811156687076e-05,
        "efolding_cycles": null
      },
      "max_vsurf_div_cs": {
        "available": true,
        "window_cycles": 250,
        "window_start_period": 129.0,
        "window_end_period": 316.0,
        "first": 0.01909,
        "last": 0.03147,
        "median": 0.024800000000000003,
        "peak_to_peak": 0.01768,
        "fractional_peak_to_peak": 0.7129032258064516,
        "slope_per_cycle": 6.835552918781955e-05,
        "fractional_slope_per_cycle": 0.00275627133821853,
        "log_slope_per_cycle": 0.002730616399965023,
        "efolding_cycles": 366.2176789141123
      }
    },
    "500": {
      "delta_r": {
        "available": false,
        "reason": "only 316 rows for 500-cycle window"
      },
      "period_days": {
        "available": false,
        "reason": "only 316 rows for 500-cycle window"
      },
      "gamma": {
        "available": false,
        "reason": "only 316 rows for 500-cycle window"
      },
      "max_vsurf_div_cs": {
        "available": false,
        "reason": "only 316 rows for 500-cycle window"
      }
    }
  },
  "latest_rolling": {
    "window_start_period": 217.0,
    "window_end_period": 316.0,
    "gamma_peak_to_peak": 0.005525054268201901,