{
  "generated_at": "2026-06-19T16:18:35.331027+00:00",
  "workspace": "<local-rre-root>/rsp_batch_runs",
  "model_id": "model_007",
  "run_name": "model_007_M0p6887_Z0p004060_T6669",
  "source": "cumulative:continue_saturation+continue_saturation_resume:LOGS_continue_saturation_resume_2180000+continue_saturation_resume:LOGS_continue_saturation_resume_2270000",
  "source_kind": "history_exact_rsp_columns",
  "cycle_count": 1722,
  "first_period": 1.0,
  "last_period": 1722.0,
  "rolling_window": 100,
  "fits": {
    "50": {
      "delta_r": {
        "available": true,
        "window_cycles": 50,
        "window_start_period": 1673.0,
        "window_end_period": 1722.0,
        "first": 0.6330022959208357,
        "last": 0.637760010853512,
        "median": 0.6355410390623364,
        "peak_to_peak": 0.0047577149326762935,
        "fractional_peak_to_peak": 0.007486086090830144,
        "slope_per_cycle": 9.495622238091008e-05,
        "fractional_slope_per_cycle": 0.00014941005622706355,
        "log_slope_per_cycle": 0.00014942958930212828,
        "efolding_cycles": 6692.115026684058
      },
      "period_days": {
        "available": true,
        "window_cycles": 50,
        "window_start_period": 1673.0,
        "window_end_period": 1722.0,
        "first": 0.5572317071747104,
        "last": 0.5572577845077548,
        "median": 0.5572572172853958,
        "peak_to_peak": 7.364367203854805e-05,
        "fractional_peak_to_peak": 0.00013215382368180598,
        "slope_per_cycle": 1.4486476148079178e-07,
        "fractional_slope_per_cycle": 2.599603145320955e-07,
        "log_slope_per_cycle": 2.599692600842192e-07,
        "efolding_cycles": 3846608.632405392
      },
      "gamma": {
        "available": true,
        "window_cycles": 50,
        "window_start_period": 1673.0,
        "window_end_period": 1722.0,
        "first": 0.00031192519517513474,
        "last": 0.0001861935783504896,
        "median": 0.00024307821157409871,
        "peak_to_peak": 0.00013607256620991554,
        "fractional_peak_to_peak": 0.559789235442996,
        "slope_per_cycle": -2.7433772518133016e-06,
        "fractional_slope_per_cycle": -0.011285985831671402,
        "log_slope_per_cycle": -0.01113616559922033,
        "efolding_cycles": null
      },
      "max_vsurf_div_cs": {
        "available": true,
        "window_cycles": 50,
        "window_start_period": 1673.0,
        "window_end_period": 1722.0,
        "first": 4.90773,
        "last": 4.94447,
        "median": 4.9283,
        "peak_to_peak": 0.037230000000000096,
        "fractional_peak_to_peak": 0.007554329078992775,
        "slope_per_cycle": 0.0007424710684273693,
        "fractional_slope_per_cycle": 0.0001506546006589228,
        "log_slope_per_cycle": 0.00015070964136290637,
        "efolding_cycles": 6635.275560055354
      }
    },
    "100": {
      "delta_r": {
        "available": true,
        "window_cycles": 100,
        "window_start_period": 1623.0,
        "window_end_period": 1722.0,
        "first": 0.6248355687667093,
        "last": 0.637760010853512,
        "median": 0.6328913589471883,
        "peak_to_peak": 0.012924442086802657,
        "fractional_peak_to_peak": 0.020421264888657042,
        "slope_per_cycle": 0.00012624597490518185,
        "fractional_slope_per_cycle": 0.0001994749543036761,
        "log_slope_per_cycle": 0.00019977624978033775,
        "efolding_cycles": 5005.600020520665
      },
      "period_days": {
        "available": true,
        "window_cycles": 100,
        "window_start_period": 1623.0,
        "window_end_period": 1722.0,
        "first": 0.5572612789849303,
        "last": 0.5572577845077548,
        "median": 0.5572536856427581,
        "peak_to_peak": 7.466691114976776e-05,
        "fractional_peak_to_peak": 0.00013399087897219384,
        "slope_per_cycle": 1.4663498792671116e-07,
        "fractional_slope_per_cycle": 2.631386596529669e-07,
        "log_slope_per_cycle": 2.631384366746662e-07,
        "efolding_cycles": 3800280.9951947834
      },
      "gamma": {
        "available": true,
        "window_cycles": 100,
        "window_start_period": 1623.0,
        "window_end_period": 1722.0,
        "first": 0.0005398855656944734,
        "last": 0.0001861935783504896,
        "median": 0.0003191182656122049,
        "peak_to_peak": 0.0003555788374652949,
        "fractional_peak_to_peak": 1.114254105082776,
        "slope_per_cycle": -3.4473241486992807e-06,
        "fractional_slope_per_cycle": -0.010802653812641665,
        "log_slope_per_cycle": -0.010594361948845988,
        "efolding_cycles": null
      },
      "max_vsurf_div_cs": {
        "available": true,
        "window_cycles": 100,
        "window_start_period": 1629.0,
        "window_end_period": 1722.0,
        "first": 4.85518,
        "last": 4.94447,
        "median": 4.910220000000001,
        "peak_to_peak": 0.08929000000000009,
        "fractional_peak_to_peak": 0.018184521263813043,
        "slope_per_cycle": 0.0009619088971571,
        "fractional_slope_per_cycle": 0.0001958993481263772,
        "log_slope_per_cycle": 0.0001961947936787729,
        "efolding_cycles": 5096.975211469101
      }
    },
    "250": {
      "delta_r": {
        "available": true,
        "window_cycles": 250,
        "window_start_period": 1473.0,
        "window_end_period": 1722.0,
        "first": 0.5618950109437133,
        "last": 0.637760010853512,
        "median": 0.6190400234984046,
        "peak_to_peak": 0.07586499990979867,
        "fractional_peak_to_peak": 0.12255265738887106,
        "slope_per_cycle": 0.0002885231545461158,
        "fractional_slope_per_cycle": 0.00046608158373278333,
        "log_slope_per_cycle": 0.00047557112447841156,
        "efolding_cycles": 2102.7348981643117
      },
      "period_days": {
        "available": true,
        "window_cycles": 250,
        "window_start_period": 1473.0,
        "window_end_period": 1722.0,
        "first": 0.5570414361861293,
        "last": 0.5572577845077548,
        "median": 0.5572322187118266,
        "peak_to_peak": 0.00025233415852266017,
        "fractional_peak_to_peak": 0.00045283483267710174,
        "slope_per_cycle": 5.101689600999688e-07,
        "fractional_slope_per_cycle": 9.155410311330246e-07,
        "log_slope_per_cycle": 9.155961669478641e-07,
        "efolding_cycles": 1092184.5635652842
      },
      "gamma": {
        "available": true,
        "window_cycles": 250,
        "window_start_period": 1473.0,
        "window_end_period": 1722.0,
        "first": 0.0018918091836956604,
        "last": 0.0001861935783504896,
        "median": 0.0006854131226748727,
        "peak_to_peak": 0.0017056156053451709,
        "fractional_peak_to_peak": 2.4884490082257056,
        "slope_per_cycle": -6.6618401832286846e-06,
        "fractional_slope_per_cycle": -0.009719452346098053,
        "log_slope_per_cycle": -0.009350006584828933,
        "efolding_cycles": null
      },
      "max_vsurf_div_cs": {
        "available": true,
        "window_cycles": 250,
        "window_start_period": 1629.0,
        "window_end_period": 1722.0,
        "first": 4.85518,
        "last": 4.94447,
        "median": 4.910220000000001,
        "peak_to_peak": 0.08929000000000009,
        "fractional_peak_to_peak": 0.018184521263813043,
        "slope_per_cycle": 0.0009619088971571,
        "fractional_slope_per_cycle": 0.0001958993481263772,
        "log_slope_per_cycle": 0.0001961947936787729,
        "efolding_cycles": 5096.975211469101
      }
    },
    "500": {
      "delta_r": {
        "available": true,
        "window_cycles": 500,
        "window_start_period": 1223.0,
        "window_end_period": 1722.0,
        "first": 0.337652261138528,
        "last": 0.637760010853512,
        "median": 0.561540093844588,
        "peak_to_peak": 0.30032005913503745,
        "fractional_peak_to_peak": 0.5348149890400419,
        "slope_per_cycle": 0.000633268159137207,