{
  "generated_at": "2026-06-19T23:03:41.997232+00:00",
  "workspace": "<local-rre-root>/rsp_batch_runs",
  "model_id": "model_007",
  "run_name": "model_007_M0p6887_Z0p004060_T6669",
  "source": "cumulative:continue_saturation+continue_saturation_resume:LOGS_continue_saturation_resume_2180000+continue_saturation_resume:LOGS_continue_saturation_resume_2270000",
  "source_kind": "history_exact_rsp_columns",
  "cycle_count": 1736,
  "first_period": 1.0,
  "last_period": 1736.0,
  "rolling_window": 100,
  "fits": {
    "50": {
      "delta_r": {
        "available": true,
        "window_cycles": 50,
        "window_start_period": 1687.0,
        "window_end_period": 1736.0,
        "first": 0.6345796515548319,
        "last": 0.6385880583522292,
        "median": 0.6368275701985526,
        "peak_to_peak": 0.004038708216406839,
        "fractional_peak_to_peak": 0.006341917978123395,
        "slope_per_cycle": 8.063221044833925e-05,
        "fractional_slope_per_cycle": 0.00012661545168843652,
        "log_slope_per_cycle": 0.00012664418499034282,
        "efolding_cycles": 7896.138303359562
      },
      "period_days": {
        "available": true,
        "window_cycles": 50,
        "window_start_period": 1687.0,
        "window_end_period": 1736.0,
        "first": 0.5572201266726134,
        "last": 0.5572373646968561,
        "median": 0.5572566626045887,
        "peak_to_peak": 7.364367203854805e-05,
        "fractional_peak_to_peak": 0.00013215395522476366,
        "slope_per_cycle": 1.0507778274031791e-07,
        "fractional_slope_per_cycle": 1.8856263153353753e-07,
        "log_slope_per_cycle": 1.8856985364170011e-07,
        "efolding_cycles": 5303074.593779401
      },
      "gamma": {
        "available": true,
        "window_cycles": 50,
        "window_start_period": 1687.0,
        "window_end_period": 1736.0,
        "first": 0.00028786594402118424,
        "last": 0.00017594015664119575,
        "median": 0.0002077157010529108,
        "peak_to_peak": 0.0001450447898874837,
        "fractional_peak_to_peak": 0.6982851520239044,
        "slope_per_cycle": -2.3982915268796763e-06,
        "fractional_slope_per_cycle": -0.01154602909035156,
        "log_slope_per_cycle": -0.011373228295161804,
        "efolding_cycles": null
      },
      "max_vsurf_div_cs": {
        "available": true,
        "window_cycles": 50,
        "window_start_period": 1687.0,
        "window_end_period": 1736.0,
        "first": 4.92023,
        "last": 4.95233,
        "median": 4.93708,
        "peak_to_peak": 0.032099999999999795,
        "fractional_peak_to_peak": 0.00650181888889785,
        "slope_per_cycle": 0.0006413704681872717,
        "fractional_slope_per_cycle": 0.00012990886681748558,
        "log_slope_per_cycle": 0.00012992028083144916,
        "efolding_cycles": 7697.027697294931
      }
    },
    "100": {
      "delta_r": {
        "available": true,
        "window_cycles": 100,
        "window_start_period": 1637.0,
        "window_end_period": 1736.0,
        "first": 0.6275351996526952,
        "last": 0.6385880583522292,
        "median": 0.6345884730614926,
        "peak_to_peak": 0.01108316011854349,
        "fractional_peak_to_peak": 0.017465114147242812,
        "slope_per_cycle": 0.00010870973940588676,
        "fractional_slope_per_cycle": 0.00017130745990615026,
        "log_slope_per_cycle": 0.00017156170821166589,
        "efolding_cycles": 5828.8065001441955
      },
      "period_days": {
        "available": true,
        "window_cycles": 100,
        "window_start_period": 1637.0,
        "window_end_period": 1736.0,
        "first": 0.5572613286237336,
        "last": 0.5572373646968561,
        "median": 0.5572546714742634,
        "peak_to_peak": 7.466691114976776e-05,
        "fractional_peak_to_peak": 0.00013399064193078949,
        "slope_per_cycle": 1.2156070215191437e-07,
        "fractional_slope_per_cycle": 2.1814209619870112e-07,
        "log_slope_per_cycle": 2.1814388545244705e-07,
        "efolding_cycles": 4584130.322635098
      },
      "gamma": {
        "available": true,
        "window_cycles": 100,
        "window_start_period": 1637.0,
        "window_end_period": 1736.0,
        "first": 0.00045870108050769355,
        "last": 0.00017594015664119575,
        "median": 0.00027566398750328747,
        "peak_to_peak": 0.0003305443363028538,
        "fractional_peak_to_peak": 1.1990842158840638,
        "slope_per_cycle": -3.007628905330837e-06,
        "fractional_slope_per_cycle": -0.010910489007182953,
        "log_slope_per_cycle": -0.010770881938479377,
        "efolding_cycles": null
      },
      "max_vsurf_div_cs": {
        "available": true,
        "window_cycles": 100,
        "window_start_period": 1637.0,
        "window_end_period": 1736.0,
        "first": 4.86368,
        "last": 4.95233,
        "median": 4.9196550000000006,
        "peak_to_peak": 0.08865000000000034,
        "fractional_peak_to_peak": 0.01801955624937121,
        "slope_per_cycle": 0.0008629717371737167,
        "fractional_slope_per_cycle": 0.00017541305989418295,
        "log_slope_per_cycle": 0.00017567163009626576,
        "efolding_cycles": 5692.438781674725
      }
    },
    "250": {
      "delta_r": {
        "available": true,
        "window_cycles": 250,
        "window_start_period": 1487.0,
        "window_end_period": 1736.0,
        "first": 0.5711361333620735,
        "last": 0.6385880583522292,
        "median": 0.6225105041233769,
        "peak_to_peak": 0.06748222640916524,
        "fractional_peak_to_peak": 0.10840335377825329,
        "slope_per_cycle": 0.0002551730597084628,
        "fractional_slope_per_cycle": 0.0004099096449268741,
        "log_slope_per_cycle": 0.0004174505002595325,
        "efolding_cycles": 2395.493595955189
      },
      "period_days": {
        "available": true,
        "window_cycles": 250,
        "window_start_period": 1487.0,
        "window_end_period": 1736.0,
        "first": 0.5571315155440458,
        "last": 0.5572373646968561,
        "median": 0.5572346439990388,
        "peak_to_peak": 0.00016225480060616526,
        "fractional_peak_to_peak": 0.0002911785947868043,
        "slope_per_cycle": 3.7207213737115723e-07,
        "fractional_slope_per_cycle": 6.677117824206907e-07,
        "log_slope_per_cycle": 6.677302960075723e-07,
        "efolding_cycles": 1497610.6460633914
      },
      "gamma": {
        "available": true,
        "window_cycles": 250,
        "window_start_period": 1487.0,
        "window_end_period": 1736.0,
        "first": 0.001713703079128668,
        "last": 0.00017594015664119575,
        "median": 0.0005926688491876843,
        "peak_to_peak": 0.0015708819249949674,
        "fractional_peak_to_peak": 2.6505221712732636,
        "slope_per_cycle": -6.025384133110547e-06,
        "fractional_slope_per_cycle": -0.010166527465327351,
        "log_slope_per_cycle": -0.009588767072055885,
        "efolding_cycles": null
      },
      "max_vsurf_div_cs": {
        "available": true,
        "window_cycles": 250,
        "window_start_period": 1629.0,
        "window_end_period": 1736.0,
        "first": 4.85518,
        "last": 4.95233,
        "median": 4.916285,
        "peak_to_peak": 0.09715000000000007,
        "fractional_peak_to_peak": 0.019760856012212488,
        "slope_per_cycle": 0.0009016148408547444,
        "fractional_slope_per_cycle": 0.00018339352597637125,
        "log_slope_per_cycle": 0.00018371829567036022,
        "efolding_cycles": 5443.11602908764
      }
    },
    "500": {
      "delta_r": {
        "available": true,
        "window_cycles": 500,
        "window_start_period": 1237.0,
        "window_end_period": 1736.0,
        "first": 0.3487692835374805,
        "last": 0.6385880583522292,
        "median": 0.5708192144903417,
        "peak_to_peak": 0.2898490762337582,
        "fractional_peak_to_peak": 0.5077773643141134,
        "slope_per_cycle": 0.0006022392697346047,