{
  "generated_at": "2026-06-19T15:21:59.143500+00:00",
  "workspace": "<local-rre-root>/rsp_batch_runs",
  "model_id": "model_009",
  "run_name": "model_009_M0p6668_Z0p0001120_T6852",
  "source": "cumulative:saturation+saturation_resume:LOGS_saturation_resume_130000",
  "source_kind": "history_exact_rsp_columns",
  "cycle_count": 282,
  "first_period": 1.0,
  "last_period": 282.0,
  "rolling_window": 100,
  "fits": {
    "50": {
      "delta_r": {
        "available": true,
        "window_cycles": 50,
        "window_start_period": 233.0,
        "window_end_period": 282.0,
        "first": 0.003623491612470886,
        "last": 0.004512775838375838,
        "median": 0.004017500485022474,
        "peak_to_peak": 0.000919384017029401,
        "fractional_peak_to_peak": 0.2288447805935381,
        "slope_per_cycle": 1.1561058872909972e-05,
        "fractional_slope_per_cycle": 0.0028776745431669313,
        "log_slope_per_cycle": 0.002899883494275517,
        "efolding_cycles": 344.84144000062037
      },
      "period_days": {
        "available": true,
        "window_cycles": 50,
        "window_start_period": 233.0,
        "window_end_period": 282.0,
        "first": 0.4993505409631568,
        "last": 0.48780921666861377,
        "median": 0.5018674242341055,
        "peak_to_peak": 0.030753643585420654,
        "fractional_peak_to_peak": 0.061278421551973536,
        "slope_per_cycle": -2.3336781978929057e-05,
        "fractional_slope_per_cycle": -4.649989390035241e-05,
        "log_slope_per_cycle": -4.748987966069274e-05,
        "efolding_cycles": null
      },
      "gamma": {
        "available": true,
        "window_cycles": 50,
        "window_start_period": 233.0,
        "window_end_period": 282.0,
        "first": 0.005014418465387268,
        "last": 0.005296149981302254,
        "median": 0.005202289937879004,
        "peak_to_peak": 0.005295484819423992,
        "fractional_peak_to_peak": 1.0179142036791173,
        "slope_per_cycle": -1.3950189789898167e-06,
        "fractional_slope_per_cycle": -0.0002681547925332612,
        "log_slope_per_cycle": -5.6437700435535055e-05,
        "efolding_cycles": null
      },
      "max_vsurf_div_cs": {
        "available": true,
        "window_cycles": 50,
        "window_start_period": 233.0,
        "window_end_period": 282.0,
        "first": 0.02459,
        "last": 0.03197,
        "median": 0.027555,
        "peak_to_peak": 0.008139999999999998,
        "fractional_peak_to_peak": 0.29540918163672647,
        "slope_per_cycle": 8.232989195678273e-05,
        "fractional_slope_per_cycle": 0.002987838575822273,
        "log_slope_per_cycle": 0.003000590356551603,
        "efolding_cycles": 333.2677510665733
      }
    },
    "100": {
      "delta_r": {
        "available": true,
        "window_cycles": 100,
        "window_start_period": 183.0,
        "window_end_period": 282.0,
        "first": 0.0033041717358770484,
        "last": 0.004512775838375838,
        "median": 0.0036666581728717063,
        "peak_to_peak": 0.001464718949282684,
        "fractional_peak_to_peak": 0.3994697297172712,
        "slope_per_cycle": 1.0301749350674126e-05,
        "fractional_slope_per_cycle": 0.0028095745130792635,
        "log_slope_per_cycle": 0.002762950396751837,
        "efolding_cycles": 361.93194100611214
      },
      "period_days": {
        "available": true,
        "window_cycles": 100,
        "window_start_period": 183.0,
        "window_end_period": 282.0,
        "first": 0.4919038273130988,
        "last": 0.48780921666861377,
        "median": 0.500602094184907,
        "peak_to_peak": 0.030753643585420654,
        "fractional_peak_to_peak": 0.06143330989354832,
        "slope_per_cycle": -2.916722779599706e-06,
        "fractional_slope_per_cycle": -5.826429440629464e-06,
        "log_slope_per_cycle": -6.075092514817585e-06,
        "efolding_cycles": null
      },
      "gamma": {
        "available": true,
        "window_cycles": 100,
        "window_start_period": 183.0,
        "window_end_period": 282.0,
        "first": 0.004217827210447495,
        "last": 0.005296149981302254,
        "median": 0.005133047614262601,
        "peak_to_peak": 0.005295484819423992,
        "fractional_peak_to_peak": 1.0316453727625758,
        "slope_per_cycle": -4.741329199951772e-07,
        "fractional_slope_per_cycle": -9.236869704418079e-05,
        "log_slope_per_cycle": -6.446793491440494e-05,
        "efolding_cycles": null
      },
      "max_vsurf_div_cs": {
        "available": true,
        "window_cycles": 100,
        "window_start_period": 183.0,
        "window_end_period": 282.0,
        "first": 0.02297,
        "last": 0.03197,
        "median": 0.0255,
        "peak_to_peak": 0.011879999999999998,
        "fractional_peak_to_peak": 0.4658823529411764,
        "slope_per_cycle": 7.148592859285929e-05,
        "fractional_slope_per_cycle": 0.00280336974873958,
        "log_slope_per_cycle": 0.0027858040138154525,
        "efolding_cycles": 358.96279675123105
      }
    },
    "250": {
      "delta_r": {
        "available": true,
        "window_cycles": 250,
        "window_start_period": 33.0,
        "window_end_period": 282.0,
        "first": 0.0022597736519118783,
        "last": 0.004512775838375838,
        "median": 0.002980667948162097,
        "peak_to_peak": 0.0024746486402049683,
        "fractional_peak_to_peak": 0.8302329153204925,
        "slope_per_cycle": 8.383306563394518e-06,
        "fractional_slope_per_cycle": 0.0028125597044661517,
        "log_slope_per_cycle": 0.0027338318072042574,
        "efolding_cycles": 365.78695052298997
      },
      "period_days": {
        "available": true,
        "window_cycles": 250,
        "window_start_period": 33.0,
        "window_end_period": 282.0,
        "first": 0.49473522622422295,
        "last": 0.48780921666861377,
        "median": 0.5012360662727399,
        "peak_to_peak": 0.030753643585420654,
        "fractional_peak_to_peak": 0.06135560797551733,
        "slope_per_cycle": -6.241902278454188e-09,
        "fractional_slope_per_cycle": -1.24530190432421e-08,
        "log_slope_per_cycle": -2.7269733631440627e-07,
        "efolding_cycles": null
      },
      "gamma": {
        "available": true,
        "window_cycles": 250,
        "window_start_period": 33.0,
        "window_end_period": 282.0,
        "first": 0.004075388536389716,
        "last": 0.005296149981302254,
        "median": 0.0050867255220922855,
        "peak_to_peak": 0.005295484819423992,
        "fractional_peak_to_peak": 1.0410400161017217,
        "slope_per_cycle": 7.193184896655457e-08,
        "fractional_slope_per_cycle": 1.4141091091733876e-05,
        "log_slope_per_cycle": -3.647722265379928e-05,
        "efolding_cycles": null
      },
      "max_vsurf_div_cs": {
        "available": true,
        "window_cycles": 250,
        "window_start_period": 129.0,
        "window_end_period": 282.0,
        "first": 0.01909,
        "last": 0.03197,
        "median": 0.02359,
        "peak_to_peak": 0.014339999999999999,
        "fractional_peak_to_peak": 0.6078846969054683,
        "slope_per_cycle": 6.572529304977123e-05,
        "fractional_slope_per_cycle": 0.0027861506167770763,
        "log_slope_per_cycle": 0.0027514556827678924,
        "efolding_cycles": 363.44397849578525
      }
    },
    "500": {
      "delta_r": {
        "available": false,
        "reason": "only 282 rows for 500-cycle window"
      },
      "period_days": {
        "available": false,
        "reason": "only 282 rows for 500-cycle window"
      },
      "gamma": {
        "available": false,
        "reason": "only 282 rows for 500-cycle window"
      },
      "max_vsurf_div_cs": {
        "available": false,
        "reason": "only 282 rows for 500-cycle window"
      }
    }
  },
  "latest_rolling": {
    "window_start_period": 183.0,
    "window_end_period": 282.0,
    "gamma_peak_to_peak": 0.005295484819423992,