{
  "generated_at": "2026-06-19T00:28:56.509043+00:00",
  "workspace": "<local-rre-root>/rsp_batch_runs",
  "model_id": "model_008",
  "run_name": "model_008_M0p6151_Z0p0004406_T6792",
  "source": "cumulative:saturation+continue_saturation+continue_saturation_resume:LOGS_continue_saturation_resume_1620000",
  "source_kind": "history_exact_rsp_columns",
  "cycle_count": 1101,
  "first_period": 1.0,
  "last_period": 1101.0,
  "rolling_window": 100,
  "fits": {
    "50": {
      "delta_r": {
        "available": true,
        "window_cycles": 50,
        "window_start_period": 1052.0,
        "window_end_period": 1101.0,
        "first": 0.06910011172808606,
        "last": 0.07649299375292351,
        "median": 0.07269853709175145,
        "peak_to_peak": 0.007392882024837455,
        "fractional_peak_to_peak": 0.10169230799661125,
        "slope_per_cycle": 0.00015082818024730803,
        "fractional_slope_per_cycle": 0.0020747072263221835,
        "log_slope_per_cycle": 0.0020740806636897246,
        "efolding_cycles": 482.1413253142389
      },
      "period_days": {
        "available": true,
        "window_cycles": 50,
        "window_start_period": 1052.0,
        "window_end_period": 1101.0,
        "first": 0.631616998674624,
        "last": 0.6316185553766857,
        "median": 0.631616722720727,
        "peak_to_peak": 2.2387744307295065e-06,
        "fractional_peak_to_peak": 3.5445141811411375e-06,
        "slope_per_cycle": 3.452883010265707e-08,
        "fractional_slope_per_cycle": 5.466737795339246e-08,
        "log_slope_per_cycle": 5.466732855549078e-08,
        "efolding_cycles": 18292461.4467842
      },
      "gamma": {
        "available": true,
        "window_cycles": 50,
        "window_start_period": 1052.0,
        "window_end_period": 1101.0,
        "first": 0.0041968792296853755,
        "last": 0.004224311456401619,
        "median": 0.004210784774854254,
        "peak_to_peak": 2.7451709037598117e-05,
        "fractional_peak_to_peak": 0.006519380710582219,
        "slope_per_cycle": 5.699335399193498e-07,
        "fractional_slope_per_cycle": 0.0001353509073469747,
        "log_slope_per_cycle": 0.000135350997614104,
        "efolding_cycles": 7388.198222602512
      },
      "max_vsurf_div_cs": {
        "available": true,
        "window_cycles": 50,
        "window_start_period": 1052.0,
        "window_end_period": 1101.0,
        "first": 0.39866,
        "last": 0.44514,
        "median": 0.42108,
        "peak_to_peak": 0.046479999999999966,
        "fractional_peak_to_peak": 0.11038282511636735,
        "slope_per_cycle": 0.0009482569027611043,
        "fractional_slope_per_cycle": 0.002251963766412806,
        "log_slope_per_cycle": 0.002250645568537116,
        "efolding_cycles": 444.31696131078695
      }
    },
    "100": {
      "delta_r": {
        "available": true,
        "window_cycles": 100,
        "window_start_period": 1002.0,
        "window_end_period": 1101.0,
        "first": 0.06231103378724345,
        "last": 0.07649299375292351,
        "median": 0.06902865094877075,
        "peak_to_peak": 0.014181959965680058,
        "fractional_peak_to_peak": 0.2054503422963477,
        "slope_per_cycle": 0.0001431165649894649,
        "fractional_slope_per_cycle": 0.0020732922202938327,
        "log_slope_per_cycle": 0.0020708922598936595,
        "efolding_cycles": 482.88364361907946
      },
      "period_days": {
        "available": true,
        "window_cycles": 100,
        "window_start_period": 1002.0,
        "window_end_period": 1101.0,
        "first": 0.6316218349394492,
        "last": 0.6316185553766857,
        "median": 0.6316177488195158,
        "peak_to_peak": 5.518337194310163e-06,
        "fractional_peak_to_peak": 8.736830471632334e-06,
        "slope_per_cycle": -4.8391435441986195e-08,
        "fractional_slope_per_cycle": -7.661506588823551e-08,
        "log_slope_per_cycle": -7.66149161817004e-08,
        "efolding_cycles": null
      },
      "gamma": {
        "available": true,
        "window_cycles": 100,
        "window_start_period": 1002.0,
        "window_end_period": 1101.0,
        "first": 0.004172023652671912,
        "last": 0.004224311456401619,
        "median": 0.004196519492001348,
        "peak_to_peak": 5.230728605106188e-05,
        "fractional_peak_to_peak": 0.012464444916974802,
        "slope_per_cycle": 5.367000217177054e-07,
        "fractional_slope_per_cycle": 0.00012789170233586824,
        "log_slope_per_cycle": 0.0001278533650475471,
        "efolding_cycles": 7821.460151855309
      },
      "max_vsurf_div_cs": {
        "available": true,
        "window_cycles": 100,
        "window_start_period": 1018.0,
        "window_end_period": 1101.0,
        "first": 0.36986,
        "last": 0.44514,
        "median": 0.40536,
        "peak_to_peak": 0.07527999999999996,
        "fractional_peak_to_peak": 0.18571146635089786,
        "slope_per_cycle": 0.0009053220613546622,
        "fractional_slope_per_cycle": 0.0022333778896651427,
        "log_slope_per_cycle": 0.0022300295791333287,
        "efolding_cycles": 448.4245452872588
      }
    },
    "250": {
      "delta_r": {
        "available": true,
        "window_cycles": 250,
        "window_start_period": 852.0,
        "window_end_period": 1101.0,
        "first": 0.04579442176962534,
        "last": 0.07649299375292351,
        "median": 0.05911559485522,
        "peak_to_peak": 0.030698571983298173,
        "fractional_peak_to_peak": 0.5192973539128218,
        "slope_per_cycle": 0.00012270517331786407,
        "fractional_slope_per_cycle": 0.002075681951917786,
        "log_slope_per_cycle": 0.0020604239396885857,
        "efolding_cycles": 485.3370128048216
      },
      "period_days": {
        "available": true,
        "window_cycles": 250,
        "window_start_period": 852.0,
        "window_end_period": 1101.0,
        "first": 0.6316273130029785,
        "last": 0.6316185553766857,
        "median": 0.6316220971130491,
        "peak_to_peak": 1.1109765101657842e-05,
        "fractional_peak_to_peak": 1.75892597051895e-05,
        "slope_per_cycle": -4.094594453353305e-08,
        "fractional_slope_per_cycle": -6.482664986023194e-08,
        "log_slope_per_cycle": -6.482672478669787e-08,
        "efolding_cycles": null
      },
      "gamma": {
        "available": true,
        "window_cycles": 250,
        "window_start_period": 852.0,
        "window_end_period": 1101.0,
        "first": 0.004112335039449903,
        "last": 0.004224311456401619,
        "median": 0.004161785352411186,
        "peak_to_peak": 0.00011199589927307022,
        "fractional_peak_to_peak": 0.02691054194041601,
        "slope_per_cycle": 4.4811450561504475e-07,
        "fractional_slope_per_cycle": 0.00010767362265702235,
        "log_slope_per_cycle": 0.00010758486365139913,
        "efolding_cycles": 9294.987845504373
      },
      "max_vsurf_div_cs": {
        "available": true,
        "window_cycles": 250,
        "window_start_period": 1018.0,
        "window_end_period": 1101.0,
        "first": 0.36986,
        "last": 0.44514,
        "median": 0.40536,
        "peak_to_peak": 0.07527999999999996,
        "fractional_peak_to_peak": 0.18571146635089786,
        "slope_per_cycle": 0.0009053220613546622,
        "fractional_slope_per_cycle": 0.0022333778896651427,
        "log_slope_per_cycle": 0.0022300295791333287,
        "efolding_cycles": 448.4245452872588
      }
    },
    "500": {
      "delta_r": {
        "available": true,
        "window_cycles": 500,
        "window_start_period": 602.0,
        "window_end_period": 1101.0,
        "first": 0.027554935538869785,
        "last": 0.07649299375292351,
        "median": 0.045747648572087574,
        "peak_to_peak": 0.048938058214053726,
        "fractional_peak_to_peak": 1.0697393142936913,
        "slope_per_cycle": 9.623917775282201e-05,
        "fractional_slope_per_cycle": 0.002103696709158103,