{
  "generated_at": "2026-06-19T11:10:42.927319+00:00",
  "workspace": "<local-rre-root>/rsp_batch_runs",
  "model_id": "model_008",
  "run_name": "model_008_M0p6151_Z0p0004406_T6792",
  "source": "cumulative:saturation+continue_saturation+continue_saturation_resume:LOGS_continue_saturation_resume_1620000",
  "source_kind": "history_exact_rsp_columns",
  "cycle_count": 1145,
  "first_period": 1.0,
  "last_period": 1145.0,
  "rolling_window": 100,
  "fits": {
    "50": {
      "delta_r": {
        "available": true,
        "window_cycles": 50,
        "window_start_period": 1096.0,
        "window_end_period": 1145.0,
        "first": 0.07570167521513937,
        "last": 0.08384293821014399,
        "median": 0.07966390258800704,
        "peak_to_peak": 0.008141262995004617,
        "fractional_peak_to_peak": 0.10219513142744577,
        "slope_per_cycle": 0.00016613429972238785,
        "fractional_slope_per_cycle": 0.002085440134430452,
        "log_slope_per_cycle": 0.00208480074448661,
        "efolding_cycles": 479.6621464399245
      },
      "period_days": {
        "available": true,
        "window_cycles": 50,
        "window_start_period": 1096.0,
        "window_end_period": 1145.0,
        "first": 0.6316179757339327,
        "last": 0.6316200800203822,
        "median": 0.6316201937224508,
        "peak_to_peak": 2.7409602922912057e-06,
        "fractional_peak_to_peak": 4.3395703929878624e-06,
        "slope_per_cycle": 4.7289003697606024e-08,
        "fractional_slope_per_cycle": 7.486936638125595e-08,
        "log_slope_per_cycle": 7.486944504028736e-08,
        "efolding_cycles": 13356583.576409556
      },
      "gamma": {
        "available": true,
        "window_cycles": 50,
        "window_start_period": 1096.0,
        "window_end_period": 1145.0,
        "first": 0.004221908338763517,
        "last": 0.00424800917856744,
        "median": 0.004234959032743644,
        "peak_to_peak": 2.610083980392284e-05,
        "fractional_peak_to_peak": 0.00616318590147335,
        "slope_per_cycle": 5.240359551398074e-07,
        "fractional_slope_per_cycle": 0.00012374050164076973,
        "log_slope_per_cycle": 0.0001237419055648744,
        "efolding_cycles": 8081.33667761992
      },
      "max_vsurf_div_cs": {
        "available": true,
        "window_cycles": 50,
        "window_start_period": 1096.0,
        "window_end_period": 1145.0,
        "first": 0.44009,
        "last": 0.49238,
        "median": 0.465465,
        "peak_to_peak": 0.05229,
        "fractional_peak_to_peak": 0.11233927362959621,
        "slope_per_cycle": 0.0010674108043217288,
        "fractional_slope_per_cycle": 0.002293213892176058,
        "log_slope_per_cycle": 0.0022923471416183053,
        "efolding_cycles": 436.23410339763814
      }
    },
    "100": {
      "delta_r": {
        "available": true,
        "window_cycles": 100,
        "window_start_period": 1046.0,
        "window_end_period": 1145.0,
        "first": 0.06824708331876206,
        "last": 0.08384293821014399,
        "median": 0.07562306678289987,
        "peak_to_peak": 0.015595854891381933,
        "fractional_peak_to_peak": 0.2062314523180448,
        "slope_per_cycle": 0.0001574053876941624,
        "fractional_slope_per_cycle": 0.0020814467647291366,
        "log_slope_per_cycle": 0.0020788213335499396,
        "efolding_cycles": 481.0418210844174
      },
      "period_days": {
        "available": true,
        "window_cycles": 100,
        "window_start_period": 1046.0,
        "window_end_period": 1145.0,
        "first": 0.6316175357347217,
        "last": 0.6316200800203822,
        "median": 0.6316179547279521,
        "peak_to_peak": 4.4000919701137065e-06,
        "fractional_peak_to_peak": 6.966382030746571e-06,
        "slope_per_cycle": 5.2463337266866706e-08,
        "fractional_slope_per_cycle": 8.306182063722919e-08,
        "log_slope_per_cycle": 8.306174620905572e-08,
        "efolding_cycles": 12039236.41917097
      },
      "gamma": {
        "available": true,
        "window_cycles": 100,
        "window_start_period": 1046.0,
        "window_end_period": 1145.0,
        "first": 0.004193715129681639,
        "last": 0.00424800917856744,
        "median": 0.0042217856205709415,
        "peak_to_peak": 5.429404888580066e-05,
        "fractional_peak_to_peak": 0.012860446684277185,
        "slope_per_cycle": 5.505051147176993e-07,
        "fractional_slope_per_cycle": 0.0001303962740399051,
        "log_slope_per_cycle": 0.00013042446381535106,
        "efolding_cycles": 7667.27323039452
      },
      "max_vsurf_div_cs": {
        "available": true,
        "window_cycles": 100,
        "window_start_period": 1046.0,
        "window_end_period": 1145.0,
        "first": 0.3934,
        "last": 0.49238,
        "median": 0.43959,
        "peak_to_peak": 0.09897999999999996,
        "fractional_peak_to_peak": 0.2251643576969448,
        "slope_per_cycle": 0.001000103570357036,
        "fractional_slope_per_cycle": 0.0022750826232558427,
        "log_slope_per_cycle": 0.0022704107502977263,
        "efolding_cycles": 440.4489363296341
      }
    },
    "250": {
      "delta_r": {
        "available": true,
        "window_cycles": 250,
        "window_start_period": 896.0,
        "window_end_period": 1145.0,
        "first": 0.050108378710981505,
        "last": 0.08384293821014399,
        "median": 0.06474044233702259,
        "peak_to_peak": 0.033734559499162486,
        "fractional_peak_to_peak": 0.5210739729510773,
        "slope_per_cycle": 0.00013482168096516455,
        "fractional_slope_per_cycle": 0.0020824955174590333,
        "log_slope_per_cycle": 0.002067274089426821,
        "efolding_cycles": 483.72879296197397
      },
      "period_days": {
        "available": true,
        "window_cycles": 250,
        "window_start_period": 896.0,
        "window_end_period": 1145.0,
        "first": 0.6316241218435957,
        "last": 0.6316200800203822,
        "median": 0.6316206611855024,
        "peak_to_peak": 7.989922089945978e-06,
        "fractional_peak_to_peak": 1.2649874491042648e-05,
        "slope_per_cycle": -2.232785007596254e-08,
        "fractional_slope_per_cycle": -3.535009452359414e-08,
        "log_slope_per_cycle": -3.5350103540859943e-08,
        "efolding_cycles": null
      },
      "gamma": {
        "available": true,
        "window_cycles": 250,
        "window_start_period": 896.0,
        "window_end_period": 1145.0,
        "first": 0.0041275605843093125,
        "last": 0.00424800917856744,
        "median": 0.004180286941627918,
        "peak_to_peak": 0.00012044859425812751,
        "fractional_peak_to_peak": 0.028813475232688582,
        "slope_per_cycle": 4.867550222098402e-07,
        "fractional_slope_per_cycle": 0.0001164405766892845,
        "log_slope_per_cycle": 0.00011629187272534783,
        "efolding_cycles": 8599.05319748138
      },
      "max_vsurf_div_cs": {
        "available": true,
        "window_cycles": 250,
        "window_start_period": 1018.0,
        "window_end_period": 1145.0,
        "first": 0.36986,
        "last": 0.49238,
        "median": 0.425855,
        "peak_to_peak": 0.12251999999999996,
        "fractional_peak_to_peak": 0.28770356107125655,
        "slope_per_cycle": 0.0009635203888939754,
        "fractional_slope_per_cycle": 0.002262555068964731,
        "log_slope_per_cycle": 0.002254707262437484,
        "efolding_cycles": 443.51655607785443
      }
    },
    "500": {
      "delta_r": {
        "available": true,
        "window_cycles": 500,
        "window_start_period": 646.0,
        "window_end_period": 1145.0,
        "first": 0.03012246058363921,
        "last": 0.08384293821014399,
        "median": 0.050057141117833215,
        "peak_to_peak": 0.05372047762650478,
        "fractional_peak_to_peak": 1.0731830948964538,
        "slope_per_cycle": 0.00010561715226818274,
        "fractional_slope_per_cycle": 0.002109931768167956,