{
  "generated_at": "2026-06-18T13:43:18.821485+00:00",
  "workspace": "<local-rre-root>/rsp_batch_runs",
  "model_id": "model_008",
  "run_name": "model_008_M0p6151_Z0p0004406_T6792",
  "source": "cumulative:saturation+continue_saturation+continue_saturation_resume:LOGS_continue_saturation_resume_1620000",
  "source_kind": "history_exact_rsp_columns",
  "cycle_count": 1051,
  "first_period": 1.0,
  "last_period": 1051.0,
  "rolling_window": 100,
  "fits": {
    "50": {
      "delta_r": {
        "available": true,
        "window_cycles": 50,
        "window_start_period": 1002.0,
        "window_end_period": 1051.0,
        "first": 0.06231103378724345,
        "last": 0.06895719016945545,
        "median": 0.06554886835900309,
        "peak_to_peak": 0.0066461563822119984,
        "fractional_peak_to_peak": 0.10139238935158755,
        "slope_per_cycle": 0.00013560742072666614,
        "fractional_slope_per_cycle": 0.0020687988079971264,
        "log_slope_per_cycle": 0.0020682306665819866,
        "efolding_cycles": 483.5050636071589
      },
      "period_days": {
        "available": true,
        "window_cycles": 50,
        "window_start_period": 1002.0,
        "window_end_period": 1051.0,
        "first": 0.6316218349394492,
        "last": 0.6316170554958215,
        "median": 0.6316197203179925,
        "peak_to_peak": 4.779443627755953e-06,
        "fractional_peak_to_peak": 7.566963908836973e-06,
        "slope_per_cycle": -1.0355479342331307e-07,
        "fractional_slope_per_cycle": -1.639511720298692e-07,
        "log_slope_per_cycle": -1.6395122091294038e-07,
        "efolding_cycles": null
      },
      "gamma": {
        "available": true,
        "window_cycles": 50,
        "window_start_period": 1002.0,
        "window_end_period": 1051.0,
        "first": 0.004172023652671912,
        "last": 0.00419615975431732,
        "median": 0.004183939426412507,
        "peak_to_peak": 2.413610164540836e-05,
        "fractional_peak_to_peak": 0.005768750257960524,
        "slope_per_cycle": 4.960016264695757e-07,
        "fractional_slope_per_cycle": 0.00011854895014454576,
        "log_slope_per_cycle": 0.00011854550850980818,
        "efolding_cycles": 8435.578982035091
      },
      "max_vsurf_div_cs": {
        "available": true,
        "window_cycles": 50,
        "window_start_period": 1018.0,
        "window_end_period": 1051.0,
        "first": 0.36986,
        "last": 0.39778,
        "median": 0.38354,
        "peak_to_peak": 0.02792,
        "fractional_peak_to_peak": 0.07279553631954946,
        "slope_per_cycle": 0.0008458135981665396,
        "fractional_slope_per_cycle": 0.0022052813218087805,
        "log_slope_per_cycle": 0.002204878271854474,
        "efolding_cycles": 453.53977712289867
      }
    },
    "100": {
      "delta_r": {
        "available": true,
        "window_cycles": 100,
        "window_start_period": 952.0,
        "window_end_period": 1051.0,
        "first": 0.05620749151567672,
        "last": 0.06895719016945545,
        "median": 0.06224672016543398,
        "peak_to_peak": 0.01274969865377873,
        "fractional_peak_to_peak": 0.20482522805850134,
        "slope_per_cycle": 0.00012871898295427873,
        "fractional_slope_per_cycle": 0.0020678837794534475,
        "log_slope_per_cycle": 0.0020654847883448406,
        "efolding_cycles": 484.14784056644726
      },
      "period_days": {
        "available": true,
        "window_cycles": 100,
        "window_start_period": 952.0,
        "window_end_period": 1051.0,
        "first": 0.631622096204061,
        "last": 0.6316170554958215,
        "median": 0.6316218602433974,
        "peak_to_peak": 5.2942746077144776e-06,
        "fractional_peak_to_peak": 8.382031941824042e-06,
        "slope_per_cycle": -5.182748782519202e-08,
        "fractional_slope_per_cycle": -8.20546138241956e-08,
        "log_slope_per_cycle": -8.205482520498824e-08,
        "efolding_cycles": null
      },
      "gamma": {
        "available": true,
        "window_cycles": 100,
        "window_start_period": 952.0,
        "window_end_period": 1051.0,
        "first": 0.004151246350399515,
        "last": 0.00419615975431732,
        "median": 0.004171990327957281,
        "peak_to_peak": 4.491340391780518e-05,
        "fractional_peak_to_peak": 0.010765462138498293,
        "slope_per_cycle": 4.4795713290679633e-07,
        "fractional_slope_per_cycle": 0.00010737252430930928,
        "log_slope_per_cycle": 0.00010734034443630816,
        "efolding_cycles": 9316.161646876059
      },
      "max_vsurf_div_cs": {
        "available": true,
        "window_cycles": 100,
        "window_start_period": 1018.0,
        "window_end_period": 1051.0,
        "first": 0.36986,
        "last": 0.39778,
        "median": 0.38354,
        "peak_to_peak": 0.02792,
        "fractional_peak_to_peak": 0.07279553631954946,
        "slope_per_cycle": 0.0008458135981665396,
        "fractional_slope_per_cycle": 0.0022052813218087805,
        "log_slope_per_cycle": 0.002204878271854474,
        "efolding_cycles": 453.53977712289867
      }
    },
    "250": {
      "delta_r": {
        "available": true,
        "window_cycles": 250,
        "window_start_period": 802.0,
        "window_end_period": 1051.0,
        "first": 0.04134876081370553,
        "last": 0.06895719016945545,
        "median": 0.05333961927850117,
        "peak_to_peak": 0.02760842935574992,
        "fractional_peak_to_peak": 0.5175970456706587,
        "slope_per_cycle": 0.00011032877349882678,
        "fractional_slope_per_cycle": 0.002068420715992913,
        "log_slope_per_cycle": 0.0020534265995788316,
        "efolding_cycles": 486.99086697576877
      },
      "period_days": {
        "available": true,
        "window_cycles": 250,
        "window_start_period": 802.0,
        "window_end_period": 1051.0,
        "first": 0.631629174132314,
        "last": 0.6316170554958215,
        "median": 0.631622426190017,
        "peak_to_peak": 1.2118636492530754e-05,
        "fractional_peak_to_peak": 1.9186520284960543e-05,
        "slope_per_cycle": -4.30465305741399e-08,
        "fractional_slope_per_cycle": -6.815231503700567e-08,
        "log_slope_per_cycle": -6.815215219555975e-08,
        "efolding_cycles": null
      },
      "gamma": {
        "available": true,
        "window_cycles": 250,
        "window_start_period": 802.0,
        "window_end_period": 1051.0,
        "first": 0.004100456427898767,
        "last": 0.00419615975431732,
        "median": 0.004140225998348465,
        "peak_to_peak": 9.764211502028344e-05,
        "fractional_peak_to_peak": 0.02358376452378031,
        "slope_per_cycle": 3.930036956303407e-07,
        "fractional_slope_per_cycle": 9.49232471336371e-05,
        "log_slope_per_cycle": 9.482693143931263e-05,
        "efolding_cycles": 10545.527360441694
      },
      "max_vsurf_div_cs": {
        "available": true,
        "window_cycles": 250,
        "window_start_period": 1018.0,
        "window_end_period": 1051.0,
        "first": 0.36986,
        "last": 0.39778,
        "median": 0.38354,
        "peak_to_peak": 0.02792,
        "fractional_peak_to_peak": 0.07279553631954946,
        "slope_per_cycle": 0.0008458135981665396,
        "fractional_slope_per_cycle": 0.0022052813218087805,
        "log_slope_per_cycle": 0.002204878271854474,
        "efolding_cycles": 453.53977712289867
      }
    },
    "500": {
      "delta_r": {
        "available": true,
        "window_cycles": 500,
        "window_start_period": 552.0,
        "window_end_period": 1051.0,
        "first": 0.007416148354822738,
        "last": 0.06895719016945545,
        "median": 0.04130663021999581,
        "peak_to_peak": 0.06154104181463271,
        "fractional_peak_to_peak": 1.4898586858058875,
        "slope_per_cycle": 0.00010608732768161924,
        "fractional_slope_per_cycle": 0.002568288120251074,
        "log_slope_per_cycle": 0.0033249519384046136,