{
  "generated_at": "2026-06-17T14:46:31.871991+00:00",
  "workspace": "<local-rre-root>/rsp_batch_runs",
  "model_id": "model_007",
  "run_name": "model_007_M0p6887_Z0p004060_T6669",
  "source": "cumulative:continue_saturation+continue_saturation_resume:LOGS_continue_saturation_resume_2180000",
  "source_kind": "history_exact_rsp_columns",
  "cycle_count": 1571,
  "first_period": 1.0,
  "last_period": 3131.0,
  "rolling_window": 100,
  "fits": {
    "50": {
      "delta_r": {
        "available": true,
        "window_cycles": 50,
        "window_start_period": 1522.0,
        "window_end_period": 3131.0,
        "first": 0.59077143726355,
        "last": 0.6097223807604344,
        "median": 0.6019383999426213,
        "peak_to_peak": 0.01895094349688442,
        "fractional_peak_to_peak": 0.03148319412533057,
        "slope_per_cycle": 5.511877597732213e-06,
        "fractional_slope_per_cycle": 9.156879837301661e-06,
        "log_slope_per_cycle": 9.144663105418013e-06,
        "efolding_cycles": 109353.39973405054
      },
      "period_days": {
        "available": true,
        "window_cycles": 50,
        "window_start_period": 1522.0,
        "window_end_period": 3131.0,
        "first": 0.5572324873793318,
        "last": 0.5572289702508392,
        "median": 0.5572143804003415,
        "peak_to_peak": 6.683059761092291e-05,
        "fractional_peak_to_peak": 0.00011993695777001873,
        "slope_per_cycle": 9.039298656316264e-09,
        "fractional_slope_per_cycle": 1.622229966466731e-08,
        "log_slope_per_cycle": 1.6222314969013837e-08,
        "efolding_cycles": 61643483.184126005
      },
      "gamma": {
        "available": true,
        "window_cycles": 50,
        "window_start_period": 1522.0,
        "window_end_period": 3131.0,
        "first": 0.0013036635315320545,
        "last": 0.0008911030027810234,
        "median": 0.0010548514861766888,
        "peak_to_peak": 0.0004125605287510311,
        "fractional_peak_to_peak": 0.39110769066303114,
        "slope_per_cycle": -1.1571604746402387e-07,
        "fractional_slope_per_cycle": -0.00010969889977918777,
        "log_slope_per_cycle": -0.00011132740443870843,
        "efolding_cycles": null
      },
      "max_vsurf_div_cs": {
        "available": true,
        "window_cycles": 50,
        "window_start_period": 1562.0,
        "window_end_period": 1564.0,
        "first": 4.72111,
        "last": 4.72559,
        "median": 4.72344,
        "peak_to_peak": 0.0044800000000000395,
        "fractional_peak_to_peak": 0.0009484612909235725,
        "slope_per_cycle": 0.0022400000000000198,
        "fractional_slope_per_cycle": 0.00047423064546178625,
        "log_slope_per_cycle": 0.00047423971713456137,
        "efolding_cycles": 2108.6382347774947
      }
    },
    "100": {
      "delta_r": {
        "available": true,
        "window_cycles": 100,
        "window_start_period": 1472.0,
        "window_end_period": 3131.0,
        "first": 0.5611851767454628,
        "last": 0.6097223807604344,
        "median": 0.5905926198503644,
        "peak_to_peak": 0.048537204014971636,
        "fractional_peak_to_peak": 0.08218389865296534,
        "slope_per_cycle": 1.5136518546480939e-05,
        "fractional_slope_per_cycle": 2.5629373002182125e-05,
        "log_slope_per_cycle": 2.5550956116448405e-05,
        "efolding_cycles": 39137.47866978061
      },
      "period_days": {
        "available": true,
        "window_cycles": 100,
        "window_start_period": 1472.0,
        "window_end_period": 3131.0,
        "first": 0.5570572148030624,
        "last": 0.5572289702508392,
        "median": 0.5571968997589796,
        "peak_to_peak": 0.0001919117882088761,
        "fractional_peak_to_peak": 0.0003444236468147781,
        "slope_per_cycle": 3.6915915010567153e-08,
        "fractional_slope_per_cycle": 6.625290813092366e-08,
        "log_slope_per_cycle": 6.625534611987647e-08,
        "efolding_cycles": 15093121.665845497
      },
      "gamma": {
        "available": true,
        "window_cycles": 100,
        "window_start_period": 1472.0,
        "window_end_period": 3131.0,
        "first": 0.0019064565462126348,
        "last": 0.0008911030027810234,
        "median": 0.0013102010982469993,
        "peak_to_peak": 0.0010153535434316114,
        "fractional_peak_to_peak": 0.7749600765791732,
        "slope_per_cycle": -3.196779294977652e-07,
        "fractional_slope_per_cycle": -0.00024399149865275067,
        "log_slope_per_cycle": -0.00026248910976382,
        "efolding_cycles": null
      },
      "max_vsurf_div_cs": {
        "available": true,
        "window_cycles": 100,
        "window_start_period": 1562.0,
        "window_end_period": 1564.0,
        "first": 4.72111,
        "last": 4.72559,
        "median": 4.72344,
        "peak_to_peak": 0.0044800000000000395,
        "fractional_peak_to_peak": 0.0009484612909235725,
        "slope_per_cycle": 0.0022400000000000198,
        "fractional_slope_per_cycle": 0.00047423064546178625,
        "log_slope_per_cycle": 0.00047423971713456137,
        "efolding_cycles": 2108.6382347774947
      }
    },
    "250": {
      "delta_r": {
        "available": true,
        "window_cycles": 250,
        "window_start_period": 1322.0,
        "window_end_period": 3131.0,
        "first": 0.4289319169251389,
        "last": 0.6097223807604344,
        "median": 0.5424992719102506,
        "peak_to_peak": 0.1807904638352955,
        "fractional_peak_to_peak": 0.3332547584786527,
        "slope_per_cycle": 8.679038860964564e-05,
        "fractional_slope_per_cycle": 0.0001599824978640782,
        "log_slope_per_cycle": 0.00016209108168587844,
        "efolding_cycles": 6169.370884561881
      },
      "period_days": {
        "available": true,
        "window_cycles": 250,
        "window_start_period": 1322.0,
        "window_end_period": 3131.0,
        "first": 0.5568679654058414,
        "last": 0.5572289702508392,
        "median": 0.5570062833320764,
        "peak_to_peak": 0.0005568297119398213,
        "fractional_peak_to_peak": 0.0009996829992810876,
        "slope_per_cycle": 1.8271641423848366e-07,
        "fractional_slope_per_cycle": 3.280329499075896e-07,
        "log_slope_per_cycle": 3.2798694043106966e-07,
        "efolding_cycles": 3048901.882147231
      },
      "gamma": {
        "available": true,
        "window_cycles": 250,
        "window_start_period": 1322.0,
        "window_end_period": 3131.0,
        "first": 0.003910341331397647,
        "last": 0.0008911030027810234,
        "median": 0.002257481907993992,
        "peak_to_peak": 0.0030288614614196498,
        "fractional_peak_to_peak": 1.3416991076181464,
        "slope_per_cycle": -1.5545133475874577e-06,
        "fractional_slope_per_cycle": -0.0006886050081211082,
        "log_slope_per_cycle": -0.0008267905396439778,
        "efolding_cycles": null
      },
      "max_vsurf_div_cs": {
        "available": true,
        "window_cycles": 250,
        "window_start_period": 1562.0,
        "window_end_period": 1564.0,
        "first": 4.72111,
        "last": 4.72559,
        "median": 4.72344,
        "peak_to_peak": 0.0044800000000000395,
        "fractional_peak_to_peak": 0.0009484612909235725,
        "slope_per_cycle": 0.0022400000000000198,
        "fractional_slope_per_cycle": 0.00047423064546178625,
        "log_slope_per_cycle": 0.00047423971713456137,
        "efolding_cycles": 2108.6382347774947
      }
    },
    "500": {
      "delta_r": {
        "available": true,
        "window_cycles": 500,
        "window_start_period": 1072.0,
        "window_end_period": 3131.0,
        "first": 0.22995345077826546,
        "last": 0.6097223807604344,
        "median": 0.42836992554057174,