{
  "generated_at": "2026-06-19T23:03:29.978053+00:00",
  "workspace": "<local-rre-root>/rsp_batch_runs",
  "model_id": "model_001",
  "run_name": "model_001_M0p5602_Z0p003592_T6824",
  "source": "cumulative:continue_saturation_resume:LOGS_continue_saturation_resume_2500000",
  "source_kind": "history_exact_rsp_columns",
  "cycle_count": 105,
  "first_period": 1907.0,
  "last_period": 2011.0,
  "rolling_window": 100,
  "fits": {
    "50": {
      "delta_r": {
        "available": true,
        "window_cycles": 50,
        "window_start_period": 1962.0,
        "window_end_period": 2011.0,
        "first": 0.5471846612901485,
        "last": 0.5551406824035734,
        "median": 0.5516786100464133,
        "peak_to_peak": 0.009142280425204596,
        "fractional_peak_to_peak": 0.016571750759804604,
        "slope_per_cycle": 0.00018052427067059897,
        "fractional_slope_per_cycle": 0.0003272272431505207,
        "log_slope_per_cycle": 0.0003273763601151624,
        "efolding_cycles": 3054.5883021248887
      },
      "period_days": {
        "available": true,
        "window_cycles": 50,
        "window_start_period": 1962.0,
        "window_end_period": 2011.0,
        "first": 0.5919938286038599,
        "last": 0.5920669710198072,
        "median": 0.5920533532283648,
        "peak_to_peak": 0.00012572914517172684,
        "fractional_peak_to_peak": 0.0002123611740160705,
        "slope_per_cycle": 4.084845994320866e-07,
        "fractional_slope_per_cycle": 6.899455888640618e-07,
        "log_slope_per_cycle": 6.900169271732978e-07,
        "efolding_cycles": 1449239.8093718793
      },
      "gamma": {
        "available": true,
        "window_cycles": 50,
        "window_start_period": 1962.0,
        "window_end_period": 2011.0,
        "first": 0.0005377299413002664,
        "last": 0.0003460648920168135,
        "median": 0.00045808298314741977,
        "peak_to_peak": 0.0002502608254473107,
        "fractional_peak_to_peak": 0.5463220304055085,
        "slope_per_cycle": -4.119761494612276e-06,
        "fractional_slope_per_cycle": -0.008993482941247915,
        "log_slope_per_cycle": -0.008979947331943582,
        "efolding_cycles": null
      },
      "max_vsurf_div_cs": {
        "available": true,
        "window_cycles": 50,
        "window_start_period": 1962.0,
        "window_end_period": 2011.0,
        "first": 4.43564,
        "last": 4.49,
        "median": 4.466195,
        "peak_to_peak": 0.058979999999999144,
        "fractional_peak_to_peak": 0.013205872112614685,
        "slope_per_cycle": 0.0012005378151260474,
        "fractional_slope_per_cycle": 0.0002688055078486379,
        "log_slope_per_cycle": 0.0002688996717946945,
        "efolding_cycles": 3718.859131830783
      }
    },
    "100": {
      "delta_r": {
        "available": true,
        "window_cycles": 100,
        "window_start_period": 1912.0,
        "window_end_period": 2011.0,
        "first": 0.5327939488233904,
        "last": 0.5551406824035734,
        "median": 0.5466239963465216,
        "peak_to_peak": 0.022767194534504043,
        "fractional_peak_to_peak": 0.04165055812893956,
        "slope_per_cycle": 0.00022767654831536605,
        "fractional_slope_per_cycle": 0.000416514002014348,
        "log_slope_per_cycle": 0.0004176255281558096,
        "efolding_cycles": 2394.489638638459
      },
      "period_days": {
        "available": true,
        "window_cycles": 100,
        "window_start_period": 1912.0,
        "window_end_period": 2011.0,
        "first": 0.591957741557379,
        "last": 0.5920669710198072,
        "median": 0.5920461373606317,
        "peak_to_peak": 0.00023752994438708264,
        "fractional_peak_to_peak": 0.0004012017466172515,
        "slope_per_cycle": 4.5560703576397843e-07,
        "fractional_slope_per_cycle": 7.695465049313472e-07,
        "log_slope_per_cycle": 7.696201641368533e-07,
        "efolding_cycles": 1299342.2555677488
      },
      "gamma": {
        "available": true,
        "window_cycles": 100,
        "window_start_period": 1912.0,
        "window_end_period": 2011.0,
        "first": 0.0009113448936507335,
        "last": 0.0003460648920168135,
        "median": 0.0005886143961158058,
        "peak_to_peak": 0.0005668978052194224,
        "fractional_peak_to_peak": 0.9631055729528728,
        "slope_per_cycle": -5.509222346913285e-06,
        "fractional_slope_per_cycle": -0.009359645946935663,
        "log_slope_per_cycle": -0.009347412469535315,
        "efolding_cycles": null
      },
      "max_vsurf_div_cs": {
        "available": true,
        "window_cycles": 100,
        "window_start_period": 1912.0,
        "window_end_period": 2011.0,
        "first": 4.33733,
        "last": 4.49,
        "median": 4.432665,
        "peak_to_peak": 0.15439999999999987,
        "fractional_peak_to_peak": 0.03483231870669222,
        "slope_per_cycle": 0.0015475289528952918,
        "fractional_slope_per_cycle": 0.0003491193114966486,
        "log_slope_per_cycle": 0.000349977378528656,
        "efolding_cycles": 2857.3275341512403
      }
    },
    "250": {
      "delta_r": {
        "available": false,
        "reason": "only 105 rows for 250-cycle window"
      },
      "period_days": {
        "available": false,
        "reason": "only 105 rows for 250-cycle window"
      },
      "gamma": {
        "available": false,
        "reason": "only 105 rows for 250-cycle window"
      },
      "max_vsurf_div_cs": {
        "available": false,
        "reason": "only 105 rows for 250-cycle window"
      }
    },
    "500": {
      "delta_r": {
        "available": false,
        "reason": "only 105 rows for 500-cycle window"
      },
      "period_days": {
        "available": false,
        "reason": "only 105 rows for 500-cycle window"
      },
      "gamma": {
        "available": false,
        "reason": "only 105 rows for 500-cycle window"
      },
      "max_vsurf_div_cs": {
        "available": false,
        "reason": "only 105 rows for 500-cycle window"
      }
    }
  },
  "latest_rolling": {
    "window_start_period": 1912.0,
    "window_end_period": 2011.0,
    "gamma_peak_to_peak": 0.0005668978052194224,
    "period_fractional_peak_to_peak": 0.0004012017466172515,
    "delta_r_fractional_peak_to_peak": 0.04165055812893956
  },
  "growth_outlook": {
    "status": "amplitude still growing",
    "tolerance": 0.001,
    "delta_r_fractional_peak_to_peak": 0.04165055812893956,
    "delta_r_criterion_factor": 41.65055812893956,
    "log_slope_per_cycle": 0.0004176255281558096,
    "efolding_cycles": 2394.489638638459,
    "doubling_cycles": 1659.73374190225,
    "fit_window_cycles": 100,
    "max_vsurf_div_cs_latest": 4.49,
    "max_vsurf_div_cs_log_slope_per_cycle": 0.000349977378528656,
    "max_vsurf_div_cs_efolding_cycles": 2857.3275341512403,
    "max_vsurf_div_cs_fit_window_cycles": 100,
    "cycles_to_vsurf_div_cs_0p8": 0.0,
    "cycles_to_vsurf_div_cs_1p0": 0.0
  }
}
