{
  "generated_at": "2026-06-18T22:28:34.433302+00:00",
  "workspace": "<local-rre-root>/rsp_batch_runs",
  "model_id": "model_007",
  "run_name": "model_007_M0p6887_Z0p004060_T6669",
  "source": "cumulative:continue_saturation+continue_saturation_resume:LOGS_continue_saturation_resume_2180000+continue_saturation_resume:LOGS_continue_saturation_resume_2270000",
  "source_kind": "history_exact_rsp_columns",
  "cycle_count": 1676,
  "first_period": 1.0,
  "last_period": 1676.0,
  "rolling_window": 100,
  "fits": {
    "50": {
      "delta_r": {
        "available": true,
        "window_cycles": 50,
        "window_start_period": 1627.0,
        "window_end_period": 1676.0,
        "first": 0.6257076354415423,
        "last": 0.6334647259327628,
        "median": 0.6300902867530027,
        "peak_to_peak": 0.007757090491220531,
        "fractional_peak_to_peak": 0.01231107772061456,
        "slope_per_cycle": 0.00015340710370095883,
        "fractional_slope_per_cycle": 0.00024346844718318102,
        "log_slope_per_cycle": 0.0002436060236562713,
        "efolding_cycles": 4104.98880524811
      },
      "period_days": {
        "available": true,
        "window_cycles": 50,
        "window_start_period": 1627.0,
        "window_end_period": 1676.0,
        "first": 0.5572574123072749,
        "last": 0.557251673437379,
        "median": 0.5572499091259239,
        "peak_to_peak": 6.505127565037405e-05,
        "fractional_peak_to_peak": 0.0001167362696432027,
        "slope_per_cycle": 1.4418965872838462e-07,
        "fractional_slope_per_cycle": 2.587522337232029e-07,
        "log_slope_per_cycle": 2.587442868144391e-07,
        "efolding_cycles": 3864819.6345187686
      },
      "gamma": {
        "available": true,
        "window_cycles": 50,
        "window_start_period": 1627.0,
        "window_end_period": 1676.0,
        "first": 0.0005101909938379192,
        "last": 0.00032226614456040513,
        "median": 0.0004015376520793402,
        "peak_to_peak": 0.00021146326134173412,
        "fractional_peak_to_peak": 0.5266337048261439,
        "slope_per_cycle": -4.197534462630308e-06,
        "fractional_slope_per_cycle": -0.010453650961232679,
        "log_slope_per_cycle": -0.01055603479737933,
        "efolding_cycles": null
      },
      "max_vsurf_div_cs": {
        "available": true,
        "window_cycles": 50,
        "window_start_period": 1629.0,
        "window_end_period": 1676.0,
        "first": 4.85518,
        "last": 4.91094,
        "median": 4.88521,
        "peak_to_peak": 0.055760000000000254,
        "fractional_peak_to_peak": 0.011414043613273587,
        "slope_per_cycle": 0.001178251736864961,
        "fractional_slope_per_cycle": 0.00024118753070286866,
        "log_slope_per_cycle": 0.0002413066934947905,
        "efolding_cycles": 4144.1038601840055
      }
    },
    "100": {
      "delta_r": {
        "available": true,
        "window_cycles": 100,
        "window_start_period": 1577.0,
        "window_end_period": 1676.0,
        "first": 0.6130256336083839,
        "last": 0.6334647259327628,
        "median": 0.6256229851641444,
        "peak_to_peak": 0.020439092324378905,
        "fractional_peak_to_peak": 0.03266998305539607,
        "slope_per_cycle": 0.00020252803800776878,
        "fractional_slope_per_cycle": 0.00032372218222550056,
        "log_slope_per_cycle": 0.0003245105409777568,
        "efolding_cycles": 3081.563997850362
      },
      "period_days": {
        "available": true,
        "window_cycles": 100,
        "window_start_period": 1577.0,
        "window_end_period": 1676.0,
        "first": 0.5572271212573267,
        "last": 0.557251673437379,
        "median": 0.5572405786994259,
        "peak_to_peak": 6.575438728628757e-05,
        "fractional_peak_to_peak": 0.00011799999820500388,
        "slope_per_cycle": 2.311916962747492e-07,
        "fractional_slope_per_cycle": 4.1488668469611467e-07,
        "log_slope_per_cycle": 4.14879261510613e-07,
        "efolding_cycles": 2410339.8091264176
      },
      "gamma": {
        "available": true,
        "window_cycles": 100,
        "window_start_period": 1577.0,
        "window_end_period": 1676.0,
        "first": 0.0008127918175226029,
        "last": 0.00032226614456040513,
        "median": 0.0005134294814785575,
        "peak_to_peak": 0.0005117364530395432,
        "fractional_peak_to_peak": 0.9967025102763115,
        "slope_per_cycle": -5.15456904971235e-06,
        "fractional_slope_per_cycle": -0.01003948786670448,
        "log_slope_per_cycle": -0.009998208130333175,
        "efolding_cycles": null
      },
      "max_vsurf_div_cs": {
        "available": true,
        "window_cycles": 100,
        "window_start_period": 1629.0,
        "window_end_period": 1676.0,
        "first": 4.85518,
        "last": 4.91094,
        "median": 4.88521,
        "peak_to_peak": 0.055760000000000254,
        "fractional_peak_to_peak": 0.011414043613273587,
        "slope_per_cycle": 0.001178251736864961,
        "fractional_slope_per_cycle": 0.00024118753070286866,
        "log_slope_per_cycle": 0.0002413066934947905,
        "efolding_cycles": 4144.1038601840055
      }
    },
    "250": {
      "delta_r": {
        "available": true,
        "window_cycles": 250,
        "window_start_period": 1427.0,
        "window_end_period": 1676.0,
        "first": 0.5268514185317912,
        "last": 0.6334647259327628,
        "median": 0.6039132078862481,
        "peak_to_peak": 0.10661330740097164,
        "fractional_peak_to_peak": 0.17653746599470482,
        "slope_per_cycle": 0.0004164666119900251,
        "fractional_slope_per_cycle": 0.0006896133526333968,
        "log_slope_per_cycle": 0.0007081391828883954,
        "efolding_cycles": 1412.1517692625725
      },
      "period_days": {
        "available": true,
        "window_cycles": 250,
        "window_start_period": 1427.0,
        "window_end_period": 1676.0,
        "first": 0.5569635305122507,
        "last": 0.557251673437379,
        "median": 0.557219210632956,
        "peak_to_peak": 0.0005597611980651118,
        "fractional_peak_to_peak": 0.0010045619163583186,
        "slope_per_cycle": 1.2772587568010902e-06,
        "fractional_slope_per_cycle": 2.2922015831978e-06,
        "log_slope_per_cycle": 2.2927156852000392e-06,
        "efolding_cycles": 436163.980756624
      },
      "gamma": {
        "available": true,
        "window_cycles": 250,
        "window_start_period": 1427.0,
        "window_end_period": 1676.0,
        "first": 0.0025306780881539977,
        "last": 0.00032226614456040513,
        "median": 0.0010120249501978029,
        "peak_to_peak": 0.002229622723670938,
        "fractional_peak_to_peak": 2.203130192822966,
        "slope_per_cycle": -8.913034198126613e-06,
        "fractional_slope_per_cycle": -0.008807128911579242,
        "log_slope_per_cycle": -0.00853017894106595,
        "efolding_cycles": null
      },
      "max_vsurf_div_cs": {
        "available": true,
        "window_cycles": 250,
        "window_start_period": 1629.0,
        "window_end_period": 1676.0,
        "first": 4.85518,
        "last": 4.91094,
        "median": 4.88521,
        "peak_to_peak": 0.055760000000000254,
        "fractional_peak_to_peak": 0.011414043613273587,
        "slope_per_cycle": 0.001178251736864961,
        "fractional_slope_per_cycle": 0.00024118753070286866,
        "log_slope_per_cycle": 0.0002413066934947905,
        "efolding_cycles": 4144.1038601840055
      }
    },
    "500": {
      "delta_r": {
        "available": true,
        "window_cycles": 500,
        "window_start_period": 1177.0,
        "window_end_period": 1676.0,
        "first": 0.3018993225090272,
        "last": 0.6334647259327628,
        "median": 0.5264312671980695,
        "peak_to_peak": 0.33256897358714266,
        "fractional_peak_to_peak": 0.6317424406746223,
        "slope_per_cycle": 0.0007235943463370844,