{
  "generated_at": "2026-06-18T01:29:55.293613+00:00",
  "workspace": "<local-rre-root>/rsp_batch_runs",
  "model_id": "model_008",
  "run_name": "model_008_M0p6151_Z0p0004406_T6792",
  "source": "cumulative:saturation+continue_saturation",
  "source_kind": "history_exact_rsp_columns",
  "cycle_count": 987,
  "first_period": 1.0,
  "last_period": 987.0,
  "rolling_window": 100,
  "fits": {
    "50": {
      "delta_r": {
        "available": true,
        "window_cycles": 50,
        "window_start_period": 938.0,
        "window_end_period": 987.0,
        "first": 0.05461349687889516,
        "last": 0.06041018557310718,
        "median": 0.057434518900418396,
        "peak_to_peak": 0.0057966886942120155,
        "fractional_peak_to_peak": 0.10092691303399753,
        "slope_per_cycle": 0.00011827385024479326,
        "fractional_slope_per_cycle": 0.002059281639493835,
        "log_slope_per_cycle": 0.0020586366279283733,
        "efolding_cycles": 485.7583832103046
      },
      "period_days": {
        "available": true,
        "window_cycles": 50,
        "window_start_period": 938.0,
        "window_end_period": 987.0,
        "first": 0.6316220145879521,
        "last": 0.6316223006845555,
        "median": 0.631622166232275,
        "peak_to_peak": 3.8896221665751796e-07,
        "fractional_peak_to_peak": 6.158147029223791e-07,
        "slope_per_cycle": 7.804671285847915e-09,
        "fractional_slope_per_cycle": 1.2356550645465786e-08,
        "log_slope_per_cycle": 1.2356550419013304e-08,
        "efolding_cycles": 80928735.4552673
      },
      "gamma": {
        "available": true,
        "window_cycles": 50,
        "window_start_period": 938.0,
        "window_end_period": 987.0,
        "first": 0.004145396078458192,
        "last": 0.004166224903879565,
        "median": 0.004155680953938155,
        "peak_to_peak": 2.082882542137239e-05,
        "fractional_peak_to_peak": 0.005012132945777234,
        "slope_per_cycle": 4.2474987173162264e-07,
        "fractional_slope_per_cycle": 0.00010220945169746632,
        "log_slope_per_cycle": 0.00010220882096415107,
        "efolding_cycles": 9783.891356605533
      },
      "max_vsurf_div_cs": {
        "available": true,
        "window_cycles": 50,
        "window_start_period": 938.0,
        "window_end_period": 987.0,
        "first": 0.31033,
        "last": 0.34548,
        "median": 0.32738,
        "peak_to_peak": 0.035150000000000015,
        "fractional_peak_to_peak": 0.10736758506933843,
        "slope_per_cycle": 0.0007173959183673468,
        "fractional_slope_per_cycle": 0.002191324816321543,
        "log_slope_per_cycle": 0.0021904469478913726,
        "efolding_cycles": 456.5278337202584
      }
    },
    "100": {
      "delta_r": {
        "available": true,
        "window_cycles": 100,
        "window_start_period": 888.0,
        "window_end_period": 987.0,
        "first": 0.049294481594349904,
        "last": 0.06041018557310718,
        "median": 0.0545574863337519,
        "peak_to_peak": 0.011115703978757274,
        "fractional_peak_to_peak": 0.2037429640866823,
        "slope_per_cycle": 0.00011217938503743024,
        "fractional_slope_per_cycle": 0.002056168503643663,
        "log_slope_per_cycle": 0.0020537119868943143,
        "efolding_cycles": 486.9231938954743
      },
      "period_days": {
        "available": true,
        "window_cycles": 100,
        "window_start_period": 888.0,
        "window_end_period": 987.0,
        "first": 0.6316248808276874,
        "last": 0.6316223006845555,
        "median": 0.6316223177016298,
        "peak_to_peak": 2.9200194748835173e-06,
        "fractional_peak_to_peak": 4.623046705361821e-06,
        "slope_per_cycle": -2.2275841242662015e-08,
        "fractional_slope_per_cycle": -3.5267660148109004e-08,
        "log_slope_per_cycle": -3.526761221394003e-08,
        "efolding_cycles": null
      },
      "gamma": {
        "available": true,
        "window_cycles": 100,
        "window_start_period": 888.0,
        "window_end_period": 987.0,
        "first": 0.00412498518760474,
        "last": 0.004166224903879565,
        "median": 0.004145280885365944,
        "peak_to_peak": 4.1375423073333056e-05,
        "fractional_peak_to_peak": 0.009981331595501868,
        "slope_per_cycle": 4.306207256543119e-07,
        "fractional_slope_per_cycle": 0.00010388215842611033,
        "log_slope_per_cycle": 0.00010389056337474559,
        "efolding_cycles": 9625.513304734726
      },
      "max_vsurf_div_cs": {
        "available": true,
        "window_cycles": 100,
        "window_start_period": 888.0,
        "window_end_period": 987.0,
        "first": 0.2786,
        "last": 0.34548,
        "median": 0.30999,
        "peak_to_peak": 0.06688,
        "fractional_peak_to_peak": 0.2157488951256492,
        "slope_per_cycle": 0.0006749619561956195,
        "fractional_slope_per_cycle": 0.00217736687053008,
        "log_slope_per_cycle": 0.0021736599737436054,
        "efolding_cycles": 460.05355579039394
      }
    },
    "250": {
      "delta_r": {
        "available": true,
        "window_cycles": 250,
        "window_start_period": 738.0,
        "window_end_period": 987.0,
        "first": 0.03629857544965809,
        "last": 0.06041018557310718,
        "median": 0.0467885048521377,
        "peak_to_peak": 0.02411161012344909,
        "fractional_peak_to_peak": 0.5153319217967587,
        "slope_per_cycle": 9.63710407162404e-05,
        "fractional_slope_per_cycle": 0.0020597161850072956,
        "log_slope_per_cycle": 0.0020453781818843674,
        "efolding_cycles": 488.9071414063483
      },
      "period_days": {
        "available": true,
        "window_cycles": 250,
        "window_start_period": 738.0,
        "window_end_period": 987.0,
        "first": 0.631629509958266,
        "last": 0.6316223006845555,
        "median": 0.6316268344603789,
        "peak_to_peak": 7.549150053520748e-06,
        "fractional_peak_to_peak": 1.1951914709213158e-05,
        "slope_per_cycle": -3.986348332809026e-08,
        "fractional_slope_per_cycle": -6.311239667666596e-08,
        "log_slope_per_cycle": -6.311249401467615e-08,
        "efolding_cycles": null
      },
      "gamma": {
        "available": true,
        "window_cycles": 250,
        "window_start_period": 738.0,
        "window_end_period": 987.0,
        "first": 0.004083410561112928,
        "last": 0.004166224903879565,
        "median": 0.00411600165159786,
        "peak_to_peak": 8.556274496134431e-05,
        "fractional_peak_to_peak": 0.020787830570507246,
        "slope_per_cycle": 3.318633455138374e-07,
        "fractional_slope_per_cycle": 8.062760261162816e-05,
        "log_slope_per_cycle": 8.051692462274835e-05,
        "efolding_cycles": 12419.74907369315
      },
      "max_vsurf_div_cs": {
        "available": true,
        "window_cycles": 250,
        "window_start_period": 738.0,
        "window_end_period": 987.0,
        "first": 0.20244,
        "last": 0.34548,
        "median": 0.263815,
        "peak_to_peak": 0.14304,
        "fractional_peak_to_peak": 0.5421981312662282,
        "slope_per_cycle": 0.0005703320539528632,
        "fractional_slope_per_cycle": 0.0021618636315329422,
        "log_slope_per_cycle": 0.002143455499064383,
        "efolding_cycles": 466.5363943578485
      }
    },
    "500": {
      "delta_r": {
        "available": true,
        "window_cycles": 500,
        "window_start_period": 488.0,
        "window_end_period": 987.0,
        "first": 0.006519690679062329,
        "last": 0.06041018557310718,
        "median": 0.0362617510623644,
        "peak_to_peak": 0.05389049489404485,
        "fractional_peak_to_peak": 1.4861525799281408,
        "slope_per_cycle": 0.00011159269903626527,