{
  "generated_at": "2026-06-18T01:34:14.091912+00:00",
  "workspace": "<local-rre-root>/rsp_batch_runs",
  "model_id": "model_007",
  "run_name": "model_007_M0p6887_Z0p004060_T6669",
  "source": "cumulative:continue_saturation+continue_saturation_resume:LOGS_continue_saturation_resume_2180000",
  "source_kind": "history_exact_rsp_columns",
  "cycle_count": 1609,
  "first_period": 1.0,
  "last_period": 1609.0,
  "rolling_window": 100,
  "fits": {
    "50": {
      "delta_r": {
        "available": true,
        "window_cycles": 50,
        "window_start_period": 1560.0,
        "window_end_period": 1609.0,
        "first": 0.6073560899608008,
        "last": 0.6218804175288426,
        "median": 0.6153080330634415,
        "peak_to_peak": 0.014524327568041784,
        "fractional_peak_to_peak": 0.023604969848564042,
        "slope_per_cycle": 0.00029725640536979906,
        "fractional_slope_per_cycle": 0.0004831017789412646,
        "log_slope_per_cycle": 0.00048346228556058667,
        "efolding_cycles": 2068.4136692078782
      },
      "period_days": {
        "available": true,
        "window_cycles": 50,
        "window_start_period": 1560.0,
        "window_end_period": 1609.0,
        "first": 0.5572138105688134,
        "last": 0.557226893667787,
        "median": 0.5572318229964865,
        "peak_to_peak": 4.081255411381157e-05,
        "fractional_peak_to_peak": 7.324160686721746e-05,
        "slope_per_cycle": 3.538190553023469e-07,
        "fractional_slope_per_cycle": 6.349584512235903e-07,
        "log_slope_per_cycle": 6.349556152508598e-07,
        "efolding_cycles": 1574913.2316987505
      },
      "gamma": {
        "available": true,
        "window_cycles": 50,
        "window_start_period": 1560.0,
        "window_end_period": 1609.0,
        "first": 0.0009535517271541578,
        "last": 0.0005911103927056051,
        "median": 0.0007574285403460962,
        "peak_to_peak": 0.0003644042780771555,
        "fractional_peak_to_peak": 0.4811071390452836,
        "slope_per_cycle": -6.9357527372300725e-06,
        "fractional_slope_per_cycle": -0.009156973057895177,
        "log_slope_per_cycle": -0.009027762641974503,
        "efolding_cycles": null
      },
      "max_vsurf_div_cs": {
        "available": true,
        "window_cycles": 50,
        "window_start_period": 1562.0,
        "window_end_period": 1609.0,
        "first": 4.72111,
        "last": 4.82226,
        "median": 4.77461,
        "peak_to_peak": 0.10114999999999963,
        "fractional_peak_to_peak": 0.021184976364561636,
        "slope_per_cycle": 0.0021558206686930043,
        "fractional_slope_per_cycle": 0.00045151764619372144,
        "log_slope_per_cycle": 0.00045167694511942345,
        "efolding_cycles": 2213.971757481666
      }
    },
    "100": {
      "delta_r": {
        "available": true,
        "window_cycles": 100,
        "window_start_period": 1510.0,
        "window_end_period": 1609.0,
        "first": 0.5846772041536497,
        "last": 0.6218804175288426,
        "median": 0.6071080871671688,
        "peak_to_peak": 0.037203213375192945,
        "fractional_peak_to_peak": 0.06127939021334259,
        "slope_per_cycle": 0.0003731411833738528,
        "fractional_slope_per_cycle": 0.0006146206767150301,
        "log_slope_per_cycle": 0.0006171594344272954,
        "efolding_cycles": 1620.3268462191922
      },
      "period_days": {
        "available": true,
        "window_cycles": 100,
        "window_start_period": 1510.0,
        "window_end_period": 1609.0,
        "first": 0.5571813028235058,
        "last": 0.557226893667787,
        "median": 0.5572242117445503,
        "peak_to_peak": 8.810574619988465e-05,
        "fractional_peak_to_peak": 0.00015811543063436588,
        "slope_per_cycle": 5.369415723271671e-07,
        "fractional_slope_per_cycle": 9.636005776671431e-07,
        "log_slope_per_cycle": 9.636157416725785e-07,
        "efolding_cycles": 1037758.0572358316
      },
      "gamma": {
        "available": true,
        "window_cycles": 100,
        "window_start_period": 1510.0,
        "window_end_period": 1609.0,
        "first": 0.0014377648322998113,
        "last": 0.0005911103927056051,
        "median": 0.000956611604194206,
        "peak_to_peak": 0.0008466544395942063,
        "fractional_peak_to_peak": 0.8850555814732969,
        "slope_per_cycle": -8.271603953785713e-06,
        "fractional_slope_per_cycle": -0.008646773588695101,
        "log_slope_per_cycle": -0.008614253787872828,
        "efolding_cycles": null
      },
      "max_vsurf_div_cs": {
        "available": true,
        "window_cycles": 100,
        "window_start_period": 1562.0,
        "window_end_period": 1609.0,
        "first": 4.72111,
        "last": 4.82226,
        "median": 4.77461,
        "peak_to_peak": 0.10114999999999963,
        "fractional_peak_to_peak": 0.021184976364561636,
        "slope_per_cycle": 0.0021558206686930043,
        "fractional_slope_per_cycle": 0.00045151764619372144,
        "log_slope_per_cycle": 0.00045167694511942345,
        "efolding_cycles": 2213.971757481666
      }
    },
    "250": {
      "delta_r": {
        "available": true,
        "window_cycles": 250,
        "window_start_period": 1360.0,
        "window_end_period": 1609.0,
        "first": 0.4661389317287261,
        "last": 0.6218804175288426,
        "median": 0.5695368128255103,
        "peak_to_peak": 0.15574148580011649,
        "fractional_peak_to_peak": 0.27345288714081983,
        "slope_per_cycle": 0.0006309306440860521,
        "fractional_slope_per_cycle": 0.0011077960719623424,
        "log_slope_per_cycle": 0.0011445904957918633,
        "efolding_cycles": 873.6749113997919
      },
      "period_days": {
        "available": true,
        "window_cycles": 250,
        "window_start_period": 1360.0,
        "window_end_period": 1609.0,
        "first": 0.5569446111330763,
        "last": 0.557226893667787,
        "median": 0.5571320898266061,
        "peak_to_peak": 0.0005568297119398213,
        "fractional_peak_to_peak": 0.0009994572599706492,
        "slope_per_cycle": 1.4813101151057034e-06,
        "fractional_slope_per_cycle": 2.6588131291570826e-06,
        "log_slope_per_cycle": 2.6590036135818872e-06,
        "efolding_cycles": 376080.7224526187
      },
      "gamma": {
        "available": true,
        "window_cycles": 250,
        "window_start_period": 1360.0,
        "window_end_period": 1609.0,
        "first": 0.0034543226405275448,
        "last": 0.0005911103927056051,
        "median": 0.001744348732408261,
        "peak_to_peak": 0.0028632122478219396,
        "fractional_peak_to_peak": 1.6414219213316177,
        "slope_per_cycle": -1.188828341663871e-05,
        "fractional_slope_per_cycle": -0.006815313472453215,
        "log_slope_per_cycle": -0.007070768691555509,
        "efolding_cycles": null
      },
      "max_vsurf_div_cs": {
        "available": true,
        "window_cycles": 250,
        "window_start_period": 1562.0,
        "window_end_period": 1609.0,
        "first": 4.72111,
        "last": 4.82226,
        "median": 4.77461,
        "peak_to_peak": 0.10114999999999963,
        "fractional_peak_to_peak": 0.021184976364561636,
        "slope_per_cycle": 0.0021558206686930043,
        "fractional_slope_per_cycle": 0.00045151764619372144,
        "log_slope_per_cycle": 0.00045167694511942345,
        "efolding_cycles": 2213.971757481666
      }
    },
    "500": {
      "delta_r": {
        "available": true,
        "window_cycles": 500,
        "window_start_period": 1110.0,
        "window_end_period": 1609.0,
        "first": 0.2532475417214224,
        "last": 0.6218804175288426,
        "median": 0.4656300335683885,
        "peak_to_peak": 0.3693128478808889,