{
  "generated_at": "2026-06-17T16:42:16.324048+00:00",
  "workspace": "<local-rre-root>/rsp_batch_runs",
  "model_id": "model_008",
  "run_name": "model_008_M0p6151_Z0p0004406_T6792",
  "source": "cumulative:saturation+continue_saturation",
  "source_kind": "history_exact_rsp_columns",
  "cycle_count": 1534,
  "first_period": 1.0,
  "last_period": 1534.0,
  "rolling_window": 100,
  "fits": {
    "50": {
      "delta_r": {
        "available": true,
        "window_cycles": 50,
        "window_start_period": 1485.0,
        "window_end_period": 1534.0,
        "first": 0.04899274238798412,
        "last": 0.05416683681704271,
        "median": 0.051512637986278254,
        "peak_to_peak": 0.005174094429058584,
        "fractional_peak_to_peak": 0.10044320445085418,
        "slope_per_cycle": 0.00010556708136020103,
        "fractional_slope_per_cycle": 0.002049343335674667,
        "log_slope_per_cycle": 0.002048746744500819,
        "efolding_cycles": 488.10327712986896
      },
      "period_days": {
        "available": true,
        "window_cycles": 50,
        "window_start_period": 1485.0,
        "window_end_period": 1534.0,
        "first": 0.6316251241581308,
        "last": 0.631622216342086,
        "median": 0.6316232869212723,
        "peak_to_peak": 3.014915036403387e-06,
        "fractional_peak_to_peak": 4.773280369536433e-06,
        "slope_per_cycle": -6.208269103658802e-08,
        "fractional_slope_per_cycle": -9.829069371270064e-08,
        "log_slope_per_cycle": -9.829065930494705e-08,
        "efolding_cycles": null
      },
      "gamma": {
        "available": true,
        "window_cycles": 50,
        "window_start_period": 1485.0,
        "window_end_period": 1534.0,
        "first": 0.004124134420319902,
        "last": 0.004144105690218586,
        "median": 0.004132605967258665,
        "peak_to_peak": 2.1030991703095518e-05,
        "fractional_peak_to_peak": 0.0050890387009353034,
        "slope_per_cycle": 4.1012743556996656e-07,
        "fractional_slope_per_cycle": 9.92418437226479e-05,
        "log_slope_per_cycle": 9.922854092488948e-05,
        "efolding_cycles": 10077.745683643023
      },
      "max_vsurf_div_cs": {
        "available": true,
        "window_cycles": 50,
        "window_start_period": 1485.0,
        "window_end_period": 1534.0,
        "first": 0.27682,
        "last": 0.30764,
        "median": 0.291765,
        "peak_to_peak": 0.030820000000000014,
        "fractional_peak_to_peak": 0.10563295803129236,
        "slope_per_cycle": 0.0006286780312124849,
        "fractional_slope_per_cycle": 0.002154741080021541,
        "log_slope_per_cycle": 0.0021538464926418436,
        "efolding_cycles": 464.28564125451203
      }
    },
    "100": {
      "delta_r": {
        "available": true,
        "window_cycles": 100,
        "window_start_period": 1435.0,
        "window_end_period": 1534.0,
        "first": 0.04423085420438433,
        "last": 0.05416683681704271,
        "median": 0.04894266109578238,
        "peak_to_peak": 0.009935982612658378,
        "fractional_peak_to_peak": 0.2030127171306304,
        "slope_per_cycle": 0.00010028323735766074,
        "fractional_slope_per_cycle": 0.002048994376529776,
        "log_slope_per_cycle": 0.002046741350630936,
        "efolding_cycles": 488.5815199325192
      },
      "period_days": {
        "available": true,
        "window_cycles": 100,
        "window_start_period": 1435.0,
        "window_end_period": 1534.0,
        "first": 0.6316282695695689,
        "last": 0.631622216342086,
        "median": 0.6316251628370784,
        "peak_to_peak": 6.160326474491384e-06,
        "fractional_peak_to_peak": 9.753136570463678e-06,
        "slope_per_cycle": -6.833198512067422e-08,
        "fractional_slope_per_cycle": -1.0818439343636441e-07,
        "log_slope_per_cycle": -1.0818439120634891e-07,
        "efolding_cycles": null
      },
      "gamma": {
        "available": true,
        "window_cycles": 100,
        "window_start_period": 1435.0,
        "window_end_period": 1534.0,
        "first": 0.0041084461642894275,
        "last": 0.004144105690218586,
        "median": 0.00412287278614978,
        "peak_to_peak": 3.625954099818578e-05,
        "fractional_peak_to_peak": 0.008794727094174401,
        "slope_per_cycle": 3.4858908808844263e-07,
        "fractional_slope_per_cycle": 8.455004705929306e-05,
        "log_slope_per_cycle": 8.450848229115228e-05,
        "efolding_cycles": 11833.131691499993
      },
      "max_vsurf_div_cs": {
        "available": true,
        "window_cycles": 100,
        "window_start_period": 1435.0,
        "window_end_period": 1534.0,
        "first": 0.24877,
        "last": 0.30764,
        "median": 0.276525,
        "peak_to_peak": 0.05887000000000003,
        "fractional_peak_to_peak": 0.21289214356748948,
        "slope_per_cycle": 0.0005936444044404441,
        "fractional_slope_per_cycle": 0.002146801932702085,
        "log_slope_per_cycle": 0.002143787694594228,
        "efolding_cycles": 466.4641011428504
      }
    },
    "250": {
      "delta_r": {
        "available": true,
        "window_cycles": 250,
        "window_start_period": 1285.0,
        "window_end_period": 1534.0,
        "first": 0.032598389764177504,
        "last": 0.05416683681704271,
        "median": 0.0419864166114432,
        "peak_to_peak": 0.021568447052865203,
        "fractional_peak_to_peak": 0.5137005916095927,
        "slope_per_cycle": 8.62383112869335e-05,
        "fractional_slope_per_cycle": 0.0020539574044866134,
        "log_slope_per_cycle": 0.0020396377261862083,
        "efolding_cycles": 490.2831454632082
      },
      "period_days": {
        "available": true,
        "window_cycles": 250,
        "window_start_period": 1285.0,
        "window_end_period": 1534.0,
        "first": 0.6316308917562236,
        "last": 0.631622216342086,
        "median": 0.6316290516750369,
        "peak_to_peak": 8.782513129190761e-06,
        "fractional_peak_to_peak": 1.3904542715222073e-05,
        "slope_per_cycle": -3.1965604042415005e-08,
        "fractional_slope_per_cycle": -5.060819156060732e-08,
        "log_slope_per_cycle": -5.060836425533869e-08,
        "efolding_cycles": null
      },
      "gamma": {
        "available": true,
        "window_cycles": 250,
        "window_start_period": 1285.0,
        "window_end_period": 1534.0,
        "first": 0.004069217067647317,
        "last": 0.004144105690218586,
        "median": 0.0041010192820273034,
        "peak_to_peak": 7.559758815862093e-05,
        "fractional_peak_to_peak": 0.018433853381262306,
        "slope_per_cycle": 2.8358726010641897e-07,
        "fractional_slope_per_cycle": 6.915043324698294e-05,
        "log_slope_per_cycle": 6.909998501184437e-05,
        "efolding_cycles": 14471.783167949903
      },
      "max_vsurf_div_cs": {
        "available": true,
        "window_cycles": 250,
        "window_start_period": 1285.0,
        "window_end_period": 1534.0,
        "first": 0.18108,
        "last": 0.30764,
        "median": 0.23560999999999999,
        "peak_to_peak": 0.12656000000000003,
        "fractional_peak_to_peak": 0.5371588642247784,
        "slope_per_cycle": 0.0005054794604713675,
        "fractional_slope_per_cycle": 0.0021454074974380016,
        "log_slope_per_cycle": 0.0021282504871018002,
        "efolding_cycles": 469.8695036418273
      }
    },
    "500": {
      "delta_r": {
        "available": true,
        "window_cycles": 500,
        "window_start_period": 1035.0,
        "window_end_period": 1534.0,
        "first": 0.019660603374948238,
        "last": 0.05416683681704271,
        "median": 0.03256538992978397,
        "peak_to_peak": 0.03450623344209447,