{
  "generated_at": "2026-06-19T15:50:30.560681+00:00",
  "workspace": "<local-rre-root>/rsp_batch_runs",
  "model_id": "model_008",
  "run_name": "model_008_M0p6151_Z0p0004406_T6792",
  "source": "cumulative:saturation+continue_saturation+continue_saturation_resume:LOGS_continue_saturation_resume_1620000",
  "source_kind": "history_exact_rsp_columns",
  "cycle_count": 1161,
  "first_period": 1.0,
  "last_period": 1161.0,
  "rolling_window": 100,
  "fits": {
    "50": {
      "delta_r": {
        "available": true,
        "window_cycles": 50,
        "window_start_period": 1112.0,
        "window_end_period": 1161.0,
        "first": 0.07826494287187291,
        "last": 0.0866919973454241,
        "median": 0.08236824422393729,
        "peak_to_peak": 0.008427054473551188,
        "fractional_peak_to_peak": 0.10230950717657977,
        "slope_per_cycle": 0.0001719633295843682,
        "fractional_slope_per_cycle": 0.002087738195764447,
        "log_slope_per_cycle": 0.002087132586649752,
        "efolding_cycles": 479.12624545103375
      },
      "period_days": {
        "available": true,
        "window_cycles": 50,
        "window_start_period": 1112.0,
        "window_end_period": 1161.0,
        "first": 0.6316196300184216,
        "last": 0.6316183928641732,
        "median": 0.6316201937224508,
        "peak_to_peak": 3.3916343279427608e-06,
        "fractional_peak_to_peak": 5.369737005959513e-06,
        "slope_per_cycle": -3.811481497490894e-08,
        "fractional_slope_per_cycle": -6.034451614075138e-08,
        "log_slope_per_cycle": -6.034459996475184e-08,
        "efolding_cycles": null
      },
      "gamma": {
        "available": true,
        "window_cycles": 50,
        "window_start_period": 1112.0,
        "window_end_period": 1161.0,
        "first": 0.0042304921923904185,
        "last": 0.004257063151268487,
        "median": 0.004243235322525161,
        "peak_to_peak": 2.657095887806816e-05,
        "fractional_peak_to_peak": 0.006261957411840102,
        "slope_per_cycle": 5.340928650437203e-07,
        "fractional_slope_per_cycle": 0.00012586925410629365,
        "log_slope_per_cycle": 0.00012585645191311404,
        "efolding_cycles": 7945.560078956919
      },
      "max_vsurf_div_cs": {
        "available": true,
        "window_cycles": 50,
        "window_start_period": 1112.0,
        "window_end_period": 1161.0,
        "first": 0.45648,
        "last": 0.51075,
        "median": 0.48287500000000005,
        "peak_to_peak": 0.05427000000000004,
        "fractional_peak_to_peak": 0.11238933471395296,
        "slope_per_cycle": 0.0011074641056422574,
        "fractional_slope_per_cycle": 0.002293479897783603,
        "log_slope_per_cycle": 0.0022928011952923666,
        "efolding_cycles": 436.1477140073128
      }
    },
    "100": {
      "delta_r": {
        "available": true,
        "window_cycles": 100,
        "window_start_period": 1062.0,
        "window_end_period": 1161.0,
        "first": 0.07054611227225394,
        "last": 0.0866919973454241,
        "median": 0.07818350875486102,
        "peak_to_peak": 0.016145885073170163,
        "fractional_peak_to_peak": 0.20651266910768187,
        "slope_per_cycle": 0.0001629949372353904,
        "fractional_slope_per_cycle": 0.0020847738843040383,
        "log_slope_per_cycle": 0.002082175431471647,
        "efolding_cycles": 480.26692894614393
      },
      "period_days": {
        "available": true,
        "window_cycles": 100,
        "window_start_period": 1062.0,
        "window_end_period": 1161.0,
        "first": 0.6316164217699595,
        "last": 0.6316183928641732,
        "median": 0.6316189507829646,
        "peak_to_peak": 4.4000919701137065e-06,
        "fractional_peak_to_peak": 6.966371044851147e-06,
        "slope_per_cycle": 4.1005725342580244e-08,
        "fractional_slope_per_cycle": 6.492161973884557e-08,
        "log_slope_per_cycle": 6.492168695696682e-08,
        "efolding_cycles": 15403173.37506722
      },
      "gamma": {
        "available": true,
        "window_cycles": 100,
        "window_start_period": 1062.0,
        "window_end_period": 1161.0,
        "first": 0.004202048202390497,
        "last": 0.004257063151268487,
        "median": 0.004230333532395632,
        "peak_to_peak": 5.501494887799e-05,
        "fractional_peak_to_peak": 0.013004872655238394,
        "slope_per_cycle": 5.438604873155863e-07,
        "fractional_slope_per_cycle": 0.0001285620821977124,
        "log_slope_per_cycle": 0.0001285805605808272,
        "efolding_cycles": 7777.225386814119
      },
      "max_vsurf_div_cs": {
        "available": true,
        "window_cycles": 100,
        "window_start_period": 1062.0,
        "window_end_period": 1161.0,
        "first": 0.40762,
        "last": 0.51075,
        "median": 0.45596000000000003,
        "peak_to_peak": 0.10313000000000005,
        "fractional_peak_to_peak": 0.22618212123870526,
        "slope_per_cycle": 0.0010425540354035406,
        "fractional_slope_per_cycle": 0.0022865032796814204,
        "log_slope_per_cycle": 0.0022825578932814585,
        "efolding_cycles": 438.1049886810874
      }
    },
    "250": {
      "delta_r": {
        "available": true,
        "window_cycles": 250,
        "window_start_period": 912.0,
        "window_end_period": 1161.0,
        "first": 0.0517771842454291,
        "last": 0.0866919973454241,
        "median": 0.06691831619421151,
        "peak_to_peak": 0.034914813099995,
        "fractional_peak_to_peak": 0.5217527141397972,
        "slope_per_cycle": 0.00013953543749290953,
        "fractional_slope_per_cycle": 0.0020851606171312996,
        "log_slope_per_cycle": 0.002069856836826288,
        "efolding_cycles": 483.1252008391557
      },
      "period_days": {
        "available": true,
        "window_cycles": 250,
        "window_start_period": 912.0,
        "window_end_period": 1161.0,
        "first": 0.6316231324673733,
        "last": 0.6316183928641732,
        "median": 0.631620429661125,
        "peak_to_peak": 6.815865118414699e-06,
        "fractional_peak_to_peak": 1.0791077676305572e-05,
        "slope_per_cycle": -1.900437531580547e-08,
        "fractional_slope_per_cycle": -3.0088284709222654e-08,
        "log_slope_per_cycle": -3.0088288761481194e-08,
        "efolding_cycles": null
      },
      "gamma": {
        "available": true,
        "window_cycles": 250,
        "window_start_period": 912.0,
        "window_end_period": 1161.0,
        "first": 0.0041338379368185095,
        "last": 0.004257063151268487,
        "median": 0.004188833954044777,
        "peak_to_peak": 0.00012373555061074952,
        "fractional_peak_to_peak": 0.02953937825376662,
        "slope_per_cycle": 4.975090510156685e-07,
        "fractional_slope_per_cycle": 0.00011877029657269399,
        "log_slope_per_cycle": 0.00011864115185428081,
        "efolding_cycles": 8428.778584586187
      },
      "max_vsurf_div_cs": {
        "available": true,
        "window_cycles": 250,
        "window_start_period": 1018.0,
        "window_end_period": 1161.0,
        "first": 0.36986,
        "last": 0.51075,
        "median": 0.43364,
        "peak_to_peak": 0.14089000000000002,
        "fractional_peak_to_peak": 0.3249008394059589,
        "slope_per_cycle": 0.0009844697974439355,
        "fractional_slope_per_cycle": 0.0022702467425605006,
        "log_slope_per_cycle": 0.0022607797620256215,
        "efolding_cycles": 442.3252617512891
      }
    },
    "500": {
      "delta_r": {
        "available": true,
        "window_cycles": 500,
        "window_start_period": 662.0,
        "window_end_period": 1161.0,
        "first": 0.031114565270200956,
        "last": 0.0866919973454241,
        "median": 0.05172418548909752,
        "peak_to_peak": 0.05557743207522314,
        "fractional_peak_to_peak": 1.0744960321692802,
        "slope_per_cycle": 0.00010926293777517134,
        "fractional_slope_per_cycle": 0.0021124148547143756,