{
  "generated_at": "2026-06-17T17:18:25.337092+00:00",
  "workspace": "<local-rre-root>/rsp_batch_runs",
  "model_id": "model_008",
  "run_name": "model_008_M0p6151_Z0p0004406_T6792",
  "source": "cumulative:saturation+continue_saturation",
  "source_kind": "history_exact_rsp_columns",
  "cycle_count": 1538,
  "first_period": 1.0,
  "last_period": 1538.0,
  "rolling_window": 100,
  "fits": {
    "50": {
      "delta_r": {
        "available": true,
        "window_cycles": 50,
        "window_start_period": 1489.0,
        "window_end_period": 1538.0,
        "first": 0.049395480007832226,
        "last": 0.05461349687889516,
        "median": 0.05193662683551681,
        "peak_to_peak": 0.005218016871062936,
        "fractional_peak_to_peak": 0.10046892124104218,
        "slope_per_cycle": 0.00010646524589581209,
        "fractional_slope_per_cycle": 0.0020499068265058358,
        "log_slope_per_cycle": 0.0020493079173685125,
        "efolding_cycles": 487.9696172179367
      },
      "period_days": {
        "available": true,
        "window_cycles": 50,
        "window_start_period": 1489.0,
        "window_end_period": 1538.0,
        "first": 0.6316247990398013,
        "last": 0.6316220145879521,
        "median": 0.631623044946162,
        "peak_to_peak": 2.7844518492026182e-06,
        "fractional_peak_to_peak": 4.408407627748855e-06,
        "slope_per_cycle": -5.7155519667583215e-08,
        "fractional_slope_per_cycle": -9.048992136196521e-08,
        "log_slope_per_cycle": -9.048988641602253e-08,
        "efolding_cycles": null
      },
      "gamma": {
        "available": true,
        "window_cycles": 50,
        "window_start_period": 1489.0,
        "window_end_period": 1538.0,
        "first": 0.0041248494808062315,
        "last": 0.004145396078458192,
        "median": 0.004133934267791418,
        "peak_to_peak": 2.0546597651960666e-05,
        "fractional_peak_to_peak": 0.0049702284363940365,
        "slope_per_cycle": 4.2274998420089074e-07,
        "fractional_slope_per_cycle": 0.00010226335418408762,
        "log_slope_per_cycle": 0.00010224266531310719,
        "efolding_cycles": 9780.652694622224
      },
      "max_vsurf_div_cs": {
        "available": true,
        "window_cycles": 50,
        "window_start_period": 1489.0,
        "window_end_period": 1538.0,
        "first": 0.2792,
        "last": 0.31033,
        "median": 0.294295,
        "peak_to_peak": 0.03112999999999999,
        "fractional_peak_to_peak": 0.10577821573591123,
        "slope_per_cycle": 0.0006348979591836732,
        "fractional_slope_per_cycle": 0.0021573521778612387,
        "log_slope_per_cycle": 0.002156466555995496,
        "efolding_cycles": 463.72154356846363
      }
    },
    "100": {
      "delta_r": {
        "available": true,
        "window_cycles": 100,
        "window_start_period": 1439.0,
        "window_end_period": 1538.0,
        "first": 0.04459389935299285,
        "last": 0.05461349687889516,
        "median": 0.049344980801091065,
        "peak_to_peak": 0.010019597525902313,
        "fractional_peak_to_peak": 0.20305200981415256,
        "slope_per_cycle": 0.00010112545706848948,
        "fractional_slope_per_cycle": 0.002049356498407098,
        "log_slope_per_cycle": 0.0020470948000395678,
        "efolding_cycles": 488.4971619197466
      },
      "period_days": {
        "available": true,
        "window_cycles": 100,
        "window_start_period": 1439.0,
        "window_end_period": 1538.0,
        "first": 0.6316281170560116,
        "last": 0.6316220145879521,
        "median": 0.6316248399337443,
        "peak_to_peak": 6.102468059543398e-06,
        "fractional_peak_to_peak": 9.661539055657675e-06,
        "slope_per_cycle": -6.776129141859839e-08,
        "fractional_slope_per_cycle": -1.0728091603507291e-07,
        "log_slope_per_cycle": -1.0728089188274797e-07,
        "efolding_cycles": null
      },
      "gamma": {
        "available": true,
        "window_cycles": 100,
        "window_start_period": 1439.0,
        "window_end_period": 1538.0,
        "first": 0.00411042567516382,
        "last": 0.004145396078458192,
        "median": 0.004124917334205486,
        "peak_to_peak": 3.6043623794166854e-05,
        "fractional_peak_to_peak": 0.00873802330419534,
        "slope_per_cycle": 3.5750008265253634e-07,
        "fractional_slope_per_cycle": 8.66684235555464e-05,
        "log_slope_per_cycle": 8.663794428720558e-05,
        "efolding_cycles": 11542.286791627821
      },
      "max_vsurf_div_cs": {
        "available": true,
        "window_cycles": 100,
        "window_start_period": 1439.0,
        "window_end_period": 1538.0,
        "first": 0.25091,
        "last": 0.31033,
        "median": 0.27890000000000004,
        "peak_to_peak": 0.05941999999999997,
        "fractional_peak_to_peak": 0.21305127285765496,
        "slope_per_cycle": 0.0005992021002100209,
        "fractional_slope_per_cycle": 0.0021484478315167473,
        "log_slope_per_cycle": 0.002145326660587715,
        "efolding_cycles": 466.12947965977764
      }
    },
    "250": {
      "delta_r": {
        "available": true,
        "window_cycles": 250,
        "window_start_period": 1289.0,
        "window_end_period": 1538.0,
        "first": 0.03286374765380895,
        "last": 0.05461349687889516,
        "median": 0.042330614227014784,
        "peak_to_peak": 0.021749749225086212,
        "fractional_peak_to_peak": 0.5138066059813003,
        "slope_per_cycle": 8.69626470669455e-05,
        "fractional_slope_per_cycle": 0.002054367711287478,
        "log_slope_per_cycle": 0.0020400562605845736,
        "efolding_cycles": 490.1825598248218
      },
      "period_days": {
        "available": true,
        "window_cycles": 250,
        "window_start_period": 1289.0,
        "window_end_period": 1538.0,
        "first": 0.631630734312693,
        "last": 0.6316220145879521,
        "median": 0.6316289858356188,
        "peak_to_peak": 8.719724740924306e-06,
        "fractional_peak_to_peak": 1.3805137092289194e-05,
        "slope_per_cycle": -3.2913430740320345e-08,
        "fractional_slope_per_cycle": -5.210880355146661e-08,
        "log_slope_per_cycle": -5.2108987646273175e-08,
        "efolding_cycles": null
      },
      "gamma": {
        "available": true,
        "window_cycles": 250,
        "window_start_period": 1289.0,
        "window_end_period": 1538.0,
        "first": 0.004072573269434283,
        "last": 0.004145396078458192,
        "median": 0.004102355083737526,
        "peak_to_peak": 7.688797639822734e-05,
        "fractional_peak_to_peak": 0.01874239914117262,
        "slope_per_cycle": 2.8675336886114974e-07,
        "fractional_slope_per_cycle": 6.989969493325717e-05,
        "log_slope_per_cycle": 6.984942728959993e-05,
        "efolding_cycles": 14316.509652311675
      },
      "max_vsurf_div_cs": {
        "available": true,
        "window_cycles": 250,
        "window_start_period": 1289.0,
        "window_end_period": 1538.0,
        "first": 0.18261,
        "last": 0.31033,
        "median": 0.237625,
        "peak_to_peak": 0.12772,
        "fractional_peak_to_peak": 0.5374855339295108,
        "slope_per_cycle": 0.0005100443488695818,
        "fractional_slope_per_cycle": 0.0021464254555269096,
        "log_slope_per_cycle": 0.00212923758879986,
        "efolding_cycles": 469.65167497519514
      }
    },
    "500": {
      "delta_r": {
        "available": true,
        "window_cycles": 500,
        "window_start_period": 1039.0,
        "window_end_period": 1538.0,
        "first": 0.019819935566588676,
        "last": 0.05461349687889516,
        "median": 0.03283047571863351,
        "peak_to_peak": 0.03479356131230649,
        "fractional_peak_to_peak": 1.0597946131057367,