{
  "generated_at": "2026-06-18T05:11:51.873098+00:00",
  "workspace": "<local-rre-root>/rsp_batch_runs",
  "model_id": "model_007",
  "run_name": "model_007_M0p6887_Z0p004060_T6669",
  "source": "cumulative:continue_saturation+continue_saturation_resume:LOGS_continue_saturation_resume_2180000",
  "source_kind": "history_exact_rsp_columns",
  "cycle_count": 1623,
  "first_period": 1.0,
  "last_period": 1623.0,
  "rolling_window": 100,
  "fits": {
    "50": {
      "delta_r": {
        "available": true,
        "window_cycles": 50,
        "window_start_period": 1574.0,
        "window_end_period": 1623.0,
        "first": 0.6121666408164925,
        "last": 0.6248355687667093,
        "median": 0.6193089817671336,
        "peak_to_peak": 0.012707081350357363,
        "fractional_peak_to_peak": 0.020518160925260653,
        "slope_per_cycle": 0.0002623315719692773,
        "fractional_slope_per_cycle": 0.00042358754626929765,
        "log_slope_per_cycle": 0.00042395217161765694,
        "efolding_cycles": 2358.7566403642677
      },
      "period_days": {
        "available": true,
        "window_cycles": 50,
        "window_start_period": 1574.0,
        "window_end_period": 1623.0,
        "first": 0.5572249827963404,
        "last": 0.5572612789849303,
        "median": 0.5572357060558473,
        "peak_to_peak": 4.287866306396104e-05,
        "fractional_peak_to_peak": 7.694887925875959e-05,
        "slope_per_cycle": 3.409852962095375e-07,
        "fractional_slope_per_cycle": 6.119229125194703e-07,
        "log_slope_per_cycle": 6.119171471836624e-07,
        "efolding_cycles": 1634208.167890836
      },
      "gamma": {
        "available": true,
        "window_cycles": 50,
        "window_start_period": 1574.0,
        "window_end_period": 1623.0,
        "first": 0.000838090728412208,
        "last": 0.0005398855656944734,
        "median": 0.0006835756130568943,
        "peak_to_peak": 0.00030818005638380335,
        "fractional_peak_to_peak": 0.4508353582212322,
        "slope_per_cycle": -6.191212341476249e-06,
        "fractional_slope_per_cycle": -0.009057099497434752,
        "log_slope_per_cycle": -0.009219459904772975,
        "efolding_cycles": null
      },
      "max_vsurf_div_cs": {
        "available": true,
        "window_cycles": 50,
        "window_start_period": 1574.0,
        "window_end_period": 1623.0,
        "first": 4.7504,
        "last": 4.84317,
        "median": 4.803184999999999,
        "peak_to_peak": 0.09433000000000025,
        "fractional_peak_to_peak": 0.019639052004034877,
        "slope_per_cycle": 0.0019507154861944757,
        "fractional_slope_per_cycle": 0.0004061295757282878,
        "log_slope_per_cycle": 0.0004065052890887161,
        "efolding_cycles": 2459.9925925730304
      }
    },
    "100": {
      "delta_r": {
        "available": true,
        "window_cycles": 100,
        "window_start_period": 1524.0,
        "window_end_period": 1623.0,
        "first": 0.591898393476125,
        "last": 0.6248355687667093,
        "median": 0.6119542870891004,
        "peak_to_peak": 0.03297532869072484,
        "fractional_peak_to_peak": 0.053885280953875625,
        "slope_per_cycle": 0.0003316934969865936,
        "fractional_slope_per_cycle": 0.0005420233242655576,
        "log_slope_per_cycle": 0.0005440515729025771,
        "efolding_cycles": 1838.06104017839
      },
      "period_days": {
        "available": true,
        "window_cycles": 100,
        "window_start_period": 1524.0,
        "window_end_period": 1623.0,
        "first": 0.5571989092079026,
        "last": 0.5572612789849303,
        "median": 0.5572293535879538,
        "peak_to_peak": 6.748624784114199e-05,
        "fractional_peak_to_peak": 0.00012111036040474827,
        "slope_per_cycle": 4.4158347227993593e-07,
        "fractional_slope_per_cycle": 7.924626896207395e-07,
        "log_slope_per_cycle": 7.92468542894315e-07,
        "efolding_cycles": 1261879.7414314044
      },
      "gamma": {
        "available": true,
        "window_cycles": 100,
        "window_start_period": 1524.0,
        "window_end_period": 1623.0,
        "first": 0.0012821442254169408,
        "last": 0.0005398855656944734,
        "median": 0.000844773758392658,
        "peak_to_peak": 0.0007522335533885361,
        "fractional_peak_to_peak": 0.8904556349143739,
        "slope_per_cycle": -7.48724072778244e-06,
        "fractional_slope_per_cycle": -0.008863012911324724,
        "log_slope_per_cycle": -0.00882705570207757,
        "efolding_cycles": null
      },
      "max_vsurf_div_cs": {
        "available": true,
        "window_cycles": 100,
        "window_start_period": 1562.0,
        "window_end_period": 1623.0,
        "first": 4.72111,
        "last": 4.84317,
        "median": 4.789195,
        "peak_to_peak": 0.12361999999999984,
        "fractional_peak_to_peak": 0.025812271164569377,
        "slope_per_cycle": 0.002037779204754347,
        "fractional_slope_per_cycle": 0.0004254951416165654,
        "log_slope_per_cycle": 0.0004258321010297466,
        "efolding_cycles": 2348.3433906974165
      }
    },
    "250": {
      "delta_r": {
        "available": true,
        "window_cycles": 250,
        "window_start_period": 1374.0,
        "window_end_period": 1623.0,
        "first": 0.4795491470897719,
        "last": 0.6248355687667093,
        "median": 0.5781585342084226,
        "peak_to_peak": 0.14532457507707797,
        "fractional_peak_to_peak": 0.25135765794073595,
        "slope_per_cycle": 0.0005857165391570103,
        "fractional_slope_per_cycle": 0.001013072547582361,
        "log_slope_per_cycle": 0.0010461160097096087,
        "efolding_cycles": 955.9169257696285
      },
      "period_days": {
        "available": true,
        "window_cycles": 250,
        "window_start_period": 1374.0,
        "window_end_period": 1623.0,
        "first": 0.5569722453953215,
        "last": 0.5572612789849303,
        "median": 0.5571686245818381,
        "peak_to_peak": 0.0005568297119398213,
        "fractional_peak_to_peak": 0.0009993917233902553,
        "slope_per_cycle": 1.4949346012496057e-06,
        "fractional_slope_per_cycle": 2.6830918599760932e-06,
        "log_slope_per_cycle": 2.6834520700594454e-06,
        "efolding_cycles": 372654.31760733755
      },
      "gamma": {
        "available": true,
        "window_cycles": 250,
        "window_start_period": 1374.0,
        "window_end_period": 1623.0,
        "first": 0.0032699995616087526,
        "last": 0.0005398855656944734,
        "median": 0.0015719994820577131,
        "peak_to_peak": 0.0027400888895803477,
        "fractional_peak_to_peak": 1.7430596643668297,
        "slope_per_cycle": -1.1354024275718636e-05,
        "fractional_slope_per_cycle": -0.0072226641327238,
        "log_slope_per_cycle": -0.007391321442730871,
        "efolding_cycles": null
      },
      "max_vsurf_div_cs": {
        "available": true,
        "window_cycles": 250,
        "window_start_period": 1562.0,
        "window_end_period": 1623.0,
        "first": 4.72111,
        "last": 4.84317,
        "median": 4.789195,
        "peak_to_peak": 0.12361999999999984,
        "fractional_peak_to_peak": 0.025812271164569377,
        "slope_per_cycle": 0.002037779204754347,
        "fractional_slope_per_cycle": 0.0004254951416165654,
        "log_slope_per_cycle": 0.0004258321010297466,
        "efolding_cycles": 2348.3433906974165
      }
    },
    "500": {
      "delta_r": {
        "available": true,
        "window_cycles": 500,
        "window_start_period": 1124.0,
        "window_end_period": 1623.0,
        "first": 0.2613221343218637,
        "last": 0.6248355687667093,
        "median": 0.47906480966726006,
        "peak_to_peak": 0.3635515878449862,