{
  "generated_at": "2026-06-19T20:06:24.670909+00:00",
  "workspace": "<local-rre-root>/rsp_batch_runs",
  "model_id": "model_009",
  "run_name": "model_009_M0p6668_Z0p0001120_T6852",
  "source": "cumulative:saturation+saturation_resume:LOGS_saturation_resume_130000",
  "source_kind": "history_exact_rsp_columns",
  "cycle_count": 300,
  "first_period": 1.0,
  "last_period": 300.0,
  "rolling_window": 100,
  "fits": {
    "50": {
      "delta_r": {
        "available": true,
        "window_cycles": 50,
        "window_start_period": 251.0,
        "window_end_period": 300.0,
        "first": 0.003638456076968666,
        "last": 0.0044973921047954946,
        "median": 0.004098772582210142,
        "peak_to_peak": 0.0010698691198420818,
        "fractional_peak_to_peak": 0.26102182992187056,
        "slope_per_cycle": 1.203133960118123e-05,
        "fractional_slope_per_cycle": 0.002935351830301765,
        "log_slope_per_cycle": 0.002880491888141032,
        "efolding_cycles": 347.16292870568185
      },
      "period_days": {
        "available": true,
        "window_cycles": 50,
        "window_start_period": 251.0,
        "window_end_period": 300.0,
        "first": 0.5140361523751118,
        "last": 0.49291186704990214,
        "median": 0.5003573177962378,
        "peak_to_peak": 0.030867940813768646,
        "fractional_peak_to_peak": 0.06169179447544145,
        "slope_per_cycle": -3.9869137846038614e-05,
        "fractional_slope_per_cycle": -7.96813325757627e-05,
        "log_slope_per_cycle": -7.927425855578191e-05,
        "efolding_cycles": null
      },
      "gamma": {
        "available": true,
        "window_cycles": 50,
        "window_start_period": 251.0,
        "window_end_period": 300.0,
        "first": 0.00837304466136665,
        "last": 0.0039757983050347735,
        "median": 0.004923521846268758,
        "peak_to_peak": 0.005525054268201901,
        "fractional_peak_to_peak": 1.1221752316157607,
        "slope_per_cycle": -6.216400455741362e-06,
        "fractional_slope_per_cycle": -0.0012625922357696856,
        "log_slope_per_cycle": -0.0013325396765060766,
        "efolding_cycles": null
      },
      "max_vsurf_div_cs": {
        "available": true,
        "window_cycles": 50,
        "window_start_period": 251.0,
        "window_end_period": 300.0,
        "first": 0.02388,
        "last": 0.03113,
        "median": 0.02841,
        "peak_to_peak": 0.009430000000000001,
        "fractional_peak_to_peak": 0.3319253783878916,
        "slope_per_cycle": 8.529171668667468e-05,
        "fractional_slope_per_cycle": 0.0030021723578554974,
        "log_slope_per_cycle": 0.0029729852520328486,
        "efolding_cycles": 336.36224711045116
      }
    },
    "100": {
      "delta_r": {
        "available": true,
        "window_cycles": 100,
        "window_start_period": 201.0,
        "window_end_period": 300.0,
        "first": 0.003258386189281204,
        "last": 0.0044973921047954946,
        "median": 0.00395540025084129,
        "peak_to_peak": 0.0014508777240447301,
        "fractional_peak_to_peak": 0.3668093320609304,
        "slope_per_cycle": 1.0830365736436943e-05,
        "fractional_slope_per_cycle": 0.0027381213150637256,
        "log_slope_per_cycle": 0.00276871799522563,
        "efolding_cycles": 361.17798985826556
      },
      "period_days": {
        "available": true,
        "window_cycles": 100,
        "window_start_period": 201.0,
        "window_end_period": 300.0,
        "first": 0.5041694508926702,
        "last": 0.49291186704990214,
        "median": 0.5018674242341055,
        "peak_to_peak": 0.030867940813768646,
        "fractional_peak_to_peak": 0.061506165419833496,
        "slope_per_cycle": -7.932511884681525e-06,
        "fractional_slope_per_cycle": -1.5805990788876658e-05,
        "log_slope_per_cycle": -1.6210164605263595e-05,
        "efolding_cycles": null
      },
      "gamma": {
        "available": true,
        "window_cycles": 100,
        "window_start_period": 201.0,
        "window_end_period": 300.0,
        "first": 0.00625640269749125,
        "last": 0.0039757983050347735,
        "median": 0.005034432753311212,
        "peak_to_peak": 0.005525054268201901,
        "fractional_peak_to_peak": 1.0974531866709316,
        "slope_per_cycle": -9.57070150357828e-07,
        "fractional_slope_per_cycle": -0.0001901048632993162,
        "log_slope_per_cycle": -0.0003647901235398549,
        "efolding_cycles": null
      },
      "max_vsurf_div_cs": {
        "available": true,
        "window_cycles": 100,
        "window_start_period": 201.0,
        "window_end_period": 300.0,
        "first": 0.02183,
        "last": 0.03113,
        "median": 0.02664,
        "peak_to_peak": 0.01175,
        "fractional_peak_to_peak": 0.4410660660660661,
        "slope_per_cycle": 7.513807380738075e-05,
        "fractional_slope_per_cycle": 0.002820498266042821,
        "log_slope_per_cycle": 0.0027921891265216413,
        "efolding_cycles": 358.14192903392114
      }
    },
    "250": {
      "delta_r": {
        "available": true,
        "window_cycles": 250,
        "window_start_period": 51.0,
        "window_end_period": 300.0,
        "first": 0.00238414285013544,
        "last": 0.0044973921047954946,
        "median": 0.0032186343078297597,
        "peak_to_peak": 0.002538312464195336,
        "fractional_peak_to_peak": 0.7886302765183825,
        "slope_per_cycle": 8.802673366299688e-06,
        "fractional_slope_per_cycle": 0.0027349094443211534,
        "log_slope_per_cycle": 0.002733701727824482,
        "efolding_cycles": 365.804355984299
      },
      "period_days": {
        "available": true,
        "window_cycles": 250,
        "window_start_period": 51.0,
        "window_end_period": 300.0,
        "first": 0.49017072128442424,
        "last": 0.49291186704990214,
        "median": 0.5013580155142107,
        "peak_to_peak": 0.030867940813768646,
        "fractional_peak_to_peak": 0.06156865923866677,
        "slope_per_cycle": -1.1259178165293403e-07,
        "fractional_slope_per_cycle": -2.2457361440099025e-07,
        "log_slope_per_cycle": -5.297498835974591e-07,
        "efolding_cycles": null
      },
      "gamma": {
        "available": true,
        "window_cycles": 250,
        "window_start_period": 51.0,
        "window_end_period": 300.0,
        "first": 0.0051793132684821224,
        "last": 0.0039757983050347735,
        "median": 0.005056107745992952,
        "peak_to_peak": 0.005525054268201901,
        "fractional_peak_to_peak": 1.0927485223353077,
        "slope_per_cycle": -1.247093260513839e-07,
        "fractional_slope_per_cycle": -2.466508474828648e-05,
        "log_slope_per_cycle": -0.00011212245983775805,
        "efolding_cycles": null
      },
      "max_vsurf_div_cs": {
        "available": true,
        "window_cycles": 250,
        "window_start_period": 129.0,
        "window_end_period": 300.0,
        "first": 0.01909,
        "last": 0.03113,
        "median": 0.024165,
        "peak_to_peak": 0.01568,
        "fractional_peak_to_peak": 0.6488723360231741,
        "slope_per_cycle": 6.717699275746835e-05,
        "fractional_slope_per_cycle": 0.0027799293506090774,
        "log_slope_per_cycle": 0.002741802305346059,
        "efolding_cycles": 364.72359733966454
      }
    },
    "500": {
      "delta_r": {
        "available": false,
        "reason": "only 300 rows for 500-cycle window"
      },
      "period_days": {
        "available": false,
        "reason": "only 300 rows for 500-cycle window"
      },
      "gamma": {
        "available": false,
        "reason": "only 300 rows for 500-cycle window"
      },
      "max_vsurf_div_cs": {
        "available": false,
        "reason": "only 300 rows for 500-cycle window"
      }
    }
  },
  "latest_rolling": {
    "window_start_period": 201.0,
    "window_end_period": 300.0,
    "gamma_peak_to_peak": 0.005525054268201901,