{
  "generated_at": "2026-06-18T05:19:21.138748+00:00",
  "workspace": "<local-rre-root>/rsp_batch_runs",
  "model_id": "model_009",
  "run_name": "model_009_M0p6668_Z0p0001120_T6852",
  "source": "cumulative:saturation",
  "source_kind": "history_exact_rsp_columns",
  "cycle_count": 124,
  "first_period": 1.0,
  "last_period": 124.0,
  "rolling_window": 100,
  "fits": {
    "50": {
      "delta_r": {
        "available": true,
        "window_cycles": 50,
        "window_start_period": 75.0,
        "window_end_period": 124.0,
        "first": 0.0024129859177151047,
        "last": 0.0029297124164351374,
        "median": 0.0026077114338214358,
        "peak_to_peak": 0.0006297857105117544,
        "fractional_peak_to_peak": 0.2415089730955558,
        "slope_per_cycle": 7.379848312546403e-06,
        "fractional_slope_per_cycle": 0.0028300095696292987,
        "log_slope_per_cycle": 0.002849925685003742,
        "efolding_cycles": 350.8863424972735
      },
      "period_days": {
        "available": true,
        "window_cycles": 50,
        "window_start_period": 75.0,
        "window_end_period": 124.0,
        "first": 0.4955796023045884,
        "last": 0.49013590655728306,
        "median": 0.5002746511980378,
        "peak_to_peak": 0.02709812469235018,
        "fractional_peak_to_peak": 0.05416649559888087,
        "slope_per_cycle": -1.0773467825264725e-05,
        "fractional_slope_per_cycle": -2.153510636500341e-05,
        "log_slope_per_cycle": -2.2061525761075282e-05,
        "efolding_cycles": null
      },
      "gamma": {
        "available": true,
        "window_cycles": 50,
        "window_start_period": 75.0,
        "window_end_period": 124.0,
        "first": 0.004495431472433766,
        "last": 0.005338425371538394,
        "median": 0.0051153951052743335,
        "peak_to_peak": 0.004415816500496566,
        "fractional_peak_to_peak": 0.8632405531966725,
        "slope_per_cycle": -3.8861516414674076e-07,
        "fractional_slope_per_cycle": -7.596972592518828e-05,
        "log_slope_per_cycle": -0.00020714583263356883,
        "efolding_cycles": null
      },
      "max_vsurf_div_cs": {
        "available": true,
        "window_cycles": 50,
        "window_start_period": 75.0,
        "window_end_period": 124.0,
        "first": 0.0166,
        "last": 0.02073,
        "median": 0.018065,
        "peak_to_peak": 0.005439999999999999,
        "fractional_peak_to_peak": 0.30113479103238294,
        "slope_per_cycle": 5.1901560624249684e-05,
        "fractional_slope_per_cycle": 0.002873045149418748,
        "log_slope_per_cycle": 0.0029118451317407083,
        "efolding_cycles": 343.42485769571044
      }
    },
    "100": {
      "delta_r": {
        "available": true,
        "window_cycles": 100,
        "window_start_period": 25.0,
        "window_end_period": 124.0,
        "first": 0.0021627956952263716,
        "last": 0.0029297124164351374,
        "median": 0.0024092784656950528,
        "peak_to_peak": 0.0009469939517323667,
        "fractional_peak_to_peak": 0.3930612277560736,
        "slope_per_cycle": 6.65978070341191e-06,
        "fractional_slope_per_cycle": 0.0027642220682409287,
        "log_slope_per_cycle": 0.002752805722419218,
        "efolding_cycles": 363.26573715531987
      },
      "period_days": {
        "available": true,
        "window_cycles": 100,
        "window_start_period": 25.0,
        "window_end_period": 124.0,
        "first": 0.49574477849697157,
        "last": 0.49013590655728306,
        "median": 0.49951503982372536,
        "peak_to_peak": 0.02754574066385329,
        "fractional_peak_to_peak": 0.05514496755407795,
        "slope_per_cycle": -1.353967601173285e-06,
        "fractional_slope_per_cycle": -2.7105642337637896e-06,
        "log_slope_per_cycle": -3.0462093967615016e-06,
        "efolding_cycles": null
      },
      "gamma": {
        "available": true,
        "window_cycles": 100,
        "window_start_period": 25.0,
        "window_end_period": 124.0,
        "first": 0.005040239107280763,
        "last": 0.005338425371538394,
        "median": 0.005055960417966539,
        "peak_to_peak": 0.004415816500496566,
        "fractional_peak_to_peak": 0.8733882656210682,
        "slope_per_cycle": -2.9735992741324976e-07,
        "fractional_slope_per_cycle": -5.8813737219257186e-05,
        "log_slope_per_cycle": -1.0512544638890523e-05,
        "efolding_cycles": null
      },
      "max_vsurf_div_cs": {
        "available": true,
        "window_cycles": 100,
        "window_start_period": 25.0,
        "window_end_period": 124.0,
        "first": 0.01481,
        "last": 0.02073,
        "median": 0.016525,
        "peak_to_peak": 0.007789999999999998,
        "fractional_peak_to_peak": 0.4714069591527986,
        "slope_per_cycle": 4.633891389138914e-05,
        "fractional_slope_per_cycle": 0.0028041702808707498,
        "log_slope_per_cycle": 0.002795096832499595,
        "efolding_cycles": 357.7693582464267
      }
    },
    "250": {
      "delta_r": {
        "available": false,
        "reason": "only 124 rows for 250-cycle window"
      },
      "period_days": {
        "available": false,
        "reason": "only 124 rows for 250-cycle window"
      },
      "gamma": {
        "available": false,
        "reason": "only 124 rows for 250-cycle window"
      },
      "max_vsurf_div_cs": {
        "available": false,
        "reason": "only 124 rows for 250-cycle window"
      }
    },
    "500": {
      "delta_r": {
        "available": false,
        "reason": "only 124 rows for 500-cycle window"
      },
      "period_days": {
        "available": false,
        "reason": "only 124 rows for 500-cycle window"
      },
      "gamma": {
        "available": false,
        "reason": "only 124 rows for 500-cycle window"
      },
      "max_vsurf_div_cs": {
        "available": false,
        "reason": "only 124 rows for 500-cycle window"
      }
    }
  },
  "latest_rolling": {
    "window_start_period": 25.0,
    "window_end_period": 124.0,
    "gamma_peak_to_peak": 0.004415816500496566,
    "period_fractional_peak_to_peak": 0.05514496755407795,
    "delta_r_fractional_peak_to_peak": 0.3930612277560736
  },
  "growth_outlook": {
    "status": "amplitude still growing",
    "tolerance": 0.001,
    "delta_r_fractional_peak_to_peak": 0.3930612277560736,
    "delta_r_criterion_factor": 393.0612277560736,
    "log_slope_per_cycle": 0.002752805722419218,
    "efolding_cycles": 363.26573715531987,
    "doubling_cycles": 251.79662150324012,
    "fit_window_cycles": 100,
    "max_vsurf_div_cs_latest": 0.02073,
    "max_vsurf_div_cs_log_slope_per_cycle": 0.002795096832499595,
    "max_vsurf_div_cs_efolding_cycles": 357.7693582464267,
    "max_vsurf_div_cs_fit_window_cycles": 100,
    "cycles_to_vsurf_div_cs_0p8": 1306.9421276376365,
    "cycles_to_vsurf_div_cs_1p0": 1386.7760527881499
  }
}
