{
  "generated_at": "2026-06-19T23:33:10.748701+00:00",
  "workspace": "<local-rre-root>/rsp_batch_runs",
  "model_id": "model_001",
  "run_name": "model_001_M0p5602_Z0p003592_T6824",
  "source": "cumulative:continue_saturation_resume:LOGS_continue_saturation_resume_2500000",
  "source_kind": "history_exact_rsp_columns",
  "cycle_count": 106,
  "first_period": 1907.0,
  "last_period": 2012.0,
  "rolling_window": 100,
  "fits": {
    "50": {
      "delta_r": {
        "available": true,
        "window_cycles": 50,
        "window_start_period": 1963.0,
        "window_end_period": 2012.0,
        "first": 0.5463930048709198,
        "last": 0.5557787423203706,
        "median": 0.5520002987307824,
        "peak_to_peak": 0.009385737449450815,
        "fractional_peak_to_peak": 0.017003138351612306,
        "slope_per_cycle": 0.00017963048541446016,
        "fractional_slope_per_cycle": 0.00032541736993165697,
        "log_slope_per_cycle": 0.00032566461761101987,
        "efolding_cycles": 3070.6436804087184
      },
      "period_days": {
        "available": true,
        "window_cycles": 50,
        "window_start_period": 1963.0,
        "window_end_period": 2012.0,
        "first": 0.5920786325188561,
        "last": 0.5920285343501234,
        "median": 0.5920533532283648,
        "peak_to_peak": 0.00012572914517172684,
        "fractional_peak_to_peak": 0.0002123611740160705,
        "slope_per_cycle": 2.3380003122960823e-07,
        "fractional_slope_per_cycle": 3.9489689561715507e-07,
        "log_slope_per_cycle": 3.9496019345377185e-07,
        "efolding_cycles": 2531900.724615796
      },
      "gamma": {
        "available": true,
        "window_cycles": 50,
        "window_start_period": 1963.0,
        "window_end_period": 2012.0,
        "first": 0.0005947079138786218,
        "last": 0.0003196527785310764,
        "median": 0.0004535454845790291,
        "peak_to_peak": 0.00027505513534754547,
        "fractional_peak_to_peak": 0.6064554597050956,
        "slope_per_cycle": -4.261627178614741e-06,
        "fractional_slope_per_cycle": -0.00939625092413893,
        "log_slope_per_cycle": -0.00941344145778526,
        "efolding_cycles": null
      },
      "max_vsurf_div_cs": {
        "available": true,
        "window_cycles": 50,
        "window_start_period": 1963.0,
        "window_end_period": 2012.0,
        "first": 4.43275,
        "last": 4.49364,
        "median": 4.4681999999999995,
        "peak_to_peak": 0.06088999999999967,
        "fractional_peak_to_peak": 0.013627411485609345,
        "slope_per_cycle": 0.001193014165666264,
        "fractional_slope_per_cycle": 0.000267001066574071,
        "log_slope_per_cycle": 0.0002671498579784657,
        "efolding_cycles": 3743.2174120062887
      }
    },
    "100": {
      "delta_r": {
        "available": true,
        "window_cycles": 100,
        "window_start_period": 1913.0,
        "window_end_period": 2012.0,
        "first": 0.5327680907616203,
        "last": 0.5557787423203706,
        "median": 0.5469850498532471,
        "peak_to_peak": 0.02301065155875026,
        "fractional_peak_to_peak": 0.042068154449420296,
        "slope_per_cycle": 0.0002255610210607765,
        "fractional_slope_per_cycle": 0.00041237145534652765,
        "log_slope_per_cycle": 0.00041356524378400824,
        "efolding_cycles": 2417.9981636035827
      },
      "period_days": {
        "available": true,
        "window_cycles": 100,
        "window_start_period": 1913.0,
        "window_end_period": 2012.0,
        "first": 0.5921397960513692,
        "last": 0.5920285343501234,
        "median": 0.5920461373606317,
        "peak_to_peak": 0.00023752994438708264,
        "fractional_peak_to_peak": 0.0004012017466172515,
        "slope_per_cycle": 4.0233935315793975e-07,
        "fractional_slope_per_cycle": 6.795743232978204e-07,
        "log_slope_per_cycle": 6.796441898193854e-07,
        "efolding_cycles": 1471358.1238232153
      },
      "gamma": {
        "available": true,
        "window_cycles": 100,
        "window_start_period": 1913.0,
        "window_end_period": 2012.0,
        "first": 0.0009009324455017912,
        "last": 0.0003196527785310764,
        "median": 0.0005842804259392284,
        "peak_to_peak": 0.0005812796669707149,
        "fractional_peak_to_peak": 0.9948641802201574,
        "slope_per_cycle": -5.4871815419461125e-06,
        "fractional_slope_per_cycle": -0.009391349253443653,
        "log_slope_per_cycle": -0.00942440561725003,
        "efolding_cycles": null
      },
      "max_vsurf_div_cs": {
        "available": true,
        "window_cycles": 100,
        "window_start_period": 1913.0,
        "window_end_period": 2012.0,
        "first": 4.33871,
        "last": 4.49364,
        "median": 4.434195000000001,
        "peak_to_peak": 0.15493000000000023,
        "fractional_peak_to_peak": 0.034939825605324125,
        "slope_per_cycle": 0.0015325416741674188,
        "fractional_slope_per_cycle": 0.00034561891711289616,
        "log_slope_per_cycle": 0.00034646156260686924,
        "efolding_cycles": 2886.323067054634
      }
    },
    "250": {
      "delta_r": {
        "available": false,
        "reason": "only 106 rows for 250-cycle window"
      },
      "period_days": {
        "available": false,
        "reason": "only 106 rows for 250-cycle window"
      },
      "gamma": {
        "available": false,
        "reason": "only 106 rows for 250-cycle window"
      },
      "max_vsurf_div_cs": {
        "available": false,
        "reason": "only 106 rows for 250-cycle window"
      }
    },
    "500": {
      "delta_r": {
        "available": false,
        "reason": "only 106 rows for 500-cycle window"
      },
      "period_days": {
        "available": false,
        "reason": "only 106 rows for 500-cycle window"
      },
      "gamma": {
        "available": false,
        "reason": "only 106 rows for 500-cycle window"
      },
      "max_vsurf_div_cs": {
        "available": false,
        "reason": "only 106 rows for 500-cycle window"
      }
    }
  },
  "latest_rolling": {
    "window_start_period": 1913.0,
    "window_end_period": 2012.0,
    "gamma_peak_to_peak": 0.0005812796669707149,
    "period_fractional_peak_to_peak": 0.0004012017466172515,
    "delta_r_fractional_peak_to_peak": 0.042068154449420296
  },
  "growth_outlook": {
    "status": "amplitude still growing",
    "tolerance": 0.001,
    "delta_r_fractional_peak_to_peak": 0.042068154449420296,
    "delta_r_criterion_factor": 42.0681544494203,
    "log_slope_per_cycle": 0.00041356524378400824,
    "efolding_cycles": 2417.9981636035827,
    "doubling_cycles": 1676.028609700949,
    "fit_window_cycles": 100,
    "max_vsurf_div_cs_latest": 4.49364,
    "max_vsurf_div_cs_log_slope_per_cycle": 0.00034646156260686924,
    "max_vsurf_div_cs_efolding_cycles": 2886.323067054634,
    "max_vsurf_div_cs_fit_window_cycles": 100,
    "cycles_to_vsurf_div_cs_0p8": 0.0,
    "cycles_to_vsurf_div_cs_1p0": 0.0
  }
}
