{
  "generated_at": "2026-06-19T02:29:31.458799+00:00",
  "workspace": "<local-rre-root>/rsp_batch_runs",
  "model_id": "model_007",
  "run_name": "model_007_M0p6887_Z0p004060_T6669",
  "source": "cumulative:continue_saturation+continue_saturation_resume:LOGS_continue_saturation_resume_2180000+continue_saturation_resume:LOGS_continue_saturation_resume_2270000",
  "source_kind": "history_exact_rsp_columns",
  "cycle_count": 1688,
  "first_period": 1.0,
  "last_period": 1688.0,
  "rolling_window": 100,
  "fits": {
    "50": {
      "delta_r": {
        "available": true,
        "window_cycles": 50,
        "window_start_period": 1639.0,
        "window_end_period": 1688.0,
        "first": 0.6280808175043262,
        "last": 0.6347184195774007,
        "median": 0.6316815831244993,
        "peak_to_peak": 0.006637602073074511,
        "fractional_peak_to_peak": 0.01050782902398833,
        "slope_per_cycle": 0.00013619103156427523,
        "fractional_slope_per_cycle": 0.00021560076342677396,
        "log_slope_per_cycle": 0.0002156614027774848,
        "efolding_cycles": 4636.8983374914815
      },
      "period_days": {
        "available": true,
        "window_cycles": 50,
        "window_start_period": 1639.0,
        "window_end_period": 1688.0,
        "first": 0.5572477110237297,
        "last": 0.5572652061994153,
        "median": 0.5572521511980988,
        "peak_to_peak": 7.27829262958668e-05,
        "fractional_peak_to_peak": 0.00013061039986904068,
        "slope_per_cycle": 1.1486116999455536e-07,
        "fractional_slope_per_cycle": 2.0612063990709138e-07,
        "log_slope_per_cycle": 2.0611599450267247e-07,
        "efolding_cycles": 4851637.071702527
      },
      "gamma": {
        "available": true,
        "window_cycles": 50,
        "window_start_period": 1639.0,
        "window_end_period": 1688.0,
        "first": 0.00047336549043655433,
        "last": 0.0002741465122895844,
        "median": 0.00034335696448946893,
        "peak_to_peak": 0.0002059446385497767,
        "fractional_peak_to_peak": 0.5997974698314098,
        "slope_per_cycle": -3.6641628152663126e-06,
        "fractional_slope_per_cycle": -0.010671584369096715,
        "log_slope_per_cycle": -0.010329816069897534,
        "efolding_cycles": null
      },
      "max_vsurf_div_cs": {
        "available": true,
        "window_cycles": 50,
        "window_start_period": 1639.0,
        "window_end_period": 1688.0,
        "first": 4.86882,
        "last": 4.92161,
        "median": 4.895875,
        "peak_to_peak": 0.0530400000000002,
        "fractional_peak_to_peak": 0.010833609926724068,
        "slope_per_cycle": 0.0010743356542617035,
        "fractional_slope_per_cycle": 0.00021943690438618293,
        "log_slope_per_cycle": 0.00021945726106798664,
        "efolding_cycles": 4556.695892099945
      }
    },
    "100": {
      "delta_r": {
        "available": true,
        "window_cycles": 100,
        "window_start_period": 1589.0,
        "window_end_period": 1688.0,
        "first": 0.6167159970125251,
        "last": 0.6347184195774007,
        "median": 0.6280221855507517,
        "peak_to_peak": 0.01800242256487561,
        "fractional_peak_to_peak": 0.028665265302830287,
        "slope_per_cycle": 0.00017944300473661756,
        "fractional_slope_per_cycle": 0.0002857271747163722,
        "log_slope_per_cycle": 0.00028641788180195694,
        "efolding_cycles": 3491.402120945256
      },
      "period_days": {
        "available": true,
        "window_cycles": 100,
        "window_start_period": 1589.0,
        "window_end_period": 1688.0,
        "first": 0.5572354508632863,
        "last": 0.5572652061994153,
        "median": 0.5572455014779094,
        "peak_to_peak": 7.348603793178032e-05,
        "fractional_peak_to_peak": 0.00013187372125370757,
        "slope_per_cycle": 2.018037395310238e-07,
        "fractional_slope_per_cycle": 3.621451209490361e-07,
        "log_slope_per_cycle": 3.6213941753789826e-07,
        "efolding_cycles": 2761367.4501349996
      },
      "gamma": {
        "available": true,
        "window_cycles": 100,
        "window_start_period": 1589.0,
        "window_end_period": 1688.0,
        "first": 0.0007277275710839191,
        "last": 0.0002741465122895844,
        "median": 0.00045539258119504575,
        "peak_to_peak": 0.00046255806827966254,
        "fractional_peak_to_peak": 1.0157347470743003,
        "slope_per_cycle": -4.685159803942772e-06,
        "fractional_slope_per_cycle": -0.010288177711740338,
        "log_slope_per_cycle": -0.010159145998468387,
        "efolding_cycles": null
      },
      "max_vsurf_div_cs": {
        "available": true,
        "window_cycles": 100,
        "window_start_period": 1629.0,
        "window_end_period": 1688.0,
        "first": 4.85518,
        "last": 4.92161,
        "median": 4.89175,
        "peak_to_peak": 0.06643000000000043,
        "fractional_peak_to_peak": 0.013580007154903753,
        "slope_per_cycle": 0.0011267243678799678,
        "fractional_slope_per_cycle": 0.00023033155166964127,
        "log_slope_per_cycle": 0.00023046399283751105,
        "efolding_cycles": 4339.072614718827
      }
    },
    "250": {
      "delta_r": {
        "available": true,
        "window_cycles": 250,
        "window_start_period": 1439.0,
        "window_end_period": 1688.0,
        "first": 0.5366284867669258,
        "last": 0.6347184195774007,
        "median": 0.6084841700849455,
        "peak_to_peak": 0.09808993281047496,
        "fractional_peak_to_peak": 0.16120375456403643,
        "slope_per_cycle": 0.0003806774005925687,
        "fractional_slope_per_cycle": 0.0006256159474771965,
        "log_slope_per_cycle": 0.0006414251366994524,
        "efolding_cycles": 1559.0283928466656
      },
      "period_days": {
        "available": true,
        "window_cycles": 250,
        "window_start_period": 1439.0,
        "window_end_period": 1688.0,
        "first": 0.5570076057073419,
        "last": 0.5572652061994153,
        "median": 0.5572240915730664,
        "peak_to_peak": 0.0005674928487106046,
        "fractional_peak_to_peak": 0.0010184284155922783,
        "slope_per_cycle": 1.1165720046184883e-06,
        "fractional_slope_per_cycle": 2.0038114315308227e-06,
        "log_slope_per_cycle": 2.004249769002599e-06,
        "efolding_cycles": 498939.8105295245
      },
      "gamma": {
        "available": true,
        "window_cycles": 250,
        "window_start_period": 1439.0,
        "window_end_period": 1688.0,
        "first": 0.002364806119645316,
        "last": 0.0002741465122895844,
        "median": 0.0009219007768507096,
        "peak_to_peak": 0.0020973852677585382,
        "fractional_peak_to_peak": 2.2750661681004134,
        "slope_per_cycle": -8.311715397656718e-06,
        "fractional_slope_per_cycle": -0.009015845963434629,
        "log_slope_per_cycle": -0.00874620825153028,
        "efolding_cycles": null
      },
      "max_vsurf_div_cs": {
        "available": true,
        "window_cycles": 250,
        "window_start_period": 1629.0,
        "window_end_period": 1688.0,
        "first": 4.85518,
        "last": 4.92161,
        "median": 4.89175,
        "peak_to_peak": 0.06643000000000043,
        "fractional_peak_to_peak": 0.013580007154903753,
        "slope_per_cycle": 0.0011267243678799678,
        "fractional_slope_per_cycle": 0.00023033155166964127,
        "log_slope_per_cycle": 0.00023046399283751105,
        "efolding_cycles": 4339.072614718827
      }
    },
    "500": {
      "delta_r": {
        "available": true,
        "window_cycles": 500,
        "window_start_period": 1189.0,
        "window_end_period": 1688.0,
        "first": 0.3093618643171592,
        "last": 0.6347184195774007,
        "median": 0.5362414707036041,
        "peak_to_peak": 0.32535655526024154,
        "fractional_peak_to_peak": 0.6067351613692619,
        "slope_per_cycle": 0.0007020140417648949,