{
  "generated_at": "2026-06-17T17:54:36.141813+00:00",
  "workspace": "<local-rre-root>/rsp_batch_runs",
  "model_id": "model_008",
  "run_name": "model_008_M0p6151_Z0p0004406_T6792",
  "source": "cumulative:saturation+continue_saturation",
  "source_kind": "history_exact_rsp_columns",
  "cycle_count": 1541,
  "first_period": 1.0,
  "last_period": 1541.0,
  "rolling_window": 100,
  "fits": {
    "50": {
      "delta_r": {
        "available": true,
        "window_cycles": 50,
        "window_start_period": 1492.0,
        "window_end_period": 1541.0,
        "first": 0.04969973736706823,
        "last": 0.05495102628604709,
        "median": 0.05225697398069462,
        "peak_to_peak": 0.005251288918978858,
        "fractional_peak_to_peak": 0.10048972450871056,
        "slope_per_cycle": 0.00010714590236059623,
        "fractional_slope_per_cycle": 0.0020503656105341902,
        "log_slope_per_cycle": 0.002049765149701201,
        "efolding_cycles": 487.8607679254242
      },
      "period_days": {
        "available": true,
        "window_cycles": 50,
        "window_start_period": 1492.0,
        "window_end_period": 1541.0,
        "first": 0.6316245600465616,
        "last": 0.6316220346622652,
        "median": 0.6316228364957324,
        "peak_to_peak": 2.545458609559681e-06,
        "fractional_peak_to_peak": 4.030029413885638e-06,
        "slope_per_cycle": -5.285132638714735e-08,
        "fractional_slope_per_cycle": -8.367545207891553e-08,
        "log_slope_per_cycle": -8.36754116539473e-08,
        "efolding_cycles": null
      },
      "gamma": {
        "available": true,
        "window_cycles": 50,
        "window_start_period": 1492.0,
        "window_end_period": 1541.0,
        "first": 0.004125776647666282,
        "last": 0.004146308675755975,
        "median": 0.00413528164126755,
        "peak_to_peak": 2.0532028089693087e-05,
        "fractional_peak_to_peak": 0.004965085783951488,
        "slope_per_cycle": 4.2861732310063144e-07,
        "fractional_slope_per_cycle": 0.00010364888302245149,
        "log_slope_per_cycle": 0.00010363126822852615,
        "efolding_cycles": 9649.597241199583
      },
      "max_vsurf_div_cs": {
        "available": true,
        "window_cycles": 50,
        "window_start_period": 1492.0,
        "window_end_period": 1541.0,
        "first": 0.281,
        "last": 0.31236,
        "median": 0.2962,
        "peak_to_peak": 0.03136,
        "fractional_peak_to_peak": 0.10587440918298446,
        "slope_per_cycle": 0.0006396297719087633,
        "fractional_slope_per_cycle": 0.002159452302190288,
        "log_slope_per_cycle": 0.002158510115306397,
        "efolding_cycles": 463.28251737567217
      }
    },
    "100": {
      "delta_r": {
        "available": true,
        "window_cycles": 100,
        "window_start_period": 1442.0,
        "window_end_period": 1541.0,
        "first": 0.044868172339197265,
        "last": 0.05495102628604709,
        "median": 0.04964892206270566,
        "peak_to_peak": 0.010082853946849824,
        "fractional_peak_to_peak": 0.2030830384215667,
        "slope_per_cycle": 0.00010176269536924682,
        "fractional_slope_per_cycle": 0.0020496456144752234,
        "log_slope_per_cycle": 0.002047376293404473,
        "efolding_cycles": 488.42999854079255
      },
      "period_days": {
        "available": true,
        "window_cycles": 100,
        "window_start_period": 1442.0,
        "window_end_period": 1541.0,
        "first": 0.6316279785416123,
        "last": 0.6316220346622652,
        "median": 0.6316246037864712,
        "peak_to_peak": 5.963953660259591e-06,
        "fractional_peak_to_peak": 9.442244055261315e-06,
        "slope_per_cycle": -6.687800259615421e-08,
        "fractional_slope_per_cycle": -1.0588251660121076e-07,
        "log_slope_per_cycle": -1.0588247657835378e-07,
        "efolding_cycles": null
      },
      "gamma": {
        "available": true,
        "window_cycles": 100,
        "window_start_period": 1442.0,
        "window_end_period": 1541.0,
        "first": 0.004109806027765503,
        "last": 0.004146308675755975,
        "median": 0.004125465263461185,
        "peak_to_peak": 3.650264799047193e-05,
        "fractional_peak_to_peak": 0.008848128795016667,
        "slope_per_cycle": 3.641803900756969e-07,
        "fractional_slope_per_cycle": 8.827619839662803e-05,
        "log_slope_per_cycle": 8.823384287242277e-05,
        "efolding_cycles": 11333.519740785847
      },
      "max_vsurf_div_cs": {
        "available": true,
        "window_cycles": 100,
        "window_start_period": 1442.0,
        "window_end_period": 1541.0,
        "first": 0.25252,
        "last": 0.31236,
        "median": 0.2807,
        "peak_to_peak": 0.059840000000000004,
        "fractional_peak_to_peak": 0.2131813323833274,
        "slope_per_cycle": 0.000603437503750375,
        "fractional_slope_per_cycle": 0.0021497595431078553,
        "log_slope_per_cycle": 0.002146591759631288,
        "efolding_cycles": 465.8547651239312
      }
    },
    "250": {
      "delta_r": {
        "available": true,
        "window_cycles": 250,
        "window_start_period": 1292.0,
        "window_end_period": 1541.0,
        "first": 0.033064201326369336,
        "last": 0.05495102628604709,
        "median": 0.04259065640107851,
        "peak_to_peak": 0.021886824959677753,
        "fractional_peak_to_peak": 0.5138879465385164,
        "slope_per_cycle": 8.751002550218751e-05,
        "fractional_slope_per_cycle": 0.0020546766097733005,
        "log_slope_per_cycle": 0.002040370997847358,
        "efolding_cycles": 490.10694675381336
      },
      "period_days": {
        "available": true,
        "window_cycles": 250,
        "window_start_period": 1292.0,
        "window_end_period": 1541.0,
        "first": 0.6316306189759807,
        "last": 0.6316220346622652,
        "median": 0.6316289005768313,
        "peak_to_peak": 8.604388028632393e-06,
        "fractional_peak_to_peak": 1.362253693707569e-05,
        "slope_per_cycle": -3.360045560537672e-08,
        "fractional_slope_per_cycle": -5.3196513925647336e-08,
        "log_slope_per_cycle": -5.319670285401677e-08,
        "efolding_cycles": null
      },
      "gamma": {
        "available": true,
        "window_cycles": 250,
        "window_start_period": 1292.0,
        "window_end_period": 1541.0,
        "first": 0.004071582522101723,
        "last": 0.004146308675755975,
        "median": 0.004103434728452808,
        "peak_to_peak": 7.516236068696135e-05,
        "fractional_peak_to_peak": 0.018316938287282362,
        "slope_per_cycle": 2.8940963077668747e-07,
        "fractional_slope_per_cycle": 7.052863026428808e-05,
        "log_slope_per_cycle": 7.048020485576147e-05,
        "efolding_cycles": 14188.381007780998
      },
      "max_vsurf_div_cs": {
        "available": true,
        "window_cycles": 250,
        "window_start_period": 1292.0,
        "window_end_period": 1541.0,
        "first": 0.18376,
        "last": 0.31236,
        "median": 0.239155,
        "peak_to_peak": 0.12860000000000002,
        "fractional_peak_to_peak": 0.5377265789968849,
        "slope_per_cycle": 0.000513501172178755,
        "fractional_slope_per_cycle": 0.002147147967547218,
        "log_slope_per_cycle": 0.0021299948190893554,
        "efolding_cycles": 469.48471002738574
      }
    },
    "500": {
      "delta_r": {
        "available": true,
        "window_cycles": 500,
        "window_start_period": 1042.0,
        "window_end_period": 1541.0,
        "first": 0.0199402899051071,
        "last": 0.05495102628604709,
        "median": 0.03303072371576432,
        "peak_to_peak": 0.03501073638093999,
        "fractional_peak_to_peak": 1.0599445740945326,