{
  "generated_at": "2026-06-20T00:32:46.424046+00:00",
  "workspace": "<local-rre-root>/rsp_batch_runs",
  "model_id": "model_001",
  "run_name": "model_001_M0p5602_Z0p003592_T6824",
  "source": "cumulative:continue_saturation_resume:LOGS_continue_saturation_resume_2500000",
  "source_kind": "history_exact_rsp_columns",
  "cycle_count": 108,
  "first_period": 1907.0,
  "last_period": 2014.0,
  "rolling_window": 100,
  "fits": {
    "50": {
      "delta_r": {
        "available": true,
        "window_cycles": 50,
        "window_start_period": 1965.0,
        "window_end_period": 2014.0,
        "first": 0.5478996379858971,
        "last": 0.5563336529099692,
        "median": 0.5524925154368434,
        "peak_to_peak": 0.008891369851926179,
        "fractional_peak_to_peak": 0.016093195117577244,
        "slope_per_cycle": 0.0001746595588329295,
        "fractional_slope_per_cycle": 0.00031613018086739167,
        "log_slope_per_cycle": 0.00031644245538503416,
        "efolding_cycles": 3160.132223039545
      },
      "period_days": {
        "available": true,
        "window_cycles": 50,
        "window_start_period": 1965.0,
        "window_end_period": 2014.0,
        "first": 0.5920022409264413,
        "last": 0.5920532702637353,
        "median": 0.5920536352141277,
        "peak_to_peak": 0.00012572914517172684,
        "fractional_peak_to_peak": 0.0002123610728718091,
        "slope_per_cycle": 2.55298794115739e-07,
        "fractional_slope_per_cycle": 4.312088954971203e-07,
        "log_slope_per_cycle": 4.3127358626988863e-07,
        "efolding_cycles": 2318713.7627626597
      },
      "gamma": {
        "available": true,
        "window_cycles": 50,
        "window_start_period": 1965.0,
        "window_end_period": 2014.0,
        "first": 0.0005670273125692693,
        "last": 0.00031331843789879474,
        "median": 0.0004466814960760333,
        "peak_to_peak": 0.0002683538395218916,
        "fractional_peak_to_peak": 0.6007722322937078,
        "slope_per_cycle": -4.288471019111354e-06,
        "fractional_slope_per_cycle": -0.009600735774336571,
        "log_slope_per_cycle": -0.009695685251155951,
        "efolding_cycles": null
      },
      "max_vsurf_div_cs": {
        "available": true,
        "window_cycles": 50,
        "window_start_period": 1965.0,
        "window_end_period": 2014.0,
        "first": 4.43931,
        "last": 4.4967,
        "median": 4.471215,
        "peak_to_peak": 0.05738999999999983,
        "fractional_peak_to_peak": 0.012835437347566564,
        "slope_per_cycle": 0.0011622794717887114,
        "fractional_slope_per_cycle": 0.00025994712215554643,
        "log_slope_per_cycle": 0.00026013039014629214,
        "efolding_cycles": 3844.2259646695643
      }
    },
    "100": {
      "delta_r": {
        "available": true,
        "window_cycles": 100,
        "window_start_period": 1915.0,
        "window_end_period": 2014.0,
        "first": 0.5336547762949087,
        "last": 0.5563336529099692,
        "median": 0.5474999166355543,
        "peak_to_peak": 0.022678876615060517,
        "fractional_peak_to_peak": 0.04142261199677371,
        "slope_per_cycle": 0.0002210235642457367,
        "fractional_slope_per_cycle": 0.000403696069223079,
        "log_slope_per_cycle": 0.0004048937957632878,
        "efolding_cycles": 2469.7834604129816
      },
      "period_days": {
        "available": true,
        "window_cycles": 100,
        "window_start_period": 1915.0,
        "window_end_period": 2014.0,
        "first": 0.5920266972083805,
        "last": 0.5920532702637353,
        "median": 0.5920476371944123,
        "peak_to_peak": 0.00017026286037569172,
        "fractional_peak_to_peak": 0.0002875830417676036,
        "slope_per_cycle": 4.0732378808238004e-07,
        "fractional_slope_per_cycle": 6.879915778612018e-07,
        "log_slope_per_cycle": 6.880434519445298e-07,
        "efolding_cycles": 1453396.5800761958
      },
      "gamma": {
        "available": true,
        "window_cycles": 100,
        "window_start_period": 1915.0,
        "window_end_period": 2014.0,
        "first": 0.0008929581583111314,
        "last": 0.00031331843789879474,
        "median": 0.0005669937182429399,
        "peak_to_peak": 0.0005796397204123366,
        "fractional_peak_to_peak": 1.0223036018963059,
        "slope_per_cycle": -5.436024320261956e-06,
        "fractional_slope_per_cycle": -0.009587450698938401,
        "log_slope_per_cycle": -0.009517414592619646,
        "efolding_cycles": null
      },
      "max_vsurf_div_cs": {
        "available": true,
        "window_cycles": 100,
        "window_start_period": 1915.0,
        "window_end_period": 2014.0,
        "first": 4.34308,
        "last": 4.4967,
        "median": 4.4387799999999995,
        "peak_to_peak": 0.1536200000000001,
        "fractional_peak_to_peak": 0.034608608671752174,
        "slope_per_cycle": 0.0015016595259525966,
        "fractional_slope_per_cycle": 0.0003383045625042459,
        "log_slope_per_cycle": 0.0003392389666517298,
        "efolding_cycles": 2947.7745728031946
      }
    },
    "250": {
      "delta_r": {
        "available": false,
        "reason": "only 108 rows for 250-cycle window"
      },
      "period_days": {
        "available": false,
        "reason": "only 108 rows for 250-cycle window"
      },
      "gamma": {
        "available": false,
        "reason": "only 108 rows for 250-cycle window"
      },
      "max_vsurf_div_cs": {
        "available": false,
        "reason": "only 108 rows for 250-cycle window"
      }
    },
    "500": {
      "delta_r": {
        "available": false,
        "reason": "only 108 rows for 500-cycle window"
      },
      "period_days": {
        "available": false,
        "reason": "only 108 rows for 500-cycle window"
      },
      "gamma": {
        "available": false,
        "reason": "only 108 rows for 500-cycle window"
      },
      "max_vsurf_div_cs": {
        "available": false,
        "reason": "only 108 rows for 500-cycle window"
      }
    }
  },
  "latest_rolling": {
    "window_start_period": 1915.0,
    "window_end_period": 2014.0,
    "gamma_peak_to_peak": 0.0005796397204123366,
    "period_fractional_peak_to_peak": 0.0002875830417676036,
    "delta_r_fractional_peak_to_peak": 0.04142261199677371
  },
  "growth_outlook": {
    "status": "amplitude still growing",
    "tolerance": 0.001,
    "delta_r_fractional_peak_to_peak": 0.04142261199677371,
    "delta_r_criterion_factor": 41.42261199677371,
    "log_slope_per_cycle": 0.0004048937957632878,
    "efolding_cycles": 2469.7834604129816,
    "doubling_cycles": 1711.9234421788435,
    "fit_window_cycles": 100,
    "max_vsurf_div_cs_latest": 4.4967,
    "max_vsurf_div_cs_log_slope_per_cycle": 0.0003392389666517298,
    "max_vsurf_div_cs_efolding_cycles": 2947.7745728031946,
    "max_vsurf_div_cs_fit_window_cycles": 100,
    "cycles_to_vsurf_div_cs_0p8": 0.0,
    "cycles_to_vsurf_div_cs_1p0": 0.0
  }
}
