{
  "generated_at": "2026-06-18T15:41:43.738568+00:00",
  "workspace": "<local-rre-root>/rsp_batch_runs",
  "model_id": "model_007",
  "run_name": "model_007_M0p6887_Z0p004060_T6669",
  "source": "cumulative:continue_saturation+continue_saturation_resume:LOGS_continue_saturation_resume_2180000+continue_saturation_resume:LOGS_continue_saturation_resume_2270000",
  "source_kind": "history_exact_rsp_columns",
  "cycle_count": 1656,
  "first_period": 1.0,
  "last_period": 1656.0,
  "rolling_window": 100,
  "fits": {
    "50": {
      "delta_r": {
        "available": true,
        "window_cycles": 50,
        "window_start_period": 1607.0,
        "window_end_period": 1656.0,
        "first": 0.6215255111773006,
        "last": 0.6309325768391023,
        "median": 0.6265808877050509,
        "peak_to_peak": 0.009407065661801717,
        "fractional_peak_to_peak": 0.015013330036695732,
        "slope_per_cycle": 0.00018986431845636415,
        "fractional_slope_per_cycle": 0.000303016453552823,
        "log_slope_per_cycle": 0.00030315936843777427,
        "efolding_cycles": 3298.5950760919914
      },
      "period_days": {
        "available": true,
        "window_cycles": 50,
        "window_start_period": 1607.0,
        "window_end_period": 1656.0,
        "first": 0.5572443442772729,
        "last": 0.5572544364755352,
        "median": 0.557245795388223,
        "peak_to_peak": 6.489789837760274e-05,
        "fractional_peak_to_peak": 0.0001164618897346539,
        "slope_per_cycle": 1.9882539380258823e-07,
        "fractional_slope_per_cycle": 3.568001687012644e-07,
        "log_slope_per_cycle": 3.567912817396312e-07,
        "efolding_cycles": 2802759.0672177663
      },
      "gamma": {
        "available": true,
        "window_cycles": 50,
        "window_start_period": 1607.0,
        "window_end_period": 1656.0,
        "first": 0.0006256138935798264,
        "last": 0.0003528126525102901,
        "median": 0.0004905124614469088,
        "peak_to_peak": 0.000277789593430534,
        "fractional_peak_to_peak": 0.5663252521885235,
        "slope_per_cycle": -4.997514474421301e-06,
        "fractional_slope_per_cycle": -0.010188353746772676,
        "log_slope_per_cycle": -0.010218540795383245,
        "efolding_cycles": null
      },
      "max_vsurf_div_cs": {
        "available": true,
        "window_cycles": 50,
        "window_start_period": 1629.0,
        "window_end_period": 1656.0,
        "first": 4.85518,
        "last": 4.89139,
        "median": 4.87288,
        "peak_to_peak": 0.03621000000000052,
        "fractional_peak_to_peak": 0.007430923806865861,
        "slope_per_cycle": 0.0013168363437329042,
        "fractional_slope_per_cycle": 0.00027023779443222573,
        "log_slope_per_cycle": 0.0002702822167116192,
        "efolding_cycles": 3699.8364604466815
      }
    },
    "100": {
      "delta_r": {
        "available": true,
        "window_cycles": 100,
        "window_start_period": 1557.0,
        "window_end_period": 1656.0,
        "first": 0.6062102527269753,
        "last": 0.6309325768391023,
        "median": 0.621332578174794,
        "peak_to_peak": 0.024722324112127048,
        "fractional_peak_to_peak": 0.03978919660828107,
        "slope_per_cycle": 0.0002460287874660362,
        "fractional_slope_per_cycle": 0.0003959695597947917,
        "log_slope_per_cycle": 0.0003971501249308599,
        "efolding_cycles": 2517.939532749966
      },
      "period_days": {
        "available": true,
        "window_cycles": 100,
        "window_start_period": 1557.0,
        "window_end_period": 1656.0,
        "first": 0.5572139251449456,
        "last": 0.5572544364755352,
        "median": 0.5572361371255721,
        "peak_to_peak": 7.019076306646888e-05,
        "fractional_peak_to_peak": 0.00012596233156833388,
        "slope_per_cycle": 2.909885845542179e-07,
        "fractional_slope_per_cycle": 5.22199773430423e-07,
        "log_slope_per_cycle": 5.221938889411306e-07,
        "efolding_cycles": 1914997.5156310855
      },
      "gamma": {
        "available": true,
        "window_cycles": 100,
        "window_start_period": 1557.0,
        "window_end_period": 1656.0,
        "first": 0.00097746502069588,
        "last": 0.0003528126525102901,
        "median": 0.0006304009614045275,
        "peak_to_peak": 0.0006282287177644522,
        "fractional_peak_to_peak": 0.9965541872981355,
        "slope_per_cycle": -6.00218962561464e-06,
        "fractional_slope_per_cycle": -0.00952122536780689,
        "log_slope_per_cycle": -0.00956700371642023,
        "efolding_cycles": null
      },
      "max_vsurf_div_cs": {
        "available": true,
        "window_cycles": 100,
        "window_start_period": 1629.0,
        "window_end_period": 1656.0,
        "first": 4.85518,
        "last": 4.89139,
        "median": 4.87288,
        "peak_to_peak": 0.03621000000000052,
        "fractional_peak_to_peak": 0.007430923806865861,
        "slope_per_cycle": 0.0013168363437329042,
        "fractional_slope_per_cycle": 0.00027023779443222573,
        "log_slope_per_cycle": 0.0002702822167116192,
        "efolding_cycles": 3699.8364604466815
      }
    },
    "250": {
      "delta_r": {
        "available": true,
        "window_cycles": 250,
        "window_start_period": 1407.0,
        "window_end_period": 1656.0,
        "first": 0.5096703980042978,
        "last": 0.6309325768391023,
        "median": 0.5954507012377448,
        "peak_to_peak": 0.1212621788348045,
        "fractional_peak_to_peak": 0.20364772194027245,
        "slope_per_cycle": 0.000478976493762699,
        "fractional_slope_per_cycle": 0.0008043931979038155,
        "log_slope_per_cycle": 0.0008282128618467006,
        "efolding_cycles": 1207.4190658791008
      },
      "period_days": {
        "available": true,
        "window_cycles": 250,
        "window_start_period": 1407.0,
        "window_end_period": 1656.0,
        "first": 0.556995026383342,
        "last": 0.5572544364755352,
        "median": 0.5572046729498887,
        "peak_to_peak": 0.0005596078207923405,
        "fractional_peak_to_peak": 0.001004312863762842,
        "slope_per_cycle": 1.4323021994072813e-06,
        "fractional_slope_per_cycle": 2.5705136172396976e-06,
        "log_slope_per_cycle": 2.571027240746946e-06,
        "efolding_cycles": 388949.5934354533
      },
      "gamma": {
        "available": true,
        "window_cycles": 250,
        "window_start_period": 1407.0,
        "window_end_period": 1656.0,
        "first": 0.002814187072662469,
        "last": 0.0003528126525102901,
        "median": 0.0012037516822605405,
        "peak_to_peak": 0.002461374420152179,
        "fractional_peak_to_peak": 2.0447526316473614,
        "slope_per_cycle": -9.88606157996873e-06,
        "fractional_slope_per_cycle": -0.008212708422889653,
        "log_slope_per_cycle": -0.008112933503238693,
        "efolding_cycles": null
      },
      "max_vsurf_div_cs": {
        "available": true,
        "window_cycles": 250,
        "window_start_period": 1629.0,
        "window_end_period": 1656.0,
        "first": 4.85518,
        "last": 4.89139,
        "median": 4.87288,
        "peak_to_peak": 0.03621000000000052,
        "fractional_peak_to_peak": 0.007430923806865861,
        "slope_per_cycle": 0.0013168363437329042,
        "fractional_slope_per_cycle": 0.00027023779443222573,
        "log_slope_per_cycle": 0.0002702822167116192,
        "efolding_cycles": 3699.8364604466815
      }
    },
    "500": {
      "delta_r": {
        "available": true,
        "window_cycles": 500,
        "window_start_period": 1157.0,
        "window_end_period": 1656.0,
        "first": 0.28534586106268733,
        "last": 0.6309325768391023,
        "median": 0.5092369728945627,
        "peak_to_peak": 0.345586715776415,
        "fractional_peak_to_peak": 0.6786363405863081,
        "slope_per_cycle": 0.0007560980649279134,
        "fractional_slope_per_cycle": 0.0014847666315942522,