{
  "generated_at": "2026-06-17T14:39:53.312952+00:00",
  "workspace": "<local-rre-root>/rsp_batch_runs",
  "model_id": "model_008",
  "run_name": "model_008_M0p6151_Z0p0004406_T6792",
  "source": "cumulative:saturation+continue_saturation",
  "source_kind": "history_exact_rsp_columns",
  "cycle_count": 1522,
  "first_period": 1.0,
  "last_period": 1522.0,
  "rolling_window": 100,
  "fits": {
    "50": {
      "delta_r": {
        "available": true,
        "window_cycles": 50,
        "window_start_period": 1473.0,
        "window_end_period": 1522.0,
        "first": 0.04780437251428982,
        "last": 0.05284955473751385,
        "median": 0.050262530849825016,
        "peak_to_peak": 0.005045182223224032,
        "fractional_peak_to_peak": 0.10037660535435605,
        "slope_per_cycle": 0.00010293575205927228,
        "fractional_slope_per_cycle": 0.00204796197721967,
        "log_slope_per_cycle": 0.002047400393324077,
        "efolding_cycles": 488.42424923853815
      },
      "period_days": {
        "available": true,
        "window_cycles": 50,
        "window_start_period": 1473.0,
        "window_end_period": 1522.0,
        "first": 0.6316260629766448,
        "last": 0.6316225902016999,
        "median": 0.6316240942041838,
        "peak_to_peak": 3.472774944945911e-06,
        "fractional_peak_to_peak": 5.498167306808398e-06,
        "slope_per_cycle": -7.284948383110432e-08,
        "fractional_slope_per_cycle": -1.1533677150630423e-07,
        "log_slope_per_cycle": -1.1533674263163522e-07,
        "efolding_cycles": null
      },
      "gamma": {
        "available": true,
        "window_cycles": 50,
        "window_start_period": 1473.0,
        "window_end_period": 1522.0,
        "first": 0.004120178096943438,
        "last": 0.00413731167845615,
        "median": 0.0041278212819127885,
        "peak_to_peak": 1.7494609395498316e-05,
        "fractional_peak_to_peak": 0.004238218711685962,
        "slope_per_cycle": 3.679445099885581e-07,
        "fractional_slope_per_cycle": 8.913770361154216e-05,
        "log_slope_per_cycle": 8.912857904692912e-05,
        "efolding_cycles": 11219.745795268062
      },
      "max_vsurf_div_cs": {
        "available": true,
        "window_cycles": 50,
        "window_start_period": 1473.0,
        "window_end_period": 1522.0,
        "first": 0.2698,
        "last": 0.29974,
        "median": 0.284335,
        "peak_to_peak": 0.029940000000000022,
        "fractional_peak_to_peak": 0.10529832767686012,
        "slope_per_cycle": 0.0006107596638655463,
        "fractional_slope_per_cycle": 0.0021480284307789977,
        "log_slope_per_cycle": 0.00214719615468646,
        "efolding_cycles": 465.7236358296399
      }
    },
    "100": {
      "delta_r": {
        "available": true,
        "window_cycles": 100,
        "window_start_period": 1423.0,
        "window_end_period": 1522.0,
        "first": 0.04315971404437047,
        "last": 0.05284955473751385,
        "median": 0.047755519976683036,
        "peak_to_peak": 0.009689840693143381,
        "fractional_peak_to_peak": 0.20290514474294308,
        "slope_per_cycle": 9.780515307244436e-05,
        "fractional_slope_per_cycle": 0.0020480387004517676,
        "log_slope_per_cycle": 0.002045800275772938,
        "efolding_cycles": 488.80626903923115
      },
      "period_days": {
        "available": true,
        "window_cycles": 100,
        "window_start_period": 1423.0,
        "window_end_period": 1522.0,
        "first": 0.6316287215900849,
        "last": 0.6316225902016999,
        "median": 0.6316261048489078,
        "peak_to_peak": 6.1313883850111495e-06,
        "fractional_peak_to_peak": 9.707306803726625e-06,
        "slope_per_cycle": -6.682118201720185e-08,
        "fractional_slope_per_cycle": -1.0579230577112743e-07,
        "log_slope_per_cycle": -1.0579235971150804e-07,
        "efolding_cycles": null
      },
      "gamma": {
        "available": true,
        "window_cycles": 100,
        "window_start_period": 1423.0,
        "window_end_period": 1522.0,
        "first": 0.004105090459474681,
        "last": 0.00413731167845615,
        "median": 0.004119440416337165,
        "peak_to_peak": 3.2256204543138975e-05,
        "fractional_peak_to_peak": 0.00783023937309909,
        "slope_per_cycle": 3.2184182738548526e-07,
        "fractional_slope_per_cycle": 7.812755977950365e-05,
        "log_slope_per_cycle": 7.81055268403959e-05,
        "efolding_cycles": 12803.191277916116
      },
      "max_vsurf_div_cs": {
        "available": true,
        "window_cycles": 100,
        "window_start_period": 1423.0,
        "window_end_period": 1522.0,
        "first": 0.24249,
        "last": 0.29974,
        "median": 0.26951,
        "peak_to_peak": 0.057249999999999995,
        "fractional_peak_to_peak": 0.2124225446180104,
        "slope_per_cycle": 0.0005775380138013801,
        "fractional_slope_per_cycle": 0.0021429186813156473,
        "log_slope_per_cycle": 0.0021400423292565036,
        "efolding_cycles": 467.28047680599917
      }
    },
    "250": {
      "delta_r": {
        "available": true,
        "window_cycles": 250,
        "window_start_period": 1273.0,
        "window_end_period": 1522.0,
        "first": 0.03181566012218617,
        "last": 0.05284955473751385,
        "median": 0.040970998048735385,
        "peak_to_peak": 0.021033894615327675,
        "fractional_peak_to_peak": 0.5133849702735496,
        "slope_per_cycle": 8.410206922969685e-05,
        "fractional_slope_per_cycle": 0.0020527220042249558,
        "log_slope_per_cycle": 0.002038379173168191,
        "efolding_cycles": 490.5858601595356
      },
      "period_days": {
        "available": true,
        "window_cycles": 250,
        "window_start_period": 1273.0,
        "window_end_period": 1522.0,
        "first": 0.6316313920935823,
        "last": 0.6316225902016999,
        "median": 0.6316292395985996,
        "peak_to_peak": 8.8018918824595e-06,
        "fractional_peak_to_peak": 1.3935219161248936e-05,
        "slope_per_cycle": -2.912074182641333e-08,
        "fractional_slope_per_cycle": -4.610416997940051e-08,
        "log_slope_per_cycle": -4.61043046814612e-08,
        "efolding_cycles": null
      },
      "gamma": {
        "available": true,
        "window_cycles": 250,
        "window_start_period": 1273.0,
        "window_end_period": 1522.0,
        "first": 0.004068147291189038,
        "last": 0.00413731167845615,
        "median": 0.004098108969839559,
        "peak_to_peak": 7.03559519853016e-05,
        "fractional_peak_to_peak": 0.017167906588890933,
        "slope_per_cycle": 2.742573863855895e-07,
        "fractional_slope_per_cycle": 6.692291210507432e-05,
        "log_slope_per_cycle": 6.688705971093112e-05,
        "efolding_cycles": 14950.574959069003
      },
      "max_vsurf_div_cs": {
        "available": true,
        "window_cycles": 250,
        "window_start_period": 1273.0,
        "window_end_period": 1522.0,
        "first": 0.17659,
        "last": 0.29974,
        "median": 0.229665,
        "peak_to_peak": 0.12315000000000001,
        "fractional_peak_to_peak": 0.5362157925674352,
        "slope_per_cycle": 0.0004920698891182258,
        "fractional_slope_per_cycle": 0.0021425549784173724,
        "log_slope_per_cycle": 0.002125377984586469,
        "efolding_cycles": 470.5045442514867
      }
    },
    "500": {
      "delta_r": {
        "available": true,
        "window_cycles": 500,
        "window_start_period": 1023.0,
        "window_end_period": 1522.0,
        "first": 0.019190338290791864,
        "last": 0.05284955473751385,
        "median": 0.03178346568480883,
        "peak_to_peak": 0.033659216446721985,
        "fractional_peak_to_peak": 1.0590165584997764,