{
  "generated_at": "2026-06-18T12:33:58.612568+00:00",
  "workspace": "<local-rre-root>/rsp_batch_runs",
  "model_id": "model_007",
  "run_name": "model_007_M0p6887_Z0p004060_T6669",
  "source": "cumulative:continue_saturation+continue_saturation_resume:LOGS_continue_saturation_resume_2180000+continue_saturation_resume:LOGS_continue_saturation_resume_2270000",
  "source_kind": "history_exact_rsp_columns",
  "cycle_count": 1647,
  "first_period": 1.0,
  "last_period": 1647.0,
  "rolling_window": 100,
  "fits": {
    "50": {
      "delta_r": {
        "available": true,
        "window_cycles": 50,
        "window_start_period": 1598.0,
        "window_end_period": 1647.0,
        "first": 0.6192204311360641,
        "last": 0.6292212909012225,
        "median": 0.6248546454667796,
        "peak_to_peak": 0.01000085976515841,
        "fractional_peak_to_peak": 0.01600509788590522,
        "slope_per_cycle": 0.00020710295486757574,
        "fractional_slope_per_cycle": 0.0003314418102995225,
        "log_slope_per_cycle": 0.00033165739459001774,
        "efolding_cycles": 3015.1596687182628
      },
      "period_days": {
        "available": true,
        "window_cycles": 50,
        "window_start_period": 1598.0,
        "window_end_period": 1647.0,
        "first": 0.557238712345112,
        "last": 0.5572542591082553,
        "median": 0.5572443292653878,
        "peak_to_peak": 4.8496958247712385e-05,
        "fractional_peak_to_peak": 8.702997177494056e-05,
        "slope_per_cycle": 2.3332138388383477e-07,
        "fractional_slope_per_cycle": 4.18705712432141e-07,
        "log_slope_per_cycle": 4.1870372465724205e-07,
        "efolding_cycles": 2388323.631031983
      },
      "gamma": {
        "available": true,
        "window_cycles": 50,
        "window_start_period": 1598.0,
        "window_end_period": 1647.0,
        "first": 0.0006832342118581957,
        "last": 0.0004101473446071011,
        "median": 0.0005363403710926635,
        "peak_to_peak": 0.00027376966964849176,
        "fractional_peak_to_peak": 0.5104401689746987,
        "slope_per_cycle": -5.43697950106903e-06,
        "fractional_slope_per_cycle": -0.010137181152320311,
        "log_slope_per_cycle": -0.010163491986700877,
        "efolding_cycles": null
      },
      "max_vsurf_div_cs": {
        "available": true,
        "window_cycles": 50,
        "window_start_period": 1629.0,
        "window_end_period": 1647.0,
        "first": 4.85518,
        "last": 4.87652,
        "median": 4.8682,
        "peak_to_peak": 0.02134000000000036,
        "fractional_peak_to_peak": 0.004383550388233918,
        "slope_per_cycle": 0.0013090877192982453,
        "fractional_slope_per_cycle": 0.00026890590347525685,
        "log_slope_per_cycle": 0.00026902950412952735,
        "efolding_cycles": 3717.06442843733
      }
    },
    "100": {
      "delta_r": {
        "available": true,
        "window_cycles": 100,
        "window_start_period": 1548.0,
        "window_end_period": 1647.0,
        "first": 0.6023969096747459,
        "last": 0.6292212909012225,
        "median": 0.6190400234984046,
        "peak_to_peak": 0.026824381226476568,
        "fractional_peak_to_peak": 0.04333222442530115,
        "slope_per_cycle": 0.00026773890746912806,
        "fractional_slope_per_cycle": 0.00043250661880639787,
        "log_slope_per_cycle": 0.0004338925612732686,
        "efolding_cycles": 2304.7180091437267
      },
      "period_days": {
        "available": true,
        "window_cycles": 100,
        "window_start_period": 1548.0,
        "window_end_period": 1647.0,
        "first": 0.5572297780405454,
        "last": 0.5572542591082553,
        "median": 0.557233218079933,
        "peak_to_peak": 7.089948868033158e-05,
        "fractional_peak_to_peak": 0.000127234856752853,
        "slope_per_cycle": 3.333855433887262e-07,
        "fractional_slope_per_cycle": 5.982872746486254e-07,
        "log_slope_per_cycle": 5.982845589002338e-07,
        "efolding_cycles": 1671445.4436835195
      },
      "gamma": {
        "available": true,
        "window_cycles": 100,
        "window_start_period": 1548.0,
        "window_end_period": 1647.0,
        "first": 0.001042912931169252,
        "last": 0.0004101473446071011,
        "median": 0.0006854131226748727,
        "peak_to_peak": 0.0006327655865621508,
        "fractional_peak_to_peak": 0.9231886079051694,
        "slope_per_cycle": -6.3634992899494346e-06,
        "fractional_slope_per_cycle": -0.009284180707126577,
        "log_slope_per_cycle": -0.009345027278549679,
        "efolding_cycles": null
      },
      "max_vsurf_div_cs": {
        "available": true,
        "window_cycles": 100,
        "window_start_period": 1629.0,
        "window_end_period": 1647.0,
        "first": 4.85518,
        "last": 4.87652,
        "median": 4.8682,
        "peak_to_peak": 0.02134000000000036,
        "fractional_peak_to_peak": 0.004383550388233918,
        "slope_per_cycle": 0.0013090877192982453,
        "fractional_slope_per_cycle": 0.00026890590347525685,
        "log_slope_per_cycle": 0.00026902950412952735,
        "efolding_cycles": 3717.06442843733
      }
    },
    "250": {
      "delta_r": {
        "available": true,
        "window_cycles": 250,
        "window_start_period": 1398.0,
        "window_end_period": 1647.0,
        "first": 0.501687772132791,
        "last": 0.6292212909012225,
        "median": 0.591091499346978,
        "peak_to_peak": 0.12753351876843144,
        "fractional_peak_to_peak": 0.2157593518251016,
        "slope_per_cycle": 0.0005078247370222305,
        "fractional_slope_per_cycle": 0.0008591305027787772,
        "log_slope_per_cycle": 0.0008853706966431946,
        "efolding_cycles": 1129.470405776261
      },
      "period_days": {
        "available": true,
        "window_cycles": 250,
        "window_start_period": 1398.0,
        "window_end_period": 1647.0,
        "first": 0.5569885154504812,
        "last": 0.5572542591082553,
        "median": 0.5571990012117075,
        "peak_to_peak": 0.0005568297119398213,
        "fractional_peak_to_peak": 0.0009993372398890107,
        "slope_per_cycle": 1.4669482583221031e-06,
        "fractional_slope_per_cycle": 2.6327187506295202e-06,
        "log_slope_per_cycle": 2.6332163611834e-06,
        "efolding_cycles": 379763.70447227044
      },
      "gamma": {
        "available": true,
        "window_cycles": 250,
        "window_start_period": 1398.0,
        "window_end_period": 1647.0,
        "first": 0.0029384387690493063,
        "last": 0.0004101473446071011,
        "median": 0.0012929038784744978,
        "peak_to_peak": 0.002528291424442205,
        "fractional_peak_to_peak": 1.955513837134858,
        "slope_per_cycle": -1.0308870561441622e-05,
        "fractional_slope_per_cycle": -0.007973423804409263,
        "log_slope_per_cycle": -0.007922880524856634,
        "efolding_cycles": null
      },
      "max_vsurf_div_cs": {
        "available": true,
        "window_cycles": 250,
        "window_start_period": 1629.0,
        "window_end_period": 1647.0,
        "first": 4.85518,
        "last": 4.87652,
        "median": 4.8682,
        "peak_to_peak": 0.02134000000000036,
        "fractional_peak_to_peak": 0.004383550388233918,
        "slope_per_cycle": 0.0013090877192982453,
        "fractional_slope_per_cycle": 0.00026890590347525685,
        "log_slope_per_cycle": 0.00026902950412952735,
        "efolding_cycles": 3717.06442843733
      }
    },
    "500": {
      "delta_r": {
        "available": true,
        "window_cycles": 500,
        "window_start_period": 1148.0,
        "window_end_period": 1647.0,
        "first": 0.2790360544981496,
        "last": 0.6292212909012225,
        "median": 0.5012380177041162,
        "peak_to_peak": 0.35018523640307286,
        "fractional_peak_to_peak": 0.6986406139084791,
        "slope_per_cycle": 0.0007691595054042518,
        "fractional_slope_per_cycle": 0.0015345194862259853,