{
  "generated_at": "2026-06-17T16:51:57.945921+00:00",
  "workspace": "<local-rre-root>/rsp_batch_runs",
  "model_id": "model_008",
  "run_name": "model_008_M0p6151_Z0p0004406_T6792",
  "source": "cumulative:saturation+continue_saturation",
  "source_kind": "history_exact_rsp_columns",
  "cycle_count": 1535,
  "first_period": 1.0,
  "last_period": 1535.0,
  "rolling_window": 100,
  "fits": {
    "50": {
      "delta_r": {
        "available": true,
        "window_cycles": 50,
        "window_start_period": 1486.0,
        "window_end_period": 1535.0,
        "first": 0.04909311368938152,
        "last": 0.05427814168399436,
        "median": 0.05161830030989423,
        "peak_to_peak": 0.005185027994612845,
        "fractional_peak_to_peak": 0.10044941355070104,
        "slope_per_cycle": 0.00010579062120149616,
        "fractional_slope_per_cycle": 0.0020494789748281995,
        "log_slope_per_cycle": 0.0020488817758582494,
        "efolding_cycles": 488.07110873008435
      },
      "period_days": {
        "available": true,
        "window_cycles": 50,
        "window_start_period": 1486.0,
        "window_end_period": 1535.0,
        "first": 0.631625037987337,
        "last": 0.6316221348924079,
        "median": 0.6316232143118288,
        "peak_to_peak": 2.9287442426806365e-06,
        "fractional_peak_to_peak": 4.636853390310528e-06,
        "slope_per_cycle": -6.088882023464669e-08,
        "fractional_slope_per_cycle": -9.640054205573613e-08,
        "log_slope_per_cycle": -9.640050582511804e-08,
        "efolding_cycles": null
      },
      "gamma": {
        "available": true,
        "window_cycles": 50,
        "window_start_period": 1486.0,
        "window_end_period": 1535.0,
        "first": 0.00412372370336718,
        "last": 0.004144193333006495,
        "median": 0.004132729770366947,
        "peak_to_peak": 2.1118634491004533e-05,
        "fractional_peak_to_peak": 0.005110093246945928,
        "slope_per_cycle": 4.156623776177402e-07,
        "fractional_slope_per_cycle": 0.00010057816521132795,
        "log_slope_per_cycle": 0.00010055847621979002,
        "efolding_cycles": 9944.462541519686
      },
      "max_vsurf_div_cs": {
        "available": true,
        "window_cycles": 50,
        "window_start_period": 1486.0,
        "window_end_period": 1535.0,
        "first": 0.27741,
        "last": 0.30831,
        "median": 0.292395,
        "peak_to_peak": 0.030899999999999983,
        "fractional_peak_to_peak": 0.10567896167855122,
        "slope_per_cycle": 0.0006302266506602641,
        "fractional_slope_per_cycle": 0.002155394759350413,
        "log_slope_per_cycle": 0.0021545016430129004,
        "efolding_cycles": 464.1444592270438
      }
    },
    "100": {
      "delta_r": {
        "available": true,
        "window_cycles": 100,
        "window_start_period": 1436.0,
        "window_end_period": 1535.0,
        "first": 0.04432133279416295,
        "last": 0.05427814168399436,
        "median": 0.04904292803868282,
        "peak_to_peak": 0.009956808889831414,
        "fractional_peak_to_peak": 0.2030223171417893,
        "slope_per_cycle": 0.00010049300743494978,
        "fractional_slope_per_cycle": 0.002049082537561491,
        "log_slope_per_cycle": 0.002046827507186671,
        "efolding_cycles": 488.5609542029669
      },
      "period_days": {
        "available": true,
        "window_cycles": 100,
        "window_start_period": 1436.0,
        "window_end_period": 1535.0,
        "first": 0.6316282560931588,
        "last": 0.6316221348924079,
        "median": 0.631625081072734,
        "peak_to_peak": 6.146850064392417e-06,
        "fractional_peak_to_peak": 9.731801742186652e-06,
        "slope_per_cycle": -6.825004949539293e-08,
        "fractional_slope_per_cycle": -1.0805468550976317e-07,
        "log_slope_per_cycle": -1.0805467756514659e-07,
        "efolding_cycles": null
      },
      "gamma": {
        "available": true,
        "window_cycles": 100,
        "window_start_period": 1436.0,
        "window_end_period": 1535.0,
        "first": 0.004109722045592566,
        "last": 0.004144193333006495,
        "median": 0.004123399200941335,
        "peak_to_peak": 3.634718378609479e-05,
        "fractional_peak_to_peak": 0.008814859298075496,
        "slope_per_cycle": 3.5100813537351403e-07,
        "fractional_slope_per_cycle": 8.512591632975582e-05,
        "log_slope_per_cycle": 8.508725003069516e-05,
        "efolding_cycles": 11752.642136621536
      },
      "max_vsurf_div_cs": {
        "available": true,
        "window_cycles": 100,
        "window_start_period": 1436.0,
        "window_end_period": 1535.0,
        "first": 0.2493,
        "last": 0.30831,
        "median": 0.277115,
        "peak_to_peak": 0.05900999999999998,
        "fractional_peak_to_peak": 0.2129440845858217,
        "slope_per_cycle": 0.0005950239423942393,
        "fractional_slope_per_cycle": 0.002147209434329572,
        "log_slope_per_cycle": 0.0021441551233023237,
        "efolding_cycles": 466.3841664869137
      }
    },
    "250": {
      "delta_r": {
        "available": true,
        "window_cycles": 250,
        "window_start_period": 1286.0,
        "window_end_period": 1535.0,
        "first": 0.03266452516392082,
        "last": 0.05427814168399436,
        "median": 0.04207219543776919,
        "peak_to_peak": 0.021613616520073542,
        "fractional_peak_to_peak": 0.5137268520261363,
        "slope_per_cycle": 8.641880919916347e-05,
        "fractional_slope_per_cycle": 0.0020540598915735047,
        "log_slope_per_cycle": 0.002039742250723413,
        "efolding_cycles": 490.25802139723334
      },
      "period_days": {
        "available": true,
        "window_cycles": 250,
        "window_start_period": 1286.0,
        "window_end_period": 1535.0,
        "first": 0.6316308482006813,
        "last": 0.6316221348924079,
        "median": 0.6316290414632575,
        "peak_to_peak": 8.738957586906793e-06,
        "fractional_peak_to_peak": 1.3835585467479089e-05,
        "slope_per_cycle": -3.220346289627399e-08,
        "fractional_slope_per_cycle": -5.0984772362065785e-08,
        "log_slope_per_cycle": -5.098494847029233e-08,
        "efolding_cycles": null
      },
      "gamma": {
        "available": true,
        "window_cycles": 250,
        "window_start_period": 1286.0,
        "window_end_period": 1535.0,
        "first": 0.004070081388696241,
        "last": 0.004144193333006495,
        "median": 0.004101544634868494,
        "peak_to_peak": 7.568523094652994e-05,
        "fractional_peak_to_peak": 0.018452860491412548,
        "slope_per_cycle": 2.843331733224414e-07,
        "fractional_slope_per_cycle": 6.93234375423438e-05,
        "log_slope_per_cycle": 6.927611714743054e-05,
        "efolding_cycles": 14434.989158988828
      },
      "max_vsurf_div_cs": {
        "available": true,
        "window_cycles": 250,
        "window_start_period": 1286.0,
        "window_end_period": 1535.0,
        "first": 0.18146,
        "last": 0.30831,
        "median": 0.23611,
        "peak_to_peak": 0.12684999999999996,
        "fractional_peak_to_peak": 0.5372495870568802,
        "slope_per_cycle": 0.0005066159612153795,
        "fractional_slope_per_cycle": 0.0021456776977484206,
        "log_slope_per_cycle": 0.002128494734933351,
        "efolding_cycles": 469.8155854406249
      }
    },
    "500": {
      "delta_r": {
        "available": true,
        "window_cycles": 500,
        "window_start_period": 1036.0,
        "window_end_period": 1535.0,
        "first": 0.019700315815287972,
        "last": 0.05427814168399436,
        "median": 0.03263145746404916,
        "peak_to_peak": 0.03457782586870639,
        "fractional_peak_to_peak": 1.0596469957494723,