{
  "generated_at": "2026-06-17T11:43:43.250355+00:00",
  "workspace": "<local-rre-root>/rsp_batch_runs",
  "model_id": "model_008",
  "run_name": "model_008_M0p6151_Z0p0004406_T6792",
  "source": "cumulative:saturation+continue_saturation",
  "source_kind": "history_exact_rsp_columns",
  "cycle_count": 1390,
  "first_period": 1.0,
  "last_period": 1390.0,
  "rolling_window": 100,
  "fits": {
    "50": {
      "delta_r": {
        "available": true,
        "window_cycles": 50,
        "window_start_period": 1341.0,
        "window_end_period": 1390.0,
        "first": 0.0365204475187868,
        "last": 0.04034922681813047,
        "median": 0.03838528164750077,
        "peak_to_peak": 0.0038287792993436653,
        "fractional_peak_to_peak": 0.09974602595088562,
        "slope_per_cycle": 7.812363897069157e-05,
        "fractional_slope_per_cycle": 0.002035249856653797,
        "log_slope_per_cycle": 0.002034659745536936,
        "efolding_cycles": 491.48266789743036
      },
      "period_days": {
        "available": true,
        "window_cycles": 50,
        "window_start_period": 1341.0,
        "window_end_period": 1390.0,
        "first": 0.63162948541119,
        "last": 0.631629322154137,
        "median": 0.631629413913556,
        "peak_to_peak": 1.632570529874755e-07,
        "fractional_peak_to_peak": 2.5846968078313507e-07,
        "slope_per_cycle": -2.406051196204354e-09,
        "fractional_slope_per_cycle": -3.809276679020593e-09,
        "log_slope_per_cycle": -3.809276728114889e-09,
        "efolding_cycles": null
      },
      "gamma": {
        "available": true,
        "window_cycles": 50,
        "window_start_period": 1341.0,
        "window_end_period": 1390.0,
        "first": 0.004084073438044892,
        "last": 0.004097307372425977,
        "median": 0.004089739690226557,
        "peak_to_peak": 1.5034560437834736e-05,
        "fractional_peak_to_peak": 0.0036761656185022073,
        "slope_per_cycle": 2.6473145058327814e-07,
        "fractional_slope_per_cycle": 6.473063584362578e-05,
        "log_slope_per_cycle": 6.473305679367453e-05,
        "efolding_cycles": 15448.057754901452
      },
      "max_vsurf_div_cs": {
        "available": true,
        "window_cycles": 50,
        "window_start_period": 1341.0,
        "window_end_period": 1390.0,
        "first": 0.20372,
        "last": 0.22603,
        "median": 0.21456999999999998,
        "peak_to_peak": 0.022309999999999997,
        "fractional_peak_to_peak": 0.10397539264575661,
        "slope_per_cycle": 0.00045518415366146465,
        "fractional_slope_per_cycle": 0.0021213783551356884,
        "log_slope_per_cycle": 0.0021206747447513464,
        "efolding_cycles": 471.54803086847346
      }
    },
    "100": {
      "delta_r": {
        "available": true,
        "window_cycles": 100,
        "window_start_period": 1291.0,
        "window_end_period": 1390.0,
        "first": 0.032997246105159306,
        "last": 0.04034922681813047,
        "median": 0.03648339153734703,
        "peak_to_peak": 0.007351980712971162,
        "fractional_peak_to_peak": 0.20151582413726926,
        "slope_per_cycle": 7.420192217275091e-05,
        "fractional_slope_per_cycle": 0.002033854832185557,
        "log_slope_per_cycle": 0.002031584731096505,
        "efolding_cycles": 492.22657794847237
      },
      "period_days": {
        "available": true,
        "window_cycles": 100,
        "window_start_period": 1291.0,
        "window_end_period": 1390.0,
        "first": 0.6316306640180173,
        "last": 0.631629322154137,
        "median": 0.6316294898113443,
        "peak_to_peak": 1.3418638802331628e-06,
        "fractional_peak_to_peak": 2.1244478002981655e-06,
        "slope_per_cycle": -1.1529194629867433e-08,
        "fractional_slope_per_cycle": -1.82530974500747e-08,
        "log_slope_per_cycle": -1.825308732509558e-08,
        "efolding_cycles": null
      },
      "gamma": {
        "available": true,
        "window_cycles": 100,
        "window_start_period": 1291.0,
        "window_end_period": 1390.0,
        "first": 0.004074460422419679,
        "last": 0.004097307372425977,
        "median": 0.004083438429177557,
        "peak_to_peak": 2.616105735696317e-05,
        "fractional_peak_to_peak": 0.0064066246646535705,
        "slope_per_cycle": 2.459590217656669e-07,
        "fractional_slope_per_cycle": 6.0233312202825445e-05,
        "log_slope_per_cycle": 6.0230369154942405e-05,
        "efolding_cycles": 16602.919989208494
      },
      "max_vsurf_div_cs": {
        "available": true,
        "window_cycles": 100,
        "window_start_period": 1291.0,
        "window_end_period": 1390.0,
        "first": 0.18338,
        "last": 0.22603,
        "median": 0.203505,
        "peak_to_peak": 0.04265000000000002,
        "fractional_peak_to_peak": 0.20957716026633263,
        "slope_per_cycle": 0.00043050015001500145,
        "fractional_slope_per_cycle": 0.002115427876538667,
        "log_slope_per_cycle": 0.0021125037387111157,
        "efolding_cycles": 473.3719432894929
      }
    },
    "250": {
      "delta_r": {
        "available": true,
        "window_cycles": 250,
        "window_start_period": 1141.0,
        "window_end_period": 1390.0,
        "first": 0.024355601971028484,
        "last": 0.04034922681813047,
        "median": 0.03133595115583798,
        "peak_to_peak": 0.015993624847101984,
        "fractional_peak_to_peak": 0.5103921935403682,
        "slope_per_cycle": 6.39310992203459e-05,
        "fractional_slope_per_cycle": 0.002040183778127805,
        "log_slope_per_cycle": 0.002026688476885332,
        "efolding_cycles": 493.41574267833516
      },
      "period_days": {
        "available": true,
        "window_cycles": 250,
        "window_start_period": 1141.0,
        "window_end_period": 1390.0,
        "first": 0.6316352877470975,
        "last": 0.631629322154137,
        "median": 0.6316317296298049,
        "peak_to_peak": 5.9655929605106905e-06,
        "fractional_peak_to_peak": 9.444732873073183e-06,
        "slope_per_cycle": -2.967989801644218e-08,
        "fractional_slope_per_cycle": -4.698924487824158e-08,
        "log_slope_per_cycle": -4.698921537032435e-08,
        "efolding_cycles": null
      },
      "gamma": {
        "available": true,
        "window_cycles": 250,
        "window_start_period": 1141.0,
        "window_end_period": 1390.0,
        "first": 0.004053681376732147,
        "last": 0.004097307372425977,
        "median": 0.0040669587616994855,
        "peak_to_peak": 4.958196331266828e-05,
        "fractional_peak_to_peak": 0.012191410392356463,
        "slope_per_cycle": 1.7568365562127788e-07,
        "fractional_slope_per_cycle": 4.319779617039044e-05,
        "log_slope_per_cycle": 4.315032233575608e-05,
        "efolding_cycles": 23174.797912722894
      },
      "max_vsurf_div_cs": {
        "available": true,
        "window_cycles": 250,
        "window_start_period": 1141.0,
        "window_end_period": 1390.0,
        "first": 0.13417,
        "last": 0.22603,
        "median": 0.17384,
        "peak_to_peak": 0.09186,
        "fractional_peak_to_peak": 0.5284169351127473,
        "slope_per_cycle": 0.00036681190419046706,
        "fractional_slope_per_cycle": 0.0021100546720574497,
        "log_slope_per_cycle": 0.0020934386830956647,
        "efolding_cycles": 477.6829663438022
      }
    },
    "500": {
      "delta_r": {
        "available": true,
        "window_cycles": 500,
        "window_start_period": 891.0,
        "window_end_period": 1390.0,
        "first": 0.014707847718330669,
        "last": 0.04034922681813047,
        "median": 0.02433099661361071,
        "peak_to_peak": 0.0256413790997998,
        "fractional_peak_to_peak": 1.0538565068664743,