{
  "generated_at": "2026-06-19T03:36:56.921935+00:00",
  "workspace": "<local-rre-root>/rsp_batch_runs",
  "model_id": "model_008",
  "run_name": "model_008_M0p6151_Z0p0004406_T6792",
  "source": "cumulative:saturation+continue_saturation+continue_saturation_resume:LOGS_continue_saturation_resume_1620000",
  "source_kind": "history_exact_rsp_columns",
  "cycle_count": 1116,
  "first_period": 1.0,
  "last_period": 1116.0,
  "rolling_window": 100,
  "fits": {
    "50": {
      "delta_r": {
        "available": true,
        "window_cycles": 50,
        "window_start_period": 1067.0,
        "window_end_period": 1116.0,
        "first": 0.07128074563703723,
        "last": 0.0789200094691953,
        "median": 0.07499693817637798,
        "peak_to_peak": 0.007639263832158072,
        "fractional_peak_to_peak": 0.10186100950137501,
        "slope_per_cycle": 0.00015586332340156717,
        "fractional_slope_per_cycle": 0.00207826248899665,
        "log_slope_per_cycle": 0.002077588705099757,
        "efolding_cycles": 481.3272220557169
      },
      "period_days": {
        "available": true,
        "window_cycles": 50,
        "window_start_period": 1067.0,
        "window_end_period": 1116.0,
        "first": 0.6316163166427847,
        "last": 0.6316199922575443,
        "median": 0.6316174930096949,
        "peak_to_peak": 3.675655289359092e-06,
        "fractional_peak_to_peak": 5.819432378043198e-06,
        "slope_per_cycle": 8.324620594508351e-08,
        "fractional_slope_per_cycle": 1.317984490081337e-07,
        "log_slope_per_cycle": 1.3179835432207757e-07,
        "efolding_cycles": 7587348.151224145
      },
      "gamma": {
        "available": true,
        "window_cycles": 50,
        "window_start_period": 1067.0,
        "window_end_period": 1116.0,
        "first": 0.004205104052994081,
        "last": 0.004232545883285934,
        "median": 0.00421950326190596,
        "peak_to_peak": 2.7441830291853077e-05,
        "fractional_peak_to_peak": 0.006503568924712132,
        "slope_per_cycle": 5.625979736644695e-07,
        "fractional_slope_per_cycle": 0.00013333275002857625,
        "log_slope_per_cycle": 0.00013334432251611115,
        "efolding_cycles": 7499.381909411076
      },
      "max_vsurf_div_cs": {
        "available": true,
        "window_cycles": 50,
        "window_start_period": 1067.0,
        "window_end_period": 1116.0,
        "first": 0.4122,
        "last": 0.46069,
        "median": 0.435615,
        "peak_to_peak": 0.04848999999999998,
        "fractional_peak_to_peak": 0.11131388955844032,
        "slope_per_cycle": 0.0009896364945978391,
        "fractional_slope_per_cycle": 0.002271814548621694,
        "log_slope_per_cycle": 0.0022705810061349136,
        "efolding_cycles": 440.41590997990664
      }
    },
    "100": {
      "delta_r": {
        "available": true,
        "window_cycles": 100,
        "window_start_period": 1017.0,
        "window_end_period": 1116.0,
        "first": 0.0642735011319644,
        "last": 0.0789200094691953,
        "median": 0.071206967495836,
        "peak_to_peak": 0.014646508337230912,
        "fractional_peak_to_peak": 0.20568925840139737,
        "slope_per_cycle": 0.0001477935624596011,
        "fractional_slope_per_cycle": 0.002075549172463266,
        "log_slope_per_cycle": 0.0020730716841006885,
        "efolding_cycles": 482.3759871255037
      },
      "period_days": {
        "available": true,
        "window_cycles": 100,
        "window_start_period": 1017.0,
        "window_end_period": 1116.0,
        "first": 0.6316207353098111,
        "last": 0.6316199922575443,
        "median": 0.6316177488195158,
        "peak_to_peak": 4.418707556186341e-06,
        "fractional_peak_to_peak": 6.995857169062838e-06,
        "slope_per_cycle": -7.4320319393497736e-09,
        "fractional_slope_per_cycle": -1.1766661011727633e-08,
        "log_slope_per_cycle": -1.1766636874142295e-08,
        "efolding_cycles": null
      },
      "gamma": {
        "available": true,
        "window_cycles": 100,
        "window_start_period": 1017.0,
        "window_end_period": 1116.0,
        "first": 0.004178464688880692,
        "last": 0.004232545883285934,
        "median": 0.004204819489480219,
        "peak_to_peak": 5.4081194405242e-05,
        "fractional_peak_to_peak": 0.012861716071413872,
        "slope_per_cycle": 5.5220813358586e-07,
        "fractional_slope_per_cycle": 0.00013132742914824188,
        "log_slope_per_cycle": 0.00013130430872042228,
        "efolding_cycles": 7615.89630793636
      },
      "max_vsurf_div_cs": {
        "available": true,
        "window_cycles": 100,
        "window_start_period": 1018.0,
        "window_end_period": 1116.0,
        "first": 0.36986,
        "last": 0.46069,
        "median": 0.4122,
        "peak_to_peak": 0.09082999999999997,
        "fractional_peak_to_peak": 0.2203541969917515,
        "slope_per_cycle": 0.0009250567717996289,
        "fractional_slope_per_cycle": 0.0022441940121291338,
        "log_slope_per_cycle": 0.0022393875883184736,
        "efolding_cycles": 446.55065751743615
      }
    },
    "250": {
      "delta_r": {
        "available": true,
        "window_cycles": 250,
        "window_start_period": 867.0,
        "window_end_period": 1116.0,
        "first": 0.047221163421461654,
        "last": 0.0789200094691953,
        "median": 0.06097407762086071,
        "peak_to_peak": 0.03169884604773365,
        "fractional_peak_to_peak": 0.5198741380695968,
        "slope_per_cycle": 0.00012669854376013055,
        "fractional_slope_per_cycle": 0.0020779083293058936,
        "log_slope_per_cycle": 0.0020626722713525903,
        "efolding_cycles": 484.8079910165532
      },
      "period_days": {
        "available": true,
        "window_cycles": 250,
        "window_start_period": 867.0,
        "window_end_period": 1116.0,
        "first": 0.6316265236162063,
        "last": 0.6316199922575443,
        "median": 0.6316220277112357,
        "peak_to_peak": 1.0207013951379906e-05,
        "fractional_peak_to_peak": 1.6160003140432492e-05,
        "slope_per_cycle": -3.5099678301475576e-08,
        "fractional_slope_per_cycle": -5.557070013638349e-08,
        "log_slope_per_cycle": -5.557079212213014e-08,
        "efolding_cycles": null
      },
      "gamma": {
        "available": true,
        "window_cycles": 250,
        "window_start_period": 867.0,
        "window_end_period": 1116.0,
        "first": 0.004116895180608885,
        "last": 0.004232545883285934,
        "median": 0.0041680939884637825,
        "peak_to_peak": 0.00011565070267704862,
        "fractional_peak_to_peak": 0.027746663822154724,
        "slope_per_cycle": 4.633167681508531e-07,
        "fractional_slope_per_cycle": 0.00011115794639784884,
        "log_slope_per_cycle": 0.00011105283375787193,
        "efolding_cycles": 9004.722942777815
      },
      "max_vsurf_div_cs": {
        "available": true,
        "window_cycles": 250,
        "window_start_period": 1018.0,
        "window_end_period": 1116.0,
        "first": 0.36986,
        "last": 0.46069,
        "median": 0.4122,
        "peak_to_peak": 0.09082999999999997,
        "fractional_peak_to_peak": 0.2203541969917515,
        "slope_per_cycle": 0.0009250567717996289,
        "fractional_slope_per_cycle": 0.0022441940121291338,
        "log_slope_per_cycle": 0.0022393875883184736,
        "efolding_cycles": 446.55065751743615
      }
    },
    "500": {
      "delta_r": {
        "available": true,
        "window_cycles": 500,
        "window_start_period": 617.0,
        "window_end_period": 1116.0,
        "first": 0.02840455010627263,
        "last": 0.0789200094691953,
        "median": 0.04717291223490072,
        "peak_to_peak": 0.05051545936292268,
        "fractional_peak_to_peak": 1.0708573409964073,
        "slope_per_cycle": 9.933276924892472e-05,
        "fractional_slope_per_cycle": 0.002105716279594748,