{
  "generated_at": "2026-06-17T14:21:24.094200+00:00",
  "workspace": "<local-rre-root>/rsp_batch_runs",
  "model_id": "model_007",
  "run_name": "model_007_M0p6887_Z0p004060_T6669",
  "source": "cumulative:continue_saturation+continue_saturation_resume:LOGS_continue_saturation_resume_2180000",
  "source_kind": "history_exact_rsp_columns",
  "cycle_count": 1569,
  "first_period": 1.0,
  "last_period": 3129.0,
  "rolling_window": 100,
  "fits": {
    "50": {
      "delta_r": {
        "available": true,
        "window_cycles": 50,
        "window_start_period": 1520.0,
        "window_end_period": 3129.0,
        "first": 0.5899147683195727,
        "last": 0.6091621113287591,
        "median": 0.6010529172058918,
        "peak_to_peak": 0.0192473430091864,
        "fractional_peak_to_peak": 0.03202270957881931,
        "slope_per_cycle": 5.679980789701073e-06,
        "fractional_slope_per_cycle": 9.450051113811306e-06,
        "log_slope_per_cycle": 9.433130131109579e-06,
        "efolding_cycles": 106009.35067163907
      },
      "period_days": {
        "available": true,
        "window_cycles": 50,
        "window_start_period": 1520.0,
        "window_end_period": 3129.0,
        "first": 0.5571907295445325,
        "last": 0.5572219129427578,
        "median": 0.5572138980917495,
        "peak_to_peak": 6.683059761092291e-05,
        "fractional_peak_to_peak": 0.00011993706158405753,
        "slope_per_cycle": 9.049708252052846e-09,
        "fractional_slope_per_cycle": 1.6240995213946985e-08,
        "log_slope_per_cycle": 1.624103503283852e-08,
        "efolding_cycles": 61572430.45027935
      },
      "gamma": {
        "available": true,
        "window_cycles": 50,
        "window_start_period": 1520.0,
        "window_end_period": 3129.0,
        "first": 0.0013251010835320747,
        "last": 0.0009054665966340614,
        "median": 0.0010736975191804631,
        "peak_to_peak": 0.00041963448689801323,
        "fractional_peak_to_peak": 0.3908311972428825,
        "slope_per_cycle": -1.1942410034566508e-07,
        "fractional_slope_per_cycle": -0.00011122695006021778,
        "log_slope_per_cycle": -0.00011346099760421918,
        "efolding_cycles": null
      },
      "max_vsurf_div_cs": {
        "available": true,
        "window_cycles": 50,
        "window_start_period": 1562.0,
        "window_end_period": 1564.0,
        "first": 4.72111,
        "last": 4.72559,
        "median": 4.72344,
        "peak_to_peak": 0.0044800000000000395,
        "fractional_peak_to_peak": 0.0009484612909235725,
        "slope_per_cycle": 0.0022400000000000198,
        "fractional_slope_per_cycle": 0.00047423064546178625,
        "log_slope_per_cycle": 0.00047423971713456137,
        "efolding_cycles": 2108.6382347774947
      }
    },
    "100": {
      "delta_r": {
        "available": true,
        "window_cycles": 100,
        "window_start_period": 1470.0,
        "window_end_period": 3129.0,
        "first": 0.5598228719131129,
        "last": 0.6091621113287591,
        "median": 0.5896597611079835,
        "peak_to_peak": 0.04933923941564622,
        "fractional_peak_to_peak": 0.0836740823605408,
        "slope_per_cycle": 1.621293352283796e-05,
        "fractional_slope_per_cycle": 2.7495404285979267e-05,
        "log_slope_per_cycle": 2.7416006277893434e-05,
        "efolding_cycles": 36475.04271277972
      },
      "period_days": {
        "available": true,
        "window_cycles": 100,
        "window_start_period": 1470.0,
        "window_end_period": 3129.0,
        "first": 0.5570165630617973,
        "last": 0.5572219129427578,
        "median": 0.5571937069859942,
        "peak_to_peak": 0.0002167849125409571,
        "fractional_peak_to_peak": 0.00038906561546361157,
        "slope_per_cycle": 4.16624610223599e-08,
        "fractional_slope_per_cycle": 7.477195183650403e-08,
        "log_slope_per_cycle": 7.477522558002241e-08,
        "efolding_cycles": 13373413.349717377
      },
      "gamma": {
        "available": true,
        "window_cycles": 100,
        "window_start_period": 1470.0,
        "window_end_period": 3129.0,
        "first": 0.0019299662652979656,
        "last": 0.0009054665966340614,
        "median": 0.0013317605778888552,
        "peak_to_peak": 0.001024499668663904,
        "fractional_peak_to_peak": 0.7692821710400605,
        "slope_per_cycle": -3.4178570839564167e-07,
        "fractional_slope_per_cycle": -0.000256642007632821,
        "log_slope_per_cycle": -0.00027623728533894223,
        "efolding_cycles": null
      },
      "max_vsurf_div_cs": {
        "available": true,
        "window_cycles": 100,
        "window_start_period": 1562.0,
        "window_end_period": 1564.0,
        "first": 4.72111,
        "last": 4.72559,
        "median": 4.72344,
        "peak_to_peak": 0.0044800000000000395,
        "fractional_peak_to_peak": 0.0009484612909235725,
        "slope_per_cycle": 0.0022400000000000198,
        "fractional_slope_per_cycle": 0.00047423064546178625,
        "log_slope_per_cycle": 0.00047423971713456137,
        "efolding_cycles": 2108.6382347774947
      }
    },
    "250": {
      "delta_r": {
        "available": true,
        "window_cycles": 250,
        "window_start_period": 1320.0,
        "window_end_period": 3129.0,
        "first": 0.42700709129360703,
        "last": 0.6091621113287591,
        "median": 0.5409653923797393,
        "peak_to_peak": 0.18215502003515205,
        "fractional_peak_to_peak": 0.3367221315837621,
        "slope_per_cycle": 0.00010343618061718006,
        "fractional_slope_per_cycle": 0.0001912066503222287,
        "log_slope_per_cycle": 0.00019430700910521117,
        "efolding_cycles": 5146.4947384297975
      },
      "period_days": {
        "available": true,
        "window_cycles": 250,
        "window_start_period": 1320.0,
        "window_end_period": 3129.0,
        "first": 0.5568206895311811,
        "last": 0.5572219129427578,
        "median": 0.557001607875357,
        "peak_to_peak": 0.0005568297119398213,
        "fractional_peak_to_peak": 0.000999691390593662,
        "slope_per_cycle": 2.1140957708644685e-07,
        "fractional_slope_per_cycle": 3.795493120618693e-07,
        "log_slope_per_cycle": 3.7949497664975417e-07,
        "efolding_cycles": 2635080.9932404617
      },
      "gamma": {
        "available": true,
        "window_cycles": 250,
        "window_start_period": 1320.0,
        "window_end_period": 3129.0,
        "first": 0.003939928052447214,
        "last": 0.0009054665966340614,
        "median": 0.0022880976268677255,
        "peak_to_peak": 0.0030521314594541228,
        "fractional_peak_to_peak": 1.333916622968713,
        "slope_per_cycle": -1.8341331632979856e-06,
        "fractional_slope_per_cycle": -0.0008015974238865012,
        "log_slope_per_cycle": -0.0009488741477832022,
        "efolding_cycles": null
      },
      "max_vsurf_div_cs": {
        "available": true,
        "window_cycles": 250,
        "window_start_period": 1562.0,
        "window_end_period": 1564.0,
        "first": 4.72111,
        "last": 4.72559,
        "median": 4.72344,
        "peak_to_peak": 0.0044800000000000395,
        "fractional_peak_to_peak": 0.0009484612909235725,
        "slope_per_cycle": 0.0022400000000000198,
        "fractional_slope_per_cycle": 0.00047423064546178625,
        "log_slope_per_cycle": 0.00047423971713456137,
        "efolding_cycles": 2108.6382347774947
      }
    },
    "500": {
      "delta_r": {
        "available": true,
        "window_cycles": 500,
        "window_start_period": 1070.0,
        "window_end_period": 3129.0,
        "first": 0.22598883044128648,
        "last": 0.6091621113287591,
        "median": 0.4264528140626225,