{
  "generated_at": "2026-06-20T03:23:39.186973+00:00",
  "workspace": "<local-rre-root>/rsp_batch_runs",
  "model_id": "model_007",
  "run_name": "model_007_M0p6887_Z0p004060_T6669",
  "source": "cumulative:continue_saturation+continue_saturation_resume:LOGS_continue_saturation_resume_2180000+continue_saturation_resume:LOGS_continue_saturation_resume_2270000",
  "source_kind": "history_exact_rsp_columns",
  "cycle_count": 1744,
  "first_period": 1.0,
  "last_period": 1744.0,
  "rolling_window": 100,
  "fits": {
    "50": {
      "delta_r": {
        "available": true,
        "window_cycles": 50,
        "window_start_period": 1695.0,
        "window_end_period": 1744.0,
        "first": 0.6354600113261863,
        "last": 0.6391624853097113,
        "median": 0.6375574202107162,
        "peak_to_peak": 0.003730369323022842,
        "fractional_peak_to_peak": 0.005851032714496421,
        "slope_per_cycle": 7.489571625803608e-05,
        "fractional_slope_per_cycle": 0.0001174728955915573,
        "log_slope_per_cycle": 0.00011751828377720846,
        "efolding_cycles": 8509.31419229882
      },
      "period_days": {
        "available": true,
        "window_cycles": 50,
        "window_start_period": 1695.0,
        "window_end_period": 1744.0,
        "first": 0.5572339348751982,
        "last": 0.5572550060353414,
        "median": 0.5572569656107333,
        "peak_to_peak": 6.16109157326461e-05,
        "fractional_peak_to_peak": 0.00011056105088811726,
        "slope_per_cycle": 1.5204307105110272e-07,
        "fractional_slope_per_cycle": 2.728419390585258e-07,
        "log_slope_per_cycle": 2.728438172059668e-07,
        "efolding_cycles": 3665100.4601841904
      },
      "gamma": {
        "available": true,
        "window_cycles": 50,
        "window_start_period": 1695.0,
        "window_end_period": 1744.0,
        "first": 0.00025886605812042266,
        "last": 0.00015172956757576652,
        "median": 0.00019172966715698452,
        "peak_to_peak": 0.00011991340627224049,
        "fractional_peak_to_peak": 0.6254295855740349,
        "slope_per_cycle": -2.081528912066793e-06,
        "fractional_slope_per_cycle": -0.010856582306391204,
        "log_slope_per_cycle": -0.010833886472330835,
        "efolding_cycles": null
      },
      "max_vsurf_div_cs": {
        "available": true,
        "window_cycles": 50,
        "window_start_period": 1695.0,
        "window_end_period": 1744.0,
        "first": 4.92662,
        "last": 4.95583,
        "median": 4.942885,
        "peak_to_peak": 0.030269999999999797,
        "fractional_peak_to_peak": 0.006123953925693152,
        "slope_per_cycle": 0.0006066007202881126,
        "fractional_slope_per_cycle": 0.00012272199743431467,
        "log_slope_per_cycle": 0.00012275224063415337,
        "efolding_cycles": 8146.49080810155
      }
    },
    "100": {
      "delta_r": {
        "available": true,
        "window_cycles": 100,
        "window_start_period": 1645.0,
        "window_end_period": 1744.0,
        "first": 0.6289565038426703,
        "last": 0.6391624853097113,
        "median": 0.635413264111766,
        "peak_to_peak": 0.010205981467040992,
        "fractional_peak_to_peak": 0.01606195848194603,
        "slope_per_cycle": 9.992468055256386e-05,
        "fractional_slope_per_cycle": 0.00015725935575526106,
        "log_slope_per_cycle": 0.00015747836456460668,
        "efolding_cycles": 6350.078645817677
      },
      "period_days": {
        "available": true,
        "window_cycles": 100,
        "window_start_period": 1645.0,
        "window_end_period": 1744.0,
        "first": 0.5572592155150724,
        "last": 0.5572550060353414,
        "median": 0.55725519360595,
        "peak_to_peak": 7.466691114976776e-05,
        "fractional_peak_to_peak": 0.0001339905163855085,
        "slope_per_cycle": 1.1911045156988723e-07,
        "fractional_slope_per_cycle": 2.13744892710885e-07,
        "log_slope_per_cycle": 2.1374691728982472e-07,
        "efolding_cycles": 4678430.045585524
      },
      "gamma": {
        "available": true,
        "window_cycles": 100,
        "window_start_period": 1645.0,
        "window_end_period": 1744.0,
        "first": 0.0004164707864778988,
        "last": 0.00015172956757576652,
        "median": 0.0002558361300897488,
        "peak_to_peak": 0.00028538236361899373,
        "fractional_peak_to_peak": 1.115488901113693,
        "slope_per_cycle": -2.7665816583730304e-06,
        "fractional_slope_per_cycle": -0.010813881750800785,
        "log_slope_per_cycle": -0.010784812384868758,
        "efolding_cycles": null
      },
      "max_vsurf_div_cs": {
        "available": true,
        "window_cycles": 100,
        "window_start_period": 1645.0,
        "window_end_period": 1744.0,
        "first": 4.87555,
        "last": 4.95583,
        "median": 4.9253800000000005,
        "peak_to_peak": 0.08028000000000013,
        "fractional_peak_to_peak": 0.016299250007106074,
        "slope_per_cycle": 0.0007980014401440129,
        "fractional_slope_per_cycle": 0.0001620182483674382,
        "log_slope_per_cycle": 0.0001622159537345636,
        "efolding_cycles": 6164.621771027004
      }
    },
    "250": {
      "delta_r": {
        "available": true,
        "window_cycles": 250,
        "window_start_period": 1495.0,
        "window_end_period": 1744.0,
        "first": 0.5760874284442696,
        "last": 0.6391624853097113,
        "median": 0.6241416470252559,
        "peak_to_peak": 0.06307505686544168,
        "fractional_peak_to_peak": 0.10105888169146539,
        "slope_per_cycle": 0.00023745552570598961,
        "fractional_slope_per_cycle": 0.0003804513395921182,
        "log_slope_per_cycle": 0.0003869429188263714,
        "efolding_cycles": 2584.360512483545
      },
      "period_days": {
        "available": true,
        "window_cycles": 250,
        "window_start_period": 1495.0,
        "window_end_period": 1744.0,
        "first": 0.5571533539208273,
        "last": 0.5572550060353414,
        "median": 0.5572361371255721,
        "peak_to_peak": 0.00014041642382467412,
        "fractional_peak_to_peak": 0.0002519872895340087,
        "slope_per_cycle": 3.257973333600062e-07,
        "fractional_slope_per_cycle": 5.846665563374767e-07,
        "log_slope_per_cycle": 5.846768905301304e-07,
        "efolding_cycles": 1710346.3745476468
      },
      "gamma": {
        "available": true,
        "window_cycles": 250,
        "window_start_period": 1495.0,
        "window_end_period": 1744.0,
        "first": 0.0016151776564170917,
        "last": 0.00015172956757576652,
        "median": 0.0005409037718955541,
        "peak_to_peak": 0.0014762250045689096,
        "fractional_peak_to_peak": 2.7291823079650506,
        "slope_per_cycle": -5.674571670126152e-06,
        "fractional_slope_per_cycle": -0.010490907930333094,
        "log_slope_per_cycle": -0.009706378075418137,
        "efolding_cycles": null
      },
      "max_vsurf_div_cs": {
        "available": true,
        "window_cycles": 250,
        "window_start_period": 1629.0,
        "window_end_period": 1744.0,
        "first": 4.85518,
        "last": 4.95583,
        "median": 4.9196550000000006,
        "peak_to_peak": 0.1006499999999999,
        "fractional_peak_to_peak": 0.02045875168075808,
        "slope_per_cycle": 0.0008707589282281928,
        "fractional_slope_per_cycle": 0.0001769959332978009,
        "log_slope_per_cycle": 0.00017733765576442677,
        "efolding_cycles": 5638.960296894801
      }
    },
    "500": {
      "delta_r": {
        "available": true,
        "window_cycles": 500,
        "window_start_period": 1245.0,
        "window_end_period": 1744.0,
        "first": 0.3557910816108194,
        "last": 0.6391624853097113,
        "median": 0.5757765075497203,
        "peak_to_peak": 0.2833714036988919,
        "fractional_peak_to_peak": 0.492155202553869,
        "slope_per_cycle": 0.0005839704477707309,