{
  "generated_at": "2026-06-17T13:13:13.857102+00:00",
  "workspace": "<local-rre-root>/rsp_batch_runs",
  "model_id": "model_007",
  "run_name": "model_007_M0p6887_Z0p004060_T6669",
  "source": "cumulative:continue_saturation+continue_saturation_resume:LOGS_continue_saturation_resume_2180000",
  "source_kind": "history_exact_rsp_columns",
  "cycle_count": 1565,
  "first_period": 1.0,
  "last_period": 3125.0,
  "rolling_window": 100,
  "fits": {
    "50": {
      "delta_r": {
        "available": true,
        "window_cycles": 50,
        "window_start_period": 1516.0,
        "window_end_period": 3125.0,
        "first": 0.5878646688024816,
        "last": 0.6076916536475583,
        "median": 0.5994434960270567,
        "peak_to_peak": 0.020791375993568728,
        "fractional_peak_to_peak": 0.03468446339207638,
        "slope_per_cycle": 7.247417233132021e-06,
        "fractional_slope_per_cycle": 1.2090242501863592e-05,
        "log_slope_per_cycle": 1.2068556116517694e-05,
        "efolding_cycles": 82859.95361378355
      },
      "period_days": {
        "available": true,
        "window_cycles": 50,
        "window_start_period": 1516.0,
        "window_end_period": 3125.0,
        "first": 0.5571936212348994,
        "last": 0.5572260258160532,
        "median": 0.5572112923563044,
        "peak_to_peak": 6.683059761092291e-05,
        "fractional_peak_to_peak": 0.00011993762245613037,
        "slope_per_cycle": 1.2667195380540376e-08,
        "fractional_slope_per_cycle": 2.2733199334446433e-08,
        "log_slope_per_cycle": 2.2733192601649945e-08,
        "efolding_cycles": 43988542.107694164
      },
      "gamma": {
        "available": true,
        "window_cycles": 50,
        "window_start_period": 1516.0,
        "window_end_period": 3125.0,
        "first": 0.0013683232424475712,
        "last": 0.0009555146707827606,
        "median": 0.0011142268419894249,
        "peak_to_peak": 0.0004504091857055429,
        "fractional_peak_to_peak": 0.40423472917000297,
        "slope_per_cycle": -1.459475683288497e-07,
        "fractional_slope_per_cycle": -0.00013098550746476711,
        "log_slope_per_cycle": -0.0001332415349770609,
        "efolding_cycles": null
      },
      "max_vsurf_div_cs": {
        "available": true,
        "window_cycles": 50,
        "window_start_period": 1516.0,
        "window_end_period": 1564.0,
        "first": 0.98073,
        "last": 1.1774,
        "median": 1.08349,
        "peak_to_peak": 0.2019700000000001,
        "fractional_peak_to_peak": 0.18640688884992024,
        "slope_per_cycle": 0.003360510204081632,
        "fractional_slope_per_cycle": 0.0031015608857318773,
        "log_slope_per_cycle": 0.0031028944606359818,
        "efolding_cycles": 322.2797335475716
      }
    },
    "100": {
      "delta_r": {
        "available": true,
        "window_cycles": 100,
        "window_start_period": 1466.0,
        "window_end_period": 3125.0,
        "first": 0.5569723507713489,
        "last": 0.6076916536475583,
        "median": 0.5876044717965403,
        "peak_to_peak": 0.05168369402470141,
        "fractional_peak_to_peak": 0.08795660432379594,
        "slope_per_cycle": 2.9255858175902594e-05,
        "fractional_slope_per_cycle": 4.978835182526065e-05,
        "log_slope_per_cycle": 4.980215411467746e-05,
        "efolding_cycles": 20079.45274209102
      },
      "period_days": {
        "available": true,
        "window_cycles": 100,
        "window_start_period": 1466.0,
        "window_end_period": 3125.0,
        "first": 0.5570370383646891,
        "last": 0.5572260258160532,
        "median": 0.5571879616047739,
        "peak_to_peak": 0.00026199593726128345,
        "fractional_peak_to_peak": 0.0004702110514137833,
        "slope_per_cycle": 9.249198591300796e-08,
        "fractional_slope_per_cycle": 1.659978181269728e-07,
        "log_slope_per_cycle": 1.660088101979937e-07,
        "efolding_cycles": 6023776.68273949
      },
      "gamma": {
        "available": true,
        "window_cycles": 100,
        "window_start_period": 1466.0,
        "window_end_period": 3125.0,
        "first": 0.0019912190870864494,
        "last": 0.0009555146707827606,
        "median": 0.001375516885896203,
        "peak_to_peak": 0.001073305030344421,
        "fractional_peak_to_peak": 0.7802921515173701,
        "slope_per_cycle": -6.062505357048418e-07,
        "fractional_slope_per_cycle": -0.00044074379741972113,
        "log_slope_per_cycle": -0.00045955615250807595,
        "efolding_cycles": null
      },
      "max_vsurf_div_cs": {
        "available": true,
        "window_cycles": 100,
        "window_start_period": 1466.0,
        "window_end_period": 1564.0,
        "first": 0.89145,
        "last": 1.1774,
        "median": 1.00547,
        "peak_to_peak": 0.32600000000000007,
        "fractional_peak_to_peak": 0.3242264811481198,
        "slope_per_cycle": 0.0030212937538651825,
        "fractional_slope_per_cycle": 0.0030048571850628883,
        "log_slope_per_cycle": 0.0029970372932860705,
        "efolding_cycles": 333.662848387035
      }
    },
    "250": {
      "delta_r": {
        "available": true,
        "window_cycles": 250,
        "window_start_period": 1316.0,
        "window_end_period": 3125.0,
        "first": 0.4228764052500562,
        "last": 0.6076916536475583,
        "median": 0.5378515334396865,
        "peak_to_peak": 0.18577963954599408,
        "fractional_peak_to_peak": 0.3454106347115714,
        "slope_per_cycle": 0.00027112102763138577,
        "fractional_slope_per_cycle": 0.0005040815369577982,
        "log_slope_per_cycle": 0.0005180223530130969,
        "efolding_cycles": 1930.4186280446427
      },
      "period_days": {
        "available": true,
        "window_cycles": 250,
        "window_start_period": 1316.0,
        "window_end_period": 3125.0,
        "first": 0.5569674807357499,
        "last": 0.5572260258160532,
        "median": 0.5569951415005037,
        "peak_to_peak": 0.0005568297119398213,
        "fractional_peak_to_peak": 0.0009997029964027395,
        "slope_per_cycle": 5.038731123230352e-07,
        "fractional_slope_per_cycle": 9.046274819662491e-07,
        "log_slope_per_cycle": 9.045004838025749e-07,
        "efolding_cycles": 1105582.6037769923
      },
      "gamma": {
        "available": true,
        "window_cycles": 250,
        "window_start_period": 1316.0,
        "window_end_period": 3125.0,
        "first": 0.0040015172614759975,
        "last": 0.0009555146707827606,
        "median": 0.0023424154703542356,
        "peak_to_peak": 0.0030836032047339692,
        "fractional_peak_to_peak": 1.316420269486884,
        "slope_per_cycle": -4.658711260326261e-06,
        "fractional_slope_per_cycle": -0.001988849253809675,
        "log_slope_per_cycle": -0.0022062382933884022,
        "efolding_cycles": null
      },
      "max_vsurf_div_cs": {
        "available": true,
        "window_cycles": 250,
        "window_start_period": 1316.0,
        "window_end_period": 1564.0,
        "first": 0.54114,
        "last": 1.1774,
        "median": 0.80638,
        "peak_to_peak": 0.6415600000000001,
        "fractional_peak_to_peak": 0.7956050497284161,
        "slope_per_cycle": 0.0024123352273610573,
        "fractional_slope_per_cycle": 0.0029915613325740436,
        "log_slope_per_cycle": 0.0029530696436796374,
        "efolding_cycles": 338.6306862556624
      }
    },
    "500": {
      "delta_r": {
        "available": true,
        "window_cycles": 500,
        "window_start_period": 1066.0,
        "window_end_period": 3125.0,
        "first": 0.22719289679559918,
        "last": 0.6076916536475583,
        "median": 0.42243738087738736,
        "peak_to_peak": 0.38350923616814914,