{
  "generated_at": "2026-06-19T04:03:45.953467+00:00",
  "workspace": "<local-rre-root>/rsp_batch_runs",
  "model_id": "model_008",
  "run_name": "model_008_M0p6151_Z0p0004406_T6792",
  "source": "cumulative:saturation+continue_saturation+continue_saturation_resume:LOGS_continue_saturation_resume_1620000",
  "source_kind": "history_exact_rsp_columns",
  "cycle_count": 1118,
  "first_period": 1.0,
  "last_period": 1118.0,
  "rolling_window": 100,
  "fits": {
    "50": {
      "delta_r": {
        "available": true,
        "window_cycles": 50,
        "window_start_period": 1069.0,
        "window_end_period": 1118.0,
        "first": 0.07157681095135615,
        "last": 0.07924970587089142,
        "median": 0.07530931674315378,
        "peak_to_peak": 0.007672894919535267,
        "fractional_peak_to_peak": 0.10188506882493785,
        "slope_per_cycle": 0.00015655238464413082,
        "fractional_slope_per_cycle": 0.0020787917274307593,
        "log_slope_per_cycle": 0.002078117705840357,
        "efolding_cycles": 481.20469653359515
      },
      "period_days": {
        "available": true,
        "window_cycles": 50,
        "window_start_period": 1069.0,
        "window_end_period": 1118.0,
        "first": 0.63161633337296,
        "last": 0.631620150923177,
        "median": 0.6316177159589198,
        "peak_to_peak": 3.834320922102563e-06,
        "fractional_peak_to_peak": 6.070635489191924e-06,
        "slope_per_cycle": 8.686903373324304e-08,
        "fractional_slope_per_cycle": 1.3753419440010288e-07,
        "log_slope_per_cycle": 1.375341181370822e-07,
        "efolding_cycles": 7270923.124713577
      },
      "gamma": {
        "available": true,
        "window_cycles": 50,
        "window_start_period": 1069.0,
        "window_end_period": 1118.0,
        "first": 0.004206385041145865,
        "last": 0.0042340167436782285,
        "median": 0.0042203757459522645,
        "peak_to_peak": 2.7631702532363196e-05,
        "fractional_peak_to_peak": 0.006547213849113929,
        "slope_per_cycle": 5.608160657446549e-07,
        "fractional_slope_per_cycle": 0.00013288297049913862,
        "log_slope_per_cycle": 0.00013288712525724136,
        "efolding_cycles": 7525.183482329168
      },
      "max_vsurf_div_cs": {
        "available": true,
        "window_cycles": 50,
        "window_start_period": 1069.0,
        "window_end_period": 1118.0,
        "first": 0.41405,
        "last": 0.46281,
        "median": 0.43759499999999996,
        "peak_to_peak": 0.048760000000000026,
        "fractional_peak_to_peak": 0.11142723294370373,
        "slope_per_cycle": 0.0009951788715486195,
        "fractional_slope_per_cycle": 0.002274200737093933,
        "log_slope_per_cycle": 0.0022729564601101982,
        "efolding_cycles": 439.9556337966622
      }
    },
    "100": {
      "delta_r": {
        "available": true,
        "window_cycles": 100,
        "window_start_period": 1019.0,
        "window_end_period": 1118.0,
        "first": 0.0645398843920546,
        "last": 0.07924970587089142,
        "median": 0.07150271485687965,
        "peak_to_peak": 0.014709821478836815,
        "fractional_peak_to_peak": 0.2057239575907027,
        "slope_per_cycle": 0.00014843260116457907,
        "fractional_slope_per_cycle": 0.002075901613829389,
        "log_slope_per_cycle": 0.0020734124094090815,
        "efolding_cycles": 482.2967179428612
      },
      "period_days": {
        "available": true,
        "window_cycles": 100,
        "window_start_period": 1019.0,
        "window_end_period": 1118.0,
        "first": 0.6316205206975617,
        "last": 0.631620150923177,
        "median": 0.6316177488195158,
        "peak_to_peak": 4.204095306770128e-06,
        "fractional_peak_to_peak": 6.656075315533041e-06,
        "slope_per_cycle": -1.5822633384901336e-09,
        "fractional_slope_per_cycle": -2.5050963837659097e-09,
        "log_slope_per_cycle": -2.5050883969572016e-09,
        "efolding_cycles": null
      },
      "gamma": {
        "available": true,
        "window_cycles": 100,
        "window_start_period": 1019.0,
        "window_end_period": 1118.0,
        "first": 0.004180069453318183,
        "last": 0.0042340167436782285,
        "median": 0.004206296067604765,
        "peak_to_peak": 5.414454082386475e-05,
        "fractional_peak_to_peak": 0.012872260999615475,
        "slope_per_cycle": 5.529516588320384e-07,
        "fractional_slope_per_cycle": 0.0001314580928077446,
        "log_slope_per_cycle": 0.00013144760524333787,
        "efolding_cycles": 7607.5939013783045
      },
      "max_vsurf_div_cs": {
        "available": true,
        "window_cycles": 100,
        "window_start_period": 1019.0,
        "window_end_period": 1118.0,
        "first": 0.37067,
        "last": 0.46281,
        "median": 0.413585,
        "peak_to_peak": 0.09214,
        "fractional_peak_to_peak": 0.22278370830663588,
        "slope_per_cycle": 0.000928936093609361,
        "fractional_slope_per_cycle": 0.002246058473129734,
        "log_slope_per_cycle": 0.002241124449505399,
        "efolding_cycles": 446.20458280248255
      }
    },
    "250": {
      "delta_r": {
        "available": true,
        "window_cycles": 250,
        "window_start_period": 869.0,
        "window_end_period": 1118.0,
        "first": 0.04741476260828836,
        "last": 0.07924970587089142,
        "median": 0.06122643414838436,
        "peak_to_peak": 0.031834943262603055,
        "fractional_peak_to_peak": 0.5199542273758746,
        "slope_per_cycle": 0.00012724153533767086,
        "fractional_slope_per_cycle": 0.0020782124111506585,
        "log_slope_per_cycle": 0.002062979894812946,
        "efolding_cycles": 484.73569835282944
      },
      "period_days": {
        "available": true,
        "window_cycles": 250,
        "window_start_period": 869.0,
        "window_end_period": 1118.0,
        "first": 0.6316263690756427,
        "last": 0.631620150923177,
        "median": 0.6316220251677764,
        "peak_to_peak": 1.0052473387811567e-05,
        "fractional_peak_to_peak": 1.5915330668118086e-05,
        "slope_per_cycle": -3.418328545231876e-08,
        "fractional_slope_per_cycle": -5.4119843973519964e-08,
        "log_slope_per_cycle": -5.411993712367558e-08,
        "efolding_cycles": null
      },
      "gamma": {
        "available": true,
        "window_cycles": 250,
        "window_start_period": 869.0,
        "window_end_period": 1118.0,
        "first": 0.004118136884676409,
        "last": 0.0042340167436782285,
        "median": 0.004168701594972618,
        "peak_to_peak": 0.00011587985900181948,
        "fractional_peak_to_peak": 0.027797590295637515,
        "slope_per_cycle": 4.6513001531819686e-07,
        "fractional_slope_per_cycle": 0.00011157671153030851,
        "log_slope_per_cycle": 0.00011146252966334192,
        "efolding_cycles": 8971.624841284061
      },
      "max_vsurf_div_cs": {
        "available": true,
        "window_cycles": 250,
        "window_start_period": 1018.0,
        "window_end_period": 1118.0,
        "first": 0.36986,
        "last": 0.46281,
        "median": 0.41312,
        "peak_to_peak": 0.09294999999999998,
        "fractional_peak_to_peak": 0.22499515879163434,
        "slope_per_cycle": 0.0009277149679673851,
        "fractional_slope_per_cycle": 0.002245630731911757,
        "log_slope_per_cycle": 0.002240600363407303,
        "efolding_cycles": 446.30895198074955
      }
    },
    "500": {
      "delta_r": {
        "available": true,
        "window_cycles": 500,
        "window_start_period": 619.0,
        "window_end_period": 1118.0,
        "first": 0.0285198028313145,
        "last": 0.07924970587089142,
        "median": 0.04736631247512735,
        "peak_to_peak": 0.05072990303957692,
        "fractional_peak_to_peak": 1.0710122952090864,
        "slope_per_cycle": 9.975316184411136e-05,
        "fractional_slope_per_cycle": 0.0021059938304568886,