{
  "generated_at": "2026-06-18T02:35:15.167242+00:00",
  "workspace": "<local-rre-root>/rsp_batch_runs",
  "model_id": "model_008",
  "run_name": "model_008_M0p6151_Z0p0004406_T6792",
  "source": "cumulative:saturation+continue_saturation",
  "source_kind": "history_exact_rsp_columns",
  "cycle_count": 994,
  "first_period": 1.0,
  "last_period": 994.0,
  "rolling_window": 100,
  "fits": {
    "50": {
      "delta_r": {
        "available": true,
        "window_cycles": 50,
        "window_start_period": 945.0,
        "window_end_period": 994.0,
        "first": 0.05540447108364699,
        "last": 0.06128965835011879,
        "median": 0.058268684340514465,
        "peak_to_peak": 0.005885187266471803,
        "fractional_peak_to_peak": 0.10100086063518354,
        "slope_per_cycle": 0.00012008556402492495,
        "fractional_slope_per_cycle": 0.0020608936924534083,
        "log_slope_per_cycle": 0.0020602529665829867,
        "efolding_cycles": 485.3772892066457
      },
      "period_days": {
        "available": true,
        "window_cycles": 50,
        "window_start_period": 945.0,
        "window_end_period": 994.0,
        "first": 0.631622019504128,
        "last": 0.6316221461145001,
        "median": 0.6316222115312875,
        "peak_to_peak": 3.8896221665751796e-07,
        "fractional_peak_to_peak": 6.158146587570577e-07,
        "slope_per_cycle": 6.1769967810417875e-09,
        "fractional_slope_per_cycle": 9.779574986868252e-09,
        "log_slope_per_cycle": 9.779575644780684e-09,
        "efolding_cycles": 102253925.5610437
      },
      "gamma": {
        "available": true,
        "window_cycles": 50,
        "window_start_period": 945.0,
        "window_end_period": 994.0,
        "first": 0.004148424512047335,
        "last": 0.004168839832705941,
        "median": 0.004158855577852616,
        "peak_to_peak": 2.0415320658606628e-05,
        "fractional_peak_to_peak": 0.0049088794444619496,
        "slope_per_cycle": 4.222900287338279e-07,
        "fractional_slope_per_cycle": 0.00010153995993096572,
        "log_slope_per_cycle": 0.00010154456398542186,
        "efolding_cycles": 9847.892991529945
      },
      "max_vsurf_div_cs": {
        "available": true,
        "window_cycles": 50,
        "window_start_period": 945.0,
        "window_end_period": 994.0,
        "first": 0.31509,
        "last": 0.35084,
        "median": 0.332445,
        "peak_to_peak": 0.035750000000000004,
        "fractional_peak_to_peak": 0.10753658499902241,
        "slope_per_cycle": 0.0007295346938775511,
        "fractional_slope_per_cycle": 0.0021944522970041695,
        "log_slope_per_cycle": 0.0021936165221064442,
        "efolding_cycles": 455.86819296917906
      }
    },
    "100": {
      "delta_r": {
        "available": true,
        "window_cycles": 100,
        "window_start_period": 895.0,
        "window_end_period": 994.0,
        "first": 0.050005903524684925,
        "last": 0.06128965835011879,
        "median": 0.05534760706314845,
        "peak_to_peak": 0.011283754825433867,
        "fractional_peak_to_peak": 0.20387068970406885,
        "slope_per_cycle": 0.00011388001477648468,
        "fractional_slope_per_cycle": 0.0020575417948341308,
        "log_slope_per_cycle": 0.00205506548241523,
        "efolding_cycles": 486.6024993153712
      },
      "period_days": {
        "available": true,
        "window_cycles": 100,
        "window_start_period": 895.0,
        "window_end_period": 994.0,
        "first": 0.6316244257753715,
        "last": 0.6316221461145001,
        "median": 0.6316222740817574,
        "peak_to_peak": 2.4649671589438427e-06,
        "fractional_peak_to_peak": 3.90259694772065e-06,
        "slope_per_cycle": -1.541592020301845e-08,
        "fractional_slope_per_cycle": -2.4406865995075733e-08,
        "log_slope_per_cycle": -2.4406838730224106e-08,
        "efolding_cycles": null
      },
      "gamma": {
        "available": true,
        "window_cycles": 100,
        "window_start_period": 895.0,
        "window_end_period": 994.0,
        "first": 0.00412670696408339,
        "last": 0.004168839832705941,
        "median": 0.00414810907050385,
        "peak_to_peak": 4.2132868622550904e-05,
        "fractional_peak_to_peak": 0.010157126513896907,
        "slope_per_cycle": 4.3294176601747547e-07,
        "fractional_slope_per_cycle": 0.00010437087324825049,
        "log_slope_per_cycle": 0.00010437971092160134,
        "efolding_cycles": 9580.405915773143
      },
      "max_vsurf_div_cs": {
        "available": true,
        "window_cycles": 100,
        "window_start_period": 895.0,
        "window_end_period": 994.0,
        "first": 0.28282,
        "last": 0.35084,
        "median": 0.31475,
        "peak_to_peak": 0.06801999999999997,
        "fractional_peak_to_peak": 0.21610802223987283,
        "slope_per_cycle": 0.0006867141914191419,
        "fractional_slope_per_cycle": 0.002181776620870983,
        "log_slope_per_cycle": 0.00217810338884449,
        "efolding_cycles": 459.11502875467824
      }
    },
    "250": {
      "delta_r": {
        "available": true,
        "window_cycles": 250,
        "window_start_period": 745.0,
        "window_end_period": 994.0,
        "first": 0.03681845079100565,
        "last": 0.06128965835011879,
        "median": 0.047463312582378236,
        "peak_to_peak": 0.02447120755911314,
        "fractional_peak_to_peak": 0.5155815350359384,
        "slope_per_cycle": 9.780144036410111e-05,
        "fractional_slope_per_cycle": 0.0020605692068870044,
        "log_slope_per_cycle": 0.002046194655395624,
        "efolding_cycles": 488.7120574589976
      },
      "period_days": {
        "available": true,
        "window_cycles": 250,
        "window_start_period": 745.0,
        "window_end_period": 994.0,
        "first": 0.6316294619096098,
        "last": 0.6316221461145001,
        "median": 0.6316263099621844,
        "peak_to_peak": 7.501101397244803e-06,
        "fractional_peak_to_peak": 1.1875853299546523e-05,
        "slope_per_cycle": -4.004693065156108e-08,
        "fractional_slope_per_cycle": -6.340288556687687e-08,
        "log_slope_per_cycle": -6.340293776006738e-08,
        "efolding_cycles": null
      },
      "gamma": {
        "available": true,
        "window_cycles": 250,
        "window_start_period": 745.0,
        "window_end_period": 994.0,
        "first": 0.004085315560256163,
        "last": 0.004168839832705941,
        "median": 0.004118222223830322,
        "peak_to_peak": 8.537353546375463e-05,
        "fractional_peak_to_peak": 0.020730677176606916,
        "slope_per_cycle": 3.3837508203534715e-07,
        "fractional_slope_per_cycle": 8.216532854330223e-05,
        "log_slope_per_cycle": 8.204904005600917e-05,
        "efolding_cycles": 12187.833024217829
      },
      "max_vsurf_div_cs": {
        "available": true,
        "window_cycles": 250,
        "window_start_period": 745.0,
        "window_end_period": 994.0,
        "first": 0.20545,
        "last": 0.35084,
        "median": 0.26779,
        "peak_to_peak": 0.14539,
        "fractional_peak_to_peak": 0.5429254266402779,
        "slope_per_cycle": 0.0005796507080113282,
        "fractional_slope_per_cycle": 0.002164571895930872,
        "log_slope_per_cycle": 0.002145836989350779,
        "efolding_cycles": 466.0186234847918
      }
    },
    "500": {
      "delta_r": {
        "available": true,
        "window_cycles": 500,
        "window_start_period": 495.0,
        "window_end_period": 994.0,
        "first": 0.006612348056504125,
        "last": 0.06128965835011879,
        "median": 0.03678108331916663,
        "peak_to_peak": 0.05467731029361467,
        "fractional_peak_to_peak": 1.4865606273516776,