{
  "generated_at": "2026-06-17T21:53:10.701981+00:00",
  "workspace": "<local-rre-root>/rsp_batch_runs",
  "model_id": "model_008",
  "run_name": "model_008_M0p6151_Z0p0004406_T6792",
  "source": "cumulative:saturation+continue_saturation",
  "source_kind": "history_exact_rsp_columns",
  "cycle_count": 965,
  "first_period": 1.0,
  "last_period": 965.0,
  "rolling_window": 100,
  "fits": {
    "50": {
      "delta_r": {
        "available": true,
        "window_cycles": 50,
        "window_start_period": 916.0,
        "window_end_period": 965.0,
        "first": 0.05220341204689838,
        "last": 0.057730951536736796,
        "median": 0.05489465053223652,
        "peak_to_peak": 0.005527539489838418,
        "fractional_peak_to_peak": 0.10069359101926346,
        "slope_per_cycle": 0.00011278460912503239,
        "fractional_slope_per_cycle": 0.002054564662157752,
        "log_slope_per_cycle": 0.0020539537529856494,
        "efolding_cycles": 486.86587930540753
      },
      "period_days": {
        "available": true,
        "window_cycles": 50,
        "window_start_period": 916.0,
        "window_end_period": 965.0,
        "first": 0.6316227774979133,
        "last": 0.6316221983358264,
        "median": 0.631622134865848,
        "peak_to_peak": 9.231498740991384e-07,
        "fractional_peak_to_peak": 1.4615540259608046e-06,
        "slope_per_cycle": -1.2688812132588732e-08,
        "fractional_slope_per_cycle": -2.0089245503221236e-08,
        "log_slope_per_cycle": -2.0089237905379847e-08,
        "efolding_cycles": null
      },
      "gamma": {
        "available": true,
        "window_cycles": 50,
        "window_start_period": 916.0,
        "window_end_period": 965.0,
        "first": 0.004135347494399078,
        "last": 0.00415718074081384,
        "median": 0.004146090632155413,
        "peak_to_peak": 2.19960489152779e-05,
        "fractional_peak_to_peak": 0.005305250383261133,
        "slope_per_cycle": 4.453443793513152e-07,
        "fractional_slope_per_cycle": 0.00010741308351954566,
        "log_slope_per_cycle": 0.0001074147316807772,
        "efolding_cycles": 9309.709984398338
      },
      "max_vsurf_div_cs": {
        "available": true,
        "window_cycles": 50,
        "window_start_period": 916.0,
        "window_end_period": 965.0,
        "first": 0.29588,
        "last": 0.32918,
        "median": 0.31202,
        "peak_to_peak": 0.033299999999999996,
        "fractional_peak_to_peak": 0.10672392795333631,
        "slope_per_cycle": 0.000679474669867947,
        "fractional_slope_per_cycle": 0.002177663835228341,
        "log_slope_per_cycle": 0.0021767263351101717,
        "efolding_cycles": 459.4054768714812
      }
    },
    "100": {
      "delta_r": {
        "available": true,
        "window_cycles": 100,
        "window_start_period": 866.0,
        "window_end_period": 965.0,
        "first": 0.04712466104833979,
        "last": 0.057730951536736796,
        "median": 0.05214996715832276,
        "peak_to_peak": 0.010606290488397008,
        "fractional_peak_to_peak": 0.2033805784804664,
        "slope_per_cycle": 0.00010703704094262852,
        "fractional_slope_per_cycle": 0.0020524852991311263,
        "log_slope_per_cycle": 0.0020501089422953886,
        "efolding_cycles": 487.7789562150574
      },
      "period_days": {
        "available": true,
        "window_cycles": 100,
        "window_start_period": 866.0,
        "window_end_period": 965.0,
        "first": 0.6316264190291986,
        "last": 0.6316221983358264,
        "median": 0.63162294568882,
        "peak_to_peak": 4.562807993768736e-06,
        "fractional_peak_to_peak": 7.223942741333976e-06,
        "slope_per_cycle": -4.819651884910446e-08,
        "fractional_slope_per_cycle": -7.630583907388525e-08,
        "log_slope_per_cycle": -7.63057290805291e-08,
        "efolding_cycles": null
      },
      "gamma": {
        "available": true,
        "window_cycles": 100,
        "window_start_period": 866.0,
        "window_end_period": 965.0,
        "first": 0.004118215109320052,
        "last": 0.00415718074081384,
        "median": 0.004135200240017291,
        "peak_to_peak": 4.028556020495462e-05,
        "fractional_peak_to_peak": 0.009742106274589055,
        "slope_per_cycle": 4.098135929871599e-07,
        "fractional_slope_per_cycle": 9.91036876573228e-05,
        "log_slope_per_cycle": 9.907505802839913e-05,
        "efolding_cycles": 10093.357701727084
      },
      "max_vsurf_div_cs": {
        "available": true,
        "window_cycles": 100,
        "window_start_period": 866.0,
        "window_end_period": 965.0,
        "first": 0.26579,
        "last": 0.32918,
        "median": 0.29556499999999997,
        "peak_to_peak": 0.06338999999999995,
        "fractional_peak_to_peak": 0.21447059022550016,
        "slope_per_cycle": 0.0006393082508250826,
        "fractional_slope_per_cycle": 0.0021630039105614085,
        "log_slope_per_cycle": 0.0021594240023501366,
        "efolding_cycles": 463.086452179694
      }
    },
    "250": {
      "delta_r": {
        "available": true,
        "window_cycles": 250,
        "window_start_period": 716.0,
        "window_end_period": 965.0,
        "first": 0.034713220279016355,
        "last": 0.057730951536736796,
        "median": 0.04473084583628095,
        "peak_to_peak": 0.023017731257720442,
        "fractional_peak_to_peak": 0.5145829645602382,
        "slope_per_cycle": 9.202024402503804e-05,
        "fractional_slope_per_cycle": 0.002057198836834892,
        "log_slope_per_cycle": 0.0020429248942564946,
        "efolding_cycles": 489.49425542339463
      },
      "period_days": {
        "available": true,
        "window_cycles": 250,
        "window_start_period": 716.0,
        "window_end_period": 965.0,
        "first": 0.6316298772249784,
        "last": 0.6316221983358264,
        "median": 0.6316280573213267,
        "peak_to_peak": 7.916416765896273e-06,
        "fractional_peak_to_peak": 1.2533351984820036e-05,
        "slope_per_cycle": -3.805780771038287e-08,
        "fractional_slope_per_cycle": -6.025351038359876e-08,
        "log_slope_per_cycle": -6.025369567316829e-08,
        "efolding_cycles": null
      },
      "gamma": {
        "available": true,
        "window_cycles": 250,
        "window_start_period": 716.0,
        "window_end_period": 965.0,
        "first": 0.004077070416409138,
        "last": 0.00415718074081384,
        "median": 0.004109879967229695,
        "peak_to_peak": 8.066732787483013e-05,
        "fractional_peak_to_peak": 0.01962766030103909,
        "slope_per_cycle": 3.112886820997145e-07,
        "fractional_slope_per_cycle": 7.574155074644227e-05,
        "log_slope_per_cycle": 7.566240718141537e-05,
        "efolding_cycles": 13216.603029854774
      },
      "max_vsurf_div_cs": {
        "available": true,
        "window_cycles": 250,
        "window_start_period": 716.0,
        "window_end_period": 965.0,
        "first": 0.19326,
        "last": 0.32918,
        "median": 0.25171,
        "peak_to_peak": 0.13591999999999999,
        "fractional_peak_to_peak": 0.5399864923920384,
        "slope_per_cycle": 0.0005422210416166659,
        "fractional_slope_per_cycle": 0.0021541497819580705,
        "log_slope_per_cycle": 0.0021365427861665238,
        "efolding_cycles": 468.0458572955811
      }
    },
    "500": {
      "delta_r": {
        "available": true,
        "window_cycles": 500,
        "window_start_period": 466.0,
        "window_end_period": 965.0,
        "first": 0.006237320347637798,
        "last": 0.057730951536736796,
        "median": 0.034678043252941215,
        "peak_to_peak": 0.051493631189099,
        "fractional_peak_to_peak": 1.484905904681677,