{
  "generated_at": "2026-06-20T04:08:47.257286+00:00",
  "workspace": "<local-rre-root>/rsp_batch_runs",
  "model_id": "model_008",
  "run_name": "model_008_M0p6151_Z0p0004406_T6792",
  "source": "cumulative:saturation+continue_saturation+continue_saturation_resume:LOGS_continue_saturation_resume_1620000",
  "source_kind": "history_exact_rsp_columns",
  "cycle_count": 1198,
  "first_period": 1.0,
  "last_period": 1198.0,
  "rolling_window": 100,
  "fits": {
    "50": {
      "delta_r": {
        "available": true,
        "window_cycles": 50,
        "window_start_period": 1149.0,
        "window_end_period": 1198.0,
        "first": 0.08454612890105562,
        "last": 0.09366047314031611,
        "median": 0.08898522026956313,
        "peak_to_peak": 0.009114344239260497,
        "fractional_peak_to_peak": 0.10242537144539726,
        "slope_per_cycle": 0.00018595933178539712,
        "fractional_slope_per_cycle": 0.0020897777318758114,
        "log_slope_per_cycle": 0.0020891890652928375,
        "efolding_cycles": 478.65462088268777
      },
      "period_days": {
        "available": true,
        "window_cycles": 50,
        "window_start_period": 1149.0,
        "window_end_period": 1198.0,
        "first": 0.6316195697627134,
        "last": 0.6316205739547257,
        "median": 0.6316180064262719,
        "peak_to_peak": 3.5039390678948124e-06,
        "fractional_peak_to_peak": 5.5475604435666504e-06,
        "slope_per_cycle": 7.105757525330893e-09,
        "fractional_slope_per_cycle": 1.1250087003592006e-08,
        "log_slope_per_cycle": 1.1250064643348495e-08,
        "efolding_cycles": 88888378.12956403
      },
      "gamma": {
        "available": true,
        "window_cycles": 50,
        "window_start_period": 1149.0,
        "window_end_period": 1198.0,
        "first": 0.004250154606579745,
        "last": 0.00428049662069058,
        "median": 0.004264821593866267,
        "peak_to_peak": 3.034201411083494e-05,
        "fractional_peak_to_peak": 0.007114486138054004,
        "slope_per_cycle": 6.261991304957795e-07,
        "fractional_slope_per_cycle": 0.00014682891575028338,
        "log_slope_per_cycle": 0.00014681867309854224,
        "efolding_cycles": 6811.122719579524
      },
      "max_vsurf_div_cs": {
        "available": true,
        "window_cycles": 50,
        "window_start_period": 1149.0,
        "window_end_period": 1198.0,
        "first": 0.49691,
        "last": 0.55667,
        "median": 0.525665,
        "peak_to_peak": 0.05975999999999998,
        "fractional_peak_to_peak": 0.11368457097200683,
        "slope_per_cycle": 0.0012181541416566627,
        "fractional_slope_per_cycle": 0.002317358282664173,
        "log_slope_per_cycle": 0.00231579709595252,
        "efolding_cycles": 431.816760521796
      }
    },
    "100": {
      "delta_r": {
        "available": true,
        "window_cycles": 100,
        "window_start_period": 1099.0,
        "window_end_period": 1198.0,
        "first": 0.07617541810399775,
        "last": 0.09366047314031611,
        "median": 0.08445795264884604,
        "peak_to_peak": 0.017485055036318364,
        "fractional_peak_to_peak": 0.20702674511915564,
        "slope_per_cycle": 0.00017651492153946126,
        "fractional_slope_per_cycle": 0.002089973957495322,
        "log_slope_per_cycle": 0.0020875837557358234,
        "efolding_cycles": 479.02269657560345
      },
      "period_days": {
        "available": true,
        "window_cycles": 100,
        "window_start_period": 1099.0,
        "window_end_period": 1198.0,
        "first": 0.6316183795128018,
        "last": 0.6316205739547257,
        "median": 0.6316192535011753,
        "peak_to_peak": 3.6466785672262247e-06,
        "fractional_peak_to_peak": 5.773539275460733e-06,
        "slope_per_cycle": -1.9916606706340794e-08,
        "fractional_slope_per_cycle": -3.153261493524711e-08,
        "log_slope_per_cycle": -3.153263109905397e-08,
        "efolding_cycles": null
      },
      "gamma": {
        "available": true,
        "window_cycles": 100,
        "window_start_period": 1099.0,
        "window_end_period": 1198.0,
        "first": 0.004223685342777745,
        "last": 0.00428049662069058,
        "median": 0.004249736352690631,
        "peak_to_peak": 5.68112779128346e-05,
        "fractional_peak_to_peak": 0.013368188799963024,
        "slope_per_cycle": 5.706409974948556e-07,
        "fractional_slope_per_cycle": 0.00013427679981455,
        "log_slope_per_cycle": 0.00013422340213837207,
        "efolding_cycles": 7450.265632285876
      },
      "max_vsurf_div_cs": {
        "available": true,
        "window_cycles": 100,
        "window_start_period": 1099.0,
        "window_end_period": 1198.0,
        "first": 0.44311,
        "last": 0.55667,
        "median": 0.49634,
        "peak_to_peak": 0.11356,
        "fractional_peak_to_peak": 0.22879477777330054,
        "slope_per_cycle": 0.0011433287728772877,
        "fractional_slope_per_cycle": 0.0023035193070824185,
        "log_slope_per_cycle": 0.002299779590607664,
        "efolding_cycles": 434.8242779803837
      }
    },
    "250": {
      "delta_r": {
        "available": true,
        "window_cycles": 250,
        "window_start_period": 949.0,
        "window_end_period": 1198.0,
        "first": 0.05586184978991682,
        "last": 0.09366047314031611,
        "median": 0.0722476778805472,
        "peak_to_peak": 0.037798623350399296,
        "fractional_peak_to_peak": 0.5231811521042206,
        "slope_per_cycle": 0.0001510779060183488,
        "fractional_slope_per_cycle": 0.0020911108903477545,
        "log_slope_per_cycle": 0.0020755567019721498,
        "efolding_cycles": 481.79844908588683
      },
      "period_days": {
        "available": true,
        "window_cycles": 250,
        "window_start_period": 949.0,
        "window_end_period": 1198.0,
        "first": 0.6316220325491978,
        "last": 0.6316205739547257,
        "median": 0.6316194845883487,
        "peak_to_peak": 6.033168174268688e-06,
        "fractional_peak_to_peak": 9.55190319722442e-06,
        "slope_per_cycle": -1.5110845288500794e-08,
        "fractional_slope_per_cycle": -2.3923969505705046e-08,
        "log_slope_per_cycle": -2.392393891112911e-08,
        "efolding_cycles": null
      },
      "gamma": {
        "available": true,
        "window_cycles": 250,
        "window_start_period": 949.0,
        "window_end_period": 1198.0,
        "first": 0.004150432354399306,
        "last": 0.00428049662069058,
        "median": 0.004208891897352508,
        "peak_to_peak": 0.0001300642662912738,
        "fractional_peak_to_peak": 0.030902258709254875,
        "slope_per_cycle": 5.268115590102376e-07,
        "fractional_slope_per_cycle": 0.00012516633162795523,
        "log_slope_per_cycle": 0.0001250694510714033,
        "efolding_cycles": 7995.557599665892
      },
      "max_vsurf_div_cs": {
        "available": true,
        "window_cycles": 250,
        "window_start_period": 1018.0,
        "window_end_period": 1198.0,
        "first": 0.36986,
        "last": 0.55667,
        "median": 0.45232,
        "peak_to_peak": 0.18680999999999998,
        "fractional_peak_to_peak": 0.4130040679165192,
        "slope_per_cycle": 0.0010343178920526987,
        "fractional_slope_per_cycle": 0.00228669502134042,
        "log_slope_per_cycle": 0.0022729623138829703,
        "efolding_cycles": 439.9545007377046
      }
    },
    "500": {
      "delta_r": {
        "available": true,
        "window_cycles": 500,
        "window_start_period": 699.0,
        "window_end_period": 1198.0,
        "first": 0.03353676329821109,
        "last": 0.09366047314031611,
        "median": 0.05580449216309846,
        "peak_to_peak": 0.06012370984210502,
        "fractional_peak_to_peak": 1.0773991037564303,
        "slope_per_cycle": 0.00011820413256683351,
        "fractional_slope_per_cycle": 0.002118183106502629,