{
  "generated_at": "2026-06-17T15:08:21.780207+00:00",
  "workspace": "<local-rre-root>/rsp_batch_runs",
  "model_id": "model_008",
  "run_name": "model_008_M0p6151_Z0p0004406_T6792",
  "source": "cumulative:saturation+continue_saturation",
  "source_kind": "history_exact_rsp_columns",
  "cycle_count": 1525,
  "first_period": 1.0,
  "last_period": 1525.0,
  "rolling_window": 100,
  "fits": {
    "50": {
      "delta_r": {
        "available": true,
        "window_cycles": 50,
        "window_start_period": 1476.0,
        "window_end_period": 1525.0,
        "first": 0.04809870284904161,
        "last": 0.05317572236415469,
        "median": 0.05057222556216967,
        "peak_to_peak": 0.005077019515113079,
        "fractional_peak_to_peak": 0.10039145911962635,
        "slope_per_cycle": 0.0001035848214025925,
        "fractional_slope_per_cycle": 0.002048255148970123,
        "log_slope_per_cycle": 0.0020476893942101286,
        "efolding_cycles": 488.35531542406505
      },
      "period_days": {
        "available": true,
        "window_cycles": 50,
        "window_start_period": 1476.0,
        "window_end_period": 1525.0,
        "first": 0.6316258414065534,
        "last": 0.6316224535803,
        "median": 0.6316239108779054,
        "peak_to_peak": 3.3878262534203785e-06,
        "fractional_peak_to_peak": 5.363676382535262e-06,
        "slope_per_cycle": -7.085523189910942e-08,
        "fractional_slope_per_cycle": -1.1217946420145251e-07,
        "log_slope_per_cycle": -1.1217943854175829e-07,
        "efolding_cycles": null
      },
      "gamma": {
        "available": true,
        "window_cycles": 50,
        "window_start_period": 1476.0,
        "window_end_period": 1525.0,
        "first": 0.004120066320525637,
        "last": 0.004138878680334918,
        "median": 0.004129132066297255,
        "peak_to_peak": 1.8812359809281323e-05,
        "fractional_peak_to_peak": 0.004556008262082802,
        "slope_per_cycle": 3.773423493540192e-07,
        "fractional_slope_per_cycle": 9.138539123850209e-05,
        "log_slope_per_cycle": 9.13807566548169e-05,
        "efolding_cycles": 10943.223022079099
      },
      "max_vsurf_div_cs": {
        "available": true,
        "window_cycles": 50,
        "window_start_period": 1476.0,
        "window_end_period": 1525.0,
        "first": 0.27154,
        "last": 0.30169,
        "median": 0.286175,
        "peak_to_peak": 0.03015000000000001,
        "fractional_peak_to_peak": 0.10535511487726044,
        "slope_per_cycle": 0.0006151178871548618,
        "fractional_slope_per_cycle": 0.002149446622363455,
        "log_slope_per_cycle": 0.0021486196928099995,
        "efolding_cycles": 465.41507710570403
      }
    },
    "100": {
      "delta_r": {
        "available": true,
        "window_cycles": 100,
        "window_start_period": 1426.0,
        "window_end_period": 1525.0,
        "first": 0.04342498664371508,
        "last": 0.05317572236415469,
        "median": 0.048049546208632776,
        "peak_to_peak": 0.009750735720439607,
        "fractional_peak_to_peak": 0.20293085970264066,
        "slope_per_cycle": 9.84180685098546e-05,
        "fractional_slope_per_cycle": 0.0020482621850895317,
        "log_slope_per_cycle": 0.002046021789977918,
        "efolding_cycles": 488.7533480329125
      },
      "period_days": {
        "available": true,
        "window_cycles": 100,
        "window_start_period": 1426.0,
        "window_end_period": 1525.0,
        "first": 0.631628610723376,
        "last": 0.6316224535803,
        "median": 0.631625870421477,
        "peak_to_peak": 6.157143075946614e-06,
        "fractional_peak_to_peak": 9.748085637844473e-06,
        "slope_per_cycle": -6.762631819544719e-08,
        "fractional_slope_per_cycle": -1.0706704928080431e-07,
        "log_slope_per_cycle": -1.0706709051965065e-07,
        "efolding_cycles": null
      },
      "gamma": {
        "available": true,
        "window_cycles": 100,
        "window_start_period": 1426.0,
        "window_end_period": 1525.0,
        "first": 0.004105839252099144,
        "last": 0.004138878680334918,
        "median": 0.004120122208734537,
        "peak_to_peak": 3.303942823577443e-05,
        "fractional_peak_to_peak": 0.008019040834694617,
        "slope_per_cycle": 3.2758384755443627e-07,
        "fractional_slope_per_cycle": 7.950828421059168e-05,
        "log_slope_per_cycle": 7.947955230255452e-05,
        "efolding_cycles": 12581.852451726245
      },
      "max_vsurf_div_cs": {
        "available": true,
        "window_cycles": 100,
        "window_start_period": 1426.0,
        "window_end_period": 1525.0,
        "first": 0.24404,
        "last": 0.30169,
        "median": 0.27125,
        "peak_to_peak": 0.05765000000000001,
        "fractional_peak_to_peak": 0.2125345622119816,
        "slope_per_cycle": 0.0005814865886588658,
        "fractional_slope_per_cycle": 0.002143729359111026,
        "log_slope_per_cycle": 0.0021408564131054444,
        "efolding_cycles": 467.1027883413434
      }
    },
    "250": {
      "delta_r": {
        "available": true,
        "window_cycles": 250,
        "window_start_period": 1276.0,
        "window_end_period": 1525.0,
        "first": 0.032009619055587635,
        "last": 0.05317572236415469,
        "median": 0.04122245752028819,
        "peak_to_peak": 0.021166103308567052,
        "fractional_peak_to_peak": 0.5134604917271094,
        "slope_per_cycle": 8.463102011207169e-05,
        "fractional_slope_per_cycle": 0.002053031895791739,
        "log_slope_per_cycle": 0.0020386943245676347,
        "efolding_cycles": 490.51002298349925
      },
      "period_days": {
        "available": true,
        "window_cycles": 250,
        "window_start_period": 1276.0,
        "window_end_period": 1525.0,
        "first": 0.6316312640289673,
        "last": 0.6316224535803,
        "median": 0.6316292004251025,
        "peak_to_peak": 8.810448667295745e-06,
        "fractional_peak_to_peak": 1.3948767190253536e-05,
        "slope_per_cycle": -2.982311857774267e-08,
        "fractional_slope_per_cycle": -4.7216180882186815e-08,
        "log_slope_per_cycle": -4.721632596591761e-08,
        "efolding_cycles": null
      },
      "gamma": {
        "available": true,
        "window_cycles": 250,
        "window_start_period": 1276.0,
        "window_end_period": 1525.0,
        "first": 0.004068805717961997,
        "last": 0.004138878680334918,
        "median": 0.004098569629217889,
        "peak_to_peak": 7.159082929830002e-05,
        "fractional_peak_to_peak": 0.017467271700825383,
        "slope_per_cycle": 2.762695306932173e-07,
        "fractional_slope_per_cycle": 6.740632847219348e-05,
        "log_slope_per_cycle": 6.736301673562127e-05,
        "efolding_cycles": 14844.940866064337
      },
      "max_vsurf_div_cs": {
        "available": true,
        "window_cycles": 250,
        "window_start_period": 1276.0,
        "window_end_period": 1525.0,
        "first": 0.1777,
        "last": 0.30169,
        "median": 0.231135,
        "peak_to_peak": 0.12399000000000002,
        "fractional_peak_to_peak": 0.5364397430073334,
        "slope_per_cycle": 0.0004953832016512265,
        "fractional_slope_per_cycle": 0.002143263467892039,
        "log_slope_per_cycle": 0.0021260851686351464,
        "efolding_cycles": 470.34804379071807
      }
    },
    "500": {
      "delta_r": {
        "available": true,
        "window_cycles": 500,
        "window_start_period": 1026.0,
        "window_end_period": 1525.0,
        "first": 0.019306827973890606,
        "last": 0.05317572236415469,
        "median": 0.03197722645477796,
        "peak_to_peak": 0.03386889439026408,
        "fractional_peak_to_peak": 1.0591567232436905,