{
  "generated_at": "2026-06-17T16:13:12.610054+00:00",
  "workspace": "<local-rre-root>/rsp_batch_runs",
  "model_id": "model_007",
  "run_name": "model_007_M0p6887_Z0p004060_T6669",
  "source": "cumulative:continue_saturation+continue_saturation_resume:LOGS_continue_saturation_resume_2180000",
  "source_kind": "history_exact_rsp_columns",
  "cycle_count": 1577,
  "first_period": 1.0,
  "last_period": 3137.0,
  "rolling_window": 100,
  "fits": {
    "50": {
      "delta_r": {
        "available": true,
        "window_cycles": 50,
        "window_start_period": 1528.0,
        "window_end_period": 3137.0,
        "first": 0.5938158517766086,
        "last": 0.6117419333617082,
        "median": 0.6042932576016731,
        "peak_to_peak": 0.017926081585099674,
        "fractional_peak_to_peak": 0.029664540121206943,
        "slope_per_cycle": 5.219261258139765e-06,
        "fractional_slope_per_cycle": 8.636967552565514e-06,
        "log_slope_per_cycle": 8.634139883253661e-06,
        "efolding_cycles": 115819.29567061442
      },
      "period_days": {
        "available": true,
        "window_cycles": 50,
        "window_start_period": 1528.0,
        "window_end_period": 3137.0,
        "first": 0.5572037561762112,
        "last": 0.5572313862461252,
        "median": 0.5572178188482023,
        "peak_to_peak": 3.955523724907817e-05,
        "fractional_peak_to_peak": 7.098702861089558e-05,
        "slope_per_cycle": 8.04892629130881e-09,
        "fractional_slope_per_cycle": 1.4444847273452868e-08,
        "log_slope_per_cycle": 1.4444863317231516e-08,
        "efolding_cycles": 69228761.67385285
      },
      "gamma": {
        "available": true,
        "window_cycles": 50,
        "window_start_period": 1528.0,
        "window_end_period": 3137.0,
        "first": 0.0012405303979797833,
        "last": 0.0008514567883731079,
        "median": 0.0010045594721510244,
        "peak_to_peak": 0.00038907360960667545,
        "fractional_peak_to_peak": 0.38730769097579376,
        "slope_per_cycle": -1.1142182143752097e-07,
        "fractional_slope_per_cycle": -0.00011091610255681302,
        "log_slope_per_cycle": -0.00011145848779493649,
        "efolding_cycles": null
      },
      "max_vsurf_div_cs": {
        "available": true,
        "window_cycles": 50,
        "window_start_period": 1562.0,
        "window_end_period": 1564.0,
        "first": 4.72111,
        "last": 4.72559,
        "median": 4.72344,
        "peak_to_peak": 0.0044800000000000395,
        "fractional_peak_to_peak": 0.0009484612909235725,
        "slope_per_cycle": 0.0022400000000000198,
        "fractional_slope_per_cycle": 0.00047423064546178625,
        "log_slope_per_cycle": 0.00047423971713456137,
        "efolding_cycles": 2108.6382347774947
      }
    },
    "100": {
      "delta_r": {
        "available": true,
        "window_cycles": 100,
        "window_start_period": 1478.0,
        "window_end_period": 3137.0,
        "first": 0.5652811835053528,
        "last": 0.6117419333617082,
        "median": 0.5935646430102701,
        "peak_to_peak": 0.0464607498563554,
        "fractional_peak_to_peak": 0.07827411959837964,
        "slope_per_cycle": 1.3656915930689266e-05,
        "fractional_slope_per_cycle": 2.3008304304360272e-05,
        "log_slope_per_cycle": 2.295634738165051e-05,
        "efolding_cycles": 43560.93691104017
      },
      "period_days": {
        "available": true,
        "window_cycles": 100,
        "window_start_period": 1478.0,
        "window_end_period": 3137.0,
        "first": 0.5570798634635974,
        "last": 0.5572313862461252,
        "median": 0.5572000226487095,
        "peak_to_peak": 0.00015348451074082003,
        "fractional_peak_to_peak": 0.00027545675610567117,
        "slope_per_cycle": 2.8876857653979632e-08,
        "fractional_slope_per_cycle": 5.182493984244728e-08,
        "log_slope_per_cycle": 5.182602760002538e-08,
        "efolding_cycles": 19295324.112386927
      },
      "gamma": {
        "available": true,
        "window_cycles": 100,
        "window_start_period": 1478.0,
        "window_end_period": 3137.0,
        "first": 0.0018251626843585067,
        "last": 0.0008514567883731079,
        "median": 0.0012468247502259422,
        "peak_to_peak": 0.0009737058959853988,
        "fractional_peak_to_peak": 0.780948481981088,
        "slope_per_cycle": -2.9164483584784726e-07,
        "fractional_slope_per_cycle": -0.00023391004693722764,
        "log_slope_per_cycle": -0.000249688625805235,
        "efolding_cycles": null
      },
      "max_vsurf_div_cs": {
        "available": true,
        "window_cycles": 100,
        "window_start_period": 1562.0,
        "window_end_period": 1564.0,
        "first": 4.72111,
        "last": 4.72559,
        "median": 4.72344,
        "peak_to_peak": 0.0044800000000000395,
        "fractional_peak_to_peak": 0.0009484612909235725,
        "slope_per_cycle": 0.0022400000000000198,
        "fractional_slope_per_cycle": 0.00047423064546178625,
        "log_slope_per_cycle": 0.00047423971713456137,
        "efolding_cycles": 2108.6382347774947
      }
    },
    "250": {
      "delta_r": {
        "available": true,
        "window_cycles": 250,
        "window_start_period": 1328.0,
        "window_end_period": 3137.0,
        "first": 0.4348702119693595,
        "last": 0.6117419333617082,
        "median": 0.547101994238552,
        "peak_to_peak": 0.17687172139234875,
        "fractional_peak_to_peak": 0.32328838727505654,
        "slope_per_cycle": 6.602730489231915e-05,
        "fractional_slope_per_cycle": 0.0001206855496555353,
        "log_slope_per_cycle": 0.00012174016146738666,
        "efolding_cycles": 8214.216146475976
      },
      "period_days": {
        "available": true,
        "window_cycles": 250,
        "window_start_period": 1328.0,
        "window_end_period": 3137.0,
        "first": 0.5568516328042649,
        "last": 0.5572313862461252,
        "median": 0.5570163965246778,
        "peak_to_peak": 0.0005568297119398213,
        "fractional_peak_to_peak": 0.000999664849031337,
        "slope_per_cycle": 1.4633952062153266e-07,
        "fractional_slope_per_cycle": 2.627203104514883e-07,
        "log_slope_per_cycle": 2.6268583535142445e-07,
        "efolding_cycles": 3806828.787179131
      },
      "gamma": {
        "available": true,
        "window_cycles": 250,
        "window_start_period": 1328.0,
        "window_end_period": 3137.0,
        "first": 0.00385092485983062,
        "last": 0.0008514567883731079,
        "median": 0.0021716956829572528,
        "peak_to_peak": 0.003008696356715846,
        "fractional_peak_to_peak": 1.3854134261660584,
        "slope_per_cycle": -1.2104223851383875e-06,
        "fractional_slope_per_cycle": -0.0005573627993265267,
        "log_slope_per_cycle": -0.0006839678582734326,
        "efolding_cycles": null
      },
      "max_vsurf_div_cs": {
        "available": true,
        "window_cycles": 250,
        "window_start_period": 1562.0,
        "window_end_period": 1564.0,
        "first": 4.72111,
        "last": 4.72559,
        "median": 4.72344,
        "peak_to_peak": 0.0044800000000000395,
        "fractional_peak_to_peak": 0.0009484612909235725,
        "slope_per_cycle": 0.0022400000000000198,
        "fractional_slope_per_cycle": 0.00047423064546178625,
        "log_slope_per_cycle": 0.00047423971713456137,
        "efolding_cycles": 2108.6382347774947
      }
    },
    "500": {
      "delta_r": {
        "available": true,
        "window_cycles": 500,
        "window_start_period": 1078.0,
        "window_end_period": 3137.0,
        "first": 0.23120845929626999,
        "last": 0.6117419333617082,
        "median": 0.4343244002693738,