{
  "generated_at": "2026-06-19T14:39:01.952656+00:00",
  "workspace": "<local-rre-root>/rsp_batch_runs",
  "model_id": "model_008",
  "run_name": "model_008_M0p6151_Z0p0004406_T6792",
  "source": "cumulative:saturation+continue_saturation+continue_saturation_resume:LOGS_continue_saturation_resume_1620000",
  "source_kind": "history_exact_rsp_columns",
  "cycle_count": 1157,
  "first_period": 1.0,
  "last_period": 1157.0,
  "rolling_window": 100,
  "fits": {
    "50": {
      "delta_r": {
        "available": true,
        "window_cycles": 50,
        "window_start_period": 1108.0,
        "window_end_period": 1157.0,
        "first": 0.07761561595825484,
        "last": 0.08597070333534429,
        "median": 0.08168341113683653,
        "peak_to_peak": 0.008355087377089454,
        "fractional_peak_to_peak": 0.10228622018604197,
        "slope_per_cycle": 0.0001704955519818661,
        "fractional_slope_per_cycle": 0.0020872726739613137,
        "log_slope_per_cycle": 0.0020866599445905107,
        "efolding_cycles": 479.2347706641973
      },
      "period_days": {
        "available": true,
        "window_cycles": 50,
        "window_start_period": 1108.0,
        "window_end_period": 1157.0,
        "first": 0.6316192964740374,
        "last": 0.6316187376430672,
        "median": 0.6316201937224508,
        "peak_to_peak": 3.3916343279427608e-06,
        "fractional_peak_to_peak": 5.369737005959513e-06,
        "slope_per_cycle": -1.7524281333994705e-08,
        "fractional_slope_per_cycle": -2.774496684584359e-08,
        "log_slope_per_cycle": -2.774501442412375e-08,
        "efolding_cycles": null
      },
      "gamma": {
        "available": true,
        "window_cycles": 50,
        "window_start_period": 1108.0,
        "window_end_period": 1157.0,
        "first": 0.004228545306179877,
        "last": 0.004255007664739113,
        "median": 0.004241240100303349,
        "peak_to_peak": 2.6462358559235788e-05,
        "fractional_peak_to_peak": 0.006239297453908139,
        "slope_per_cycle": 5.278418872593657e-07,
        "fractional_slope_per_cycle": 0.00012445461109867665,
        "log_slope_per_cycle": 0.0001244482475147552,
        "efolding_cycles": 8035.468718685131
      },
      "max_vsurf_div_cs": {
        "available": true,
        "window_cycles": 50,
        "window_start_period": 1108.0,
        "window_end_period": 1157.0,
        "first": 0.45232,
        "last": 0.50609,
        "median": 0.47847,
        "peak_to_peak": 0.05377000000000004,
        "fractional_peak_to_peak": 0.11237904152820456,
        "slope_per_cycle": 0.0010975308523409368,
        "fractional_slope_per_cycle": 0.002293834205573885,
        "log_slope_per_cycle": 0.002293154055679891,
        "efolding_cycles": 436.08060152919495
      }
    },
    "100": {
      "delta_r": {
        "available": true,
        "window_cycles": 100,
        "window_start_period": 1058.0,
        "window_end_period": 1157.0,
        "first": 0.0699640268589139,
        "last": 0.08597070333534429,
        "median": 0.07753489702995031,
        "peak_to_peak": 0.016006676476430393,
        "fractional_peak_to_peak": 0.2064448021417673,
        "slope_per_cycle": 0.00016158053938084634,
        "fractional_slope_per_cycle": 0.0020839718058622138,
        "log_slope_per_cycle": 0.0020813595076917073,
        "efolding_cycles": 480.45520070150263
      },
      "period_days": {
        "available": true,
        "window_cycles": 100,
        "window_start_period": 1058.0,
        "window_end_period": 1157.0,
        "first": 0.6316165888097344,
        "last": 0.6316187376430672,
        "median": 0.6316189384588937,
        "peak_to_peak": 4.4000919701137065e-06,
        "fractional_peak_to_peak": 6.966371180778121e-06,
        "slope_per_cycle": 4.6810735039633876e-08,
        "fractional_slope_per_cycle": 7.41123044122914e-08,
        "log_slope_per_cycle": 7.411237363600078e-08,
        "efolding_cycles": 13493023.511990724
      },
      "gamma": {
        "available": true,
        "window_cycles": 100,
        "window_start_period": 1058.0,
        "window_end_period": 1157.0,
        "first": 0.004200329388826382,
        "last": 0.004255007664739113,
        "median": 0.0042283626804394125,
        "peak_to_peak": 5.4678275912730875e-05,
        "fractional_peak_to_peak": 0.012931311726327293,
        "slope_per_cycle": 5.448927354985997e-07,
        "fractional_slope_per_cycle": 0.00012886613014992705,
        "log_slope_per_cycle": 0.0001288933582658075,
        "efolding_cycles": 7758.351659499568
      },
      "max_vsurf_div_cs": {
        "available": true,
        "window_cycles": 100,
        "window_start_period": 1058.0,
        "window_end_period": 1157.0,
        "first": 0.40401,
        "last": 0.50609,
        "median": 0.451805,
        "peak_to_peak": 0.10208000000000006,
        "fractional_peak_to_peak": 0.22593818129502785,
        "slope_per_cycle": 0.0010320082208220825,
        "fractional_slope_per_cycle": 0.002284189464087565,
        "log_slope_per_cycle": 0.0022800619748419623,
        "efolding_cycles": 438.584569645004
      }
    },
    "250": {
      "delta_r": {
        "available": true,
        "window_cycles": 250,
        "window_start_period": 908.0,
        "window_end_period": 1157.0,
        "first": 0.05135453311085847,
        "last": 0.08597070333534429,
        "median": 0.06636751474335423,
        "peak_to_peak": 0.03461617022448582,
        "fractional_peak_to_peak": 0.5215830419196485,
        "slope_per_cycle": 0.00013834144370514635,
        "fractional_slope_per_cycle": 0.0020844752774021764,
        "log_slope_per_cycle": 0.0020692144657417305,
        "efolding_cycles": 483.2751831944786
      },
      "period_days": {
        "available": true,
        "window_cycles": 250,
        "window_start_period": 908.0,
        "window_end_period": 1157.0,
        "first": 0.6316234307739608,
        "last": 0.6316187376430672,
        "median": 0.6316205230019813,
        "peak_to_peak": 7.114171705846495e-06,
        "fractional_peak_to_peak": 1.1263363755240388e-05,
        "slope_per_cycle": -1.9533845061737953e-08,
        "fractional_slope_per_cycle": -3.092655217866738e-08,
        "log_slope_per_cycle": -3.092655903785205e-08,
        "efolding_cycles": null
      },
      "gamma": {
        "available": true,
        "window_cycles": 250,
        "window_start_period": 908.0,
        "window_end_period": 1157.0,
        "first": 0.004132627146337387,
        "last": 0.004255007664739113,
        "median": 0.004186843761390594,
        "peak_to_peak": 0.00012334315673809618,
        "fractional_peak_to_peak": 0.02945969894446926,
        "slope_per_cycle": 4.948386640530729e-07,
        "fractional_slope_per_cycle": 0.00011818894906379792,
        "log_slope_per_cycle": 0.00011805970003945447,
        "efolding_cycles": 8470.290875428356
      },
      "max_vsurf_div_cs": {
        "available": true,
        "window_cycles": 250,
        "window_start_period": 1018.0,
        "window_end_period": 1157.0,
        "first": 0.36986,
        "last": 0.50609,
        "median": 0.43167500000000003,
        "peak_to_peak": 0.13623000000000002,
        "fractional_peak_to_peak": 0.31558464122314245,
        "slope_per_cycle": 0.0009792513830880584,
        "fractional_slope_per_cycle": 0.0022684922293115385,
        "log_slope_per_cycle": 0.0022594136174005778,
        "efolding_cycles": 442.59271179859724
      }
    },
    "500": {
      "delta_r": {
        "available": true,
        "window_cycles": 500,
        "window_start_period": 658.0,
        "window_end_period": 1157.0,
        "first": 0.030863499275857187,
        "last": 0.08597070333534429,
        "median": 0.05130197749458709,
        "peak_to_peak": 0.0551072040594871,
        "fractional_peak_to_peak": 1.0741730972320025,
        "slope_per_cycle": 0.00010833927693513499,
        "fractional_slope_per_cycle": 0.0021117953386215168,