{
  "generated_at": "2026-06-19T19:09:16.763071+00:00",
  "workspace": "<local-rre-root>/rsp_batch_runs",
  "model_id": "model_009",
  "run_name": "model_009_M0p6668_Z0p0001120_T6852",
  "source": "cumulative:saturation+saturation_resume:LOGS_saturation_resume_130000",
  "source_kind": "history_exact_rsp_columns",
  "cycle_count": 296,
  "first_period": 1.0,
  "last_period": 296.0,
  "rolling_window": 100,
  "fits": {
    "50": {
      "delta_r": {
        "available": true,
        "window_cycles": 50,
        "window_start_period": 247.0,
        "window_end_period": 296.0,
        "first": 0.0040735677220720135,
        "last": 0.004636649232608647,
        "median": 0.00407436573388642,
        "peak_to_peak": 0.001015752746592824,
        "fractional_peak_to_peak": 0.24930328128003537,
        "slope_per_cycle": 1.1285883355417874e-05,
        "fractional_slope_per_cycle": 0.0027699730688272293,
        "log_slope_per_cycle": 0.0027229994502787343,
        "efolding_cycles": 367.2420866253341
      },
      "period_days": {
        "available": true,
        "window_cycles": 50,
        "window_start_period": 247.0,
        "window_end_period": 296.0,
        "first": 0.4882355359309413,
        "last": 0.4977492367602988,
        "median": 0.5012072701096164,
        "peak_to_peak": 0.030753643585420654,
        "fractional_peak_to_peak": 0.06135913307621153,
        "slope_per_cycle": 2.028362930364877e-05,
        "fractional_slope_per_cycle": 4.046954326742436e-05,
        "log_slope_per_cycle": 4.0774217343149764e-05,
        "efolding_cycles": 24525.30214336546
      },
      "gamma": {
        "available": true,
        "window_cycles": 50,
        "window_start_period": 247.0,
        "window_end_period": 296.0,
        "first": 0.005054447041235155,
        "last": 0.0037004962007443245,
        "median": 0.0049779211782415966,
        "peak_to_peak": 0.005525054268201901,
        "fractional_peak_to_peak": 1.1099119633215193,
        "slope_per_cycle": -1.4841192375867555e-06,
        "fractional_slope_per_cycle": -0.00029814036511341597,
        "log_slope_per_cycle": -0.0003980378154240536,
        "efolding_cycles": null
      },
      "max_vsurf_div_cs": {
        "available": true,
        "window_cycles": 50,
        "window_start_period": 247.0,
        "window_end_period": 296.0,
        "first": 0.02878,
        "last": 0.03271,
        "median": 0.028315,
        "peak_to_peak": 0.008880000000000002,
        "fractional_peak_to_peak": 0.3136146918594385,
        "slope_per_cycle": 7.767250900360146e-05,
        "fractional_slope_per_cycle": 0.0027431576550803975,
        "log_slope_per_cycle": 0.0027230696806261737,
        "efolding_cycles": 367.2326151308947
      }
    },
    "100": {
      "delta_r": {
        "available": true,
        "window_cycles": 100,
        "window_start_period": 197.0,
        "window_end_period": 296.0,
        "first": 0.0035899953189320044,
        "last": 0.004636649232608647,
        "median": 0.003872684067523391,
        "peak_to_peak": 0.0013792017598426298,
        "fractional_peak_to_peak": 0.3561358829677628,
        "slope_per_cycle": 1.054380326925518e-05,
        "fractional_slope_per_cycle": 0.0027226086831291705,
        "log_slope_per_cycle": 0.0027206305814065673,
        "efolding_cycles": 367.5618464462748
      },
      "period_days": {
        "available": true,
        "window_cycles": 100,
        "window_start_period": 197.0,
        "window_end_period": 296.0,
        "first": 0.4902542793059601,
        "last": 0.4977492367602988,
        "median": 0.5018674242341055,
        "peak_to_peak": 0.030753643585420654,
        "fractional_peak_to_peak": 0.061278421551973536,
        "slope_per_cycle": 6.1895817834145935e-06,
        "fractional_slope_per_cycle": 1.233310130232192e-05,
        "log_slope_per_cycle": 1.1996495467059131e-05,
        "efolding_cycles": 83357.6774772161
      },
      "gamma": {
        "available": true,
        "window_cycles": 100,
        "window_start_period": 197.0,
        "window_end_period": 296.0,
        "first": 0.005343647263516456,
        "last": 0.0037004962007443245,
        "median": 0.005133047614262601,
        "peak_to_peak": 0.005525054268201901,
        "fractional_peak_to_peak": 1.0763691832606574,
        "slope_per_cycle": 4.498040452777003e-08,
        "fractional_slope_per_cycle": 8.76290420583441e-06,
        "log_slope_per_cycle": -0.00023987024388074242,
        "efolding_cycles": null
      },
      "max_vsurf_div_cs": {
        "available": true,
        "window_cycles": 100,
        "window_start_period": 197.0,
        "window_end_period": 296.0,
        "first": 0.02545,
        "last": 0.03271,
        "median": 0.026395000000000002,
        "peak_to_peak": 0.011150000000000004,
        "fractional_peak_to_peak": 0.4224284902443646,
        "slope_per_cycle": 7.248382838283828e-05,
        "fractional_slope_per_cycle": 0.0027461196583761422,
        "log_slope_per_cycle": 0.00271581535721437,
        "efolding_cycles": 368.2135449096608
      }
    },
    "250": {
      "delta_r": {
        "available": true,
        "window_cycles": 250,
        "window_start_period": 47.0,
        "window_end_period": 296.0,
        "first": 0.00217611221392211,
        "last": 0.004636649232608647,
        "median": 0.003156751439226113,
        "peak_to_peak": 0.0024666364999932355,
        "fractional_peak_to_peak": 0.7813844540759721,
        "slope_per_cycle": 8.706560044942013e-06,
        "fractional_slope_per_cycle": 0.002758075893069507,
        "log_slope_per_cycle": 0.002734564484343538,
        "efolding_cycles": 365.68894451946375
      },
      "period_days": {
        "available": true,
        "window_cycles": 250,
        "window_start_period": 47.0,
        "window_end_period": 296.0,
        "first": 0.5149460457519065,
        "last": 0.4977492367602988,
        "median": 0.5015150220953122,
        "peak_to_peak": 0.030753643585420654,
        "fractional_peak_to_peak": 0.06132148037546913,
        "slope_per_cycle": -2.653075211831821e-07,
        "fractional_slope_per_cycle": -5.290121122887537e-07,
        "log_slope_per_cycle": -8.113148734895849e-07,
        "efolding_cycles": null
      },
      "gamma": {
        "available": true,
        "window_cycles": 250,
        "window_start_period": 47.0,
        "window_end_period": 296.0,
        "first": 0.005708765190029021,
        "last": 0.0037004962007443245,
        "median": 0.005077144385201057,
        "peak_to_peak": 0.005525054268201901,
        "fractional_peak_to_peak": 1.0882208282881258,
        "slope_per_cycle": -4.831767700748712e-09,
        "fractional_slope_per_cycle": -9.51670335559577e-07,
        "log_slope_per_cycle": -9.35809366821032e-05,
        "efolding_cycles": null
      },
      "max_vsurf_div_cs": {
        "available": true,
        "window_cycles": 250,
        "window_start_period": 129.0,
        "window_end_period": 296.0,
        "first": 0.01909,
        "last": 0.03271,
        "median": 0.024085000000000002,
        "peak_to_peak": 0.015080000000000003,
        "fractional_peak_to_peak": 0.6261158397342745,
        "slope_per_cycle": 6.666147417759579e-05,
        "fractional_slope_per_cycle": 0.002767758944471488,
        "log_slope_per_cycle": 0.002737036735019721,
        "efolding_cycles": 365.35863300818824
      }
    },
    "500": {
      "delta_r": {
        "available": false,
        "reason": "only 296 rows for 500-cycle window"
      },
      "period_days": {
        "available": false,
        "reason": "only 296 rows for 500-cycle window"
      },
      "gamma": {
        "available": false,
        "reason": "only 296 rows for 500-cycle window"
      },
      "max_vsurf_div_cs": {
        "available": false,
        "reason": "only 296 rows for 500-cycle window"
      }
    }
  },
  "latest_rolling": {
    "window_start_period": 197.0,
    "window_end_period": 296.0,