{
  "generated_at": "2026-06-18T18:40:53.925189+00:00",
  "workspace": "<local-rre-root>/rsp_batch_runs",
  "model_id": "model_008",
  "run_name": "model_008_M0p6151_Z0p0004406_T6792",
  "source": "cumulative:saturation+continue_saturation+continue_saturation_resume:LOGS_continue_saturation_resume_1620000",
  "source_kind": "history_exact_rsp_columns",
  "cycle_count": 1074,
  "first_period": 1.0,
  "last_period": 1074.0,
  "rolling_window": 100,
  "fits": {
    "50": {
      "delta_r": {
        "available": true,
        "window_cycles": 50,
        "window_start_period": 1025.0,
        "window_end_period": 1074.0,
        "first": 0.06534577197403824,
        "last": 0.07232257722187718,
        "median": 0.06874340945243107,
        "peak_to_peak": 0.006976805247838946,
        "fractional_peak_to_peak": 0.10149053274214952,
        "slope_per_cycle": 0.0001423565191810386,
        "fractional_slope_per_cycle": 0.002070838794801794,
        "log_slope_per_cycle": 0.002070241646347111,
        "efolding_cycles": 483.0353991595497
      },
      "period_days": {
        "available": true,
        "window_cycles": 50,
        "window_start_period": 1025.0,
        "window_end_period": 1074.0,
        "first": 0.6316198549304088,
        "last": 0.6316163910975404,
        "median": 0.6316171967303725,
        "peak_to_peak": 3.53832815391808e-06,
        "fractional_peak_to_peak": 5.6020136440783716e-06,
        "slope_per_cycle": -7.617611192575987e-08,
        "fractional_slope_per_cycle": -1.2060487320499328e-07,
        "log_slope_per_cycle": -1.2060476166564774e-07,
        "efolding_cycles": null
      },
      "gamma": {
        "available": true,
        "window_cycles": 50,
        "window_start_period": 1025.0,
        "window_end_period": 1074.0,
        "first": 0.0041831153720401455,
        "last": 0.00420890508588562,
        "median": 0.004195638151398223,
        "peak_to_peak": 2.578971384547494e-05,
        "fractional_peak_to_peak": 0.006146791719128675,
        "slope_per_cycle": 5.3348595775527e-07,
        "fractional_slope_per_cycle": 0.00012715251852152276,
        "log_slope_per_cycle": 0.00012714164963150253,
        "efolding_cycles": 7865.243237745634
      },
      "max_vsurf_div_cs": {
        "available": true,
        "window_cycles": 50,
        "window_start_period": 1025.0,
        "window_end_period": 1074.0,
        "first": 0.3756,
        "last": 0.41872,
        "median": 0.39646,
        "peak_to_peak": 0.04311999999999999,
        "fractional_peak_to_peak": 0.10876254855470915,
        "slope_per_cycle": 0.0008792268907563027,
        "fractional_slope_per_cycle": 0.0022176938171727355,
        "log_slope_per_cycle": 0.002216613546778142,
        "efolding_cycles": 451.13863057162337
      }
    },
    "100": {
      "delta_r": {
        "available": true,
        "window_cycles": 100,
        "window_start_period": 975.0,
        "window_end_period": 1074.0,
        "first": 0.05893300197260487,
        "last": 0.07232257722187718,
        "median": 0.0652782632957436,
        "peak_to_peak": 0.013389575249272312,
        "fractional_peak_to_peak": 0.20511537184454118,
        "slope_per_cycle": 0.00013515403786146991,
        "fractional_slope_per_cycle": 0.0020704294360460182,
        "log_slope_per_cycle": 0.002068094050428142,
        "efolding_cycles": 483.53700345154874
      },
      "period_days": {
        "available": true,
        "window_cycles": 100,
        "window_start_period": 975.0,
        "window_end_period": 1074.0,
        "first": 0.6316223234033074,
        "last": 0.6316163910975404,
        "median": 0.6316199196833703,
        "peak_to_peak": 6.033168174268688e-06,
        "fractional_peak_to_peak": 9.551896617340856e-06,
        "slope_per_cycle": -7.732277748884999e-08,
        "fractional_slope_per_cycle": -1.2241978930558702e-07,
        "log_slope_per_cycle": -1.2241988327093625e-07,
        "efolding_cycles": null
      },
      "gamma": {
        "available": true,
        "window_cycles": 100,
        "window_start_period": 975.0,
        "window_end_period": 1074.0,
        "first": 0.004160491150665341,
        "last": 0.00420890508588562,
        "median": 0.004182481176135323,
        "peak_to_peak": 4.8413935220279446e-05,
        "fractional_peak_to_peak": 0.011575410188699202,
        "slope_per_cycle": 4.865302350185246e-07,
        "fractional_slope_per_cycle": 0.00011632574410486313,
        "log_slope_per_cycle": 0.00011627598039260737,
        "efolding_cycles": 8600.228496233589
      },
      "max_vsurf_div_cs": {
        "available": true,
        "window_cycles": 100,
        "window_start_period": 1018.0,
        "window_end_period": 1074.0,
        "first": 0.36986,
        "last": 0.41872,
        "median": 0.3934,
        "peak_to_peak": 0.04885999999999996,
        "fractional_peak_to_peak": 0.12419928825622764,
        "slope_per_cycle": 0.0008715517241379311,
        "fractional_slope_per_cycle": 0.002215433970864085,
        "log_slope_per_cycle": 0.0022140905044426454,
        "efolding_cycles": 451.65272060625665
      }
    },
    "250": {
      "delta_r": {
        "available": true,
        "window_cycles": 250,
        "window_start_period": 825.0,
        "window_end_period": 1074.0,
        "first": 0.043336378006337384,
        "last": 0.07232257722187718,
        "median": 0.055919333808386096,
        "peak_to_peak": 0.0289861992155398,
        "fractional_peak_to_peak": 0.5183573773404433,
        "slope_per_cycle": 0.00011585130884528021,
        "fractional_slope_per_cycle": 0.0020717576722615793,
        "log_slope_per_cycle": 0.0020565736788101087,
        "efolding_cycles": 486.24564745892275
      },
      "period_days": {
        "available": true,
        "window_cycles": 250,
        "window_start_period": 825.0,
        "window_end_period": 1074.0,
        "first": 0.6316286519397464,
        "last": 0.6316163910975404,
        "median": 0.6316222440877377,
        "peak_to_peak": 1.2335337491453657e-05,
        "fractional_peak_to_peak": 1.9529612211915978e-05,
        "slope_per_cycle": -4.4905852992779674e-08,
        "fractional_slope_per_cycle": -7.109606004715355e-08,
        "log_slope_per_cycle": -7.109602771353594e-08,
        "efolding_cycles": null
      },
      "gamma": {
        "available": true,
        "window_cycles": 250,
        "window_start_period": 825.0,
        "window_end_period": 1074.0,
        "first": 0.00410520859493522,
        "last": 0.00420890508588562,
        "median": 0.004150445049733604,
        "peak_to_peak": 0.00010369649095040047,
        "fractional_peak_to_peak": 0.024984426900690134,
        "slope_per_cycle": 4.179265457440081e-07,
        "fractional_slope_per_cycle": 0.00010069439318822752,
        "log_slope_per_cycle": 0.00010061824147321354,
        "efolding_cycles": 9938.555726659353
      },
      "max_vsurf_div_cs": {
        "available": true,
        "window_cycles": 250,
        "window_start_period": 1018.0,
        "window_end_period": 1074.0,
        "first": 0.36986,
        "last": 0.41872,
        "median": 0.3934,
        "peak_to_peak": 0.04885999999999996,
        "fractional_peak_to_peak": 0.12419928825622764,
        "slope_per_cycle": 0.0008715517241379311,
        "fractional_slope_per_cycle": 0.002215433970864085,
        "log_slope_per_cycle": 0.0022140905044426454,
        "efolding_cycles": 451.65272060625665
      }
    },
    "500": {
      "delta_r": {
        "available": true,
        "window_cycles": 500,
        "window_start_period": 575.0,
        "window_end_period": 1074.0,
        "first": 0.007767589377503548,
        "last": 0.07232257722187718,
        "median": 0.04329216610386899,
        "peak_to_peak": 0.06455498784437363,
        "fractional_peak_to_peak": 1.4911470978257289,
        "slope_per_cycle": 0.00010203703873984313,
        "fractional_slope_per_cycle": 0.002356940017624208,