{
  "generated_at": "2026-06-17T21:38:40.435318+00:00",
  "workspace": "<local-rre-root>/rsp_batch_runs",
  "model_id": "model_008",
  "run_name": "model_008_M0p6151_Z0p0004406_T6792",
  "source": "cumulative:saturation+continue_saturation",
  "source_kind": "history_exact_rsp_columns",
  "cycle_count": 964,
  "first_period": 1.0,
  "last_period": 964.0,
  "rolling_window": 100,
  "fits": {
    "50": {
      "delta_r": {
        "available": true,
        "window_cycles": 50,
        "window_start_period": 915.0,
        "window_end_period": 964.0,
        "first": 0.05209652226974715,
        "last": 0.05761217275392383,
        "median": 0.054782020918781704,
        "peak_to_peak": 0.005515650484176682,
        "fractional_peak_to_peak": 0.10068358909858457,
        "slope_per_cycle": 0.00011254323054401707,
        "fractional_slope_per_cycle": 0.0020543825995552544,
        "log_slope_per_cycle": 0.0020537721305690366,
        "efolding_cycles": 486.9089345968148
      },
      "period_days": {
        "available": true,
        "window_cycles": 50,
        "window_start_period": 915.0,
        "window_end_period": 964.0,
        "first": 0.6316230174331684,
        "last": 0.631622190408719,
        "median": 0.631622134865848,
        "peak_to_peak": 1.056624955864116e-06,
        "fractional_peak_to_peak": 1.6728751219089809e-06,
        "slope_per_cycle": -1.4460213566501938e-08,
        "fractional_slope_per_cycle": -2.289377266611023e-08,
        "log_slope_per_cycle": -2.2893763161140478e-08,
        "efolding_cycles": null
      },
      "gamma": {
        "available": true,
        "window_cycles": 50,
        "window_start_period": 915.0,
        "window_end_period": 964.0,
        "first": 0.004135215788136021,
        "last": 0.004156684716452144,
        "median": 0.004145831860611177,
        "peak_to_peak": 2.1500024553582076e-05,
        "fractional_peak_to_peak": 0.005185937412911037,
        "slope_per_cycle": 4.441984794369567e-07,
        "fractional_slope_per_cycle": 0.00010714338988447861,
        "log_slope_per_cycle": 0.00010714940469659022,
        "efolding_cycles": 9332.763003505726
      },
      "max_vsurf_div_cs": {
        "available": true,
        "window_cycles": 50,
        "window_start_period": 915.0,
        "window_end_period": 964.0,
        "first": 0.29525,
        "last": 0.32846,
        "median": 0.31134,
        "peak_to_peak": 0.03320999999999996,
        "fractional_peak_to_peak": 0.1066679514357293,
        "slope_per_cycle": 0.0006777599039615846,
        "fractional_slope_per_cycle": 0.002176912391474223,
        "log_slope_per_cycle": 0.0021759594229708032,
        "efolding_cycles": 459.56739332699306
      }
    },
    "100": {
      "delta_r": {
        "available": true,
        "window_cycles": 100,
        "window_start_period": 865.0,
        "window_end_period": 964.0,
        "first": 0.04702836400026644,
        "last": 0.05761217275392383,
        "median": 0.05204318563815313,
        "peak_to_peak": 0.010583808753657387,
        "fractional_peak_to_peak": 0.20336588976786887,
        "slope_per_cycle": 0.0001068106486128861,
        "fractional_slope_per_cycle": 0.002052346475396822,
        "log_slope_per_cycle": 0.002049973648813972,
        "efolding_cycles": 487.8111484889368
      },
      "period_days": {
        "available": true,
        "window_cycles": 100,
        "window_start_period": 865.0,
        "window_end_period": 964.0,
        "first": 0.6316267733964034,
        "last": 0.631622190408719,
        "median": 0.631623012426361,
        "peak_to_peak": 4.8125881908500645e-06,
        "fractional_peak_to_peak": 7.61939969913802e-06,
        "slope_per_cycle": -4.938802285910093e-08,
        "fractional_slope_per_cycle": -7.819224741254804e-08,
        "log_slope_per_cycle": -7.819213800958754e-08,
        "efolding_cycles": null
      },
      "gamma": {
        "available": true,
        "window_cycles": 100,
        "window_start_period": 865.0,
        "window_end_period": 964.0,
        "first": 0.00411679582193336,
        "last": 0.004156684716452144,
        "median": 0.004134607645331445,
        "peak_to_peak": 3.9888894518783774e-05,
        "fractional_peak_to_peak": 0.009647564639857414,
        "slope_per_cycle": 4.0820401732397277e-07,
        "fractional_slope_per_cycle": 9.872859829514722e-05,
        "log_slope_per_cycle": 9.869530486417786e-05,
        "efolding_cycles": 10132.194245472732
      },
      "max_vsurf_div_cs": {
        "available": true,
        "window_cycles": 100,
        "window_start_period": 865.0,
        "window_end_period": 964.0,
        "first": 0.26523,
        "last": 0.32846,
        "median": 0.29493,
        "peak_to_peak": 0.06322999999999995,
        "fractional_peak_to_peak": 0.21438985521988252,
        "slope_per_cycle": 0.0006377443144314431,
        "fractional_slope_per_cycle": 0.0021623582356201237,
        "log_slope_per_cycle": 0.002158805079929691,
        "efolding_cycles": 463.21921756482453
      }
    },
    "250": {
      "delta_r": {
        "available": true,
        "window_cycles": 250,
        "window_start_period": 715.0,
        "window_end_period": 964.0,
        "first": 0.034642866226866076,
        "last": 0.05761217275392383,
        "median": 0.04463951642823982,
        "peak_to_peak": 0.022969306527057753,
        "fractional_peak_to_peak": 0.5145509710881843,
        "slope_per_cycle": 9.182754797737558e-05,
        "fractional_slope_per_cycle": 0.002057091010943024,
        "log_slope_per_cycle": 0.0020428169447684404,
        "efolding_cycles": 489.52012198692285
      },
      "period_days": {
        "available": true,
        "window_cycles": 250,
        "window_start_period": 715.0,
        "window_end_period": 964.0,
        "first": 0.6316299118687985,
        "last": 0.631622190408719,
        "median": 0.631628099399774,
        "peak_to_peak": 7.951060585931202e-06,
        "fractional_peak_to_peak": 1.2588199596387441e-05,
        "slope_per_cycle": -3.7922822704707475e-08,
        "fractional_slope_per_cycle": -6.003979674233131e-08,
        "log_slope_per_cycle": -6.00399839065962e-08,
        "efolding_cycles": null
      },
      "gamma": {
        "available": true,
        "window_cycles": 250,
        "window_start_period": 715.0,
        "window_end_period": 964.0,
        "first": 0.004076713029360444,
        "last": 0.004156684716452144,
        "median": 0.004109764036679035,
        "peak_to_peak": 8.01713035131343e-05,
        "fractional_peak_to_peak": 0.019507519847275247,
        "slope_per_cycle": 3.1034503115042754e-07,
        "fractional_slope_per_cycle": 7.55140753533887e-05,
        "log_slope_per_cycle": 7.543933965230999e-05,
        "efolding_cycles": 13255.683369033566
      },
      "max_vsurf_div_cs": {
        "available": true,
        "window_cycles": 250,
        "window_start_period": 715.0,
        "window_end_period": 964.0,
        "first": 0.19286,
        "last": 0.32846,
        "median": 0.25117500000000004,
        "peak_to_peak": 0.13559999999999997,
        "fractional_peak_to_peak": 0.5398626455658404,
        "slope_per_cycle": 0.0005409847491959871,
        "fractional_slope_per_cycle": 0.0021538160612958575,
        "log_slope_per_cycle": 0.0021362490498071673,
        "efolding_cycles": 468.1102140643512
      }
    },
    "500": {
      "delta_r": {
        "available": true,
        "window_cycles": 500,
        "window_start_period": 465.0,
        "window_end_period": 964.0,
        "first": 0.0062248783022544885,
        "last": 0.05761217275392383,
        "median": 0.0346077618420777,
        "peak_to_peak": 0.05138729445166934,
        "fractional_peak_to_peak": 1.4848488233986377,