{
  "generated_at": "2026-06-19T03:23:21.190973+00:00",
  "workspace": "<local-rre-root>/rsp_batch_runs",
  "model_id": "model_007",
  "run_name": "model_007_M0p6887_Z0p004060_T6669",
  "source": "cumulative:continue_saturation+continue_saturation_resume:LOGS_continue_saturation_resume_2180000+continue_saturation_resume:LOGS_continue_saturation_resume_2270000",
  "source_kind": "history_exact_rsp_columns",
  "cycle_count": 1691,
  "first_period": 1.0,
  "last_period": 1691.0,
  "rolling_window": 100,
  "fits": {
    "50": {
      "delta_r": {
        "available": true,
        "window_cycles": 50,
        "window_start_period": 1642.0,
        "window_end_period": 1691.0,
        "first": 0.6283508856935667,
        "last": 0.6350363472733571,
        "median": 0.6321441771043195,
        "peak_to_peak": 0.0066854615797904415,
        "fractional_peak_to_peak": 0.010575849342494496,
        "slope_per_cycle": 0.00013283425938605083,
        "fractional_slope_per_cycle": 0.0002101328529110692,
        "log_slope_per_cycle": 0.00021021227605394404,
        "efolding_cycles": 4757.096106715399
      },
      "period_days": {
        "available": true,
        "window_cycles": 50,
        "window_start_period": 1642.0,
        "window_end_period": 1691.0,
        "first": 0.5572443142535027,
        "last": 0.5572385958670121,
        "median": 0.5572534440335369,
        "peak_to_peak": 7.27829262958668e-05,
        "fractional_peak_to_peak": 0.0001306100968511673,
        "slope_per_cycle": 1.5243179236473322e-07,
        "fractional_slope_per_cycle": 2.7354122975247057e-07,
        "log_slope_per_cycle": 2.735383622382048e-07,
        "efolding_cycles": 3655794.353002568
      },
      "gamma": {
        "available": true,
        "window_cycles": 50,
        "window_start_period": 1642.0,
        "window_end_period": 1691.0,
        "first": 0.0004614806496601835,
        "last": 0.00026210337805830864,
        "median": 0.00033254623684297934,
        "peak_to_peak": 0.00019937727160187487,
        "fractional_peak_to_peak": 0.5995475200521251,
        "slope_per_cycle": -3.489611308028805e-06,
        "fractional_slope_per_cycle": -0.010493612380513929,
        "log_slope_per_cycle": -0.010154467805270526,
        "efolding_cycles": null
      },
      "max_vsurf_div_cs": {
        "available": true,
        "window_cycles": 50,
        "window_start_period": 1642.0,
        "window_end_period": 1691.0,
        "first": 4.86989,
        "last": 4.92374,
        "median": 4.89947,
        "peak_to_peak": 0.05384999999999973,
        "fractional_peak_to_peak": 0.01099098473916561,
        "slope_per_cycle": 0.0010535510204081632,
        "fractional_slope_per_cycle": 0.00021503367107221052,
        "log_slope_per_cycle": 0.00021507537506589884,
        "efolding_cycles": 4649.532749593491
      }
    },
    "100": {
      "delta_r": {
        "available": true,
        "window_cycles": 100,
        "window_start_period": 1592.0,
        "window_end_period": 1691.0,
        "first": 0.6175424800915392,
        "last": 0.6350363472733571,
        "median": 0.628422745730147,
        "peak_to_peak": 0.01749386718181789,
        "fractional_peak_to_peak": 0.027837737097647936,
        "slope_per_cycle": 0.00017414252080088147,
        "fractional_slope_per_cycle": 0.0002771104674108352,
        "log_slope_per_cycle": 0.00027770955552361415,
        "efolding_cycles": 3600.8843776172052
      },
      "period_days": {
        "available": true,
        "window_cycles": 100,
        "window_start_period": 1592.0,
        "window_end_period": 1691.0,
        "first": 0.5572353523828227,
        "last": 0.5572385958670121,
        "median": 0.5572461544704209,
        "peak_to_peak": 7.348603793178032e-05,
        "fractional_peak_to_peak": 0.00013187356672136717,
        "slope_per_cycle": 1.9957872821921738e-07,
        "fractional_slope_per_cycle": 3.581518268329498e-07,
        "log_slope_per_cycle": 3.581463131920558e-07,
        "efolding_cycles": 2792154.946639784
      },
      "gamma": {
        "available": true,
        "window_cycles": 100,
        "window_start_period": 1592.0,
        "window_end_period": 1691.0,
        "first": 0.0007154151761845247,
        "last": 0.00026210337805830864,
        "median": 0.00044024592328336157,
        "peak_to_peak": 0.0004533117981262161,
        "fractional_peak_to_peak": 1.0296785822465067,
        "slope_per_cycle": -4.57033354232371e-06,
        "fractional_slope_per_cycle": -0.010381319395846042,
        "log_slope_per_cycle": -0.010188380518904,
        "efolding_cycles": null
      },
      "max_vsurf_div_cs": {
        "available": true,
        "window_cycles": 100,
        "window_start_period": 1629.0,
        "window_end_period": 1691.0,
        "first": 4.85518,
        "last": 4.92374,
        "median": 4.89408,
        "peak_to_peak": 0.06855999999999973,
        "fractional_peak_to_peak": 0.014008761605858452,
        "slope_per_cycle": 0.0011136914362519206,
        "fractional_slope_per_cycle": 0.0002275588948795117,
        "log_slope_per_cycle": 0.00022773090271384694,
        "efolding_cycles": 4391.1475697109945
      }
    },
    "250": {
      "delta_r": {
        "available": true,
        "window_cycles": 250,
        "window_start_period": 1442.0,
        "window_end_period": 1691.0,
        "first": 0.5390375402161744,
        "last": 0.6350363472733571,
        "median": 0.6095433405300956,
        "peak_to_peak": 0.09599880705718267,
        "fractional_peak_to_peak": 0.15749299627110408,
        "slope_per_cycle": 0.0003719878343767031,
        "fractional_slope_per_cycle": 0.0006102729857620954,
        "log_slope_per_cycle": 0.0006254302065254552,
        "efolding_cycles": 1598.8994288514584
      },
      "period_days": {
        "available": true,
        "window_cycles": 250,
        "window_start_period": 1442.0,
        "window_end_period": 1691.0,
        "first": 0.5569168555736542,
        "last": 0.5572385958670121,
        "median": 0.5572254649946398,
        "peak_to_peak": 0.0005674928487106046,
        "fractional_peak_to_peak": 0.0010184259054206426,
        "slope_per_cycle": 1.0701931941079425e-06,
        "fractional_slope_per_cycle": 1.9205748145739125e-06,
        "log_slope_per_cycle": 1.920991544149187e-06,
        "efolding_cycles": 520564.4986026751
      },
      "gamma": {
        "available": true,
        "window_cycles": 250,
        "window_start_period": 1442.0,
        "window_end_period": 1691.0,
        "first": 0.0023211865149689375,
        "last": 0.00026210337805830864,
        "median": 0.0008982847997075424,
        "peak_to_peak": 0.002059083136910629,
        "fractional_peak_to_peak": 2.2922386503489887,
        "slope_per_cycle": -8.159993088106547e-06,
        "fractional_slope_per_cycle": -0.009083971019840504,
        "log_slope_per_cycle": -0.008796442169285315,
        "efolding_cycles": null
      },
      "max_vsurf_div_cs": {
        "available": true,
        "window_cycles": 250,
        "window_start_period": 1629.0,
        "window_end_period": 1691.0,
        "first": 4.85518,
        "last": 4.92374,
        "median": 4.89408,
        "peak_to_peak": 0.06855999999999973,
        "fractional_peak_to_peak": 0.014008761605858452,
        "slope_per_cycle": 0.0011136914362519206,
        "fractional_slope_per_cycle": 0.0002275588948795117,
        "log_slope_per_cycle": 0.00022773090271384694,
        "efolding_cycles": 4391.1475697109945
      }
    },
    "500": {
      "delta_r": {
        "available": true,
        "window_cycles": 500,
        "window_start_period": 1192.0,
        "window_end_period": 1691.0,
        "first": 0.3119191240486989,
        "last": 0.6350363472733571,
        "median": 0.5386344275216319,
        "peak_to_peak": 0.3231172232246582,
        "fractional_peak_to_peak": 0.5998822331342376,
        "slope_per_cycle": 0.0006963800676305894,