{
  "generated_at": "2026-06-18T20:14:48.386182+00:00",
  "workspace": "<local-rre-root>/rsp_batch_runs",
  "model_id": "model_008",
  "run_name": "model_008_M0p6151_Z0p0004406_T6792",
  "source": "cumulative:saturation+continue_saturation+continue_saturation_resume:LOGS_continue_saturation_resume_1620000",
  "source_kind": "history_exact_rsp_columns",
  "cycle_count": 1081,
  "first_period": 1.0,
  "last_period": 1081.0,
  "rolling_window": 100,
  "fits": {
    "50": {
      "delta_r": {
        "available": true,
        "window_cycles": 50,
        "window_start_period": 1032.0,
        "window_end_period": 1081.0,
        "first": 0.06629886519314887,
        "last": 0.07338032450625764,
        "median": 0.06974705525710156,
        "peak_to_peak": 0.007081459313108773,
        "fractional_peak_to_peak": 0.10153058486849519,
        "slope_per_cycle": 0.0001444976423225617,
        "fractional_slope_per_cycle": 0.002071738251742881,
        "log_slope_per_cycle": 0.002071139261243511,
        "efolding_cycles": 482.8260555495436
      },
      "period_days": {
        "available": true,
        "window_cycles": 50,
        "window_start_period": 1032.0,
        "window_end_period": 1081.0,
        "first": 0.6316190474971922,
        "last": 0.631616723916183,
        "median": 0.631616722720727,
        "peak_to_peak": 2.730894937297279e-06,
        "fractional_peak_to_peak": 4.32365838183287e-06,
        "slope_per_cycle": -5.156848196805934e-08,
        "fractional_slope_per_cycle": -8.164521316966562e-08,
        "log_slope_per_cycle": -8.16451219203713e-08,
        "efolding_cycles": null
      },
      "gamma": {
        "available": true,
        "window_cycles": 50,
        "window_start_period": 1032.0,
        "window_end_period": 1081.0,
        "first": 0.0041861090556791405,
        "last": 0.004213179885134447,
        "median": 0.004199504064982876,
        "peak_to_peak": 2.7107417564495306e-05,
        "fractional_peak_to_peak": 0.006454909233337257,
        "slope_per_cycle": 5.494320654521533e-07,
        "fractional_slope_per_cycle": 0.00013083260712462097,
        "log_slope_per_cycle": 0.00013082499637228666,
        "efolding_cycles": 7643.799180045957
      },
      "max_vsurf_div_cs": {
        "available": true,
        "window_cycles": 50,
        "window_start_period": 1032.0,
        "window_end_period": 1081.0,
        "first": 0.38143,
        "last": 0.42537,
        "median": 0.40266500000000005,
        "peak_to_peak": 0.043940000000000035,
        "fractional_peak_to_peak": 0.1091229682242063,
        "slope_per_cycle": 0.0008959927971188474,
        "fractional_slope_per_cycle": 0.0022251568850504694,
        "log_slope_per_cycle": 0.0022239875549715936,
        "efolding_cycles": 449.6428038747603
      }
    },
    "100": {
      "delta_r": {
        "available": true,
        "window_cycles": 100,
        "window_start_period": 982.0,
        "window_end_period": 1081.0,
        "first": 0.059790042150158484,
        "last": 0.07338032450625764,
        "median": 0.06623035906045205,
        "peak_to_peak": 0.01359028235609916,
        "fractional_peak_to_peak": 0.20519717164291032,
        "slope_per_cycle": 0.00013717094759647212,
        "fractional_slope_per_cycle": 0.002071118887808969,
        "log_slope_per_cycle": 0.00206878253285869,
        "efolding_cycles": 483.37608429928963
      },
      "period_days": {
        "available": true,
        "window_cycles": 100,
        "window_start_period": 982.0,
        "window_end_period": 1081.0,
        "first": 0.631622340247656,
        "last": 0.631616723916183,
        "median": 0.631619117986066,
        "peak_to_peak": 6.023645401032063e-06,
        "fractional_peak_to_peak": 9.53683197595192e-06,
        "slope_per_cycle": -7.693754572457125e-08,
        "fractional_slope_per_cycle": -1.2181003318881263e-07,
        "log_slope_per_cycle": -1.2181000480909873e-07,
        "efolding_cycles": null
      },
      "gamma": {
        "available": true,
        "window_cycles": 100,
        "window_start_period": 982.0,
        "window_end_period": 1081.0,
        "first": 0.004163787720998067,
        "last": 0.004213179885134447,
        "median": 0.004186103698481856,
        "peak_to_peak": 4.9428752245568586e-05,
        "fractional_peak_to_peak": 0.011807818392911422,
        "slope_per_cycle": 5.005674229368602e-07,
        "fractional_slope_per_cycle": 0.00011957836188300766,
        "log_slope_per_cycle": 0.00011953202321150255,
        "efolding_cycles": 8365.958955037331
      },
      "max_vsurf_div_cs": {
        "available": true,
        "window_cycles": 100,
        "window_start_period": 1018.0,
        "window_end_period": 1081.0,
        "first": 0.36986,
        "last": 0.42537,
        "median": 0.39646,
        "peak_to_peak": 0.055510000000000004,
        "fractional_peak_to_peak": 0.14001412500630583,
        "slope_per_cycle": 0.0008799839743589743,
        "fractional_slope_per_cycle": 0.0022196034262194782,
        "log_slope_per_cycle": 0.0022178392017439463,
        "efolding_cycles": 450.8893156968608
      }
    },
    "250": {
      "delta_r": {
        "available": true,
        "window_cycles": 250,
        "window_start_period": 832.0,
        "window_end_period": 1081.0,
        "first": 0.04396054869192767,
        "last": 0.07338032450625764,
        "median": 0.05673021151102242,
        "peak_to_peak": 0.029419775814329974,
        "fractional_peak_to_peak": 0.5185909770248934,
        "slope_per_cycle": 0.00011758879777775452,
        "fractional_slope_per_cycle": 0.0020727720670476887,
        "log_slope_per_cycle": 0.0020575552985772957,
        "efolding_cycles": 486.01366908167853
      },
      "period_days": {
        "available": true,
        "window_cycles": 250,
        "window_start_period": 832.0,
        "window_end_period": 1081.0,
        "first": 0.6316284045523585,
        "last": 0.631616723916183,
        "median": 0.6316222260658699,
        "peak_to_peak": 1.2087950103545353e-05,
        "fractional_peak_to_peak": 1.913794291064852e-05,
        "slope_per_cycle": -4.4722315182714224e-08,
        "fractional_slope_per_cycle": -7.080548045510082e-08,
        "log_slope_per_cycle": -7.080548776419815e-08,
        "efolding_cycles": null
      },
      "gamma": {
        "available": true,
        "window_cycles": 250,
        "window_start_period": 832.0,
        "window_end_period": 1081.0,
        "first": 0.004107743587356966,
        "last": 0.004213179885134447,
        "median": 0.004153129657220776,
        "peak_to_peak": 0.00010557659334510267,
        "fractional_peak_to_peak": 0.025420972148447983,
        "slope_per_cycle": 4.2588420119589177e-07,
        "fractional_slope_per_cycle": 0.00010254536610852845,
        "log_slope_per_cycle": 0.00010246191939689765,
        "efolding_cycles": 9759.72347469296
      },
      "max_vsurf_div_cs": {
        "available": true,
        "window_cycles": 250,
        "window_start_period": 1018.0,
        "window_end_period": 1081.0,
        "first": 0.36986,
        "last": 0.42537,
        "median": 0.39646,
        "peak_to_peak": 0.055510000000000004,
        "fractional_peak_to_peak": 0.14001412500630583,
        "slope_per_cycle": 0.0008799839743589743,
        "fractional_slope_per_cycle": 0.0022196034262194782,
        "log_slope_per_cycle": 0.0022178392017439463,
        "efolding_cycles": 450.8893156968608
      }
    },
    "500": {
      "delta_r": {
        "available": true,
        "window_cycles": 500,
        "window_start_period": 582.0,
        "window_end_period": 1081.0,
        "first": 0.007877758932679058,
        "last": 0.07338032450625764,
        "median": 0.043915685487519784,
        "peak_to_peak": 0.06550256557357859,
        "fractional_peak_to_peak": 1.4915528437371992,
        "slope_per_cycle": 0.00010057290470486673,
        "fractional_slope_per_cycle": 0.0022901362824781163,