{
  "generated_at": "2026-06-19T14:53:30.257211+00:00",
  "workspace": "<local-rre-root>/rsp_batch_runs",
  "model_id": "model_008",
  "run_name": "model_008_M0p6151_Z0p0004406_T6792",
  "source": "cumulative:saturation+continue_saturation+continue_saturation_resume:LOGS_continue_saturation_resume_1620000",
  "source_kind": "history_exact_rsp_columns",
  "cycle_count": 1158,
  "first_period": 1.0,
  "last_period": 1158.0,
  "rolling_window": 100,
  "fits": {
    "50": {
      "delta_r": {
        "available": true,
        "window_cycles": 50,
        "window_start_period": 1109.0,
        "window_end_period": 1158.0,
        "first": 0.07777741303536967,
        "last": 0.08615049235287398,
        "median": 0.08185407101553954,
        "peak_to_peak": 0.008373079317504306,
        "fractional_peak_to_peak": 0.10229276581631136,
        "slope_per_cycle": 0.00017086193324183195,
        "fractional_slope_per_cycle": 0.0020873968896353945,
        "log_slope_per_cycle": 0.002086785989256638,
        "efolding_cycles": 479.20582424277416
      },
      "period_days": {
        "available": true,
        "window_cycles": 50,
        "window_start_period": 1109.0,
        "window_end_period": 1158.0,
        "first": 0.6316194177458615,
        "last": 0.6316189031554731,
        "median": 0.6316201937224508,
        "peak_to_peak": 3.3916343279427608e-06,
        "fractional_peak_to_peak": 5.369737005959513e-06,
        "slope_per_cycle": -2.1769310814510264e-08,
        "fractional_slope_per_cycle": -3.446582460610217e-08,
        "log_slope_per_cycle": -3.446587634886115e-08,
        "efolding_cycles": null
      },
      "gamma": {
        "available": true,
        "window_cycles": 50,
        "window_start_period": 1109.0,
        "window_end_period": 1158.0,
        "first": 0.004228617556957504,
        "last": 0.004254987386198307,
        "median": 0.004241799205119547,
        "peak_to_peak": 2.639010778160856e-05,
        "fractional_peak_to_peak": 0.006221442012096563,
        "slope_per_cycle": 5.285749522851117e-07,
        "fractional_slope_per_cycle": 0.00012461102629449306,
        "log_slope_per_cycle": 0.00012460551717077587,
        "efolding_cycles": 8025.32682906382
      },
      "max_vsurf_div_cs": {
        "available": true,
        "window_cycles": 50,
        "window_start_period": 1109.0,
        "window_end_period": 1158.0,
        "first": 0.45336,
        "last": 0.50725,
        "median": 0.47957,
        "peak_to_peak": 0.05388999999999999,
        "fractional_peak_to_peak": 0.11237149946827366,
        "slope_per_cycle": 0.0011000014405762306,
        "fractional_slope_per_cycle": 0.0022937244626983146,
        "log_slope_per_cycle": 0.0022930575162744948,
        "efolding_cycles": 436.0989608427655
      }
    },
    "100": {
      "delta_r": {
        "available": true,
        "window_cycles": 100,
        "window_start_period": 1059.0,
        "window_end_period": 1158.0,
        "first": 0.07010908180603082,
        "last": 0.08615049235287398,
        "median": 0.07769651449681225,
        "peak_to_peak": 0.01604141054684316,
        "fractional_peak_to_peak": 0.20646242177956786,
        "slope_per_cycle": 0.00016193315934829696,
        "fractional_slope_per_cycle": 0.002084175337813137,
        "log_slope_per_cycle": 0.002081566056773986,
        "efolding_cycles": 480.4075262208115
      },
      "period_days": {
        "available": true,
        "window_cycles": 100,
        "window_start_period": 1059.0,
        "window_end_period": 1158.0,
        "first": 0.6316165599675366,
        "last": 0.6316189031554731,
        "median": 0.6316189507829646,
        "peak_to_peak": 4.4000919701137065e-06,
        "fractional_peak_to_peak": 6.966371044851147e-06,
        "slope_per_cycle": 4.5776623694026255e-08,
        "fractional_slope_per_cycle": 7.247506370301405e-08,
        "log_slope_per_cycle": 7.247513422706494e-08,
        "efolding_cycles": 13797835.777261138
      },
      "gamma": {
        "available": true,
        "window_cycles": 100,
        "window_start_period": 1059.0,
        "window_end_period": 1158.0,
        "first": 0.00420037496240868,
        "last": 0.004254987386198307,
        "median": 0.004228581431568691,
        "peak_to_peak": 5.46327023304323e-05,
        "fractional_peak_to_peak": 0.012919865258492851,
        "slope_per_cycle": 5.444403411924349e-07,
        "fractional_slope_per_cycle": 0.00012875247881662813,
        "log_slope_per_cycle": 0.00012876958562363415,
        "efolding_cycles": 7765.808945932196
      },
      "max_vsurf_div_cs": {
        "available": true,
        "window_cycles": 100,
        "window_start_period": 1059.0,
        "window_end_period": 1158.0,
        "first": 0.40491,
        "last": 0.50725,
        "median": 0.45284,
        "peak_to_peak": 0.10233999999999999,
        "fractional_peak_to_peak": 0.2259959367547036,
        "slope_per_cycle": 0.0010346486048604863,
        "fractional_slope_per_cycle": 0.0022847994984111085,
        "log_slope_per_cycle": 0.002280719483210413,
        "efolding_cycles": 438.4581301477586
      }
    },
    "250": {
      "delta_r": {
        "available": true,
        "window_cycles": 250,
        "window_start_period": 909.0,
        "window_end_period": 1158.0,
        "first": 0.05145986208553399,
        "last": 0.08615049235287398,
        "median": 0.06650456992133247,
        "peak_to_peak": 0.034690630267339984,
        "fractional_peak_to_peak": 0.5216277664583825,
        "slope_per_cycle": 0.00013863896523273397,
        "fractional_slope_per_cycle": 0.0020846532110008155,
        "log_slope_per_cycle": 0.002069375276399955,
        "efolding_cycles": 483.23762799547757
      },
      "period_days": {
        "available": true,
        "window_cycles": 250,
        "window_start_period": 909.0,
        "window_end_period": 1158.0,
        "first": 0.6316233234586953,
        "last": 0.6316189031554731,
        "median": 0.6316205115210162,
        "peak_to_peak": 7.006856440394671e-06,
        "fractional_peak_to_peak": 1.1093459304418946e-05,
        "slope_per_cycle": -1.9336985422670607e-08,
        "fractional_slope_per_cycle": -3.061487882352788e-08,
        "log_slope_per_cycle": -3.061488532833108e-08,
        "efolding_cycles": null
      },
      "gamma": {
        "available": true,
        "window_cycles": 250,
        "window_start_period": 909.0,
        "window_end_period": 1158.0,
        "first": 0.004131664508001016,
        "last": 0.004254987386198307,
        "median": 0.004187611595550302,
        "peak_to_peak": 0.00012334315673809618,
        "fractional_peak_to_peak": 0.029454297258408327,
        "slope_per_cycle": 4.955526651135276e-07,
        "fractional_slope_per_cycle": 0.00011833778128804854,
        "log_slope_per_cycle": 0.00011821659738630574,
        "efolding_cycles": 8459.049085402286
      },
      "max_vsurf_div_cs": {
        "available": true,
        "window_cycles": 250,
        "window_start_period": 1018.0,
        "window_end_period": 1158.0,
        "first": 0.36986,
        "last": 0.50725,
        "median": 0.43216,
        "peak_to_peak": 0.13738999999999996,
        "fractional_peak_to_peak": 0.31791466123657897,
        "slope_per_cycle": 0.0009805558029025215,
        "fractional_slope_per_cycle": 0.002268964741999541,
        "log_slope_per_cycle": 0.00225976177952621,
        "efolding_cycles": 442.5245214164405
      }
    },
    "500": {
      "delta_r": {
        "available": true,
        "window_cycles": 500,
        "window_start_period": 659.0,
        "window_end_period": 1158.0,
        "first": 0.030926073779611762,
        "last": 0.08615049235287398,
        "median": 0.05140719759819623,
        "peak_to_peak": 0.05522441857326221,
        "fractional_peak_to_peak": 1.0742546015618621,
        "slope_per_cycle": 0.00010856942404739549,
        "fractional_slope_per_cycle": 0.002111949865386262,