{
  "generated_at": "2026-06-17T19:50:02.614941+00:00",
  "workspace": "<local-rre-root>/rsp_batch_runs",
  "model_id": "model_007",
  "run_name": "model_007_M0p6887_Z0p004060_T6669",
  "source": "cumulative:continue_saturation+continue_saturation_resume:LOGS_continue_saturation_resume_2180000",
  "source_kind": "history_exact_rsp_columns",
  "cycle_count": 1587,
  "first_period": 1.0,
  "last_period": 1587.0,
  "rolling_window": 100,
  "fits": {
    "50": {
      "delta_r": {
        "available": true,
        "window_cycles": 50,
        "window_start_period": 1538.0,
        "window_end_period": 1587.0,
        "first": 0.5983597062806334,
        "last": 0.6160242171730506,
        "median": 0.6081361586286884,
        "peak_to_peak": 0.017664510892417162,
        "fractional_peak_to_peak": 0.02904696693623613,
        "slope_per_cycle": 0.000361798019443133,
        "fractional_slope_per_cycle": 0.0005949293004694318,
        "log_slope_per_cycle": 0.0005955383088440419,
        "efolding_cycles": 1679.1531042579454
      },
      "period_days": {
        "available": true,
        "window_cycles": 50,
        "window_start_period": 1538.0,
        "window_end_period": 1587.0,
        "first": 0.5572115115907595,
        "last": 0.5572322182453893,
        "median": 0.5572261575198112,
        "peak_to_peak": 4.075274837234133e-05,
        "fractional_peak_to_peak": 7.313502394383278e-05,
        "slope_per_cycle": 4.90424387463052e-07,
        "fractional_slope_per_cycle": 8.801173111576619e-07,
        "log_slope_per_cycle": 8.801266594183974e-07,
        "efolding_cycles": 1136200.1017680988
      },
      "gamma": {
        "available": true,
        "window_cycles": 50,
        "window_start_period": 1538.0,
        "window_end_period": 1587.0,
        "first": 0.0011400962048865393,
        "last": 0.0007417440613389037,
        "median": 0.0009331226744545248,
        "peak_to_peak": 0.0003983521435476356,
        "fractional_peak_to_peak": 0.42690222245483445,
        "slope_per_cycle": -7.964003638768891e-06,
        "fractional_slope_per_cycle": -0.008534787393762996,
        "log_slope_per_cycle": -0.008605261567659218,
        "efolding_cycles": null
      },
      "max_vsurf_div_cs": {
        "available": true,
        "window_cycles": 50,
        "window_start_period": 1562.0,
        "window_end_period": 1587.0,
        "first": 4.72111,
        "last": 4.77758,
        "median": 4.751035,
        "peak_to_peak": 0.05647000000000002,
        "fractional_peak_to_peak": 0.011885831192571729,
        "slope_per_cycle": 0.0022704957264957208,
        "fractional_slope_per_cycle": 0.0004778949695162677,
        "log_slope_per_cycle": 0.0004780166900142708,
        "efolding_cycles": 2091.97716500264
      }
    },
    "100": {
      "delta_r": {
        "available": true,
        "window_cycles": 100,
        "window_start_period": 1488.0,
        "window_end_period": 1587.0,
        "first": 0.5717523854964188,
        "last": 0.6160242171730506,
        "median": 0.5981457848394425,
        "peak_to_peak": 0.044271831676631734,
        "fractional_peak_to_peak": 0.07401511938852068,
        "slope_per_cycle": 0.0004449682348292674,
        "fractional_slope_per_cycle": 0.0007439126816695836,
        "log_slope_per_cycle": 0.0007473602347616405,
        "efolding_cycles": 1338.0428252500417
      },
      "period_days": {
        "available": true,
        "window_cycles": 100,
        "window_start_period": 1488.0,
        "window_end_period": 1587.0,
        "first": 0.5571408638158054,
        "last": 0.5572322182453893,
        "median": 0.5572096412934155,
        "peak_to_peak": 0.00010188137629518756,
        "fractional_peak_to_peak": 0.0001828420916384303,
        "slope_per_cycle": 8.641655265003088e-07,
        "fractional_slope_per_cycle": 1.5508804271483456e-06,
        "log_slope_per_cycle": 1.5509221702515385e-06,
        "efolding_cycles": 644777.6807767302
      },
      "gamma": {
        "available": true,
        "window_cycles": 100,
        "window_start_period": 1488.0,
        "window_end_period": 1587.0,
        "first": 0.0017021685039098104,
        "last": 0.0007417440613389037,
        "median": 0.0011460010366255234,
        "peak_to_peak": 0.0009604244425709067,
        "fractional_peak_to_peak": 0.8380659457332958,
        "slope_per_cycle": -9.641153510405113e-06,
        "fractional_slope_per_cycle": -0.008412866308388459,
        "log_slope_per_cycle": -0.008348224284189005,
        "efolding_cycles": null
      },
      "max_vsurf_div_cs": {
        "available": true,
        "window_cycles": 100,
        "window_start_period": 1562.0,
        "window_end_period": 1587.0,
        "first": 4.72111,
        "last": 4.77758,
        "median": 4.751035,
        "peak_to_peak": 0.05647000000000002,
        "fractional_peak_to_peak": 0.011885831192571729,
        "slope_per_cycle": 0.0022704957264957208,
        "fractional_slope_per_cycle": 0.0004778949695162677,
        "log_slope_per_cycle": 0.0004780166900142708,
        "efolding_cycles": 2091.97716500264
      }
    },
    "250": {
      "delta_r": {
        "available": true,
        "window_cycles": 250,
        "window_start_period": 1338.0,
        "window_end_period": 1587.0,
        "first": 0.444620339363504,
        "last": 0.6160242171730506,
        "median": 0.5544519937432373,
        "peak_to_peak": 0.17140387780954658,
        "fractional_peak_to_peak": 0.3091410613430357,
        "slope_per_cycle": 0.0006999347752240667,
        "fractional_slope_per_cycle": 0.0012623902215566773,
        "log_slope_per_cycle": 0.0013043891579245337,
        "efolding_cycles": 766.6423735008196
      },
      "period_days": {
        "available": true,
        "window_cycles": 250,
        "window_start_period": 1338.0,
        "window_end_period": 1587.0,
        "first": 0.5569307015505102,
        "last": 0.5572322182453893,
        "median": 0.5570493254945958,
        "peak_to_peak": 0.0005568297119398213,
        "fractional_peak_to_peak": 0.000999605755640078,
        "slope_per_cycle": 1.4336919003674763e-06,
        "fractional_slope_per_cycle": 2.5737252245921354e-06,
        "log_slope_per_cycle": 2.573555902078129e-06,
        "efolding_cycles": 388567.42889964295
      },
      "gamma": {
        "available": true,
        "window_cycles": 250,
        "window_start_period": 1338.0,
        "window_end_period": 1587.0,
        "first": 0.003730622205697384,
        "last": 0.0007417440613389037,
        "median": 0.0020226772759889405,
        "peak_to_peak": 0.0029888781443584804,
        "fractional_peak_to_peak": 1.4776841465711028,
        "slope_per_cycle": -1.2574371813985735e-05,
        "fractional_slope_per_cycle": -0.006216697029850098,
        "log_slope_per_cycle": -0.006548386262036288,
        "efolding_cycles": null
      },
      "max_vsurf_div_cs": {
        "available": true,
        "window_cycles": 250,
        "window_start_period": 1562.0,
        "window_end_period": 1587.0,
        "first": 4.72111,
        "last": 4.77758,
        "median": 4.751035,
        "peak_to_peak": 0.05647000000000002,
        "fractional_peak_to_peak": 0.011885831192571729,
        "slope_per_cycle": 0.0022704957264957208,
        "fractional_slope_per_cycle": 0.0004778949695162677,
        "log_slope_per_cycle": 0.0004780166900142708,
        "efolding_cycles": 2091.97716500264
      }
    },
    "500": {
      "delta_r": {
        "available": true,
        "window_cycles": 500,
        "window_start_period": 1088.0,
        "window_end_period": 1587.0,
        "first": 0.24044334424855673,
        "last": 0.6160242171730506,
        "median": 0.4441089229526196,
        "peak_to_peak": 0.37824058287293205,