{
  "generated_at": "2026-06-19T21:48:06.399897+00:00",
  "workspace": "<local-rre-root>/rsp_batch_runs",
  "model_id": "model_001",
  "run_name": "model_001_M0p5602_Z0p003592_T6824",
  "source": "cumulative:continue_saturation_resume:LOGS_continue_saturation_resume_2500000",
  "source_kind": "history_exact_rsp_columns",
  "cycle_count": 102,
  "first_period": 1907.0,
  "last_period": 2008.0,
  "rolling_window": 100,
  "fits": {
    "50": {
      "delta_r": {
        "available": true,
        "window_cycles": 50,
        "window_start_period": 1959.0,
        "window_end_period": 2008.0,
        "first": 0.5464625542766974,
        "last": 0.5555352852961244,
        "median": 0.5512556493259857,
        "peak_to_peak": 0.009343932463109716,
        "fractional_peak_to_peak": 0.016950270667583076,
        "slope_per_cycle": 0.0001868829917341645,
        "fractional_slope_per_cycle": 0.00033901329077110466,
        "log_slope_per_cycle": 0.000339202237434295,
        "efolding_cycles": 2948.093761302811
      },
      "period_days": {
        "available": true,
        "window_cycles": 50,
        "window_start_period": 1959.0,
        "window_end_period": 2008.0,
        "first": 0.5920334536756423,
        "last": 0.5920768555959135,
        "median": 0.5920524946036232,
        "peak_to_peak": 0.00013428258571634988,
        "fractional_peak_to_peak": 0.00022680858021931238,
        "slope_per_cycle": 2.8904597450303314e-07,
        "fractional_slope_per_cycle": 4.882100441052077e-07,
        "log_slope_per_cycle": 4.882745918350653e-07,
        "efolding_cycles": 2048027.9267486252
      },
      "gamma": {
        "available": true,
        "window_cycles": 50,
        "window_start_period": 1959.0,
        "window_end_period": 2008.0,
        "first": 0.0005868885744577705,
        "last": 0.0003824376797731653,
        "median": 0.0004650196833677382,
        "peak_to_peak": 0.00026318089780557236,
        "fractional_peak_to_peak": 0.5659564685511356,
        "slope_per_cycle": -4.31058683708574e-06,
        "fractional_slope_per_cycle": -0.009269686835335359,
        "log_slope_per_cycle": -0.009086460460898409,
        "efolding_cycles": null
      },
      "max_vsurf_div_cs": {
        "available": true,
        "window_cycles": 50,
        "window_start_period": 1959.0,
        "window_end_period": 2008.0,
        "first": 4.43079,
        "last": 4.49173,
        "median": 4.464,
        "peak_to_peak": 0.06093999999999955,
        "fractional_peak_to_peak": 0.01365143369175617,
        "slope_per_cycle": 0.0012409080432172874,
        "fractional_slope_per_cycle": 0.0002779811924769909,
        "log_slope_per_cycle": 0.00027814989214456736,
        "efolding_cycles": 3595.18384957796
      }
    },
    "100": {
      "delta_r": {
        "available": true,
        "window_cycles": 100,
        "window_start_period": 1909.0,
        "window_end_period": 2008.0,
        "first": 0.5318198410804369,
        "last": 0.5555352852961244,
        "median": 0.546115321543136,
        "peak_to_peak": 0.02380648649895445,
        "fractional_peak_to_peak": 0.0435924163996817,
        "slope_per_cycle": 0.00023470595182635846,
        "fractional_slope_per_cycle": 0.0004297736074555816,
        "log_slope_per_cycle": 0.0004310831776085197,
        "efolding_cycles": 2319.737934445987
      },
      "period_days": {
        "available": true,
        "window_cycles": 100,
        "window_start_period": 1909.0,
        "window_end_period": 2008.0,
        "first": 0.5919548787131768,
        "last": 0.5920768555959135,
        "median": 0.5920415926122762,
        "peak_to_peak": 0.00023752994438708264,
        "fractional_peak_to_peak": 0.0004012048264025249,
        "slope_per_cycle": 4.820773887695163e-07,
        "fractional_slope_per_cycle": 8.142627051630567e-07,
        "log_slope_per_cycle": 8.14346339980493e-07,
        "efolding_cycles": 1227978.7492186115
      },
      "gamma": {
        "available": true,
        "window_cycles": 100,
        "window_start_period": 1909.0,
        "window_end_period": 2008.0,
        "first": 0.0009212557373211283,
        "last": 0.0003824376797731653,
        "median": 0.0006011679500577526,
        "peak_to_peak": 0.0005860688485784375,
        "fractional_peak_to_peak": 0.9748837217987675,
        "slope_per_cycle": -5.619730077047024e-06,
        "fractional_slope_per_cycle": -0.009348020094063816,
        "log_slope_per_cycle": -0.009289462039539753,
        "efolding_cycles": null
      },
      "max_vsurf_div_cs": {
        "available": true,
        "window_cycles": 100,
        "window_start_period": 1909.0,
        "window_end_period": 2008.0,
        "first": 4.33088,
        "last": 4.49173,
        "median": 4.42936,
        "peak_to_peak": 0.16084999999999994,
        "fractional_peak_to_peak": 0.03631450141781204,
        "slope_per_cycle": 0.001595132433243327,
        "fractional_slope_per_cycle": 0.0003601270687510898,
        "log_slope_per_cycle": 0.0003611373339030352,
        "efolding_cycles": 2769.0296907062466
      }
    },
    "250": {
      "delta_r": {
        "available": false,
        "reason": "only 102 rows for 250-cycle window"
      },
      "period_days": {
        "available": false,
        "reason": "only 102 rows for 250-cycle window"
      },
      "gamma": {
        "available": false,
        "reason": "only 102 rows for 250-cycle window"
      },
      "max_vsurf_div_cs": {
        "available": false,
        "reason": "only 102 rows for 250-cycle window"
      }
    },
    "500": {
      "delta_r": {
        "available": false,
        "reason": "only 102 rows for 500-cycle window"
      },
      "period_days": {
        "available": false,
        "reason": "only 102 rows for 500-cycle window"
      },
      "gamma": {
        "available": false,
        "reason": "only 102 rows for 500-cycle window"
      },
      "max_vsurf_div_cs": {
        "available": false,
        "reason": "only 102 rows for 500-cycle window"
      }
    }
  },
  "latest_rolling": {
    "window_start_period": 1909.0,
    "window_end_period": 2008.0,
    "gamma_peak_to_peak": 0.0005860688485784375,
    "period_fractional_peak_to_peak": 0.0004012048264025249,
    "delta_r_fractional_peak_to_peak": 0.0435924163996817
  },
  "growth_outlook": {
    "status": "amplitude still growing",
    "tolerance": 0.001,
    "delta_r_fractional_peak_to_peak": 0.0435924163996817,
    "delta_r_criterion_factor": 43.592416399681696,
    "log_slope_per_cycle": 0.0004310831776085197,
    "efolding_cycles": 2319.737934445987,
    "doubling_cycles": 1607.919808899187,
    "fit_window_cycles": 100,
    "max_vsurf_div_cs_latest": 4.49173,
    "max_vsurf_div_cs_log_slope_per_cycle": 0.0003611373339030352,
    "max_vsurf_div_cs_efolding_cycles": 2769.0296907062466,
    "max_vsurf_div_cs_fit_window_cycles": 100,
    "cycles_to_vsurf_div_cs_0p8": 0.0,
    "cycles_to_vsurf_div_cs_1p0": 0.0
  }
}
