{
  "generated_at": "2026-06-18T16:41:09.377864+00:00",
  "workspace": "<local-rre-root>/rsp_batch_runs",
  "model_id": "model_008",
  "run_name": "model_008_M0p6151_Z0p0004406_T6792",
  "source": "cumulative:saturation+continue_saturation+continue_saturation_resume:LOGS_continue_saturation_resume_1620000",
  "source_kind": "history_exact_rsp_columns",
  "cycle_count": 1065,
  "first_period": 1.0,
  "last_period": 1065.0,
  "rolling_window": 100,
  "fits": {
    "50": {
      "delta_r": {
        "available": true,
        "window_cycles": 50,
        "window_start_period": 1016.0,
        "window_end_period": 1065.0,
        "first": 0.06414072813641525,
        "last": 0.07098594860700302,
        "median": 0.06747458366641013,
        "peak_to_peak": 0.006845220470587776,
        "fractional_peak_to_peak": 0.10144887302202697,
        "slope_per_cycle": 0.00013966668794438382,
        "fractional_slope_per_cycle": 0.002069915520114754,
        "log_slope_per_cycle": 0.0020693200689524557,
        "efolding_cycles": 483.25052030555446
      },
      "period_days": {
        "available": true,
        "window_cycles": 50,
        "window_start_period": 1016.0,
        "window_end_period": 1065.0,
        "first": 0.6316208052428233,
        "last": 0.6316163580423152,
        "median": 0.6316180748728759,
        "peak_to_peak": 4.447200508073124e-06,
        "fractional_peak_to_peak": 7.040964603440457e-06,
        "slope_per_cycle": -9.76198888916372e-08,
        "fractional_slope_per_cycle": -1.545552490898632e-07,
        "log_slope_per_cycle": -1.5455516980772403e-07,
        "efolding_cycles": null
      },
      "gamma": {
        "available": true,
        "window_cycles": 50,
        "window_start_period": 1016.0,
        "window_end_period": 1065.0,
        "first": 0.004178436410795659,
        "last": 0.004204294211215133,
        "median": 0.004190951936067109,
        "peak_to_peak": 2.5857800419473546e-05,
        "fractional_peak_to_peak": 0.006169910992522413,
        "slope_per_cycle": 5.258313772302641e-07,
        "fractional_slope_per_cycle": 0.00012546824331364606,
        "log_slope_per_cycle": 0.00012546505405330906,
        "efolding_cycles": 7970.346863080363
      },
      "max_vsurf_div_cs": {
        "available": true,
        "window_cycles": 50,
        "window_start_period": 1018.0,
        "window_end_period": 1065.0,
        "first": 0.36986,
        "last": 0.41036,
        "median": 0.38951,
        "peak_to_peak": 0.04049999999999998,
        "fractional_peak_to_peak": 0.10397679135323863,
        "slope_per_cycle": 0.0008610801128962225,
        "fractional_slope_per_cycle": 0.002210675240420586,
        "log_slope_per_cycle": 0.0022097977959260975,
        "efolding_cycles": 452.5300920489483
      }
    },
    "100": {
      "delta_r": {
        "available": true,
        "window_cycles": 100,
        "window_start_period": 966.0,
        "window_end_period": 1065.0,
        "first": 0.05784998727601831,
        "last": 0.07098594860700302,
        "median": 0.06407448172725383,
        "peak_to_peak": 0.013135961330984713,
        "fractional_peak_to_peak": 0.20501080893483659,
        "slope_per_cycle": 0.00013260361849447842,
        "fractional_slope_per_cycle": 0.00206952307564395,
        "log_slope_per_cycle": 0.002067173937860981,
        "efolding_cycles": 483.75222891729913
      },
      "period_days": {
        "available": true,
        "window_cycles": 100,
        "window_start_period": 966.0,
        "window_end_period": 1065.0,
        "first": 0.6316221929814114,
        "last": 0.6316163580423152,
        "median": 0.6316208540373137,
        "peak_to_peak": 5.991728113996508e-06,
        "fractional_peak_to_peak": 9.486273411806223e-06,
        "slope_per_cycle": -7.12383533248024e-08,
        "fractional_slope_per_cycle": -1.1278657579059907e-07,
        "log_slope_per_cycle": -1.12786780261469e-07,
        "efolding_cycles": null
      },
      "gamma": {
        "available": true,
        "window_cycles": 100,
        "window_start_period": 966.0,
        "window_end_period": 1065.0,
        "first": 0.004157153607525326,
        "last": 0.004204294211215133,
        "median": 0.0041782281460139015,
        "peak_to_peak": 4.714060368980668e-05,
        "fractional_peak_to_peak": 0.011282438881366397,
        "slope_per_cycle": 4.6993801576153036e-07,
        "fractional_slope_per_cycle": 0.00011247303865152959,
        "log_slope_per_cycle": 0.00011242772973380063,
        "efolding_cycles": 8894.60280277595
      },
      "max_vsurf_div_cs": {
        "available": true,
        "window_cycles": 100,
        "window_start_period": 1018.0,
        "window_end_period": 1065.0,
        "first": 0.36986,
        "last": 0.41036,
        "median": 0.38951,
        "peak_to_peak": 0.04049999999999998,
        "fractional_peak_to_peak": 0.10397679135323863,
        "slope_per_cycle": 0.0008610801128962225,
        "fractional_slope_per_cycle": 0.002210675240420586,
        "log_slope_per_cycle": 0.0022097977959260975,
        "efolding_cycles": 452.5300920489483
      }
    },
    "250": {
      "delta_r": {
        "available": true,
        "window_cycles": 250,
        "window_start_period": 816.0,
        "window_end_period": 1065.0,
        "first": 0.0425471728247242,
        "last": 0.07098594860700302,
        "median": 0.05489465053223652,
        "peak_to_peak": 0.028438775782278825,
        "fractional_peak_to_peak": 0.5180609678092102,
        "slope_per_cycle": 0.00011365675627647523,
        "fractional_slope_per_cycle": 0.0020704523150162153,
        "log_slope_per_cycle": 0.0020553286727742225,
        "efolding_cycles": 486.5401885578861
      },
      "period_days": {
        "available": true,
        "window_cycles": 250,
        "window_start_period": 816.0,
        "window_end_period": 1065.0,
        "first": 0.6316290463658947,
        "last": 0.6316163580423152,
        "median": 0.6316223068984604,
        "peak_to_peak": 1.2688323579479466e-05,
        "fractional_peak_to_peak": 2.0088466542267385e-05,
        "slope_per_cycle": -4.449995865082463e-08,
        "fractional_slope_per_cycle": -7.045343105334378e-08,
        "log_slope_per_cycle": -7.045334652116248e-08,
        "efolding_cycles": null
      },
      "gamma": {
        "available": true,
        "window_cycles": 250,
        "window_start_period": 816.0,
        "window_end_period": 1065.0,
        "first": 0.00410437252477369,
        "last": 0.004204294211215133,
        "median": 0.004146090632155413,
        "peak_to_peak": 0.00010150006391805924,
        "fractional_peak_to_peak": 0.02448090814293,
        "slope_per_cycle": 4.077385386818982e-07,
        "fractional_slope_per_cycle": 9.834289089573728e-05,
        "log_slope_per_cycle": 9.825134078259475e-05,
        "efolding_cycles": 10177.978153120026
      },
      "max_vsurf_div_cs": {
        "available": true,
        "window_cycles": 250,
        "window_start_period": 1018.0,
        "window_end_period": 1065.0,
        "first": 0.36986,
        "last": 0.41036,
        "median": 0.38951,
        "peak_to_peak": 0.04049999999999998,
        "fractional_peak_to_peak": 0.10397679135323863,
        "slope_per_cycle": 0.0008610801128962225,
        "fractional_slope_per_cycle": 0.002210675240420586,
        "log_slope_per_cycle": 0.0022097977959260975,
        "efolding_cycles": 452.5300920489483
      }
    },
    "500": {
      "delta_r": {
        "available": true,
        "window_cycles": 500,
        "window_start_period": 566.0,
        "window_end_period": 1065.0,
        "first": 0.007628105430891985,
        "last": 0.07098594860700302,
        "median": 0.04250379221613043,
        "peak_to_peak": 0.06335784317611104,
        "fractional_peak_to_peak": 1.4906397728922263,
        "slope_per_cycle": 0.00010375933646148422,
        "fractional_slope_per_cycle": 0.0024411783290740575,