{
  "generated_at": "2026-06-19T17:57:59.003982+00:00",
  "workspace": "<local-rre-root>/rsp_batch_runs",
  "model_id": "model_009",
  "run_name": "model_009_M0p6668_Z0p0001120_T6852",
  "source": "cumulative:saturation+saturation_resume:LOGS_saturation_resume_130000",
  "source_kind": "history_exact_rsp_columns",
  "cycle_count": 292,
  "first_period": 1.0,
  "last_period": 292.0,
  "rolling_window": 100,
  "fits": {
    "50": {
      "delta_r": {
        "available": true,
        "window_cycles": 50,
        "window_start_period": 243.0,
        "window_end_period": 292.0,
        "first": 0.0038069818663597488,
        "last": 0.004056537626943246,
        "median": 0.00405926778409782,
        "peak_to_peak": 0.0009190247961594622,
        "fractional_peak_to_peak": 0.22640161847901277,
        "slope_per_cycle": 1.0663992600173893e-05,
        "fractional_slope_per_cycle": 0.002627072951912678,
        "log_slope_per_cycle": 0.002606269965709755,
        "efolding_cycles": 383.6901062272243
      },
      "period_days": {
        "available": true,
        "window_cycles": 50,
        "window_start_period": 243.0,
        "window_end_period": 292.0,
        "first": 0.5106706070549639,
        "last": 0.5163519971472367,
        "median": 0.5029463542762527,
        "peak_to_peak": 0.030753643585420654,
        "fractional_peak_to_peak": 0.0611469659217942,
        "slope_per_cycle": 9.804101336248124e-06,
        "fractional_slope_per_cycle": 1.9493334135717858e-05,
        "log_slope_per_cycle": 1.9128977595446364e-05,
        "efolding_cycles": 52276.709249638574
      },
      "gamma": {
        "available": true,
        "window_cycles": 50,
        "window_start_period": 243.0,
        "window_end_period": 292.0,
        "first": 0.0040011128850354115,
        "last": 0.008776376962491754,
        "median": 0.0050228209389812616,
        "peak_to_peak": 0.005525054268201901,
        "fractional_peak_to_peak": 1.0999902913764836,
        "slope_per_cycle": 6.762055618865973e-06,
        "fractional_slope_per_cycle": 0.0013462665105950335,
        "log_slope_per_cycle": 0.0013981416321504226,
        "efolding_cycles": 715.235121396065
      },
      "max_vsurf_div_cs": {
        "available": true,
        "window_cycles": 50,
        "window_start_period": 243.0,
        "window_end_period": 292.0,
        "first": 0.02618,
        "last": 0.02656,
        "median": 0.02812,
        "peak_to_peak": 0.008159999999999997,
        "fractional_peak_to_peak": 0.29018492176386906,
        "slope_per_cycle": 7.137959183673471e-05,
        "fractional_slope_per_cycle": 0.002538392312828404,
        "log_slope_per_cycle": 0.0025351531051470465,
        "efolding_cycles": 394.45349394075237
      }
    },
    "100": {
      "delta_r": {
        "available": true,
        "window_cycles": 100,
        "window_start_period": 193.0,
        "window_end_period": 292.0,
        "first": 0.0031838958515812976,
        "last": 0.004056537626943246,
        "median": 0.003798548140008684,
        "peak_to_peak": 0.001345780490469295,
        "fractional_peak_to_peak": 0.3542881229527391,
        "slope_per_cycle": 1.0391892687319934e-05,
        "fractional_slope_per_cycle": 0.0027357538470727865,
        "log_slope_per_cycle": 0.0027181197460089354,
        "efolding_cycles": 367.9013779537558
      },
      "period_days": {
        "available": true,
        "window_cycles": 100,
        "window_start_period": 193.0,
        "window_end_period": 292.0,
        "first": 0.5170190801813388,
        "last": 0.5163519971472367,
        "median": 0.502392836325442,
        "peak_to_peak": 0.030753643585420654,
        "fractional_peak_to_peak": 0.061214335400075134,
        "slope_per_cycle": -7.079826977448784e-07,
        "fractional_slope_per_cycle": -1.4092213235426364e-06,
        "log_slope_per_cycle": -1.6917252816108287e-06,
        "efolding_cycles": null
      },
      "gamma": {
        "available": true,
        "window_cycles": 100,
        "window_start_period": 193.0,
        "window_end_period": 292.0,
        "first": 0.006700190729704028,
        "last": 0.008776376962491754,
        "median": 0.00515302125651625,
        "peak_to_peak": 0.005525054268201901,
        "fractional_peak_to_peak": 1.0721970652100838,
        "slope_per_cycle": 6.712535440199456e-07,
        "fractional_slope_per_cycle": 0.00013026407433718856,
        "log_slope_per_cycle": -0.00010029903479147144,
        "efolding_cycles": null
      },
      "max_vsurf_div_cs": {
        "available": true,
        "window_cycles": 100,
        "window_start_period": 193.0,
        "window_end_period": 292.0,
        "first": 0.02131,
        "last": 0.02656,
        "median": 0.026035,
        "peak_to_peak": 0.010679999999999999,
        "fractional_peak_to_peak": 0.4102170155559823,
        "slope_per_cycle": 7.12850885088509e-05,
        "fractional_slope_per_cycle": 0.002738048339114688,
        "log_slope_per_cycle": 0.0027110878829872615,
        "efolding_cycles": 368.8556192793469
      }
    },
    "250": {
      "delta_r": {
        "available": true,
        "window_cycles": 250,
        "window_start_period": 43.0,
        "window_end_period": 292.0,
        "first": 0.00217571613156764,
        "last": 0.004056537626943246,
        "median": 0.0030880185734227794,
        "peak_to_peak": 0.0023927060544748358,
        "fractional_peak_to_peak": 0.7748353831378498,
        "slope_per_cycle": 8.596943742261448e-06,
        "fractional_slope_per_cycle": 0.002783967627737595,
        "log_slope_per_cycle": 0.0027321764410018676,
        "efolding_cycles": 366.0085728699527
      },
      "period_days": {
        "available": true,
        "window_cycles": 250,
        "window_start_period": 43.0,
        "window_end_period": 292.0,
        "first": 0.4990574503766348,
        "last": 0.5163519971472367,
        "median": 0.5015150220953122,
        "peak_to_peak": 0.030753643585420654,
        "fractional_peak_to_peak": 0.06132148037546913,
        "slope_per_cycle": 2.714995994843911e-07,
        "fractional_slope_per_cycle": 5.413588577069442e-07,
        "log_slope_per_cycle": 2.4520377554798323e-07,
        "efolding_cycles": 4078240.629717844
      },
      "gamma": {
        "available": true,
        "window_cycles": 250,
        "window_start_period": 43.0,
        "window_end_period": 292.0,
        "first": 0.004924461697963395,
        "last": 0.008776376962491754,
        "median": 0.005093986526203056,
        "peak_to_peak": 0.005525054268201901,
        "fractional_peak_to_peak": 1.0846228665469506,
        "slope_per_cycle": 1.9829501967592094e-07,
        "fractional_slope_per_cycle": 3.8927276045177454e-05,
        "log_slope_per_cycle": -4.945143308650547e-05,
        "efolding_cycles": null
      },
      "max_vsurf_div_cs": {
        "available": true,
        "window_cycles": 250,
        "window_start_period": 129.0,
        "window_end_period": 292.0,
        "first": 0.01909,
        "last": 0.02656,
        "median": 0.02393,
        "peak_to_peak": 0.014359999999999998,
        "fractional_peak_to_peak": 0.6000835770998746,
        "slope_per_cycle": 6.579745079101656e-05,
        "fractional_slope_per_cycle": 0.0027495800581285646,
        "log_slope_per_cycle": 0.0027210372034767566,
        "efolding_cycles": 367.5069193182173
      }
    },
    "500": {
      "delta_r": {
        "available": false,
        "reason": "only 292 rows for 500-cycle window"
      },
      "period_days": {
        "available": false,
        "reason": "only 292 rows for 500-cycle window"
      },
      "gamma": {
        "available": false,
        "reason": "only 292 rows for 500-cycle window"
      },
      "max_vsurf_div_cs": {
        "available": false,
        "reason": "only 292 rows for 500-cycle window"
      }
    }
  },
  "latest_rolling": {
    "window_start_period": 193.0,
    "window_end_period": 292.0,