{
  "generated_at": "2026-06-17T11:56:59.589577+00:00",
  "workspace": "<local-rre-root>/rsp_batch_runs",
  "model_id": "model_008",
  "run_name": "model_008_M0p6151_Z0p0004406_T6792",
  "source": "cumulative:saturation+continue_saturation",
  "source_kind": "history_exact_rsp_columns",
  "cycle_count": 1480,
  "first_period": 1.0,
  "last_period": 1480.0,
  "rolling_window": 100,
  "fits": {
    "50": {
      "delta_r": {
        "available": true,
        "window_cycles": 50,
        "window_start_period": 1431.0,
        "window_end_period": 1480.0,
        "first": 0.0438708222831119,
        "last": 0.04849399637793006,
        "median": 0.046123401982208545,
        "peak_to_peak": 0.004623174094818161,
        "fractional_peak_to_peak": 0.10023488936487134,
        "slope_per_cycle": 9.433458729579465e-05,
        "fractional_slope_per_cycle": 0.0020452651634886537,
        "log_slope_per_cycle": 0.002044697186804752,
        "efolding_cycles": 489.0699740056374
      },
      "period_days": {
        "available": true,
        "window_cycles": 50,
        "window_start_period": 1431.0,
        "window_end_period": 1480.0,
        "first": 0.6316284398736294,
        "last": 0.6316255194074647,
        "median": 0.6316273059726141,
        "peak_to_peak": 2.9204661646797803e-06,
        "fractional_peak_to_peak": 4.6237173995869095e-06,
        "slope_per_cycle": -6.002071184979497e-08,
        "fractional_slope_per_cycle": -9.502551786828122e-08,
        "log_slope_per_cycle": -9.502555135655033e-08,
        "efolding_cycles": null
      },
      "gamma": {
        "available": true,
        "window_cycles": 50,
        "window_start_period": 1431.0,
        "window_end_period": 1480.0,
        "first": 0.004108432727379501,
        "last": 0.004121695680849738,
        "median": 0.004114109795068718,
        "peak_to_peak": 1.419774291388197e-05,
        "fractional_peak_to_peak": 0.003450987849400559,
        "slope_per_cycle": 2.8766554910710227e-07,
        "fractional_slope_per_cycle": 6.992169957445129e-05,
        "log_slope_per_cycle": 6.991654861103689e-05,
        "efolding_cycles": 14302.765509253728
      },
      "max_vsurf_div_cs": {
        "available": true,
        "window_cycles": 50,
        "window_start_period": 1431.0,
        "window_end_period": 1480.0,
        "first": 0.24666,
        "last": 0.27387,
        "median": 0.2599,
        "peak_to_peak": 0.027210000000000012,
        "fractional_peak_to_peak": 0.10469411312043098,
        "slope_per_cycle": 0.0005551913565426171,
        "fractional_slope_per_cycle": 0.002136172976308646,
        "log_slope_per_cycle": 0.0021355182654664265,
        "efolding_cycles": 468.27040356949897
      }
    },
    "100": {
      "delta_r": {
        "available": true,
        "window_cycles": 100,
        "window_start_period": 1381.0,
        "window_end_period": 1480.0,
        "first": 0.03961596924992161,
        "last": 0.04849399637793006,
        "median": 0.04382605233466652,
        "peak_to_peak": 0.008878027128008448,
        "fractional_peak_to_peak": 0.20257419172079766,
        "slope_per_cycle": 8.962009547526956e-05,
        "fractional_slope_per_cycle": 0.0020449045875934354,
        "log_slope_per_cycle": 0.002042643107877342,
        "efolding_cycles": 489.56178205754816
      },
      "period_days": {
        "available": true,
        "window_cycles": 100,
        "window_start_period": 1381.0,
        "window_end_period": 1480.0,
        "first": 0.6316293780386655,
        "last": 0.6316255194074647,
        "median": 0.6316284566096686,
        "peak_to_peak": 3.858631200781559e-06,
        "fractional_peak_to_peak": 6.109020517367383e-06,
        "slope_per_cycle": -3.8130491702183443e-08,
        "fractional_slope_per_cycle": -6.036854626033289e-08,
        "log_slope_per_cycle": -6.036860664781361e-08,
        "efolding_cycles": null
      },
      "gamma": {
        "available": true,
        "window_cycles": 100,
        "window_start_period": 1381.0,
        "window_end_period": 1480.0,
        "first": 0.004092070769538555,
        "last": 0.004121695680849738,
        "median": 0.004107496348227648,
        "peak_to_peak": 2.976685327386007e-05,
        "fractional_peak_to_peak": 0.007246957939890618,
        "slope_per_cycle": 2.813225498519737e-07,
        "fractional_slope_per_cycle": 6.849003042287844e-05,
        "log_slope_per_cycle": 6.849285222421517e-05,
        "efolding_cycles": 14600.06362016352
      },
      "max_vsurf_div_cs": {
        "available": true,
        "window_cycles": 100,
        "window_start_period": 1381.0,
        "window_end_period": 1480.0,
        "first": 0.22175,
        "last": 0.27387,
        "median": 0.24639499999999998,
        "peak_to_peak": 0.05212,
        "fractional_peak_to_peak": 0.21153026644209502,
        "slope_per_cycle": 0.0005261153915391539,
        "fractional_slope_per_cycle": 0.0021352518985334685,
        "log_slope_per_cycle": 0.0021326202871566604,
        "efolding_cycles": 468.9067275699891
      }
    },
    "250": {
      "delta_r": {
        "available": true,
        "window_cycles": 250,
        "window_start_period": 1231.0,
        "window_end_period": 1480.0,
        "first": 0.029221245825547193,
        "last": 0.04849399637793006,
        "median": 0.03761231643037366,
        "peak_to_peak": 0.019272750552382867,
        "fractional_peak_to_peak": 0.512405307130173,
        "slope_per_cycle": 7.704134936877603e-05,
        "fractional_slope_per_cycle": 0.002048301106670517,
        "log_slope_per_cycle": 0.0020340103516255353,
        "efolding_cycles": 491.6395824636893
      },
      "period_days": {
        "available": true,
        "window_cycles": 250,
        "window_start_period": 1231.0,
        "window_end_period": 1480.0,
        "first": 0.6316332282922748,
        "last": 0.6316255194074647,
        "median": 0.6316294239689941,
        "peak_to_peak": 7.708884810053718e-06,
        "fractional_peak_to_peak": 1.2204758862582907e-05,
        "slope_per_cycle": -2.271282696904941e-08,
        "fractional_slope_per_cycle": -3.5959102136705325e-08,
        "log_slope_per_cycle": -3.595909066825448e-08,
        "efolding_cycles": null
      },
      "gamma": {
        "available": true,
        "window_cycles": 250,
        "window_start_period": 1231.0,
        "window_end_period": 1480.0,
        "first": 0.004062595644028474,
        "last": 0.004121695680849738,
        "median": 0.004087109533748486,
        "peak_to_peak": 6.249892277025281e-05,
        "fractional_peak_to_peak": 0.015291717105739525,
        "slope_per_cycle": 2.46556427741163e-07,
        "fractional_slope_per_cycle": 6.032537804658105e-05,
        "log_slope_per_cycle": 6.029065145339836e-05,
        "efolding_cycles": 16586.31936947886
      },
      "max_vsurf_div_cs": {
        "available": true,
        "window_cycles": 250,
        "window_start_period": 1231.0,
        "window_end_period": 1480.0,
        "first": 0.16176,
        "last": 0.27387,
        "median": 0.21007,
        "peak_to_peak": 0.11211000000000002,
        "fractional_peak_to_peak": 0.5336792497738849,
        "slope_per_cycle": 0.00044807109489751836,
        "fractional_slope_per_cycle": 0.002132960893499873,
        "log_slope_per_cycle": 0.002115507326491888,
        "efolding_cycles": 472.69985193494176
      }
    },
    "500": {
      "delta_r": {
        "available": true,
        "window_cycles": 500,
        "window_start_period": 981.0,
        "window_end_period": 1480.0,
        "first": 0.017631989471414755,
        "last": 0.04849399637793006,
        "median": 0.0291916912503547,
        "peak_to_peak": 0.030862006906515305,
        "fractional_peak_to_peak": 1.0572188723782938,