{
  "generated_at": "2026-06-17T13:52:21.191739+00:00",
  "workspace": "<local-rre-root>/rsp_batch_runs",
  "model_id": "model_008",
  "run_name": "model_008_M0p6151_Z0p0004406_T6792",
  "source": "cumulative:saturation+continue_saturation",
  "source_kind": "history_exact_rsp_columns",
  "cycle_count": 1517,
  "first_period": 1.0,
  "last_period": 1517.0,
  "rolling_window": 100,
  "fits": {
    "50": {
      "delta_r": {
        "available": true,
        "window_cycles": 50,
        "window_start_period": 1468.0,
        "window_end_period": 1517.0,
        "first": 0.04731786234196633,
        "last": 0.05231053591449086,
        "median": 0.04975065814960322,
        "peak_to_peak": 0.004992673572524531,
        "fractional_peak_to_peak": 0.1003539200931023,
        "slope_per_cycle": 0.00010186667186061188,
        "fractional_slope_per_cycle": 0.002047544206436278,
        "log_slope_per_cycle": 0.0020469883296219183,
        "efolding_cycles": 488.5225702213463
      },
      "period_days": {
        "available": true,
        "window_cycles": 50,
        "window_start_period": 1468.0,
        "window_end_period": 1517.0,
        "first": 0.6316264557755655,
        "last": 0.6316228839580866,
        "median": 0.631624522841087,
        "peak_to_peak": 3.6782776522414906e-06,
        "fractional_peak_to_peak": 5.823519384105552e-06,
        "slope_per_cycle": -7.529361983073218e-08,
        "fractional_slope_per_cycle": -1.1920629600012474e-07,
        "log_slope_per_cycle": -1.1920628269817255e-07,
        "efolding_cycles": null
      },
      "gamma": {
        "available": true,
        "window_cycles": 50,
        "window_start_period": 1468.0,
        "window_end_period": 1517.0,
        "first": 0.004117653454926802,
        "last": 0.004135184691898562,
        "median": 0.004125867639202176,
        "peak_to_peak": 1.7694039472276532e-05,
        "fractional_peak_to_peak": 0.004288562072170122,
        "slope_per_cycle": 3.5911426059593266e-07,
        "fractional_slope_per_cycle": 8.703969491987267e-05,
        "log_slope_per_cycle": 8.702828705790642e-05,
        "efolding_cycles": 11490.51686303587
      },
      "max_vsurf_div_cs": {
        "available": true,
        "window_cycles": 50,
        "window_start_period": 1468.0,
        "window_end_period": 1517.0,
        "first": 0.26693,
        "last": 0.29652,
        "median": 0.281305,
        "peak_to_peak": 0.029590000000000005,
        "fractional_peak_to_peak": 0.10518831872878194,
        "slope_per_cycle": 0.0006036268907563027,
        "fractional_slope_per_cycle": 0.0021458093199776137,
        "log_slope_per_cycle": 0.0021450370528179542,
        "efolding_cycles": 466.19241317360513
      }
    },
    "100": {
      "delta_r": {
        "available": true,
        "window_cycles": 100,
        "window_start_period": 1418.0,
        "window_end_period": 1517.0,
        "first": 0.04272127185771524,
        "last": 0.05231053591449086,
        "median": 0.04726951288171399,
        "peak_to_peak": 0.009589264056775626,
        "fractional_peak_to_peak": 0.2028636106484015,
        "slope_per_cycle": 9.679299669004678e-05,
        "fractional_slope_per_cycle": 0.0020476833965321173,
        "log_slope_per_cycle": 0.00204544567922967,
        "efolding_cycles": 488.8910080352794
      },
      "period_days": {
        "available": true,
        "window_cycles": 100,
        "window_start_period": 1418.0,
        "window_end_period": 1517.0,
        "first": 0.631628688338937,
        "last": 0.6316228839580866,
        "median": 0.6316264374023821,
        "peak_to_peak": 6.074557184376772e-06,
        "fractional_peak_to_peak": 9.617325723981583e-06,
        "slope_per_cycle": -6.480014472931664e-08,
        "fractional_slope_per_cycle": -1.0259251496155353e-07,
        "log_slope_per_cycle": -1.0259257969029154e-07,
        "efolding_cycles": null
      },
      "gamma": {
        "available": true,
        "window_cycles": 100,
        "window_start_period": 1418.0,
        "window_end_period": 1517.0,
        "first": 0.004102794147297074,
        "last": 0.004135184691898562,
        "median": 0.004117895169801605,
        "peak_to_peak": 3.2553347102004526e-05,
        "fractional_peak_to_peak": 0.007905336527440767,
        "slope_per_cycle": 3.1440502911508773e-07,
        "fractional_slope_per_cycle": 7.635090650698506e-05,
        "log_slope_per_cycle": 7.633177721754248e-05,
        "efolding_cycles": 13100.703749501869
      },
      "max_vsurf_div_cs": {
        "available": true,
        "window_cycles": 100,
        "window_start_period": 1418.0,
        "window_end_period": 1517.0,
        "first": 0.23992,
        "last": 0.29652,
        "median": 0.266645,
        "peak_to_peak": 0.05660000000000001,
        "fractional_peak_to_peak": 0.21226724671379552,
        "slope_per_cycle": 0.0005710391239123913,
        "fractional_slope_per_cycle": 0.002141570717292247,
        "log_slope_per_cycle": 0.0021387539079856014,
        "efolding_cycles": 467.5619744124074
      }
    },
    "250": {
      "delta_r": {
        "available": true,
        "window_cycles": 250,
        "window_start_period": 1268.0,
        "window_end_period": 1517.0,
        "first": 0.031495027284633714,
        "last": 0.05231053591449086,
        "median": 0.04055540895379206,
        "peak_to_peak": 0.02081550862985715,
        "fractional_peak_to_peak": 0.5132609722558558,
        "slope_per_cycle": 8.322799551437476e-05,
        "fractional_slope_per_cycle": 0.0020522045680565794,
        "log_slope_per_cycle": 0.002037854647560033,
        "efolding_cycles": 490.71213258380396
      },
      "period_days": {
        "available": true,
        "window_cycles": 250,
        "window_start_period": 1268.0,
        "window_end_period": 1517.0,
        "first": 0.6316316181145333,
        "last": 0.6316228839580866,
        "median": 0.631629298063064,
        "peak_to_peak": 8.840616619987252e-06,
        "fractional_peak_to_peak": 1.3996527151444096e-05,
        "slope_per_cycle": -2.7989433633347025e-08,
        "fractional_slope_per_cycle": -4.4313070529151524e-08,
        "log_slope_per_cycle": -4.431318743388782e-08,
        "efolding_cycles": null
      },
      "gamma": {
        "available": true,
        "window_cycles": 250,
        "window_start_period": 1268.0,
        "window_end_period": 1517.0,
        "first": 0.004065264466503758,
        "last": 0.004135184691898562,
        "median": 0.004096502999062623,
        "peak_to_peak": 7.008302789532003e-05,
        "fractional_peak_to_peak": 0.01710801332535499,
        "slope_per_cycle": 2.7086733234212693e-07,
        "fractional_slope_per_cycle": 6.61215999119512e-05,
        "log_slope_per_cycle": 6.608334687549177e-05,
        "efolding_cycles": 15132.405474016154
      },
      "max_vsurf_div_cs": {
        "available": true,
        "window_cycles": 250,
        "window_start_period": 1268.0,
        "window_end_period": 1517.0,
        "first": 0.17475,
        "last": 0.29652,
        "median": 0.227235,
        "peak_to_peak": 0.12177000000000002,
        "fractional_peak_to_peak": 0.5358769555746254,
        "slope_per_cycle": 0.0004866018105889695,
        "fractional_slope_per_cycle": 0.0021414034395624334,
        "log_slope_per_cycle": 0.002124208036358146,
        "efolding_cycles": 470.76368363357324
      }
    },
    "500": {
      "delta_r": {
        "available": true,
        "window_cycles": 500,
        "window_start_period": 1018.0,
        "window_end_period": 1517.0,
        "first": 0.01899776263193509,
        "last": 0.05231053591449086,
        "median": 0.03146316011437644,
        "peak_to_peak": 0.033312773282555774,
        "fractional_peak_to_peak": 1.0587866305055031,