{
  "generated_at": "2026-06-20T02:38:41.009202+00:00",
  "workspace": "<local-rre-root>/rsp_batch_runs",
  "model_id": "model_007",
  "run_name": "model_007_M0p6887_Z0p004060_T6669",
  "source": "cumulative:continue_saturation+continue_saturation_resume:LOGS_continue_saturation_resume_2180000+continue_saturation_resume:LOGS_continue_saturation_resume_2270000",
  "source_kind": "history_exact_rsp_columns",
  "cycle_count": 1742,
  "first_period": 1.0,
  "last_period": 1742.0,
  "rolling_window": 100,
  "fits": {
    "50": {
      "delta_r": {
        "available": true,
        "window_cycles": 50,
        "window_start_period": 1693.0,
        "window_end_period": 1742.0,
        "first": 0.6351117187172406,
        "last": 0.6388594978082534,
        "median": 0.6373759763835132,
        "peak_to_peak": 0.0037477790910127595,
        "fractional_peak_to_peak": 0.005880013100396017,
        "slope_per_cycle": 7.595002367644483e-05,
        "fractional_slope_per_cycle": 0.00011916047433633616,
        "log_slope_per_cycle": 0.00011920324751451458,
        "efolding_cycles": 8389.033192054912
      },
      "period_days": {
        "available": true,
        "window_cycles": 50,
        "window_start_period": 1693.0,
        "window_end_period": 1742.0,
        "first": 0.5572811259826025,
        "last": 0.5572495177834881,
        "median": 0.5572576523996475,
        "peak_to_peak": 6.16109157326461e-05,
        "fractional_peak_to_peak": 0.00011056091462780075,
        "slope_per_cycle": 3.4249978359552237e-08,
        "fractional_slope_per_cycle": 6.146165640268181e-08,
        "log_slope_per_cycle": 6.146431577051464e-08,
        "efolding_cycles": 16269602.735571573
      },
      "gamma": {
        "available": true,
        "window_cycles": 50,
        "window_start_period": 1693.0,
        "window_end_period": 1742.0,
        "first": 0.000263390613591465,
        "last": 0.00015258297279682268,
        "median": 0.00019327819895985346,
        "peak_to_peak": 0.00012056945945776443,
        "fractional_peak_to_peak": 0.6238130327508296,
        "slope_per_cycle": -2.111601777839105e-06,
        "fractional_slope_per_cycle": -0.01092519378389755,
        "log_slope_per_cycle": -0.01075127386875176,
        "efolding_cycles": null
      },
      "max_vsurf_div_cs": {
        "available": true,
        "window_cycles": 50,
        "window_start_period": 1693.0,
        "window_end_period": 1742.0,
        "first": 4.92363,
        "last": 4.95473,
        "median": 4.9416899999999995,
        "peak_to_peak": 0.03109999999999946,
        "fractional_peak_to_peak": 0.0062933935556458345,
        "slope_per_cycle": 0.0006191836734693839,
        "fractional_slope_per_cycle": 0.00012529795949753708,
        "log_slope_per_cycle": 0.00012533179857133594,
        "efolding_cycles": 7978.821108442191
      }
    },
    "100": {
      "delta_r": {
        "available": true,
        "window_cycles": 100,
        "window_start_period": 1643.0,
        "window_end_period": 1742.0,
        "first": 0.6287244876911275,
        "last": 0.6388594978082534,
        "median": 0.6351322292094279,
        "peak_to_peak": 0.010135010117125809,
        "fractional_peak_to_peak": 0.01595732298098181,
        "slope_per_cycle": 0.00010197530588139789,
        "fractional_slope_per_cycle": 0.00016055759917636402,
        "log_slope_per_cycle": 0.00016076570553891695,
        "efolding_cycles": 6220.232086487672
      },
      "period_days": {
        "available": true,
        "window_cycles": 100,
        "window_start_period": 1643.0,
        "window_end_period": 1742.0,
        "first": 0.5572556493983225,
        "last": 0.5572495177834881,
        "median": 0.5572551576851832,
        "peak_to_peak": 7.466691114976776e-05,
        "fractional_peak_to_peak": 0.00013399052502256108,
        "slope_per_cycle": 1.1729184580795669e-07,
        "fractional_slope_per_cycle": 2.1048140010974967e-07,
        "log_slope_per_cycle": 2.1048312434561514e-07,
        "efolding_cycles": 4750974.706922305
      },
      "gamma": {
        "available": true,
        "window_cycles": 100,
        "window_start_period": 1643.0,
        "window_end_period": 1742.0,
        "first": 0.00041073048640520197,
        "last": 0.00015258297279682268,
        "median": 0.0002627469958248868,
        "peak_to_peak": 0.0002935939084778168,
        "fractional_peak_to_peak": 1.117401580771978,
        "slope_per_cycle": -2.811754869322405e-06,
        "fractional_slope_per_cycle": -0.010701377804511063,
        "log_slope_per_cycle": -0.010736644663891381,
        "efolding_cycles": null
      },
      "max_vsurf_div_cs": {
        "available": true,
        "window_cycles": 100,
        "window_start_period": 1643.0,
        "window_end_period": 1742.0,
        "first": 4.87433,
        "last": 4.95473,
        "median": 4.924445,
        "peak_to_peak": 0.0812899999999992,
        "fractional_peak_to_peak": 0.016507443986073393,
        "slope_per_cycle": 0.0008137384938493834,
        "fractional_slope_per_cycle": 0.00016524471160696958,
        "log_slope_per_cycle": 0.00016547163411495384,
        "efolding_cycles": 6043.331869831513
      }
    },
    "250": {
      "delta_r": {
        "available": true,
        "window_cycles": 250,
        "window_start_period": 1493.0,
        "window_end_period": 1742.0,
        "first": 0.5748533704931145,
        "last": 0.6388594978082534,
        "median": 0.623705919494582,
        "peak_to_peak": 0.06400612731513888,
        "fractional_peak_to_peak": 0.10262228610401203,
        "slope_per_cycle": 0.00024178019561263883,
        "fractional_slope_per_cycle": 0.0003876509554511918,
        "log_slope_per_cycle": 0.00039436861091156236,
        "efolding_cycles": 2535.6987659047013
      },
      "period_days": {
        "available": true,
        "window_cycles": 250,
        "window_start_period": 1493.0,
        "window_end_period": 1742.0,
        "first": 0.5571501278882433,
        "last": 0.5572495177834881,
        "median": 0.5572359706031986,
        "peak_to_peak": 0.00014429570158469573,
        "fractional_peak_to_peak": 0.0002589490075963654,
        "slope_per_cycle": 3.356861390540986e-07,
        "fractional_slope_per_cycle": 6.02412903622722e-07,
        "log_slope_per_cycle": 6.024251628117552e-07,
        "efolding_cycles": 1659957.222458316
      },
      "gamma": {
        "available": true,
        "window_cycles": 250,
        "window_start_period": 1493.0,
        "window_end_period": 1742.0,
        "first": 0.0016396467083950458,
        "last": 0.00015258297279682268,
        "median": 0.0005598709405901007,
        "peak_to_peak": 0.0014968255542613452,
        "fractional_peak_to_peak": 2.673518923278461,
        "slope_per_cycle": -5.7608448646428e-06,
        "fractional_slope_per_cycle": -0.010289594345744937,
        "log_slope_per_cycle": -0.00967410062089512,
        "efolding_cycles": null
      },
      "max_vsurf_div_cs": {
        "available": true,
        "window_cycles": 250,
        "window_start_period": 1629.0,
        "window_end_period": 1742.0,
        "first": 4.85518,
        "last": 4.95473,
        "median": 4.91858,
        "peak_to_peak": 0.0995499999999998,
        "fractional_peak_to_peak": 0.020239581342582573,
        "slope_per_cycle": 0.0008783619205767392,
        "fractional_slope_per_cycle": 0.0001785803871395279,
        "log_slope_per_cycle": 0.00017890904402441686,
        "efolding_cycles": 5589.432359068017
      }
    },
    "500": {
      "delta_r": {
        "available": true,
        "window_cycles": 500,
        "window_start_period": 1243.0,
        "window_end_period": 1742.0,
        "first": 0.35358652841468086,
        "last": 0.6388594978082534,
        "median": 0.5745573329984728,
        "peak_to_peak": 0.2852729693935725,
        "fractional_peak_to_peak": 0.4965091436650949,
        "slope_per_cycle": 0.0005885681112369384,