{
  "generated_at": "2026-06-17T14:21:20.813267+00:00",
  "workspace": "<local-rre-root>/rsp_batch_runs",
  "model_id": "model_008",
  "run_name": "model_008_M0p6151_Z0p0004406_T6792",
  "source": "cumulative:saturation+continue_saturation",
  "source_kind": "history_exact_rsp_columns",
  "cycle_count": 1520,
  "first_period": 1.0,
  "last_period": 1520.0,
  "rolling_window": 100,
  "fits": {
    "50": {
      "delta_r": {
        "available": true,
        "window_cycles": 50,
        "window_start_period": 1471.0,
        "window_end_period": 1520.0,
        "first": 0.04760916365297074,
        "last": 0.052633260426894424,
        "median": 0.050057141117833215,
        "peak_to_peak": 0.005024096773923681,
        "fractional_peak_to_peak": 0.1003672335600846,
        "slope_per_cycle": 0.00010250622857648007,
        "fractional_slope_per_cycle": 0.0020477843178295595,
        "log_slope_per_cycle": 0.0020472252083630215,
        "efolding_cycles": 488.4660446319965
      },
      "period_days": {
        "available": true,
        "window_cycles": 50,
        "window_start_period": 1471.0,
        "window_end_period": 1520.0,
        "first": 0.6316262193826131,
        "last": 0.6316226590716245,
        "median": 0.6316243572700424,
        "peak_to_peak": 3.560310988581783e-06,
        "fractional_peak_to_peak": 5.636753788232426e-06,
        "slope_per_cycle": -7.404491481266353e-08,
        "fractional_slope_per_cycle": -1.1722935311217999e-07,
        "log_slope_per_cycle": -1.1722934762561664e-07,
        "efolding_cycles": null
      },
      "gamma": {
        "available": true,
        "window_cycles": 50,
        "window_start_period": 1471.0,
        "window_end_period": 1520.0,
        "first": 0.004118762247270076,
        "last": 0.00413734666401782,
        "median": 0.004127327968116238,
        "peak_to_peak": 1.9117325677227293e-05,
        "fractional_peak_to_peak": 0.004631889160471216,
        "slope_per_cycle": 3.6760405352039695e-07,
        "fractional_slope_per_cycle": 8.906586933729326e-05,
        "log_slope_per_cycle": 8.906203083089008e-05,
        "efolding_cycles": 11228.12932369337
      },
      "max_vsurf_div_cs": {
        "available": true,
        "window_cycles": 50,
        "window_start_period": 1471.0,
        "window_end_period": 1520.0,
        "first": 0.26865,
        "last": 0.29845,
        "median": 0.28312000000000004,
        "peak_to_peak": 0.029799999999999993,
        "fractional_peak_to_peak": 0.10525572195535458,
        "slope_per_cycle": 0.0006078885954381753,
        "fractional_slope_per_cycle": 0.0021471058047406585,
        "log_slope_per_cycle": 0.002146308551689067,
        "efolding_cycles": 465.9162352090692
      }
    },
    "100": {
      "delta_r": {
        "available": true,
        "window_cycles": 100,
        "window_start_period": 1421.0,
        "window_end_period": 1520.0,
        "first": 0.04298378894614174,
        "last": 0.052633260426894424,
        "median": 0.047560513104719426,
        "peak_to_peak": 0.00964947148075268,
        "fractional_peak_to_peak": 0.20288829642157843,
        "slope_per_cycle": 9.739890174115767e-05,
        "fractional_slope_per_cycle": 0.00204789425897705,
        "log_slope_per_cycle": 0.002045656474679188,
        "efolding_cycles": 488.84063007540203
      },
      "period_days": {
        "available": true,
        "window_cycles": 100,
        "window_start_period": 1421.0,
        "window_end_period": 1520.0,
        "first": 0.6316287610159014,
        "last": 0.6316226590716245,
        "median": 0.6316262351156696,
        "peak_to_peak": 6.101944276859506e-06,
        "fractional_peak_to_peak": 9.660688454053935e-06,
        "slope_per_cycle": -6.611535775199052e-08,
        "fractional_slope_per_cycle": -1.0467481253352756e-07,
        "log_slope_per_cycle": -1.0467487057193909e-07,
        "efolding_cycles": null
      },
      "gamma": {
        "available": true,
        "window_cycles": 100,
        "window_start_period": 1421.0,
        "window_end_period": 1520.0,
        "first": 0.004105188903683754,
        "last": 0.00413734666401782,
        "median": 0.004118495792805334,
        "peak_to_peak": 3.3254066832789225e-05,
        "fractional_peak_to_peak": 0.008074323370897035,
        "slope_per_cycle": 3.1920358382582465e-07,
        "fractional_slope_per_cycle": 7.750489496273044e-05,
        "log_slope_per_cycle": 7.747754206976465e-05,
        "efolding_cycles": 12906.965983762753
      },
      "max_vsurf_div_cs": {
        "available": true,
        "window_cycles": 100,
        "window_start_period": 1421.0,
        "window_end_period": 1520.0,
        "first": 0.24146,
        "last": 0.29845,
        "median": 0.26836499999999996,
        "peak_to_peak": 0.056989999999999985,
        "fractional_peak_to_peak": 0.2123600320459076,
        "slope_per_cycle": 0.0005749227722772278,
        "fractional_slope_per_cycle": 0.002142316517717392,
        "log_slope_per_cycle": 0.0021395036452299555,
        "efolding_cycles": 467.3981286404956
      }
    },
    "250": {
      "delta_r": {
        "available": true,
        "window_cycles": 250,
        "window_start_period": 1271.0,
        "window_end_period": 1520.0,
        "first": 0.03168701357487347,
        "last": 0.052633260426894424,
        "median": 0.040804237672517285,
        "peak_to_peak": 0.020946246852020955,
        "fractional_peak_to_peak": 0.5133350859322339,
        "slope_per_cycle": 8.375131742569184e-05,
        "fractional_slope_per_cycle": 0.002052515184767207,
        "log_slope_per_cycle": 0.0020381692469765007,
        "efolding_cycles": 490.63638924168777
      },
      "period_days": {
        "available": true,
        "window_cycles": 250,
        "window_start_period": 1271.0,
        "window_end_period": 1520.0,
        "first": 0.6316314880348121,
        "last": 0.6316226590716245,
        "median": 0.6316292657157303,
        "peak_to_peak": 8.828963187546002e-06,
        "fractional_peak_to_peak": 1.3978078070118344e-05,
        "slope_per_cycle": -2.866385587273575e-08,
        "fractional_slope_per_cycle": -4.538082294248244e-08,
        "log_slope_per_cycle": -4.538095073442839e-08,
        "efolding_cycles": null
      },
      "gamma": {
        "available": true,
        "window_cycles": 250,
        "window_start_period": 1271.0,
        "window_end_period": 1520.0,
        "first": 0.004065307184608328,
        "last": 0.00413734666401782,
        "median": 0.004097721124301016,
        "peak_to_peak": 7.203947940949158e-05,
        "fractional_peak_to_peak": 0.01758037631752697,
        "slope_per_cycle": 2.73017955101472e-07,
        "fractional_slope_per_cycle": 6.662677786498783e-05,
        "log_slope_per_cycle": 6.659414178863646e-05,
        "efolding_cycles": 15016.335868910299
      },
      "max_vsurf_div_cs": {
        "available": true,
        "window_cycles": 250,
        "window_start_period": 1271.0,
        "window_end_period": 1520.0,
        "first": 0.17585,
        "last": 0.29845,
        "median": 0.22869,
        "peak_to_peak": 0.12259999999999999,
        "fractional_peak_to_peak": 0.5360968997332634,
        "slope_per_cycle": 0.0004898744376710027,
        "fractional_slope_per_cycle": 0.0021420894559053857,
        "log_slope_per_cycle": 0.0021249084511937347,
        "efolding_cycles": 470.60850995167266
      }
    },
    "500": {
      "delta_r": {
        "available": true,
        "window_cycles": 500,
        "window_start_period": 1021.0,
        "window_end_period": 1520.0,
        "first": 0.01911307229768422,
        "last": 0.052633260426894424,
        "median": 0.03165495048112277,
        "peak_to_peak": 0.033520188129210204,