{
  "generated_at": "2026-06-19T22:48:52.052963+00:00",
  "workspace": "<local-rre-root>/rsp_batch_runs",
  "model_id": "model_009",
  "run_name": "model_009_M0p6668_Z0p0001120_T6852",
  "source": "cumulative:saturation+saturation_resume:LOGS_saturation_resume_130000",
  "source_kind": "history_exact_rsp_columns",
  "cycle_count": 310,
  "first_period": 1.0,
  "last_period": 310.0,
  "rolling_window": 100,
  "fits": {
    "50": {
      "delta_r": {
        "available": true,
        "window_cycles": 50,
        "window_start_period": 261.0,
        "window_end_period": 310.0,
        "first": 0.004235420128782863,
        "last": 0.004420668187178123,
        "median": 0.00432558870388533,
        "peak_to_peak": 0.0010952552373657554,
        "fractional_peak_to_peak": 0.25320373996306567,
        "slope_per_cycle": 1.100345458167475e-05,
        "fractional_slope_per_cycle": 0.00254380509450453,
        "log_slope_per_cycle": 0.002558388257486525,
        "efolding_cycles": 390.8710873237218
      },
      "period_days": {
        "available": true,
        "window_cycles": 50,
        "window_start_period": 261.0,
        "window_end_period": 310.0,
        "first": 0.4958178307514646,
        "last": 0.5169982854272368,
        "median": 0.49942672764189344,
        "peak_to_peak": 0.03125811988177396,
        "fractional_peak_to_peak": 0.06258799970390679,
        "slope_per_cycle": 3.899040913746177e-05,
        "fractional_slope_per_cycle": 7.80703293985885e-05,
        "log_slope_per_cycle": 7.668313583325228e-05,
        "efolding_cycles": 13040.676925034772
      },
      "gamma": {
        "available": true,
        "window_cycles": 50,
        "window_start_period": 261.0,
        "window_end_period": 310.0,
        "first": 0.00409989494168022,
        "last": 0.005846122939099869,
        "median": 0.004997437723221062,
        "peak_to_peak": 0.005525054268201901,
        "fractional_peak_to_peak": 1.1055774127067597,
        "slope_per_cycle": 3.598641877585792e-06,
        "fractional_slope_per_cycle": 0.000720097393283035,
        "log_slope_per_cycle": 0.00017237071076491104,
        "efolding_cycles": 5801.449652103928
      },
      "max_vsurf_div_cs": {
        "available": true,
        "window_cycles": 50,
        "window_start_period": 261.0,
        "window_end_period": 310.0,
        "first": 0.02993,
        "last": 0.0298,
        "median": 0.029894999999999998,
        "peak_to_peak": 0.009679999999999998,
        "fractional_peak_to_peak": 0.3237999665495902,
        "slope_per_cycle": 7.292965186074429e-05,
        "fractional_slope_per_cycle": 0.0024395267389444486,
        "log_slope_per_cycle": 0.0024601503012089887,
        "efolding_cycles": 406.47922995134536
      }
    },
    "100": {
      "delta_r": {
        "available": true,
        "window_cycles": 100,
        "window_start_period": 211.0,
        "window_end_period": 310.0,
        "first": 0.003562360688697197,
        "last": 0.004420668187178123,
        "median": 0.0040241250033674625,
        "peak_to_peak": 0.0015989130043614352,
        "fractional_peak_to_peak": 0.39733184307729885,
        "slope_per_cycle": 1.0846180373719622e-05,
        "fractional_slope_per_cycle": 0.0026952891286039418,
        "log_slope_per_cycle": 0.0026982084323868795,
        "efolding_cycles": 370.61629042326564
      },
      "period_days": {
        "available": true,
        "window_cycles": 100,
        "window_start_period": 211.0,
        "window_end_period": 310.0,
        "first": 0.5057428393984662,
        "last": 0.5169982854272368,
        "median": 0.5003573177962378,
        "peak_to_peak": 0.03125811988177396,
        "fractional_peak_to_peak": 0.06247159533800065,
        "slope_per_cycle": 6.502764530936933e-06,
        "fractional_slope_per_cycle": 1.2996241485140177e-05,
        "log_slope_per_cycle": 1.248207785072204e-05,
        "efolding_cycles": 80114.86644766871
      },
      "gamma": {
        "available": true,
        "window_cycles": 100,
        "window_start_period": 211.0,
        "window_end_period": 310.0,
        "first": 0.0035235480694242706,
        "last": 0.005846122939099869,
        "median": 0.004997437723221062,
        "peak_to_peak": 0.005525054268201901,
        "fractional_peak_to_peak": 1.1055774127067597,
        "slope_per_cycle": 9.597862650513668e-07,
        "fractional_slope_per_cycle": 0.00019205567296849547,
        "log_slope_per_cycle": 0.00020591396986521551,
        "efolding_cycles": 4856.397070361797
      },
      "max_vsurf_div_cs": {
        "available": true,
        "window_cycles": 100,
        "window_start_period": 211.0,
        "window_end_period": 310.0,
        "first": 0.02476,
        "last": 0.0298,
        "median": 0.027525,
        "peak_to_peak": 0.013129999999999996,
        "fractional_peak_to_peak": 0.477020890099909,
        "slope_per_cycle": 7.425484548454846e-05,
        "fractional_slope_per_cycle": 0.002697723723326011,
        "log_slope_per_cycle": 0.002685912801527342,
        "efolding_cycles": 372.3129058513556
      }
    },
    "250": {
      "delta_r": {
        "available": true,
        "window_cycles": 250,
        "window_start_period": 61.0,
        "window_end_period": 310.0,
        "first": 0.0021867890756732677,
        "last": 0.004420668187178123,
        "median": 0.0032733045958099893,
        "peak_to_peak": 0.002698580575350107,
        "fractional_peak_to_peak": 0.8244208555489884,
        "slope_per_cycle": 9.03426990060073e-06,
        "fractional_slope_per_cycle": 0.0027599844854539644,
        "log_slope_per_cycle": 0.002733687422021968,
        "efolding_cycles": 365.8062702941917
      },
      "period_days": {
        "available": true,
        "window_cycles": 250,
        "window_start_period": 61.0,
        "window_end_period": 310.0,
        "first": 0.5113422517446237,
        "last": 0.5169982854272368,
        "median": 0.5012360662727399,
        "peak_to_peak": 0.03125811988177396,
        "fractional_peak_to_peak": 0.06236207245462927,
        "slope_per_cycle": 2.2478409350895746e-07,
        "fractional_slope_per_cycle": 4.48459535604616e-07,
        "log_slope_per_cycle": 1.1507622639249654e-07,
        "efolding_cycles": 8689892.181459334
      },
      "gamma": {
        "available": true,
        "window_cycles": 250,
        "window_start_period": 61.0,
        "window_end_period": 310.0,
        "first": 0.007699386475615784,
        "last": 0.005846122939099869,
        "median": 0.005056107745992952,
        "peak_to_peak": 0.005525054268201901,
        "fractional_peak_to_peak": 1.0927485223353077,
        "slope_per_cycle": -5.996172642502469e-08,
        "fractional_slope_per_cycle": -1.1859265948702404e-05,
        "log_slope_per_cycle": -7.444717701240269e-05,
        "efolding_cycles": null
      },
      "max_vsurf_div_cs": {
        "available": true,
        "window_cycles": 250,
        "window_start_period": 129.0,
        "window_end_period": 310.0,
        "first": 0.01909,
        "last": 0.0298,
        "median": 0.024575,
        "peak_to_peak": 0.017099999999999997,
        "fractional_peak_to_peak": 0.6958290946083417,
        "slope_per_cycle": 6.765183914898616e-05,
        "fractional_slope_per_cycle": 0.0027528723967034045,
        "log_slope_per_cycle": 0.002726458158017755,
        "efolding_cycles": 366.77621369661523
      }
    },
    "500": {
      "delta_r": {
        "available": false,
        "reason": "only 310 rows for 500-cycle window"
      },
      "period_days": {
        "available": false,
        "reason": "only 310 rows for 500-cycle window"
      },
      "gamma": {
        "available": false,
        "reason": "only 310 rows for 500-cycle window"
      },
      "max_vsurf_div_cs": {
        "available": false,
        "reason": "only 310 rows for 500-cycle window"
      }
    }
  },
  "latest_rolling": {
    "window_start_period": 211.0,
    "window_end_period": 310.0,