{
  "generated_at": "2026-06-18T06:32:21.849327+00:00",
  "workspace": "<local-rre-root>/rsp_batch_runs",
  "model_id": "model_008",
  "run_name": "model_008_M0p6151_Z0p0004406_T6792",
  "source": "cumulative:saturation+continue_saturation",
  "source_kind": "history_exact_rsp_columns",
  "cycle_count": 1017,
  "first_period": 1.0,
  "last_period": 1017.0,
  "rolling_window": 100,
  "fits": {
    "50": {
      "delta_r": {
        "available": true,
        "window_cycles": 50,
        "window_start_period": 968.0,
        "window_end_period": 1017.0,
        "first": 0.0580888356597864,
        "last": 0.0642735011319644,
        "median": 0.06110012056746994,
        "peak_to_peak": 0.006184665472177997,
        "fractional_peak_to_peak": 0.1012218210821461,
        "slope_per_cycle": 0.00012620274318410533,
        "fractional_slope_per_cycle": 0.0020655072692490955,
        "log_slope_per_cycle": 0.0020648975401011565,
        "efolding_cycles": 484.2855301919781
      },
      "period_days": {
        "available": true,
        "window_cycles": 50,
        "window_start_period": 968.0,
        "window_end_period": 1017.0,
        "first": 0.6316222298669595,
        "last": 0.6316207353098111,
        "median": 0.6316221955632446,
        "peak_to_peak": 1.6144606180823473e-06,
        "fractional_peak_to_peak": 2.5560542828021795e-06,
        "slope_per_cycle": -2.8874736805222806e-08,
        "fractional_slope_per_cycle": -4.571520286660282e-08,
        "log_slope_per_cycle": -4.571523672974298e-08,
        "efolding_cycles": null
      },
      "gamma": {
        "available": true,
        "window_cycles": 50,
        "window_start_period": 968.0,
        "window_end_period": 1017.0,
        "first": 0.004157956519414623,
        "last": 0.004178464688880692,
        "median": 0.00416844703583716,
        "peak_to_peak": 2.0508169466068593e-05,
        "fractional_peak_to_peak": 0.004919858472413068,
        "slope_per_cycle": 4.204350972765429e-07,
        "fractional_slope_per_cycle": 0.00010086132645130414,
        "log_slope_per_cycle": 0.00010086223663274869,
        "efolding_cycles": 9914.513433219989
      },
      "max_vsurf_div_cs": {
        "available": true,
        "window_cycles": 50,
        "window_start_period": 968.0,
        "window_end_period": 1017.0,
        "first": 0.33135,
        "last": 0.36905,
        "median": 0.349685,
        "peak_to_peak": 0.03770000000000001,
        "fractional_peak_to_peak": 0.10781131589859447,
        "slope_per_cycle": 0.0007691975990396159,
        "fractional_slope_per_cycle": 0.0021996871442573054,
        "log_slope_per_cycle": 0.002198999494966922,
        "efolding_cycles": 454.752264513386
      }
    },
    "100": {
      "delta_r": {
        "available": true,
        "window_cycles": 100,
        "window_start_period": 918.0,
        "window_end_period": 1017.0,
        "first": 0.05241788283644677,
        "last": 0.0642735011319644,
        "median": 0.058029058792945065,
        "peak_to_peak": 0.011855618295517623,
        "fractional_peak_to_peak": 0.20430485246744998,
        "slope_per_cycle": 0.0001196685921391983,
        "fractional_slope_per_cycle": 0.002062218389000428,
        "log_slope_per_cycle": 0.0020596990445610553,
        "efolding_cycles": 485.50782340781785
      },
      "period_days": {
        "available": true,
        "window_cycles": 100,
        "window_start_period": 918.0,
        "window_end_period": 1017.0,
        "first": 0.6316227890333782,
        "last": 0.6316207353098111,
        "median": 0.6316221371033505,
        "peak_to_peak": 2.0537235670969878e-06,
        "fractional_peak_to_peak": 3.2515066310301647e-06,
        "slope_per_cycle": -8.853394162042541e-09,
        "fractional_slope_per_cycle": -1.4016915560693666e-08,
        "log_slope_per_cycle": -1.4016922691713979e-08,
        "efolding_cycles": null
      },
      "gamma": {
        "available": true,
        "window_cycles": 100,
        "window_start_period": 918.0,
        "window_end_period": 1017.0,
        "first": 0.0041356723487331205,
        "last": 0.004178464688880692,
        "median": 0.004157736012723179,
        "peak_to_peak": 4.27923401475714e-05,
        "fractional_peak_to_peak": 0.010292221539949055,
        "slope_per_cycle": 4.278769980245607e-07,
        "fractional_slope_per_cycle": 0.00010291105464974326,
        "log_slope_per_cycle": 0.00010291565031023635,
        "efolding_cycles": 9716.695147779059
      },
      "max_vsurf_div_cs": {
        "available": true,
        "window_cycles": 100,
        "window_start_period": 918.0,
        "window_end_period": 1017.0,
        "first": 0.29716,
        "last": 0.36905,
        "median": 0.33099,
        "peak_to_peak": 0.07189000000000001,
        "fractional_peak_to_peak": 0.21719689416598692,
        "slope_per_cycle": 0.0007260485448544854,
        "fractional_slope_per_cycle": 0.002193566406400451,
        "log_slope_per_cycle": 0.002190246418525112,
        "efolding_cycles": 456.5696314085924
      }
    },
    "250": {
      "delta_r": {
        "available": true,
        "window_cycles": 250,
        "window_start_period": 768.0,
        "window_end_period": 1017.0,
        "first": 0.03858105577058968,
        "last": 0.0642735011319644,
        "median": 0.04975065814960322,
        "peak_to_peak": 0.025692445361374716,
        "fractional_peak_to_peak": 0.5164242306929083,
        "slope_per_cycle": 0.00010266432691246658,
        "fractional_slope_per_cycle": 0.0020635772617067453,
        "log_slope_per_cycle": 0.002048996749693539,
        "efolding_cycles": 488.0437219578637
      },
      "period_days": {
        "available": true,
        "window_cycles": 250,
        "window_start_period": 768.0,
        "window_end_period": 1017.0,
        "first": 0.6316294082145517,
        "last": 0.6316207353098111,
        "median": 0.631624522841087,
        "peak_to_peak": 8.677307136939483e-06,
        "fractional_peak_to_peak": 1.3738078277753382e-05,
        "slope_per_cycle": -4.0297675581472673e-08,
        "fractional_slope_per_cycle": -6.38000491181235e-08,
        "log_slope_per_cycle": -6.379995777885531e-08,
        "efolding_cycles": null
      },
      "gamma": {
        "available": true,
        "window_cycles": 250,
        "window_start_period": 768.0,
        "window_end_period": 1017.0,
        "first": 0.004090919212350973,
        "last": 0.004178464688880692,
        "median": 0.004125867639202176,
        "peak_to_peak": 8.958192263115727e-05,
        "fractional_peak_to_peak": 0.02171226284139349,
        "slope_per_cycle": 3.5957571887004453e-07,
        "fractional_slope_per_cycle": 8.71515400672369e-05,
        "log_slope_per_cycle": 8.702271328148299e-05,
        "efolding_cycles": 11491.252826895983
      },
      "max_vsurf_div_cs": {
        "available": true,
        "window_cycles": 250,
        "window_start_period": 768.0,
        "window_end_period": 1017.0,
        "first": 0.21571,
        "last": 0.36905,
        "median": 0.281305,
        "peak_to_peak": 0.15333999999999998,
        "fractional_peak_to_peak": 0.5451022911075166,
        "slope_per_cycle": 0.0006115373801180819,
        "fractional_slope_per_cycle": 0.002173930005218826,
        "log_slope_per_cycle": 0.0021540992920728442,
        "efolding_cycles": 464.23115391200054
      }
    },
    "500": {
      "delta_r": {
        "available": true,
        "window_cycles": 500,
        "window_start_period": 518.0,
        "window_end_period": 1017.0,
        "first": 0.006925632649935842,
        "last": 0.0642735011319644,
        "median": 0.03854183502826336,
        "peak_to_peak": 0.05734786848202855,
        "fractional_peak_to_peak": 1.4879381959881883,