{
  "generated_at": "2026-06-19T17:01:02.140958+00:00",
  "workspace": "<local-rre-root>/rsp_batch_runs",
  "model_id": "model_007",
  "run_name": "model_007_M0p6887_Z0p004060_T6669",
  "source": "cumulative:continue_saturation+continue_saturation_resume:LOGS_continue_saturation_resume_2180000+continue_saturation_resume:LOGS_continue_saturation_resume_2270000",
  "source_kind": "history_exact_rsp_columns",
  "cycle_count": 1723,
  "first_period": 1.0,
  "last_period": 1723.0,
  "rolling_window": 100,
  "fits": {
    "50": {
      "delta_r": {
        "available": true,
        "window_cycles": 50,
        "window_start_period": 1674.0,
        "window_end_period": 1723.0,
        "first": 0.633140863806859,
        "last": 0.6377992213461985,
        "median": 0.6356831865900543,
        "peak_to_peak": 0.004658357539339519,
        "fractional_peak_to_peak": 0.0073281119236895086,
        "slope_per_cycle": 9.408941757183422e-05,
        "fractional_slope_per_cycle": 0.00014801306618875785,
        "log_slope_per_cycle": 0.00014804253516405416,
        "efolding_cycles": 6754.815424444363
      },
      "period_days": {
        "available": true,
        "window_cycles": 50,
        "window_start_period": 1674.0,
        "window_end_period": 1723.0,
        "first": 0.5572841547091526,
        "last": 0.5572553811765586,
        "median": 0.5572572172853958,
        "peak_to_peak": 7.364367203854805e-05,
        "fractional_peak_to_peak": 0.00013215382368180598,
        "slope_per_cycle": 8.264123704575651e-08,
        "fractional_slope_per_cycle": 1.4829998514569676e-07,
        "log_slope_per_cycle": 1.4830849389391045e-07,
        "efolding_cycles": 6742702.145672994
      },
      "gamma": {
        "available": true,
        "window_cycles": 50,
        "window_start_period": 1674.0,
        "window_end_period": 1723.0,
        "first": 0.00031751601422148814,
        "last": 0.00019157971139513466,
        "median": 0.00023988030996350618,
        "peak_to_peak": 0.00013607256620991554,
        "fractional_peak_to_peak": 0.5672519192201174,
        "slope_per_cycle": -2.7165792164227816e-06,
        "fractional_slope_per_cycle": -0.01132472780627999,
        "log_slope_per_cycle": -0.01110393613581493,
        "efolding_cycles": null
      },
      "max_vsurf_div_cs": {
        "available": true,
        "window_cycles": 50,
        "window_start_period": 1674.0,
        "window_end_period": 1723.0,
        "first": 4.90724,
        "last": 4.94469,
        "median": 4.92899,
        "peak_to_peak": 0.03744999999999976,
        "fractional_peak_to_peak": 0.007597905453246966,
        "slope_per_cycle": 0.0007359404561824702,
        "fractional_slope_per_cycle": 0.0001493085715699302,
        "log_slope_per_cycle": 0.0001493617803996114,
        "efolding_cycles": 6695.1531866086525
      }
    },
    "100": {
      "delta_r": {
        "available": true,
        "window_cycles": 100,
        "window_start_period": 1624.0,
        "window_end_period": 1723.0,
        "first": 0.6253136567792215,
        "last": 0.6377992213461985,
        "median": 0.6330715798638473,
        "peak_to_peak": 0.012485564566977025,
        "fractional_peak_to_peak": 0.019722200402144504,
        "slope_per_cycle": 0.00012488782274694212,
        "fractional_slope_per_cycle": 0.00019727283093927758,
        "log_slope_per_cycle": 0.00019758371798974685,
        "efolding_cycles": 5061.145777466809
      },
      "period_days": {
        "available": true,
        "window_cycles": 100,
        "window_start_period": 1624.0,
        "window_end_period": 1723.0,
        "first": 0.5572399148477793,
        "last": 0.5572553811765586,
        "median": 0.5572536856427581,
        "peak_to_peak": 7.466691114976776e-05,
        "fractional_peak_to_peak": 0.00013399087897219384,
        "slope_per_cycle": 1.535469275146488e-07,
        "fractional_slope_per_cycle": 2.755422377108942e-07,
        "log_slope_per_cycle": 2.7554247800771693e-07,
        "efolding_cycles": 3629204.4959107675
      },
      "gamma": {
        "available": true,
        "window_cycles": 100,
        "window_start_period": 1624.0,
        "window_end_period": 1723.0,
        "first": 0.0005143403371323213,
        "last": 0.00019157971139513466,
        "median": 0.00031654951072662056,
        "peak_to_peak": 0.0003555788374652949,
        "fractional_peak_to_peak": 1.1232961208788,
        "slope_per_cycle": -3.4051136873210564e-06,
        "fractional_slope_per_cycle": -0.010756970306176814,
        "log_slope_per_cycle": -0.010571062820315934,
        "efolding_cycles": null
      },
      "max_vsurf_div_cs": {
        "available": true,
        "window_cycles": 100,
        "window_start_period": 1629.0,
        "window_end_period": 1723.0,
        "first": 4.85518,
        "last": 4.94469,
        "median": 4.91094,
        "peak_to_peak": 0.08950999999999976,
        "fractional_peak_to_peak": 0.01822665314583354,
        "slope_per_cycle": 0.0009574682250839862,
        "fractional_slope_per_cycle": 0.00019496638628938376,
        "log_slope_per_cycle": 0.0001952748046312451,
        "efolding_cycles": 5120.988352226953
      }
    },
    "250": {
      "delta_r": {
        "available": true,
        "window_cycles": 250,
        "window_start_period": 1474.0,
        "window_end_period": 1723.0,
        "first": 0.5625588402470036,
        "last": 0.6377992213461985,
        "median": 0.6193089817671336,
        "peak_to_peak": 0.07524038109919484,
        "fractional_peak_to_peak": 0.12149086048212035,
        "slope_per_cycle": 0.0002860567651708035,
        "fractional_slope_per_cycle": 0.0004618966841956181,
        "log_slope_per_cycle": 0.00047123853553405294,
        "efolding_cycles": 2122.067540309927
      },
      "period_days": {
        "available": true,
        "window_cycles": 250,
        "window_start_period": 1474.0,
        "window_end_period": 1723.0,
        "first": 0.5570684660841815,
        "last": 0.5572553811765586,
        "median": 0.5572322712855033,
        "peak_to_peak": 0.00023173166714884896,
        "fractional_peak_to_peak": 0.0004158618929486211,
        "slope_per_cycle": 4.961433411546692e-07,
        "fractional_slope_per_cycle": 8.903707963827984e-07,
        "log_slope_per_cycle": 8.904209398677735e-07,
        "efolding_cycles": 1123064.3342108496
      },
      "gamma": {
        "available": true,
        "window_cycles": 250,
        "window_start_period": 1474.0,
        "window_end_period": 1723.0,
        "first": 0.0018819094215651257,
        "last": 0.00019157971139513466,
        "median": 0.0006835756130568943,
        "peak_to_peak": 0.0016957158432146361,
        "fractional_peak_to_peak": 2.480655849660191,
        "slope_per_cycle": -6.614670013683154e-06,
        "fractional_slope_per_cycle": -0.009676574013667472,
        "log_slope_per_cycle": -0.009362886228452341,
        "efolding_cycles": null
      },
      "max_vsurf_div_cs": {
        "available": true,
        "window_cycles": 250,
        "window_start_period": 1629.0,
        "window_end_period": 1723.0,
        "first": 4.85518,
        "last": 4.94469,
        "median": 4.91094,
        "peak_to_peak": 0.08950999999999976,
        "fractional_peak_to_peak": 0.01822665314583354,
        "slope_per_cycle": 0.0009574682250839862,
        "fractional_slope_per_cycle": 0.00019496638628938376,
        "log_slope_per_cycle": 0.0001952748046312451,
        "efolding_cycles": 5120.988352226953
      }
    },
    "500": {
      "delta_r": {
        "available": true,
        "window_cycles": 500,
        "window_start_period": 1224.0,
        "window_end_period": 1723.0,
        "first": 0.3374399517184745,
        "last": 0.6377992213461985,
        "median": 0.5622269255953585,
        "peak_to_peak": 0.30035926962772397,
        "fractional_peak_to_peak": 0.5342313858584143,
        "slope_per_cycle": 0.0006311106121079147,