{
  "generated_at": "2026-06-18T10:17:21.466543+00:00",
  "workspace": "<local-rre-root>/rsp_batch_runs",
  "model_id": "model_009",
  "run_name": "model_009_M0p6668_Z0p0001120_T6852",
  "source": "cumulative:saturation+saturation_resume:LOGS_saturation_resume_130000",
  "source_kind": "history_exact_rsp_columns",
  "cycle_count": 139,
  "first_period": 1.0,
  "last_period": 139.0,
  "rolling_window": 100,
  "fits": {
    "50": {
      "delta_r": {
        "available": true,
        "window_cycles": 50,
        "window_start_period": 90.0,
        "window_end_period": 139.0,
        "first": 0.0023992954390061882,
        "last": 0.0029823084372972986,
        "median": 0.002678577736783261,
        "peak_to_peak": 0.0005830129982911103,
        "fractional_peak_to_peak": 0.2176576734305491,
        "slope_per_cycle": 7.7878998628938e-06,
        "fractional_slope_per_cycle": 0.0029074757681837493,
        "log_slope_per_cycle": 0.0028928505929832955,
        "efolding_cycles": 345.67979501794287
      },
      "period_days": {
        "available": true,
        "window_cycles": 50,
        "window_start_period": 90.0,
        "window_end_period": 139.0,
        "first": 0.5058355131507765,
        "last": 0.49011108812932097,
        "median": 0.5035925156407326,
        "peak_to_peak": 0.027459660644192474,
        "fractional_peak_to_peak": 0.054527539213435096,
        "slope_per_cycle": -3.093081235604617e-05,
        "fractional_slope_per_cycle": -6.142031780732915e-05,
        "log_slope_per_cycle": -6.204521357775672e-05,
        "efolding_cycles": null
      },
      "gamma": {
        "available": true,
        "window_cycles": 50,
        "window_start_period": 90.0,
        "window_end_period": 139.0,
        "first": 0.006545616726159445,
        "last": 0.004573086339171191,
        "median": 0.005041957734016205,
        "peak_to_peak": 0.00454305341826136,
        "fractional_peak_to_peak": 0.9010494847291312,
        "slope_per_cycle": -3.84111283456871e-06,
        "fractional_slope_per_cycle": -0.000761829637851614,
        "log_slope_per_cycle": -0.00045423988396164607,
        "efolding_cycles": null
      },
      "max_vsurf_div_cs": {
        "available": true,
        "window_cycles": 50,
        "window_start_period": 129.0,
        "window_end_period": 139.0,
        "first": 0.01909,
        "last": 0.0209,
        "median": 0.02003,
        "peak_to_peak": 0.00332,
        "fractional_peak_to_peak": 0.16575137294058911,
        "slope_per_cycle": 8.363636363636357e-05,
        "fractional_slope_per_cycle": 0.004175554849543863,
        "log_slope_per_cycle": 0.004208988352294856,
        "efolding_cycles": 237.58678245207605
      }
    },
    "100": {
      "delta_r": {
        "available": true,
        "window_cycles": 100,
        "window_start_period": 40.0,
        "window_end_period": 139.0,
        "first": 0.0021785287676721055,
        "last": 0.0029823084372972986,
        "median": 0.002491564168322302,
        "peak_to_peak": 0.0008818713005709355,
        "fractional_peak_to_peak": 0.3539428411208629,
        "slope_per_cycle": 6.965968350027236e-06,
        "fractional_slope_per_cycle": 0.002795821371406934,
        "log_slope_per_cycle": 0.002763999131580565,
        "efolding_cycles": 361.7946143956131
      },
      "period_days": {
        "available": true,
        "window_cycles": 100,
        "window_start_period": 40.0,
        "window_end_period": 139.0,
        "first": 0.49779153479900234,
        "last": 0.49011108812932097,
        "median": 0.5014151912974678,
        "peak_to_peak": 0.027749597125336978,
        "fractional_peak_to_peak": 0.055342553650063527,
        "slope_per_cycle": -5.73018840656084e-06,
        "fractional_slope_per_cycle": -1.1428031112765726e-05,
        "log_slope_per_cycle": -1.1469681157197835e-05,
        "efolding_cycles": null
      },
      "gamma": {
        "available": true,
        "window_cycles": 100,
        "window_start_period": 40.0,
        "window_end_period": 139.0,
        "first": 0.004942431818807088,
        "last": 0.004573086339171191,
        "median": 0.005098727286862859,
        "peak_to_peak": 0.00454305341826136,
        "fractional_peak_to_peak": 0.8910171426439648,
        "slope_per_cycle": -8.03424498527148e-07,
        "fractional_slope_per_cycle": -0.00015757353812533058,
        "log_slope_per_cycle": -0.00027433004587968057,
        "efolding_cycles": null
      },
      "max_vsurf_div_cs": {
        "available": true,
        "window_cycles": 100,
        "window_start_period": 129.0,
        "window_end_period": 139.0,
        "first": 0.01909,
        "last": 0.0209,
        "median": 0.02003,
        "peak_to_peak": 0.00332,
        "fractional_peak_to_peak": 0.16575137294058911,
        "slope_per_cycle": 8.363636363636357e-05,
        "fractional_slope_per_cycle": 0.004175554849543863,
        "log_slope_per_cycle": 0.004208988352294856,
        "efolding_cycles": 237.58678245207605
      }
    },
    "250": {
      "delta_r": {
        "available": false,
        "reason": "only 139 rows for 250-cycle window"
      },
      "period_days": {
        "available": false,
        "reason": "only 139 rows for 250-cycle window"
      },
      "gamma": {
        "available": false,
        "reason": "only 139 rows for 250-cycle window"
      },
      "max_vsurf_div_cs": {
        "available": false,
        "reason": "only 139 rows for 250-cycle window"
      }
    },
    "500": {
      "delta_r": {
        "available": false,
        "reason": "only 139 rows for 500-cycle window"
      },
      "period_days": {
        "available": false,
        "reason": "only 139 rows for 500-cycle window"
      },
      "gamma": {
        "available": false,
        "reason": "only 139 rows for 500-cycle window"
      },
      "max_vsurf_div_cs": {
        "available": false,
        "reason": "only 139 rows for 500-cycle window"
      }
    }
  },
  "latest_rolling": {
    "window_start_period": 40.0,
    "window_end_period": 139.0,
    "gamma_peak_to_peak": 0.00454305341826136,
    "period_fractional_peak_to_peak": 0.055342553650063527,
    "delta_r_fractional_peak_to_peak": 0.3539428411208629
  },
  "growth_outlook": {
    "status": "amplitude still growing",
    "tolerance": 0.001,
    "delta_r_fractional_peak_to_peak": 0.3539428411208629,
    "delta_r_criterion_factor": 353.94284112086285,
    "log_slope_per_cycle": 0.002763999131580565,
    "efolding_cycles": 361.7946143956131,
    "doubling_cycles": 250.7769169100918,
    "fit_window_cycles": 100,
    "max_vsurf_div_cs_latest": 0.0209,
    "max_vsurf_div_cs_log_slope_per_cycle": 0.004208988352294856,
    "max_vsurf_div_cs_efolding_cycles": 237.58678245207605,
    "max_vsurf_div_cs_fit_window_cycles": 100,
    "cycles_to_vsurf_div_cs_0p8": 865.9711701767678,
    "cycles_to_vsurf_div_cs_1p0": 918.9871285584405
  }
}
