{
  "generated_at": "2026-06-18T09:25:38.530745+00:00",
  "workspace": "<local-rre-root>/rsp_batch_runs",
  "model_id": "model_007",
  "run_name": "model_007_M0p6887_Z0p004060_T6669",
  "source": "cumulative:continue_saturation+continue_saturation_resume:LOGS_continue_saturation_resume_2180000+continue_saturation_resume:LOGS_continue_saturation_resume_2270000",
  "source_kind": "history_exact_rsp_columns",
  "cycle_count": 1635,
  "first_period": 1.0,
  "last_period": 1635.0,
  "rolling_window": 100,
  "fits": {
    "50": {
      "delta_r": {
        "available": true,
        "window_cycles": 50,
        "window_start_period": 1586.0,
        "window_end_period": 1635.0,
        "first": 0.6157483676421114,
        "last": 0.6274241192399517,
        "median": 0.6222243273046857,
        "peak_to_peak": 0.01167575159784029,
        "fractional_peak_to_peak": 0.018764537298656604,
        "slope_per_cycle": 0.0002346492714136842,
        "fractional_slope_per_cycle": 0.0003771136246474386,
        "log_slope_per_cycle": 0.0003773842173008385,
        "efolding_cycles": 2649.819346321079
      },
      "period_days": {
        "available": true,
        "window_cycles": 50,
        "window_start_period": 1586.0,
        "window_end_period": 1635.0,
        "first": 0.5572313905164117,
        "last": 0.557240537985366,
        "median": 0.557238861330164,
        "peak_to_peak": 4.287866306396104e-05,
        "fractional_peak_to_peak": 7.694844354826043e-05,
        "slope_per_cycle": 2.8958219065378914e-07,
        "fractional_slope_per_cycle": 5.19673358678787e-07,
        "log_slope_per_cycle": 5.196701240586995e-07,
        "efolding_cycles": 1924297.6528838219
      },
      "gamma": {
        "available": true,
        "window_cycles": 50,
        "window_start_period": 1586.0,
        "window_end_period": 1635.0,
        "first": 0.0007472351463793618,
        "last": 0.00045208408188239795,
        "median": 0.0006005212427234654,
        "peak_to_peak": 0.0002951510644969639,
        "fractional_peak_to_peak": 0.4914914635798792,
        "slope_per_cycle": -5.803733161878229e-06,
        "fractional_slope_per_cycle": -0.00966449269231063,
        "log_slope_per_cycle": -0.009704161837190074,
        "efolding_cycles": null
      },
      "max_vsurf_div_cs": {
        "available": true,
        "window_cycles": 50,
        "window_start_period": 1629.0,
        "window_end_period": 1635.0,
        "first": 4.85518,
        "last": 4.8642,
        "median": 4.85726,
        "peak_to_peak": 0.009020000000000472,
        "fractional_peak_to_peak": 0.001857014036720388,
        "slope_per_cycle": 0.0012235714285714825,
        "fractional_slope_per_cycle": 0.00025190568933338597,
        "log_slope_per_cycle": 0.00025180091880651546,
        "efolding_cycles": 3971.3913862578192
      }
    },
    "100": {
      "delta_r": {
        "available": true,
        "window_cycles": 100,
        "window_start_period": 1536.0,
        "window_end_period": 1635.0,
        "first": 0.5974827243437559,
        "last": 0.6274241192399517,
        "median": 0.6156036715820536,
        "peak_to_peak": 0.02994139489619574,
        "fractional_peak_to_peak": 0.04863745341097248,
        "slope_per_cycle": 0.00029886790483725316,
        "fractional_slope_per_cycle": 0.000485487528151328,
        "log_slope_per_cycle": 0.000487102308458012,
        "efolding_cycles": 2052.9568072991374
      },
      "period_days": {
        "available": true,
        "window_cycles": 100,
        "window_start_period": 1536.0,
        "window_end_period": 1635.0,
        "first": 0.5572147300472069,
        "last": 0.557240537985366,
        "median": 0.5572315113225745,
        "peak_to_peak": 6.748624784114199e-05,
        "fractional_peak_to_peak": 0.00012110989143626341,
        "slope_per_cycle": 3.7367003918033185e-07,
        "fractional_slope_per_cycle": 6.705831087933913e-07,
        "log_slope_per_cycle": 6.70584353760255e-07,
        "efolding_cycles": 1491236.701829635
      },
      "gamma": {
        "available": true,
        "window_cycles": 100,
        "window_start_period": 1536.0,
        "window_end_period": 1635.0,
        "first": 0.0011563983060824898,
        "last": 0.00045208408188239795,
        "median": 0.0007509161912745211,
        "peak_to_peak": 0.0007043142242000918,
        "fractional_peak_to_peak": 0.9379398558508476,
        "slope_per_cycle": -6.887705520571934e-06,
        "fractional_slope_per_cycle": -0.009172402460628148,
        "log_slope_per_cycle": -0.009064961646304241,
        "efolding_cycles": null
      },
      "max_vsurf_div_cs": {
        "available": true,
        "window_cycles": 100,
        "window_start_period": 1629.0,
        "window_end_period": 1635.0,
        "first": 4.85518,
        "last": 4.8642,
        "median": 4.85726,
        "peak_to_peak": 0.009020000000000472,
        "fractional_peak_to_peak": 0.001857014036720388,
        "slope_per_cycle": 0.0012235714285714825,
        "fractional_slope_per_cycle": 0.00025190568933338597,
        "log_slope_per_cycle": 0.00025180091880651546,
        "efolding_cycles": 3971.3913862578192
      }
    },
    "250": {
      "delta_r": {
        "available": true,
        "window_cycles": 250,
        "window_start_period": 1386.0,
        "window_end_period": 1635.0,
        "first": 0.4906978292212969,
        "last": 0.6274241192399517,
        "median": 0.5849487161732085,
        "peak_to_peak": 0.13672629001865477,
        "fractional_peak_to_peak": 0.23374064467246203,
        "slope_per_cycle": 0.000546742478819916,
        "fractional_slope_per_cycle": 0.0009346844666943772,
        "log_slope_per_cycle": 0.0009644046318589521,
        "efolding_cycles": 1036.9091634000508
      },
      "period_days": {
        "available": true,
        "window_cycles": 250,
        "window_start_period": 1386.0,
        "window_end_period": 1635.0,
        "first": 0.5570180358470384,
        "last": 0.557240537985366,
        "median": 0.5571830496667989,
        "peak_to_peak": 0.0005568297119398213,
        "fractional_peak_to_peak": 0.0009993658498276485,
        "slope_per_cycle": 1.4884411632502253e-06,
        "fractional_slope_per_cycle": 2.6713683485890825e-06,
        "log_slope_per_cycle": 2.6717951638815575e-06,
        "efolding_cycles": 374280.1894091349
      },
      "gamma": {
        "available": true,
        "window_cycles": 250,
        "window_start_period": 1386.0,
        "window_end_period": 1635.0,
        "first": 0.003109024380831399,
        "last": 0.00045208408188239795,
        "median": 0.001431787761922358,
        "peak_to_peak": 0.002656940298949001,
        "fractional_peak_to_peak": 1.855680268828195,
        "slope_per_cycle": -1.0849301785565583e-05,
        "fractional_slope_per_cycle": -0.007577451123760836,
        "log_slope_per_cycle": -0.007661604624551455,
        "efolding_cycles": null
      },
      "max_vsurf_div_cs": {
        "available": true,
        "window_cycles": 250,
        "window_start_period": 1629.0,
        "window_end_period": 1635.0,
        "first": 4.85518,
        "last": 4.8642,
        "median": 4.85726,
        "peak_to_peak": 0.009020000000000472,
        "fractional_peak_to_peak": 0.001857014036720388,
        "slope_per_cycle": 0.0012235714285714825,
        "fractional_slope_per_cycle": 0.00025190568933338597,
        "log_slope_per_cycle": 0.00025180091880651546,
        "efolding_cycles": 3971.3913862578192
      }
    },
    "500": {
      "delta_r": {
        "available": true,
        "window_cycles": 500,
        "window_start_period": 1136.0,
        "window_end_period": 1635.0,
        "first": 0.2719500646156652,
        "last": 0.6274241192399517,
        "median": 0.4902708302682175,