{
  "generated_at": "2026-06-19T15:36:20.407610+00:00",
  "workspace": "<local-rre-root>/rsp_batch_runs",
  "model_id": "model_009",
  "run_name": "model_009_M0p6668_Z0p0001120_T6852",
  "source": "cumulative:saturation+saturation_resume:LOGS_saturation_resume_130000",
  "source_kind": "history_exact_rsp_columns",
  "cycle_count": 283,
  "first_period": 1.0,
  "last_period": 283.0,
  "rolling_window": 100,
  "fits": {
    "50": {
      "delta_r": {
        "available": true,
        "window_cycles": 50,
        "window_start_period": 234.0,
        "window_end_period": 283.0,
        "first": 0.0035933918213464366,
        "last": 0.003997227119625357,
        "median": 0.004017500485022474,
        "peak_to_peak": 0.000919384017029401,
        "fractional_peak_to_peak": 0.2288447805935381,
        "slope_per_cycle": 1.0715005665599774e-05,
        "fractional_slope_per_cycle": 0.0026670826065973295,
        "log_slope_per_cycle": 0.0026866449235386403,
        "efolding_cycles": 372.21144902277507
      },
      "period_days": {
        "available": true,
        "window_cycles": 50,
        "window_start_period": 234.0,
        "window_end_period": 283.0,
        "first": 0.5163319764890777,
        "last": 0.5098707248639376,
        "median": 0.5024849167565548,
        "peak_to_peak": 0.030753643585420654,
        "fractional_peak_to_peak": 0.06120311786457116,
        "slope_per_cycle": -1.2012383409540666e-05,
        "fractional_slope_per_cycle": -2.3905958186920974e-05,
        "log_slope_per_cycle": -2.4154364710186635e-05,
        "efolding_cycles": null
      },
      "gamma": {
        "available": true,
        "window_cycles": 50,
        "window_start_period": 234.0,
        "window_end_period": 283.0,
        "first": 0.005951642396777938,
        "last": 0.007552696147457054,
        "median": 0.005264466187594007,
        "peak_to_peak": 0.005295484819423992,
        "fractional_peak_to_peak": 1.0058920754212615,
        "slope_per_cycle": 2.49487092666318e-06,
        "fractional_slope_per_cycle": 0.00047390767416124265,
        "log_slope_per_cycle": 0.000667839252801639,
        "efolding_cycles": 1497.3663135326653
      },
      "max_vsurf_div_cs": {
        "available": true,
        "window_cycles": 50,
        "window_start_period": 234.0,
        "window_end_period": 283.0,
        "first": 0.02421,
        "last": 0.02639,
        "median": 0.027555,
        "peak_to_peak": 0.008139999999999998,
        "fractional_peak_to_peak": 0.29540918163672647,
        "slope_per_cycle": 7.314093637454985e-05,
        "fractional_slope_per_cycle": 0.0026543616902395153,
        "log_slope_per_cycle": 0.002667837791606135,
        "efolding_cycles": 374.8353828506057
      }
    },
    "100": {
      "delta_r": {
        "available": true,
        "window_cycles": 100,
        "window_start_period": 184.0,
        "window_end_period": 283.0,
        "first": 0.0030480568890931536,
        "last": 0.003997227119625357,
        "median": 0.0036698482213015637,
        "peak_to_peak": 0.001464718949282684,
        "fractional_peak_to_peak": 0.399122487077463,
        "slope_per_cycle": 1.0204196526083214e-05,
        "fractional_slope_per_cycle": 0.0027805500148080104,
        "log_slope_per_cycle": 0.002736255723294171,
        "efolding_cycles": 365.4629176238333
      },
      "period_days": {
        "available": true,
        "window_cycles": 100,
        "window_start_period": 184.0,
        "window_end_period": 283.0,
        "first": 0.5171484729533269,
        "last": 0.5098707248639376,
        "median": 0.5012020838547377,
        "peak_to_peak": 0.030753643585420654,
        "fractional_peak_to_peak": 0.061359767997959704,
        "slope_per_cycle": -4.530158705199492e-06,
        "fractional_slope_per_cycle": -9.038587131079163e-06,
        "log_slope_per_cycle": -9.214813682002454e-06,
        "efolding_cycles": null
      },
      "gamma": {
        "available": true,
        "window_cycles": 100,
        "window_start_period": 184.0,
        "window_end_period": 283.0,
        "first": 0.00821034914878034,
        "last": 0.007552696147457054,
        "median": 0.00515302125651625,
        "peak_to_peak": 0.005295484819423992,
        "fractional_peak_to_peak": 1.0276466088176115,
        "slope_per_cycle": 1.8354906373194042e-08,
        "fractional_slope_per_cycle": 3.5619698540896483e-06,
        "log_slope_per_cycle": 1.4000452667656436e-05,
        "efolding_cycles": 71426.26197438457
      },
      "max_vsurf_div_cs": {
        "available": true,
        "window_cycles": 100,
        "window_start_period": 184.0,
        "window_end_period": 283.0,
        "first": 0.02009,
        "last": 0.02639,
        "median": 0.02554,
        "peak_to_peak": 0.011879999999999998,
        "fractional_peak_to_peak": 0.4651527016444792,
        "slope_per_cycle": 7.032301230123013e-05,
        "fractional_slope_per_cycle": 0.0027534460572133956,
        "log_slope_per_cycle": 0.002743895634164372,
        "efolding_cycles": 364.4453482665133
      }
    },
    "250": {
      "delta_r": {
        "available": true,
        "window_cycles": 250,
        "window_start_period": 34.0,
        "window_end_period": 283.0,
        "first": 0.002179841274922545,
        "last": 0.003997227119625357,
        "median": 0.002981995628748013,
        "peak_to_peak": 0.0024746486402049683,
        "fractional_peak_to_peak": 0.8298632688619823,
        "slope_per_cycle": 8.390663951588136e-06,
        "fractional_slope_per_cycle": 0.0028137747321618123,
        "log_slope_per_cycle": 0.002732419447296977,
        "efolding_cycles": 365.976022088864
      },
      "period_days": {
        "available": true,
        "window_cycles": 250,
        "window_start_period": 34.0,
        "window_end_period": 283.0,
        "first": 0.4962976394552162,
        "last": 0.5098707248639376,
        "median": 0.5013299327587959,
        "peak_to_peak": 0.030753643585420654,
        "fractional_peak_to_peak": 0.06134412006118355,
        "slope_per_cycle": 1.193353623354647e-08,
        "fractional_slope_per_cycle": 2.3803757672869763e-08,
        "log_slope_per_cycle": -2.1939668471598478e-07,
        "efolding_cycles": null
      },
      "gamma": {
        "available": true,
        "window_cycles": 250,
        "window_start_period": 34.0,
        "window_end_period": 283.0,
        "first": 0.004498461755079869,
        "last": 0.007552696147457054,
        "median": 0.005093986526203056,
        "peak_to_peak": 0.005295484819423992,
        "fractional_peak_to_peak": 1.0395561103635522,
        "slope_per_cycle": 1.3956582148025535e-07,
        "fractional_slope_per_cycle": 2.739815285382873e-05,
        "log_slope_per_cycle": -2.7280748386735043e-05,
        "efolding_cycles": null
      },
      "max_vsurf_div_cs": {
        "available": true,
        "window_cycles": 250,
        "window_start_period": 129.0,
        "window_end_period": 283.0,
        "first": 0.01909,
        "last": 0.02639,
        "median": 0.02362,
        "peak_to_peak": 0.014339999999999999,
        "fractional_peak_to_peak": 0.607112616426757,
        "slope_per_cycle": 6.507827656214753e-05,
        "fractional_slope_per_cycle": 0.00275521916012479,
        "log_slope_per_cycle": 0.0027256280241856907,
        "efolding_cycles": 366.8879212888047
      }
    },
    "500": {
      "delta_r": {
        "available": false,
        "reason": "only 283 rows for 500-cycle window"
      },
      "period_days": {
        "available": false,
        "reason": "only 283 rows for 500-cycle window"
      },
      "gamma": {
        "available": false,
        "reason": "only 283 rows for 500-cycle window"
      },
      "max_vsurf_div_cs": {
        "available": false,
        "reason": "only 283 rows for 500-cycle window"
      }
    }
  },
  "latest_rolling": {
    "window_start_period": 184.0,
    "window_end_period": 283.0,
    "gamma_peak_to_peak": 0.005295484819423992,