{
  "generated_at": "2026-06-18T21:21:43.992229+00:00",
  "workspace": "<local-rre-root>/rsp_batch_runs",
  "model_id": "model_008",
  "run_name": "model_008_M0p6151_Z0p0004406_T6792",
  "source": "cumulative:saturation+continue_saturation+continue_saturation_resume:LOGS_continue_saturation_resume_1620000",
  "source_kind": "history_exact_rsp_columns",
  "cycle_count": 1086,
  "first_period": 1.0,
  "last_period": 1086.0,
  "rolling_window": 100,
  "fits": {
    "50": {
      "delta_r": {
        "available": true,
        "window_cycles": 50,
        "window_start_period": 1037.0,
        "window_end_period": 1086.0,
        "first": 0.0669875584911308,
        "last": 0.07414496378712165,
        "median": 0.07047311956656577,
        "peak_to_peak": 0.0071574052959908485,
        "fractional_peak_to_peak": 0.1015622032912887,
        "slope_per_cycle": 0.00014604750747525218,
        "fractional_slope_per_cycle": 0.002072386015738983,
        "log_slope_per_cycle": 0.0020717826273416767,
        "efolding_cycles": 482.6761199765002
      },
      "period_days": {
        "available": true,
        "window_cycles": 50,
        "window_start_period": 1037.0,
        "window_end_period": 1086.0,
        "first": 0.6316184672870225,
        "last": 0.6316171018848264,
        "median": 0.631616722720727,
        "peak_to_peak": 2.150684767610045e-06,
        "fractional_peak_to_peak": 3.4050472228566734e-06,
        "slope_per_cycle": -3.0876315770374245e-08,
        "fractional_slope_per_cycle": -4.888457613562329e-08,
        "log_slope_per_cycle": -4.88845336893131e-08,
        "efolding_cycles": null
      },
      "gamma": {
        "available": true,
        "window_cycles": 50,
        "window_start_period": 1037.0,
        "window_end_period": 1086.0,
        "first": 0.004189084275452161,
        "last": 0.004216046009796812,
        "median": 0.004202100858813473,
        "peak_to_peak": 2.6961734344650885e-05,
        "fractional_peak_to_peak": 0.006416251120698693,
        "slope_per_cycle": 5.570794374895031e-07,
        "fractional_slope_per_cycle": 0.00013257164837466632,
        "log_slope_per_cycle": 0.00013256022160691987,
        "efolding_cycles": 7543.741160642404
      },
      "max_vsurf_div_cs": {
        "available": true,
        "window_cycles": 50,
        "window_start_period": 1037.0,
        "window_end_period": 1086.0,
        "first": 0.38566,
        "last": 0.43021,
        "median": 0.407165,
        "peak_to_peak": 0.04454999999999998,
        "fractional_peak_to_peak": 0.10941510198568143,
        "slope_per_cycle": 0.0009085440576230491,
        "fractional_slope_per_cycle": 0.0022313903641596137,
        "log_slope_per_cycle": 0.002230126560364102,
        "efolding_cycles": 448.4050447059537
      }
    },
    "100": {
      "delta_r": {
        "available": true,
        "window_cycles": 100,
        "window_start_period": 987.0,
        "window_end_period": 1086.0,
        "first": 0.06041018557310718,
        "last": 0.07414496378712165,
        "median": 0.06691831619421151,
        "peak_to_peak": 0.013734778214014476,
        "fractional_peak_to_peak": 0.2052469188578081,
        "slope_per_cycle": 0.00013863064814462767,
        "fractional_slope_per_cycle": 0.0020716398144611315,
        "log_slope_per_cycle": 0.002069274887278656,
        "efolding_cycles": 483.2610718603556
      },
      "period_days": {
        "available": true,
        "window_cycles": 100,
        "window_start_period": 987.0,
        "window_end_period": 1086.0,
        "first": 0.6316223006845555,
        "last": 0.6316171018848264,
        "median": 0.6316185223418977,
        "peak_to_peak": 5.984082300569682e-06,
        "fractional_peak_to_peak": 9.474203318772328e-06,
        "slope_per_cycle": -7.350533364386354e-08,
        "fractional_slope_per_cycle": -1.1637615276278234e-07,
        "log_slope_per_cycle": -1.163760335590003e-07,
        "efolding_cycles": null
      },
      "gamma": {
        "available": true,
        "window_cycles": 100,
        "window_start_period": 987.0,
        "window_end_period": 1086.0,
        "first": 0.004166224903879565,
        "last": 0.004216046009796812,
        "median": 0.004188833954044777,
        "peak_to_peak": 4.9821105917247435e-05,
        "fractional_peak_to_peak": 0.011893788692468871,
        "slope_per_cycle": 5.101360383528307e-07,
        "fractional_slope_per_cycle": 0.00012178473626538446,
        "log_slope_per_cycle": 0.00012174470856812378,
        "efolding_cycles": 8213.909349829668
      },
      "max_vsurf_div_cs": {
        "available": true,
        "window_cycles": 100,
        "window_start_period": 1018.0,
        "window_end_period": 1086.0,
        "first": 0.36986,
        "last": 0.43021,
        "median": 0.39866,
        "peak_to_peak": 0.06034999999999996,
        "fractional_peak_to_peak": 0.15138213013595533,
        "slope_per_cycle": 0.0008861856046766532,
        "fractional_slope_per_cycle": 0.0022229107627468347,
        "log_slope_per_cycle": 0.002220781758295739,
        "efolding_cycles": 450.2918831463272
      }
    },
    "250": {
      "delta_r": {
        "available": true,
        "window_cycles": 250,
        "window_start_period": 837.0,
        "window_end_period": 1086.0,
        "first": 0.04441199893501757,
        "last": 0.07414496378712165,
        "median": 0.05731638260930616,
        "peak_to_peak": 0.029732964852104082,
        "fractional_peak_to_peak": 0.518751594195627,
        "slope_per_cycle": 0.00011884653383247656,
        "fractional_slope_per_cycle": 0.002073517699862309,
        "log_slope_per_cycle": 0.0020582635308411374,
        "efolding_cycles": 485.84643560746395
      },
      "period_days": {
        "available": true,
        "window_cycles": 250,
        "window_start_period": 837.0,
        "window_end_period": 1086.0,
        "first": 0.6316282043492214,
        "last": 0.6316171018848264,
        "median": 0.6316221916950653,
        "peak_to_peak": 1.1887746966476875e-05,
        "fractional_peak_to_peak": 1.882097735447529e-05,
        "slope_per_cycle": -4.424470358366358e-08,
        "fractional_slope_per_cycle": -7.004931771780439e-08,
        "log_slope_per_cycle": -7.004934709012786e-08,
        "efolding_cycles": null
      },
      "gamma": {
        "available": true,
        "window_cycles": 250,
        "window_start_period": 837.0,
        "window_end_period": 1086.0,
        "first": 0.0041078461492204,
        "last": 0.004216046009796812,
        "median": 0.004155339926124316,
        "peak_to_peak": 0.00010819986057641201,
        "fractional_peak_to_peak": 0.026038750740021883,
        "slope_per_cycle": 4.3157637974893504e-07,
        "fractional_slope_per_cycle": 0.00010386066782061466,
        "log_slope_per_cycle": 0.0001037784712141301,
        "efolding_cycles": 9635.909917546016
      },
      "max_vsurf_div_cs": {
        "available": true,
        "window_cycles": 250,
        "window_start_period": 1018.0,
        "window_end_period": 1086.0,
        "first": 0.36986,
        "last": 0.43021,
        "median": 0.39866,
        "peak_to_peak": 0.06034999999999996,
        "fractional_peak_to_peak": 0.15138213013595533,
        "slope_per_cycle": 0.0008861856046766532,
        "fractional_slope_per_cycle": 0.0022229107627468347,
        "log_slope_per_cycle": 0.002220781758295739,
        "efolding_cycles": 450.2918831463272
      }
    },
    "500": {
      "delta_r": {
        "available": true,
        "window_cycles": 500,
        "window_start_period": 587.0,
        "window_end_period": 1086.0,
        "first": 0.007957497641380762,
        "last": 0.07414496378712165,
        "median": 0.04436666586459026,
        "peak_to_peak": 0.06618746614574089,
        "fractional_peak_to_peak": 1.4918287154538281,
        "slope_per_cycle": 9.945942693162704e-05,
        "fractional_slope_per_cycle": 0.0022417602268149516,