{
  "generated_at": "2026-06-18T05:04:45.688654+00:00",
  "workspace": "<local-rre-root>/rsp_batch_runs",
  "model_id": "model_009",
  "run_name": "model_009_M0p6668_Z0p0001120_T6852",
  "source": "cumulative:saturation",
  "source_kind": "history_exact_rsp_columns",
  "cycle_count": 122,
  "first_period": 1.0,
  "last_period": 122.0,
  "rolling_window": 100,
  "fits": {
    "50": {
      "delta_r": {
        "available": true,
        "window_cycles": 50,
        "window_start_period": 73.0,
        "window_end_period": 122.0,
        "first": 0.0022683831182446212,
        "last": 0.0026590188948292237,
        "median": 0.0025906579197245705,
        "peak_to_peak": 0.0006382962842934603,
        "fractional_peak_to_peak": 0.24638385463153764,
        "slope_per_cycle": 7.134282659268329e-06,
        "fractional_slope_per_cycle": 0.0027538497479539176,
        "log_slope_per_cycle": 0.002779954745223462,
        "efolding_cycles": 359.71808595740885
      },
      "period_days": {
        "available": true,
        "window_cycles": 50,
        "window_start_period": 73.0,
        "window_end_period": 122.0,
        "first": 0.5163025475771671,
        "last": 0.5014601602311423,
        "median": 0.5002746511980378,
        "peak_to_peak": 0.02709812469235018,
        "fractional_peak_to_peak": 0.05416649559888087,
        "slope_per_cycle": -2.7096980066625677e-05,
        "fractional_slope_per_cycle": -5.416420760423281e-05,
        "log_slope_per_cycle": -5.381833000398002e-05,
        "efolding_cycles": null
      },
      "gamma": {
        "available": true,
        "window_cycles": 50,
        "window_start_period": 73.0,
        "window_end_period": 122.0,
        "first": 0.007602538154303569,
        "last": 0.005586647167416807,
        "median": 0.005091776119227887,
        "peak_to_peak": 0.004415816500496566,
        "fractional_peak_to_peak": 0.8672448271677304,
        "slope_per_cycle": -2.337599878888855e-06,
        "fractional_slope_per_cycle": -0.0004590932170135019,
        "log_slope_per_cycle": -0.0006049554637972415,
        "efolding_cycles": null
      },
      "max_vsurf_div_cs": {
        "available": true,
        "window_cycles": 50,
        "window_start_period": 73.0,
        "window_end_period": 122.0,
        "first": 0.01501,
        "last": 0.01796,
        "median": 0.017910000000000002,
        "peak_to_peak": 0.005560000000000001,
        "fractional_peak_to_peak": 0.31044109436069234,
        "slope_per_cycle": 4.9558703481392546e-05,
        "fractional_slope_per_cycle": 0.0027670967884641283,
        "log_slope_per_cycle": 0.0028139007471534717,
        "efolding_cycles": 355.3785615969558
      }
    },
    "100": {
      "delta_r": {
        "available": true,
        "window_cycles": 100,
        "window_start_period": 23.0,
        "window_end_period": 122.0,
        "first": 0.0019737510819357595,
        "last": 0.0026590188948292237,
        "median": 0.0024054157045831914,
        "peak_to_peak": 0.000932928320602322,
        "fractional_peak_to_peak": 0.3878449445660284,
        "slope_per_cycle": 6.59838753826711e-06,
        "fractional_slope_per_cycle": 0.0027431381302179007,
        "log_slope_per_cycle": 0.002747862052351638,
        "efolding_cycles": 363.9192874126245
      },
      "period_days": {
        "available": true,
        "window_cycles": 100,
        "window_start_period": 23.0,
        "window_end_period": 122.0,
        "first": 0.5073112624423286,
        "last": 0.5014601602311423,
        "median": 0.5002414634656547,
        "peak_to_peak": 0.02754574066385329,
        "fractional_peak_to_peak": 0.055064889009834174,
        "slope_per_cycle": -4.802387514548133e-06,
        "fractional_slope_per_cycle": -9.600138863494775e-06,
        "log_slope_per_cycle": -9.965482082798831e-06,
        "efolding_cycles": null
      },
      "gamma": {
        "available": true,
        "window_cycles": 100,
        "window_start_period": 23.0,
        "window_end_period": 122.0,
        "first": 0.007371778505531189,
        "last": 0.005586647167416807,
        "median": 0.005020787893373449,
        "peak_to_peak": 0.004415816500496566,
        "fractional_peak_to_peak": 0.8795066818745048,
        "slope_per_cycle": -3.309498202627507e-07,
        "fractional_slope_per_cycle": -6.591591345644095e-05,
        "log_slope_per_cycle": -2.1302023910394874e-05,
        "efolding_cycles": null
      },
      "max_vsurf_div_cs": {
        "available": true,
        "window_cycles": 100,
        "window_start_period": 23.0,
        "window_end_period": 122.0,
        "first": 0.01306,
        "last": 0.01796,
        "median": 0.016425000000000002,
        "peak_to_peak": 0.007630000000000001,
        "fractional_peak_to_peak": 0.4645357686453577,
        "slope_per_cycle": 4.5653345334533455e-05,
        "fractional_slope_per_cycle": 0.0027795035211283683,
        "log_slope_per_cycle": 0.0027766568361395245,
        "efolding_cycles": 360.14533268372196
      }
    },
    "250": {
      "delta_r": {
        "available": false,
        "reason": "only 122 rows for 250-cycle window"
      },
      "period_days": {
        "available": false,
        "reason": "only 122 rows for 250-cycle window"
      },
      "gamma": {
        "available": false,
        "reason": "only 122 rows for 250-cycle window"
      },
      "max_vsurf_div_cs": {
        "available": false,
        "reason": "only 122 rows for 250-cycle window"
      }
    },
    "500": {
      "delta_r": {
        "available": false,
        "reason": "only 122 rows for 500-cycle window"
      },
      "period_days": {
        "available": false,
        "reason": "only 122 rows for 500-cycle window"
      },
      "gamma": {
        "available": false,
        "reason": "only 122 rows for 500-cycle window"
      },
      "max_vsurf_div_cs": {
        "available": false,
        "reason": "only 122 rows for 500-cycle window"
      }
    }
  },
  "latest_rolling": {
    "window_start_period": 23.0,
    "window_end_period": 122.0,
    "gamma_peak_to_peak": 0.004415816500496566,
    "period_fractional_peak_to_peak": 0.055064889009834174,
    "delta_r_fractional_peak_to_peak": 0.3878449445660284
  },
  "growth_outlook": {
    "status": "amplitude still growing",
    "tolerance": 0.001,
    "delta_r_fractional_peak_to_peak": 0.3878449445660284,
    "delta_r_criterion_factor": 387.8449445660284,
    "log_slope_per_cycle": 0.002747862052351638,
    "efolding_cycles": 363.9192874126245,
    "doubling_cycles": 252.24962802144506,
    "fit_window_cycles": 100,
    "max_vsurf_div_cs_latest": 0.01796,
    "max_vsurf_div_cs_log_slope_per_cycle": 0.0027766568361395245,
    "max_vsurf_div_cs_efolding_cycles": 360.14533268372196,
    "max_vsurf_div_cs_fit_window_cycles": 100,
    "cycles_to_vsurf_div_cs_0p8": 1367.2790297241847,
    "cycles_to_vsurf_div_cs_1p0": 1447.643138248468
  }
}
