{
  "generated_at": "2026-06-18T08:20:41.031190+00:00",
  "workspace": "<local-rre-root>/rsp_batch_runs",
  "model_id": "model_007",
  "run_name": "model_007_M0p6887_Z0p004060_T6669",
  "source": "cumulative:continue_saturation+continue_saturation_resume:LOGS_continue_saturation_resume_2180000+continue_saturation_resume:LOGS_continue_saturation_resume_2270000",
  "source_kind": "history_exact_rsp_columns",
  "cycle_count": 1635,
  "first_period": 1.0,
  "last_period": 3262.0,
  "rolling_window": 100,
  "fits": {
    "50": {
      "delta_r": {
        "available": true,
        "window_cycles": 50,
        "window_start_period": 1586.0,
        "window_end_period": 3262.0,
        "first": 0.6157483676421114,
        "last": 0.6264340509671298,
        "median": 0.6222243273046857,
        "peak_to_peak": 0.010760951726136447,
        "fractional_peak_to_peak": 0.01729432819309733,
        "slope_per_cycle": 3.0783782022075688e-06,
        "fractional_slope_per_cycle": 4.947376801454074e-06,
        "log_slope_per_cycle": 4.943036693050627e-06,
        "efolding_cycles": 202304.7899696742
      },
      "period_days": {
        "available": true,
        "window_cycles": 50,
        "window_start_period": 1586.0,
        "window_end_period": 3262.0,
        "first": 0.5572313905164117,
        "last": 0.5572517808017976,
        "median": 0.557238861330164,
        "peak_to_peak": 4.287866306396104e-05,
        "fractional_peak_to_peak": 7.694844354826043e-05,
        "slope_per_cycle": 3.4218575571611363e-09,
        "fractional_slope_per_cycle": 6.140737472962579e-09,
        "log_slope_per_cycle": 6.140742020467077e-09,
        "efolding_cycles": 162846769.44040355
      },
      "gamma": {
        "available": true,
        "window_cycles": 50,
        "window_start_period": 1586.0,
        "window_end_period": 3262.0,
        "first": 0.0007472351463793618,
        "last": 0.0005082793033569991,
        "median": 0.0006005212427234654,
        "peak_to_peak": 0.00024715911839705046,
        "fractional_peak_to_peak": 0.4115743138013604,
        "slope_per_cycle": -7.198824619681998e-08,
        "fractional_slope_per_cycle": -0.00011987626927290884,
        "log_slope_per_cycle": -0.00012326878421853478,
        "efolding_cycles": null
      },
      "max_vsurf_div_cs": {
        "available": true,
        "window_cycles": 50,
        "window_start_period": 1629.0,
        "window_end_period": 1631.0,
        "first": 4.85518,
        "last": 4.85544,
        "median": 4.85544,
        "peak_to_peak": 0.002080000000000304,
        "fractional_peak_to_peak": 0.0004283854810275287,
        "slope_per_cycle": 0.00012999999999996348,
        "fractional_slope_per_cycle": 2.677409256420911e-05,
        "log_slope_per_cycle": 2.6774809441909575e-05,
        "efolding_cycles": 37348.53845251793
      }
    },
    "100": {
      "delta_r": {
        "available": true,
        "window_cycles": 100,
        "window_start_period": 1536.0,
        "window_end_period": 3262.0,
        "first": 0.5974827243437559,
        "last": 0.6264340509671298,
        "median": 0.6156036715820536,
        "peak_to_peak": 0.029026595024491897,
        "fractional_peak_to_peak": 0.047151432592817066,
        "slope_per_cycle": 9.349334766161311e-06,
        "fractional_slope_per_cycle": 1.5187262840935056e-05,
        "log_slope_per_cycle": 1.5170695665561234e-05,
        "efolding_cycles": 65916.55531460464
      },
      "period_days": {
        "available": true,
        "window_cycles": 100,
        "window_start_period": 1536.0,
        "window_end_period": 3262.0,
        "first": 0.5572147300472069,
        "last": 0.5572517808017976,
        "median": 0.5572315113225745,
        "peak_to_peak": 6.748624784114199e-05,
        "fractional_peak_to_peak": 0.00012110989143626341,
        "slope_per_cycle": 1.128476866850259e-08,
        "fractional_slope_per_cycle": 2.025149051911742e-08,
        "log_slope_per_cycle": 2.0251442813830244e-08,
        "efolding_cycles": 49379197.77829724
      },
      "gamma": {
        "available": true,
        "window_cycles": 100,
        "window_start_period": 1536.0,
        "window_end_period": 3262.0,
        "first": 0.0011563983060824898,
        "last": 0.0005082793033569991,
        "median": 0.0007509161912745211,
        "peak_to_peak": 0.0006563222781001784,
        "fractional_peak_to_peak": 0.8740286675483857,
        "slope_per_cycle": -2.1528177264686056e-07,
        "fractional_slope_per_cycle": -0.00028669214374172085,
        "log_slope_per_cycle": -0.0003066742978255053,
        "efolding_cycles": null
      },
      "max_vsurf_div_cs": {
        "available": true,
        "window_cycles": 100,
        "window_start_period": 1629.0,
        "window_end_period": 1631.0,
        "first": 4.85518,
        "last": 4.85544,
        "median": 4.85544,
        "peak_to_peak": 0.002080000000000304,
        "fractional_peak_to_peak": 0.0004283854810275287,
        "slope_per_cycle": 0.00012999999999996348,
        "fractional_slope_per_cycle": 2.677409256420911e-05,
        "log_slope_per_cycle": 2.6774809441909575e-05,
        "efolding_cycles": 37348.53845251793
      }
    },
    "250": {
      "delta_r": {
        "available": true,
        "window_cycles": 250,
        "window_start_period": 1386.0,
        "window_end_period": 3262.0,
        "first": 0.4906978292212969,
        "last": 0.6264340509671298,
        "median": 0.5849487161732085,
        "peak_to_peak": 0.13581149014695093,
        "fractional_peak_to_peak": 0.232176747109461,
        "slope_per_cycle": 7.811673756453903e-05,
        "fractional_slope_per_cycle": 0.00013354459186710647,
        "log_slope_per_cycle": 0.00013657318785094074,
        "efolding_cycles": 7322.081410967898
      },
      "period_days": {
        "available": true,
        "window_cycles": 250,
        "window_start_period": 1386.0,
        "window_end_period": 3262.0,
        "first": 0.5570180358470384,
        "last": 0.5572517808017976,
        "median": 0.5571830496667989,
        "peak_to_peak": 0.0005568297119398213,
        "fractional_peak_to_peak": 0.0009993658498276485,
        "slope_per_cycle": 2.0557276831851903e-07,
        "fractional_slope_per_cycle": 3.6895014742722995e-07,
        "log_slope_per_cycle": 3.6900498758892705e-07,
        "efolding_cycles": 2709990.4706816697
      },
      "gamma": {
        "available": true,
        "window_cycles": 250,
        "window_start_period": 1386.0,
        "window_end_period": 3262.0,
        "first": 0.003109024380831399,
        "last": 0.0005082793033569991,
        "median": 0.001431787761922358,
        "peak_to_peak": 0.002608948352849088,
        "fractional_peak_to_peak": 1.822161372120014,
        "slope_per_cycle": -1.575867066511208e-06,
        "fractional_slope_per_cycle": -0.0011006289538300043,
        "log_slope_per_cycle": -0.0012276346921695545,
        "efolding_cycles": null
      },
      "max_vsurf_div_cs": {
        "available": true,
        "window_cycles": 250,
        "window_start_period": 1629.0,
        "window_end_period": 1631.0,
        "first": 4.85518,
        "last": 4.85544,
        "median": 4.85544,
        "peak_to_peak": 0.002080000000000304,
        "fractional_peak_to_peak": 0.0004283854810275287,
        "slope_per_cycle": 0.00012999999999996348,
        "fractional_slope_per_cycle": 2.677409256420911e-05,
        "log_slope_per_cycle": 2.6774809441909575e-05,
        "efolding_cycles": 37348.53845251793
      }
    },
    "500": {
      "delta_r": {
        "available": true,
        "window_cycles": 500,
        "window_start_period": 1136.0,
        "window_end_period": 3262.0,
        "first": 0.2719500646156652,
        "last": 0.6264340509671298,