{
  "generated_at": "2026-06-18T10:17:10.247700+00:00",
  "workspace": "<local-rre-root>/rsp_batch_runs",
  "model_id": "model_007",
  "run_name": "model_007_M0p6887_Z0p004060_T6669",
  "source": "cumulative:continue_saturation+continue_saturation_resume:LOGS_continue_saturation_resume_2180000+continue_saturation_resume:LOGS_continue_saturation_resume_2270000",
  "source_kind": "history_exact_rsp_columns",
  "cycle_count": 1639,
  "first_period": 1.0,
  "last_period": 1639.0,
  "rolling_window": 100,
  "fits": {
    "50": {
      "delta_r": {
        "available": true,
        "window_cycles": 50,
        "window_start_period": 1590.0,
        "window_end_period": 1639.0,
        "first": 0.6168682161761145,
        "last": 0.6280808175043262,
        "median": 0.62325353087523,
        "peak_to_peak": 0.011212601328211669,
        "fractional_peak_to_peak": 0.017990433704348052,
        "slope_per_cycle": 0.00022564816944649094,
        "fractional_slope_per_cycle": 0.0003620487622903876,
        "log_slope_per_cycle": 0.00036236224656890995,
        "efolding_cycles": 2759.6693901439075
      },
      "period_days": {
        "available": true,
        "window_cycles": 50,
        "window_start_period": 1590.0,
        "window_end_period": 1639.0,
        "first": 0.5572300125163532,
        "last": 0.5572477110237297,
        "median": 0.5572402564486213,
        "peak_to_peak": 4.292830186725105e-05,
        "fractional_peak_to_peak": 7.703733061362038e-05,
        "slope_per_cycle": 2.5959372631275545e-07,
        "fractional_slope_per_cycle": 4.6585601687714843e-07,
        "log_slope_per_cycle": 4.658530201569231e-07,
        "efolding_cycles": 2146599.8002184224
      },
      "gamma": {
        "available": true,
        "window_cycles": 50,
        "window_start_period": 1590.0,
        "window_end_period": 1639.0,
        "first": 0.0007299789201664402,
        "last": 0.00047336549043655433,
        "median": 0.0005803342048465432,
        "peak_to_peak": 0.0002859021362112344,
        "fractional_peak_to_peak": 0.4926508446746388,
        "slope_per_cycle": -5.665696076367694e-06,
        "fractional_slope_per_cycle": -0.009762816027474832,
        "log_slope_per_cycle": -0.009794910273998474,
        "efolding_cycles": null
      },
      "max_vsurf_div_cs": {
        "available": true,
        "window_cycles": 50,
        "window_start_period": 1629.0,
        "window_end_period": 1639.0,
        "first": 4.85518,
        "last": 4.86882,
        "median": 4.8594,
        "peak_to_peak": 0.01364000000000054,
        "fractional_peak_to_peak": 0.0028069308968186484,
        "slope_per_cycle": 0.0014045454545454593,
        "fractional_slope_per_cycle": 0.00028903680589073945,
        "log_slope_per_cycle": 0.00028890378828968,
        "efolding_cycles": 3461.3599424224694
      }
    },
    "100": {
      "delta_r": {
        "available": true,
        "window_cycles": 100,
        "window_start_period": 1540.0,
        "window_end_period": 1639.0,
        "first": 0.5992292377458401,
        "last": 0.6280808175043262,
        "median": 0.6167921065943198,
        "peak_to_peak": 0.028851579758486068,
        "fractional_peak_to_peak": 0.04677683039394423,
        "slope_per_cycle": 0.00028842387511248687,
        "fractional_slope_per_cycle": 0.00046761927078647057,
        "log_slope_per_cycle": 0.0004691553404246377,
        "efolding_cycles": 2131.4901778478934
      },
      "period_days": {
        "available": true,
        "window_cycles": 100,
        "window_start_period": 1540.0,
        "window_end_period": 1639.0,
        "first": 0.5572098313923926,
        "last": 0.5572477110237297,
        "median": 0.5572321256881373,
        "peak_to_peak": 6.7535886644432e-05,
        "fractional_peak_to_peak": 0.00012119883892377985,
        "slope_per_cycle": 3.5596139956436573e-07,
        "fractional_slope_per_cycle": 6.388027235952732e-07,
        "log_slope_per_cycle": 6.388029792585233e-07,
        "efolding_cycles": 1565427.890083932
      },
      "gamma": {
        "available": true,
        "window_cycles": 100,
        "window_start_period": 1540.0,
        "window_end_period": 1639.0,
        "first": 0.0011194232264836762,
        "last": 0.00047336549043655433,
        "median": 0.0007288532456251797,
        "peak_to_peak": 0.0006753464425284705,
        "fractional_peak_to_peak": 0.9265876863169988,
        "slope_per_cycle": -6.689907574437255e-06,
        "fractional_slope_per_cycle": -0.009178675699933164,
        "log_slope_per_cycle": -0.009122398552075047,
        "efolding_cycles": null
      },
      "max_vsurf_div_cs": {
        "available": true,
        "window_cycles": 100,
        "window_start_period": 1629.0,
        "window_end_period": 1639.0,
        "first": 4.85518,
        "last": 4.86882,
        "median": 4.8594,
        "peak_to_peak": 0.01364000000000054,
        "fractional_peak_to_peak": 0.0028069308968186484,
        "slope_per_cycle": 0.0014045454545454593,
        "fractional_slope_per_cycle": 0.00028903680589073945,
        "log_slope_per_cycle": 0.00028890378828968,
        "efolding_cycles": 3461.3599424224694
      }
    },
    "250": {
      "delta_r": {
        "available": true,
        "window_cycles": 250,
        "window_start_period": 1390.0,
        "window_end_period": 1639.0,
        "first": 0.4943907440021098,
        "last": 0.6280808175043262,
        "median": 0.5870728051236704,
        "peak_to_peak": 0.1336900735022164,
        "fractional_peak_to_peak": 0.22772315858516692,
        "slope_per_cycle": 0.000533759184682307,
        "fractional_slope_per_cycle": 0.0009091873785055796,
        "log_slope_per_cycle": 0.0009377651705976753,
        "efolding_cycles": 1066.3650467660896
      },
      "period_days": {
        "available": true,
        "window_cycles": 250,
        "window_start_period": 1390.0,
        "window_end_period": 1639.0,
        "first": 0.5570160189436542,
        "last": 0.5572477110237297,
        "median": 0.5571903748507612,
        "peak_to_peak": 0.0005568297119398213,
        "fractional_peak_to_peak": 0.000999352711519763,
        "slope_per_cycle": 1.4826361569051291e-06,
        "fractional_slope_per_cycle": 2.660914875462881e-06,
        "log_slope_per_cycle": 2.6613756073406963e-06,
        "efolding_cycles": 375745.5344678767
      },
      "gamma": {
        "available": true,
        "window_cycles": 250,
        "window_start_period": 1390.0,
        "window_end_period": 1639.0,
        "first": 0.003049838158394727,
        "last": 0.00047336549043655433,
        "median": 0.001386828586328659,
        "peak_to_peak": 0.0026057613744395213,
        "fractional_peak_to_peak": 1.8789354359486736,
        "slope_per_cycle": -1.0670458271832038e-05,
        "fractional_slope_per_cycle": -0.007694143585603368,
        "log_slope_per_cycle": -0.00774498928453354,
        "efolding_cycles": null
      },
      "max_vsurf_div_cs": {
        "available": true,
        "window_cycles": 250,
        "window_start_period": 1629.0,
        "window_end_period": 1639.0,
        "first": 4.85518,
        "last": 4.86882,
        "median": 4.8594,
        "peak_to_peak": 0.01364000000000054,
        "fractional_peak_to_peak": 0.0028069308968186484,
        "slope_per_cycle": 0.0014045454545454593,
        "fractional_slope_per_cycle": 0.00028903680589073945,
        "log_slope_per_cycle": 0.00028890378828968,
        "efolding_cycles": 3461.3599424224694
      }
    },
    "500": {
      "delta_r": {
        "available": true,
        "window_cycles": 500,
        "window_start_period": 1140.0,
        "window_end_period": 1639.0,
        "first": 0.273036114747109,
        "last": 0.6280808175043262,
        "median": 0.49395176499495363,
        "peak_to_peak": 0.3550447027572172,
        "fractional_peak_to_peak": 0.7187841565073555,
        "slope_per_cycle": 0.0007799289223357558,