{
  "generated_at": "2026-06-17T15:37:10.754533+00:00",
  "workspace": "<local-rre-root>/rsp_batch_runs",
  "model_id": "model_007",
  "run_name": "model_007_M0p6887_Z0p004060_T6669",
  "source": "cumulative:continue_saturation+continue_saturation_resume:LOGS_continue_saturation_resume_2180000",
  "source_kind": "history_exact_rsp_columns",
  "cycle_count": 1574,
  "first_period": 1.0,
  "last_period": 3134.0,
  "rolling_window": 100,
  "fits": {
    "50": {
      "delta_r": {
        "available": true,
        "window_cycles": 50,
        "window_start_period": 1525.0,
        "window_end_period": 3134.0,
        "first": 0.5923707367006354,
        "last": 0.6107629474707945,
        "median": 0.6031368426648744,
        "peak_to_peak": 0.018392210770159068,
        "fractional_peak_to_peak": 0.03049425846528575,
        "slope_per_cycle": 5.344056490815643e-06,
        "fractional_slope_per_cycle": 8.86043781905892e-06,
        "log_slope_per_cycle": 8.85317884089655e-06,
        "efolding_cycles": 112953.77829493066
      },
      "period_days": {
        "available": true,
        "window_cycles": 50,
        "window_start_period": 1525.0,
        "window_end_period": 3134.0,
        "first": 0.5572009387244988,
        "last": 0.5572306876250164,
        "median": 0.557214672696449,
        "peak_to_peak": 3.955523724907817e-05,
        "fractional_peak_to_peak": 7.098742941865508e-05,
        "slope_per_cycle": 8.55044212176683e-09,
        "fractional_slope_per_cycle": 1.534496943590861e-08,
        "log_slope_per_cycle": 1.5344916310971202e-08,
        "efolding_cycles": 65168162.5194024
      },
      "gamma": {
        "available": true,
        "window_cycles": 50,
        "window_start_period": 1525.0,
        "window_end_period": 3134.0,
        "first": 0.0012751508054449224,
        "last": 0.0008669988929266375,
        "median": 0.0010250479092885694,
        "peak_to_peak": 0.00040815191251828494,
        "fractional_peak_to_peak": 0.398178376659059,
        "slope_per_cycle": -1.1380846399990623e-07,
        "fractional_slope_per_cycle": -0.00011102745829596839,
        "log_slope_per_cycle": -0.00011172155040592578,
        "efolding_cycles": null
      },
      "max_vsurf_div_cs": {
        "available": true,
        "window_cycles": 50,
        "window_start_period": 1562.0,
        "window_end_period": 1564.0,
        "first": 4.72111,
        "last": 4.72559,
        "median": 4.72344,
        "peak_to_peak": 0.0044800000000000395,
        "fractional_peak_to_peak": 0.0009484612909235725,
        "slope_per_cycle": 0.0022400000000000198,
        "fractional_slope_per_cycle": 0.00047423064546178625,
        "log_slope_per_cycle": 0.00047423971713456137,
        "efolding_cycles": 2108.6382347774947
      }
    },
    "100": {
      "delta_r": {
        "available": true,
        "window_cycles": 100,
        "window_start_period": 1475.0,
        "window_end_period": 3134.0,
        "first": 0.5632474259170124,
        "last": 0.6107629474707945,
        "median": 0.5921345650883802,
        "peak_to_peak": 0.047515521553782136,
        "fractional_peak_to_peak": 0.08024446528753158,
        "slope_per_cycle": 1.4231300347561227e-05,
        "fractional_slope_per_cycle": 2.403389564910318e-05,
        "log_slope_per_cycle": 2.3969535470827418e-05,
        "efolding_cycles": 41719.62369554759
      },
      "period_days": {
        "available": true,
        "window_cycles": 100,
        "window_start_period": 1475.0,
        "window_end_period": 3134.0,
        "first": 0.5570678884529129,
        "last": 0.5572306876250164,
        "median": 0.5571990012117075,
        "peak_to_peak": 0.0001713092968350649,
        "fractional_peak_to_peak": 0.0003074472431977243,
        "slope_per_cycle": 3.2260755613097434e-08,
        "fractional_slope_per_cycle": 5.789808585970522e-08,
        "log_slope_per_cycle": 5.789976434045835e-08,
        "efolding_cycles": 17271227.463377338
      },
      "gamma": {
        "available": true,
        "window_cycles": 100,
        "window_start_period": 1475.0,
        "window_end_period": 3134.0,
        "first": 0.001864882497346065,
        "last": 0.0008669988929266375,
        "median": 0.001277871417274756,
        "peak_to_peak": 0.0009978836044194275,
        "fractional_peak_to_peak": 0.7808951596613353,
        "slope_per_cycle": -3.027815839906887e-07,
        "fractional_slope_per_cycle": -0.00023694213666380757,
        "log_slope_per_cycle": -0.00025422956434031663,
        "efolding_cycles": null
      },
      "max_vsurf_div_cs": {
        "available": true,
        "window_cycles": 100,
        "window_start_period": 1562.0,
        "window_end_period": 1564.0,
        "first": 4.72111,
        "last": 4.72559,
        "median": 4.72344,
        "peak_to_peak": 0.0044800000000000395,
        "fractional_peak_to_peak": 0.0009484612909235725,
        "slope_per_cycle": 0.0022400000000000198,
        "fractional_slope_per_cycle": 0.00047423064546178625,
        "log_slope_per_cycle": 0.00047423971713456137,
        "efolding_cycles": 2108.6382347774947
      }
    },
    "250": {
      "delta_r": {
        "available": true,
        "window_cycles": 250,
        "window_start_period": 1325.0,
        "window_end_period": 3134.0,
        "first": 0.4319255346806745,
        "last": 0.6107629474707945,
        "median": 0.5448086214103012,
        "peak_to_peak": 0.17883741279012,
        "fractional_peak_to_peak": 0.32825731047937223,
        "slope_per_cycle": 7.35535011982582e-05,
        "fractional_slope_per_cycle": 0.00013500796115864744,
        "log_slope_per_cycle": 0.00013640413551055202,
        "efolding_cycles": 7331.156025857013
      },
      "period_days": {
        "available": true,
        "window_cycles": 250,
        "window_start_period": 1325.0,
        "window_end_period": 3134.0,
        "first": 0.5568412912880174,
        "last": 0.5572306876250164,
        "median": 0.5570082276693062,
        "peak_to_peak": 0.0005568297119398213,
        "fractional_peak_to_peak": 0.0009996795097080848,
        "slope_per_cycle": 1.5960073706312423e-07,
        "fractional_slope_per_cycle": 2.865320997697697e-07,
        "log_slope_per_cycle": 2.864914425388213e-07,
        "efolding_cycles": 3490505.6539847404
      },
      "gamma": {
        "available": true,
        "window_cycles": 250,
        "window_start_period": 1325.0,
        "window_end_period": 3134.0,
        "first": 0.0038754968407182775,
        "last": 0.0008669988929266375,
        "median": 0.0022124056613840037,
        "peak_to_peak": 0.003029914698141751,
        "fractional_peak_to_peak": 1.3695113654004762,
        "slope_per_cycle": -1.3347568602370503e-06,
        "fractional_slope_per_cycle": -0.0006033056611336246,
        "log_slope_per_cycle": -0.0007342695582355974,
        "efolding_cycles": null
      },
      "max_vsurf_div_cs": {
        "available": true,
        "window_cycles": 250,
        "window_start_period": 1562.0,
        "window_end_period": 1564.0,
        "first": 4.72111,
        "last": 4.72559,
        "median": 4.72344,
        "peak_to_peak": 0.0044800000000000395,
        "fractional_peak_to_peak": 0.0009484612909235725,
        "slope_per_cycle": 0.0022400000000000198,
        "fractional_slope_per_cycle": 0.00047423064546178625,
        "log_slope_per_cycle": 0.00047423971713456137,
        "efolding_cycles": 2108.6382347774947
      }
    },
    "500": {
      "delta_r": {
        "available": true,
        "window_cycles": 500,
        "window_start_period": 1075.0,
        "window_end_period": 3134.0,
        "first": 0.23048670869122123,
        "last": 0.6107629474707945,
        "median": 0.43135107720780486,