{
  "generated_at": "2026-06-18T16:01:15.504795+00:00",
  "workspace": "<local-rre-root>/rsp_batch_runs",
  "model_id": "model_008",
  "run_name": "model_008_M0p6151_Z0p0004406_T6792",
  "source": "cumulative:saturation+continue_saturation+continue_saturation_resume:LOGS_continue_saturation_resume_1620000",
  "source_kind": "history_exact_rsp_columns",
  "cycle_count": 1062,
  "first_period": 1.0,
  "last_period": 1062.0,
  "rolling_window": 100,
  "fits": {
    "50": {
      "delta_r": {
        "available": true,
        "window_cycles": 50,
        "window_start_period": 1013.0,
        "window_end_period": 1062.0,
        "first": 0.063744084678941,
        "last": 0.07054611227225394,
        "median": 0.0670569456054575,
        "peak_to_peak": 0.006802027593312943,
        "fractional_peak_to_peak": 0.10143658545580031,
        "slope_per_cycle": 0.00013878471483976798,
        "fractional_slope_per_cycle": 0.0020696545836777994,
        "log_slope_per_cycle": 0.0020690592483186055,
        "efolding_cycles": 483.3114377041823
      },
      "period_days": {
        "available": true,
        "window_cycles": 50,
        "window_start_period": 1013.0,
        "window_end_period": 1062.0,
        "first": 0.6316211194941705,
        "last": 0.6316164217699595,
        "median": 0.6316184062435706,
        "peak_to_peak": 4.697724211077947e-06,
        "fractional_peak_to_peak": 7.437598658685015e-06,
        "slope_per_cycle": -1.0187578713164528e-07,
        "fractional_slope_per_cycle": -1.6129325257877142e-07,
        "log_slope_per_cycle": -1.6129319473949142e-07,
        "efolding_cycles": null
      },
      "gamma": {
        "available": true,
        "window_cycles": 50,
        "window_start_period": 1013.0,
        "window_end_period": 1062.0,
        "first": 0.004176594771689142,
        "last": 0.004202048202390497,
        "median": 0.004189398094012862,
        "peak_to_peak": 2.5558743547307236e-05,
        "fractional_peak_to_peak": 0.006100815194391208,
        "slope_per_cycle": 5.206586250301142e-07,
        "fractional_slope_per_cycle": 0.00012428005487809718,
        "log_slope_per_cycle": 0.0001242777092247252,
        "efolding_cycles": 8046.495274480396
      },
      "max_vsurf_div_cs": {
        "available": true,
        "window_cycles": 50,
        "window_start_period": 1018.0,
        "window_end_period": 1062.0,
        "first": 0.36986,
        "last": 0.40762,
        "median": 0.38822,
        "peak_to_peak": 0.03775999999999996,
        "fractional_peak_to_peak": 0.0972644376899695,
        "slope_per_cycle": 0.0008576956521739132,
        "fractional_slope_per_cycle": 0.0022093031069339887,
        "log_slope_per_cycle": 0.0022085384991828143,
        "efolding_cycles": 452.7881222672876
      }
    },
    "100": {
      "delta_r": {
        "available": true,
        "window_cycles": 100,
        "window_start_period": 963.0,
        "window_end_period": 1062.0,
        "first": 0.05749365086867808,
        "last": 0.07054611227225394,
        "median": 0.0636782537882028,
        "peak_to_peak": 0.013052461403575855,
        "fractional_peak_to_peak": 0.20497517797816855,
        "slope_per_cycle": 0.00013176336846794668,
        "fractional_slope_per_cycle": 0.00206920511523759,
        "log_slope_per_cycle": 0.002066848237026074,
        "efolding_cycles": 483.82846020609134
      },
      "period_days": {
        "available": true,
        "window_cycles": 100,
        "window_start_period": 963.0,
        "window_end_period": 1062.0,
        "first": 0.6316221478214074,
        "last": 0.6316164217699595,
        "median": 0.6316211361587221,
        "peak_to_peak": 5.928000469723749e-06,
        "fractional_peak_to_peak": 9.385373810913893e-06,
        "slope_per_cycle": -6.788027403466731e-08,
        "fractional_slope_per_cycle": -1.0746992168040662e-07,
        "log_slope_per_cycle": -1.0747014697497415e-07,
        "efolding_cycles": null
      },
      "gamma": {
        "available": true,
        "window_cycles": 100,
        "window_start_period": 963.0,
        "window_end_period": 1062.0,
        "first": 0.004155264545720547,
        "last": 0.004202048202390497,
        "median": 0.004176688663319168,
        "peak_to_peak": 4.688896951590173e-05,
        "fractional_peak_to_peak": 0.011226350177281248,
        "slope_per_cycle": 4.646864061027238e-07,
        "fractional_slope_per_cycle": 0.00011125713299718219,
        "log_slope_per_cycle": 0.00011120998470866815,
        "efolding_cycles": 8991.998358957206
      },
      "max_vsurf_div_cs": {
        "available": true,
        "window_cycles": 100,
        "window_start_period": 1018.0,
        "window_end_period": 1062.0,
        "first": 0.36986,
        "last": 0.40762,
        "median": 0.38822,
        "peak_to_peak": 0.03775999999999996,
        "fractional_peak_to_peak": 0.0972644376899695,
        "slope_per_cycle": 0.0008576956521739132,
        "fractional_slope_per_cycle": 0.0022093031069339887,
        "log_slope_per_cycle": 0.0022085384991828143,
        "efolding_cycles": 452.7881222672876
      }
    },
    "250": {
      "delta_r": {
        "available": true,
        "window_cycles": 250,
        "window_start_period": 813.0,
        "window_end_period": 1062.0,
        "first": 0.04228740884916782,
        "last": 0.07054611227225394,
        "median": 0.0545574863337519,
        "peak_to_peak": 0.028258703423086118,
        "fractional_peak_to_peak": 0.5179619759278373,
        "slope_per_cycle": 0.00011293490879452532,
        "fractional_slope_per_cycle": 0.0020700167178460773,
        "log_slope_per_cycle": 0.0020549175554548907,
        "efolding_cycles": 486.6375282772029
      },
      "period_days": {
        "available": true,
        "window_cycles": 250,
        "window_start_period": 813.0,
        "window_end_period": 1062.0,
        "first": 0.631628972732255,
        "last": 0.6316164217699595,
        "median": 0.6316223177016298,
        "peak_to_peak": 1.2624595935206706e-05,
        "fractional_peak_to_peak": 1.9987571023686343e-05,
        "slope_per_cycle": -4.424782656731731e-08,
        "fractional_slope_per_cycle": -7.005424812778609e-08,
        "log_slope_per_cycle": -7.005414463508628e-08,
        "efolding_cycles": null
      },
      "gamma": {
        "available": true,
        "window_cycles": 250,
        "window_start_period": 813.0,
        "window_end_period": 1062.0,
        "first": 0.004101913156481961,
        "last": 0.004202048202390497,
        "median": 0.004145280885365944,
        "peak_to_peak": 0.00010044897253629146,
        "fractional_peak_to_peak": 0.024232126920736726,
        "slope_per_cycle": 4.0457643503040607e-07,
        "fractional_slope_per_cycle": 9.7599281259487e-05,
        "log_slope_per_cycle": 9.751794040988983e-05,
        "efolding_cycles": 10254.523380998155
      },
      "max_vsurf_div_cs": {
        "available": true,
        "window_cycles": 250,
        "window_start_period": 1018.0,
        "window_end_period": 1062.0,
        "first": 0.36986,
        "last": 0.40762,
        "median": 0.38822,
        "peak_to_peak": 0.03775999999999996,
        "fractional_peak_to_peak": 0.0972644376899695,
        "slope_per_cycle": 0.0008576956521739132,
        "fractional_slope_per_cycle": 0.0022093031069339887,
        "log_slope_per_cycle": 0.0022085384991828143,
        "efolding_cycles": 452.7881222672876
      }
    },
    "500": {
      "delta_r": {
        "available": true,
        "window_cycles": 500,
        "window_start_period": 563.0,
        "window_end_period": 1062.0,
        "first": 0.007582162240924006,
        "last": 0.07054611227225394,
        "median": 0.04224429392654416,
        "peak_to_peak": 0.06296395003132993,
        "fractional_peak_to_peak": 1.4904723023851179,
        "slope_per_cycle": 0.00010429389123864385,
        "fractional_slope_per_cycle": 0.002468827894720969,