{
  "generated_at": "2026-06-19T13:01:41.120317+00:00",
  "workspace": "<local-rre-root>/rsp_batch_runs",
  "model_id": "model_009",
  "run_name": "model_009_M0p6668_Z0p0001120_T6852",
  "source": "cumulative:saturation+saturation_resume:LOGS_saturation_resume_130000",
  "source_kind": "history_exact_rsp_columns",
  "cycle_count": 273,
  "first_period": 1.0,
  "last_period": 273.0,
  "rolling_window": 100,
  "fits": {
    "50": {
      "delta_r": {
        "available": true,
        "window_cycles": 50,
        "window_start_period": 224.0,
        "window_end_period": 273.0,
        "first": 0.0036566025324518137,
        "last": 0.004434813669944582,
        "median": 0.003912463273389122,
        "peak_to_peak": 0.0010140478113696005,
        "fractional_peak_to_peak": 0.25918398219012406,
        "slope_per_cycle": 1.1094565647002632e-05,
        "fractional_slope_per_cycle": 0.002835698349544405,
        "log_slope_per_cycle": 0.0028485142387518173,
        "efolding_cycles": 351.0602075972726
      },
      "period_days": {
        "available": true,
        "window_cycles": 50,
        "window_start_period": 224.0,
        "window_end_period": 273.0,
        "first": 0.49322021823462653,
        "last": 0.48945502714303546,
        "median": 0.49937500222156006,
        "peak_to_peak": 0.030376256475962315,
        "fractional_peak_to_peak": 0.06082854836711498,
        "slope_per_cycle": -7.36619309058624e-06,
        "fractional_slope_per_cycle": -1.4750824646440846e-05,
        "log_slope_per_cycle": -1.5407777656974677e-05,
        "efolding_cycles": null
      },
      "gamma": {
        "available": true,
        "window_cycles": 50,
        "window_start_period": 224.0,
        "window_end_period": 273.0,
        "first": 0.0041678493044801914,
        "last": 0.0053514815735319,
        "median": 0.0050858444580819655,
        "peak_to_peak": 0.005295484819423992,
        "fractional_peak_to_peak": 1.0412203643013276,
        "slope_per_cycle": 1.3659244944443265e-07,
        "fractional_slope_per_cycle": 2.685737846885432e-05,
        "log_slope_per_cycle": -0.00033698520129560354,
        "efolding_cycles": null
      },
      "max_vsurf_div_cs": {
        "available": true,
        "window_cycles": 50,
        "window_start_period": 224.0,
        "window_end_period": 273.0,
        "first": 0.0253,
        "last": 0.03151,
        "median": 0.027049999999999998,
        "peak_to_peak": 0.008890000000000002,
        "fractional_peak_to_peak": 0.32865064695009255,
        "slope_per_cycle": 7.806002400960384e-05,
        "fractional_slope_per_cycle": 0.00288576798556761,
        "log_slope_per_cycle": 0.002905652144660655,
        "efolding_cycles": 344.1568192660543
      }
    },
    "100": {
      "delta_r": {
        "available": true,
        "window_cycles": 100,
        "window_start_period": 174.0,
        "window_end_period": 273.0,
        "first": 0.0033085024233194815,
        "last": 0.004434813669944582,
        "median": 0.0036312672514822175,
        "peak_to_peak": 0.001466484523839462,
        "fractional_peak_to_peak": 0.403849241126736,
        "slope_per_cycle": 1.0003735299691767e-05,
        "fractional_slope_per_cycle": 0.002754888199321717,
        "log_slope_per_cycle": 0.002749064475364279,
        "efolding_cycles": 363.7601114711905
      },
      "period_days": {
        "available": true,
        "window_cycles": 100,
        "window_start_period": 174.0,
        "window_end_period": 273.0,
        "first": 0.4892283099066009,
        "last": 0.48945502714303546,
        "median": 0.4999413024467261,
        "peak_to_peak": 0.030376256475962315,
        "fractional_peak_to_peak": 0.06075964583702148,
        "slope_per_cycle": 7.678942993026067e-07,
        "fractional_slope_per_cycle": 1.5359689138395079e-06,
        "log_slope_per_cycle": 1.1441318375588287e-06,
        "efolding_cycles": 874025.1491765539
      },
      "gamma": {
        "available": true,
        "window_cycles": 100,
        "window_start_period": 174.0,
        "window_end_period": 273.0,
        "first": 0.004918417875724601,
        "last": 0.0053514815735319,
        "median": 0.005044994219685182,
        "peak_to_peak": 0.005295484819423992,
        "fractional_peak_to_peak": 1.0496513155082348,
        "slope_per_cycle": -2.734321107261602e-07,
        "fractional_slope_per_cycle": -5.419869653353595e-05,
        "log_slope_per_cycle": -2.7400117615983825e-05,
        "efolding_cycles": null
      },
      "max_vsurf_div_cs": {
        "available": true,
        "window_cycles": 100,
        "window_start_period": 174.0,
        "window_end_period": 273.0,
        "first": 0.02327,
        "last": 0.03151,
        "median": 0.02484,
        "peak_to_peak": 0.011980000000000005,
        "fractional_peak_to_peak": 0.48228663446054765,
        "slope_per_cycle": 6.923540354035403e-05,
        "fractional_slope_per_cycle": 0.0027872545708677145,
        "log_slope_per_cycle": 0.00276517058989691,
        "efolding_cycles": 361.6413409189636
      }
    },
    "250": {
      "delta_r": {
        "available": true,
        "window_cycles": 250,
        "window_start_period": 24.0,
        "window_end_period": 273.0,
        "first": 0.0021689416052712573,
        "last": 0.004434813669944582,
        "median": 0.002956335371758101,
        "peak_to_peak": 0.002452095205241811,
        "fractional_peak_to_peak": 0.829437427386182,
        "slope_per_cycle": 8.177754283388168e-06,
        "fractional_slope_per_cycle": 0.0027661794942178517,
        "log_slope_per_cycle": 0.002733630626835342,
        "efolding_cycles": 365.8138704561105
      },
      "period_days": {
        "available": true,
        "window_cycles": 250,
        "window_start_period": 24.0,
        "window_end_period": 273.0,
        "first": 0.5032092453144341,
        "last": 0.48945502714303546,
        "median": 0.5008335506871959,
        "peak_to_peak": 0.030376256475962315,
        "fractional_peak_to_peak": 0.06065140091809528,
        "slope_per_cycle": -2.735928351272623e-07,
        "fractional_slope_per_cycle": -5.462749744937502e-07,
        "log_slope_per_cycle": -8.675128190825086e-07,
        "efolding_cycles": null
      },
      "gamma": {
        "available": true,
        "window_cycles": 250,
        "window_start_period": 24.0,
        "window_end_period": 273.0,
        "first": 0.0038379329100353145,
        "last": 0.0053514815735319,
        "median": 0.005056107745992952,
        "peak_to_peak": 0.005295484819423992,
        "fractional_peak_to_peak": 1.047344140088935,
        "slope_per_cycle": 1.436114016548868e-07,
        "fractional_slope_per_cycle": 2.8403548513913925e-05,
        "log_slope_per_cycle": -3.048195331761633e-05,
        "efolding_cycles": null
      },
      "max_vsurf_div_cs": {
        "available": true,
        "window_cycles": 250,
        "window_start_period": 129.0,
        "window_end_period": 273.0,
        "first": 0.01909,
        "last": 0.03151,
        "median": 0.02326,
        "peak_to_peak": 0.013880000000000003,
        "fractional_peak_to_peak": 0.596732588134136,
        "slope_per_cycle": 6.481908360888048e-05,
        "fractional_slope_per_cycle": 0.0027867189857644233,
        "log_slope_per_cycle": 0.0027481915159229425,
        "efolding_cycles": 363.87565939492526
      }
    },
    "500": {
      "delta_r": {
        "available": false,
        "reason": "only 273 rows for 500-cycle window"
      },
      "period_days": {
        "available": false,
        "reason": "only 273 rows for 500-cycle window"
      },
      "gamma": {
        "available": false,
        "reason": "only 273 rows for 500-cycle window"
      },
      "max_vsurf_div_cs": {
        "available": false,
        "reason": "only 273 rows for 500-cycle window"
      }
    }
  },
  "latest_rolling": {
    "window_start_period": 174.0,
    "window_end_period": 273.0,
    "gamma_peak_to_peak": 0.005295484819423992,