{
  "generated_at": "2026-06-19T11:52:04.549751+00:00",
  "workspace": "<local-rre-root>/rsp_batch_runs",
  "model_id": "model_007",
  "run_name": "model_007_M0p6887_Z0p004060_T6669",
  "source": "cumulative:continue_saturation+continue_saturation_resume:LOGS_continue_saturation_resume_2180000+continue_saturation_resume:LOGS_continue_saturation_resume_2270000",
  "source_kind": "history_exact_rsp_columns",
  "cycle_count": 1712,
  "first_period": 1.0,
  "last_period": 1712.0,
  "rolling_window": 100,
  "fits": {
    "50": {
      "delta_r": {
        "available": true,
        "window_cycles": 50,
        "window_start_period": 1663.0,
        "window_end_period": 1712.0,
        "first": 0.6315439070739002,
        "last": 0.6368309377266126,
        "median": 0.634657857072777,
        "peak_to_peak": 0.00528703065271241,
        "fractional_peak_to_peak": 0.00833052107335077,
        "slope_per_cycle": 0.00010636610186904703,
        "fractional_slope_per_cycle": 0.0001675959742460888,
        "log_slope_per_cycle": 0.00016766545398974573,
        "efolding_cycles": 5964.257849211795
      },
      "period_days": {
        "available": true,
        "window_cycles": 50,
        "window_start_period": 1663.0,
        "window_end_period": 1712.0,
        "first": 0.5572649555555027,
        "last": 0.557262802262687,
        "median": 0.5572556725618671,
        "peak_to_peak": 7.364367203854805e-05,
        "fractional_peak_to_peak": 0.0001321541900147675,
        "slope_per_cycle": 1.0612707299855285e-07,
        "fractional_slope_per_cycle": 1.9044592675145987e-07,
        "log_slope_per_cycle": 1.9044363738698165e-07,
        "efolding_cycles": 5250897.397889954
      },
      "gamma": {
        "available": true,
        "window_cycles": 50,
        "window_start_period": 1663.0,
        "window_end_period": 1712.0,
        "first": 0.0003474025333284581,
        "last": 0.0002150562031219933,
        "median": 0.0002726998033645876,
        "peak_to_peak": 0.0001437258749298146,
        "fractional_peak_to_peak": 0.5270479595383479,
        "slope_per_cycle": -2.8470872263957904e-06,
        "fractional_slope_per_cycle": -0.010440371394728733,
        "log_slope_per_cycle": -0.010521345298181673,
        "efolding_cycles": null
      },
      "max_vsurf_div_cs": {
        "available": true,
        "window_cycles": 50,
        "window_start_period": 1663.0,
        "window_end_period": 1712.0,
        "first": 4.89465,
        "last": 4.93757,
        "median": 4.920685000000001,
        "peak_to_peak": 0.04356999999999989,
        "fractional_peak_to_peak": 0.00885445827156176,
        "slope_per_cycle": 0.0008557858343337324,
        "fractional_slope_per_cycle": 0.0001739159963163121,
        "log_slope_per_cycle": 0.0001740112022402735,
        "efolding_cycles": 5746.756456628618
      }
    },
    "100": {
      "delta_r": {
        "available": true,
        "window_cycles": 100,
        "window_start_period": 1613.0,
        "window_end_period": 1712.0,
        "first": 0.6227604904929143,
        "last": 0.6368309377266126,
        "median": 0.6315101719877152,
        "peak_to_peak": 0.014070447233698324,
        "fractional_peak_to_peak": 0.022280634355280087,
        "slope_per_cycle": 0.0001399890197543486,
        "fractional_slope_per_cycle": 0.00022167342026134745,
        "log_slope_per_cycle": 0.00022201893926069216,
        "efolding_cycles": 4504.120249064928
      },
      "period_days": {
        "available": true,
        "window_cycles": 100,
        "window_start_period": 1613.0,
        "window_end_period": 1712.0,
        "first": 0.5572574870728163,
        "last": 0.557262802262687,
        "median": 0.5572514633168639,
        "peak_to_peak": 7.466691114976776e-05,
        "fractional_peak_to_peak": 0.0001339914133295164,
        "slope_per_cycle": 1.47867262933506e-07,
        "fractional_slope_per_cycle": 2.6535105363990013e-07,
        "log_slope_per_cycle": 2.653477034549015e-07,
        "efolding_cycles": 3768640.1162690297
      },
      "gamma": {
        "available": true,
        "window_cycles": 100,
        "window_start_period": 1613.0,
        "window_end_period": 1712.0,
        "first": 0.0005901245981300409,
        "last": 0.0002150562031219933,
        "median": 0.0003453845936836307,
        "peak_to_peak": 0.0003905506472711201,
        "fractional_peak_to_peak": 1.1307703192715686,
        "slope_per_cycle": -3.7810463900025367e-06,
        "fractional_slope_per_cycle": -0.01094735103751021,
        "log_slope_per_cycle": -0.010470143332935607,
        "efolding_cycles": null
      },
      "max_vsurf_div_cs": {
        "available": true,
        "window_cycles": 100,
        "window_start_period": 1629.0,
        "window_end_period": 1712.0,
        "first": 4.85518,
        "last": 4.93757,
        "median": 4.903445,
        "peak_to_peak": 0.08304000000000045,
        "fractional_peak_to_peak": 0.016935032410886723,
        "slope_per_cycle": 0.0010097072997873851,
        "fractional_slope_per_cycle": 0.000205917941322353,
        "log_slope_per_cycle": 0.00020609756772377533,
        "efolding_cycles": 4852.070847047849
      }
    },
    "250": {
      "delta_r": {
        "available": true,
        "window_cycles": 250,
        "window_start_period": 1463.0,
        "window_end_period": 1712.0,
        "first": 0.5548128314150738,
        "last": 0.6368309377266126,
        "median": 0.6161688034290256,
        "peak_to_peak": 0.08201810631153883,
        "fractional_peak_to_peak": 0.13310980019615065,
        "slope_per_cycle": 0.00031403403823021336,
        "fractional_slope_per_cycle": 0.0005096558548284016,
        "log_slope_per_cycle": 0.0005206929538470325,
        "efolding_cycles": 1920.5176344555966
      },
      "period_days": {
        "available": true,
        "window_cycles": 250,
        "window_start_period": 1463.0,
        "window_end_period": 1712.0,
        "first": 0.5568268825244849,
        "last": 0.557262802262687,
        "median": 0.5572307986660032,
        "peak_to_peak": 0.0005562382789880971,
        "fractional_peak_to_peak": 0.000998218835569961,
        "slope_per_cycle": 6.899439361983589e-07,
        "fractional_slope_per_cycle": 1.2381654744319008e-06,
        "log_slope_per_cycle": 1.2383227428612116e-06,
        "efolding_cycles": 807543.9183887118
      },
      "gamma": {
        "available": true,
        "window_cycles": 250,
        "window_start_period": 1463.0,
        "window_end_period": 1712.0,
        "first": 0.0020214194807428665,
        "last": 0.0002150562031219933,
        "median": 0.000738109947942818,
        "peak_to_peak": 0.0018177428223442231,
        "fractional_peak_to_peak": 2.462699259656971,
        "slope_per_cycle": -7.132762756488623e-06,
        "fractional_slope_per_cycle": -0.009663550499987577,
        "log_slope_per_cycle": -0.009177341233388177,
        "efolding_cycles": null
      },
      "max_vsurf_div_cs": {
        "available": true,
        "window_cycles": 250,
        "window_start_period": 1629.0,
        "window_end_period": 1712.0,
        "first": 4.85518,
        "last": 4.93757,
        "median": 4.903445,
        "peak_to_peak": 0.08304000000000045,
        "fractional_peak_to_peak": 0.016935032410886723,
        "slope_per_cycle": 0.0010097072997873851,
        "fractional_slope_per_cycle": 0.000205917941322353,
        "log_slope_per_cycle": 0.00020609756772377533,
        "efolding_cycles": 4852.070847047849
      }
    },
    "500": {
      "delta_r": {
        "available": true,
        "window_cycles": 500,
        "window_start_period": 1213.0,
        "window_end_period": 1712.0,
        "first": 0.3285908403415423,
        "last": 0.6368309377266126,
        "median": 0.5544519937432373,
        "peak_to_peak": 0.3082400973850703,
        "fractional_peak_to_peak": 0.5559364938054746,
        "slope_per_cycle": 0.0006545489909428824,