{
  "generated_at": "2026-06-20T01:03:10.455844+00:00",
  "workspace": "<local-rre-root>/rsp_batch_runs",
  "model_id": "model_001",
  "run_name": "model_001_M0p5602_Z0p003592_T6824",
  "source": "cumulative:continue_saturation_resume:LOGS_continue_saturation_resume_2500000",
  "source_kind": "history_exact_rsp_columns",
  "cycle_count": 109,
  "first_period": 1907.0,
  "last_period": 2015.0,
  "rolling_window": 100,
  "fits": {
    "50": {
      "delta_r": {
        "available": true,
        "window_cycles": 50,
        "window_start_period": 1966.0,
        "window_end_period": 2015.0,
        "first": 0.5479807011245557,
        "last": 0.5564885367961905,
        "median": 0.5525498035205589,
        "peak_to_peak": 0.009046253738147492,
        "fractional_peak_to_peak": 0.016371834141482786,
        "slope_per_cycle": 0.00017465602655865683,
        "fractional_slope_per_cycle": 0.0003160910119700338,
        "log_slope_per_cycle": 0.00031634200909135115,
        "efolding_cycles": 3161.1356419982358
      },
      "period_days": {
        "available": true,
        "window_cycles": 50,
        "window_start_period": 1966.0,
        "window_end_period": 2015.0,
        "first": 0.5920704832835192,
        "last": 0.5920378453736366,
        "median": 0.5920536352141277,
        "peak_to_peak": 0.00012572914517172684,
        "fractional_peak_to_peak": 0.0002123610728718091,
        "slope_per_cycle": 1.1659185419238184e-07,
        "fractional_slope_per_cycle": 1.9692785798066106e-07,
        "log_slope_per_cycle": 1.9698811481948096e-07,
        "efolding_cycles": 5076448.398505644
      },
      "gamma": {
        "available": true,
        "window_cycles": 50,
        "window_start_period": 1966.0,
        "window_end_period": 2015.0,
        "first": 0.0005816722774206863,
        "last": 0.00036268624888953374,
        "median": 0.0004447802117083324,
        "peak_to_peak": 0.0002683538395218916,
        "fractional_peak_to_peak": 0.6033403295780309,
        "slope_per_cycle": -4.194155499012071e-06,
        "fractional_slope_per_cycle": -0.009429725937903049,
        "log_slope_per_cycle": -0.009555912195433095,
        "efolding_cycles": null
      },
      "max_vsurf_div_cs": {
        "available": true,
        "window_cycles": 50,
        "window_start_period": 1966.0,
        "window_end_period": 2015.0,
        "first": 4.44109,
        "last": 4.49705,
        "median": 4.47192,
        "peak_to_peak": 0.056529999999999525,
        "fractional_peak_to_peak": 0.012641102703089395,
        "slope_per_cycle": 0.0011549575030011952,
        "fractional_slope_per_cycle": 0.00025826882032800125,
        "log_slope_per_cycle": 0.0002584258079791012,
        "efolding_cycles": 3869.5825615097606
      }
    },
    "100": {
      "delta_r": {
        "available": true,
        "window_cycles": 100,
        "window_start_period": 1916.0,
        "window_end_period": 2015.0,
        "first": 0.534003016336488,
        "last": 0.5564885367961905,
        "median": 0.5477285940994814,
        "peak_to_peak": 0.022485520459702535,
        "fractional_peak_to_peak": 0.04105230346184664,
        "slope_per_cycle": 0.00021903051415244547,
        "fractional_slope_per_cycle": 0.0003998887706648815,
        "log_slope_per_cycle": 0.0004010620924580452,
        "efolding_cycles": 2493.379501092114
      },
      "period_days": {
        "available": true,
        "window_cycles": 100,
        "window_start_period": 1916.0,
        "window_end_period": 2015.0,
        "first": 0.5920453599117765,
        "last": 0.5920378453736366,
        "median": 0.5920476371944123,
        "peak_to_peak": 0.00017026286037569172,
        "fractional_peak_to_peak": 0.0002875830417676036,
        "slope_per_cycle": 3.996299989240473e-07,
        "fractional_slope_per_cycle": 6.749963580934276e-07,
        "log_slope_per_cycle": 6.75050413162391e-07,
        "efolding_cycles": 1481370.8435720026
      },
      "gamma": {
        "available": true,
        "window_cycles": 100,
        "window_start_period": 1916.0,
        "window_end_period": 2015.0,
        "first": 0.0008665935376975414,
        "last": 0.00036268624888953374,
        "median": 0.0005600164711355816,
        "peak_to_peak": 0.0005563032818912524,
        "fractional_peak_to_peak": 0.9933694999420289,
        "slope_per_cycle": -5.379439022404114e-06,
        "fractional_slope_per_cycle": -0.009605858576794853,
        "log_slope_per_cycle": -0.009496146537781061,
        "efolding_cycles": null
      },
      "max_vsurf_div_cs": {
        "available": true,
        "window_cycles": 100,
        "window_start_period": 1916.0,
        "window_end_period": 2015.0,
        "first": 4.34592,
        "last": 4.49705,
        "median": 4.439915,
        "peak_to_peak": 0.1511300000000002,
        "fractional_peak_to_peak": 0.03403893993466096,
        "slope_per_cycle": 0.0014866298829882998,
        "fractional_slope_per_cycle": 0.0003348329603130465,
        "log_slope_per_cycle": 0.00033571933316747186,
        "efolding_cycles": 2978.6786199207513
      }
    },
    "250": {
      "delta_r": {
        "available": false,
        "reason": "only 109 rows for 250-cycle window"
      },
      "period_days": {
        "available": false,
        "reason": "only 109 rows for 250-cycle window"
      },
      "gamma": {
        "available": false,
        "reason": "only 109 rows for 250-cycle window"
      },
      "max_vsurf_div_cs": {
        "available": false,
        "reason": "only 109 rows for 250-cycle window"
      }
    },
    "500": {
      "delta_r": {
        "available": false,
        "reason": "only 109 rows for 500-cycle window"
      },
      "period_days": {
        "available": false,
        "reason": "only 109 rows for 500-cycle window"
      },
      "gamma": {
        "available": false,
        "reason": "only 109 rows for 500-cycle window"
      },
      "max_vsurf_div_cs": {
        "available": false,
        "reason": "only 109 rows for 500-cycle window"
      }
    }
  },
  "latest_rolling": {
    "window_start_period": 1916.0,
    "window_end_period": 2015.0,
    "gamma_peak_to_peak": 0.0005563032818912524,
    "period_fractional_peak_to_peak": 0.0002875830417676036,
    "delta_r_fractional_peak_to_peak": 0.04105230346184664
  },
  "growth_outlook": {
    "status": "amplitude still growing",
    "tolerance": 0.001,
    "delta_r_fractional_peak_to_peak": 0.04105230346184664,
    "delta_r_criterion_factor": 41.05230346184664,
    "log_slope_per_cycle": 0.0004010620924580452,
    "efolding_cycles": 2493.379501092114,
    "doubling_cycles": 1728.2789712479616,
    "fit_window_cycles": 100,
    "max_vsurf_div_cs_latest": 4.49705,
    "max_vsurf_div_cs_log_slope_per_cycle": 0.00033571933316747186,
    "max_vsurf_div_cs_efolding_cycles": 2978.6786199207513,
    "max_vsurf_div_cs_fit_window_cycles": 100,
    "cycles_to_vsurf_div_cs_0p8": 0.0,
    "cycles_to_vsurf_div_cs_1p0": 0.0
  }
}
