{
  "generated_at": "2026-06-18T09:25:47.578666+00:00",
  "workspace": "<local-rre-root>/rsp_batch_runs",
  "model_id": "model_008",
  "run_name": "model_008_M0p6151_Z0p0004406_T6792",
  "source": "cumulative:saturation+continue_saturation+continue_saturation_resume:LOGS_continue_saturation_resume_1620000",
  "source_kind": "history_exact_rsp_columns",
  "cycle_count": 1029,
  "first_period": 1.0,
  "last_period": 1029.0,
  "rolling_window": 100,
  "fits": {
    "50": {
      "delta_r": {
        "available": true,
        "window_cycles": 50,
        "window_start_period": 980.0,
        "window_end_period": 1029.0,
        "first": 0.059543848546804945,
        "last": 0.06588868594891117,
        "median": 0.0626338336355503,
        "peak_to_peak": 0.006344837402106229,
        "fractional_peak_to_peak": 0.1013004798496793,
        "slope_per_cycle": 0.00012947227763850889,
        "fractional_slope_per_cycle": 0.002067130017809125,
        "log_slope_per_cycle": 0.0020665352201345542,
        "efolding_cycles": 483.9017454224124
      },
      "period_days": {
        "available": true,
        "window_cycles": 50,
        "window_start_period": 980.0,
        "window_end_period": 1029.0,
        "first": 0.6316223164214925,
        "last": 0.6316194048066865,
        "median": 0.6316216910036315,
        "peak_to_peak": 2.9405979093954926e-06,
        "fractional_peak_to_peak": 4.6556316087291965e-06,
        "slope_per_cycle": -5.97113455296065e-08,
        "fractional_slope_per_cycle": -9.453656576411526e-08,
        "log_slope_per_cycle": -9.453664448178154e-08,
        "efolding_cycles": null
      },
      "gamma": {
        "available": true,
        "window_cycles": 50,
        "window_start_period": 980.0,
        "window_end_period": 1029.0,
        "first": 0.004163150623545228,
        "last": 0.00418514585989448,
        "median": 0.004173322904423853,
        "peak_to_peak": 2.199523634925215e-05,
        "fractional_peak_to_peak": 0.0052704372158541846,
        "slope_per_cycle": 4.3728858479410325e-07,
        "fractional_slope_per_cycle": 0.00010478187161855213,
        "log_slope_per_cycle": 0.0001047696698303103,
        "efolding_cycles": 9544.747078230228
      },
      "max_vsurf_div_cs": {
        "available": true,
        "window_cycles": 50,
        "window_start_period": 1018.0,
        "window_end_period": 1029.0,
        "first": 0.36986,
        "last": 0.37892,
        "median": 0.37436,
        "peak_to_peak": 0.009059999999999957,
        "fractional_peak_to_peak": 0.02420130355807233,
        "slope_per_cycle": 0.0008239860139860115,
        "fractional_slope_per_cycle": 0.0022010525002297563,
        "log_slope_per_cycle": 0.00220099892018548,
        "efolding_cycles": 454.33915974648875
      }
    },
    "100": {
      "delta_r": {
        "available": true,
        "window_cycles": 100,
        "window_start_period": 930.0,
        "window_end_period": 1029.0,
        "first": 0.05372398716934512,
        "last": 0.06588868594891117,
        "median": 0.05948249993255006,
        "peak_to_peak": 0.012164698779566052,
        "fractional_peak_to_peak": 0.20450886888345587,
        "slope_per_cycle": 0.0001228015484404926,
        "fractional_slope_per_cycle": 0.0020644987782918157,
        "log_slope_per_cycle": 0.0020620049034119604,
        "efolding_cycles": 484.9648991354574
      },
      "period_days": {
        "available": true,
        "window_cycles": 100,
        "window_start_period": 930.0,
        "window_end_period": 1029.0,
        "first": 0.6316222745828607,
        "last": 0.6316194048066865,
        "median": 0.6316220767786553,
        "peak_to_peak": 2.9449637426459674e-06,
        "fractional_peak_to_peak": 4.662540862513259e-06,
        "slope_per_cycle": -1.8245763498797014e-08,
        "fractional_slope_per_cycle": -2.8887152887138602e-08,
        "log_slope_per_cycle": -2.8887193703310343e-08,
        "efolding_cycles": null
      },
      "gamma": {
        "available": true,
        "window_cycles": 100,
        "window_start_period": 930.0,
        "window_end_period": 1029.0,
        "first": 0.004142243335938283,
        "last": 0.00418514585989448,
        "median": 0.00416302930542456,
        "peak_to_peak": 4.3005647944919546e-05,
        "fractional_peak_to_peak": 0.010330373578894055,
        "slope_per_cycle": 4.271594877065278e-07,
        "fractional_slope_per_cycle": 0.00010260785028583041,
        "log_slope_per_cycle": 0.00010260770740983916,
        "efolding_cycles": 9745.856575917502
      },
      "max_vsurf_div_cs": {
        "available": true,
        "window_cycles": 100,
        "window_start_period": 1018.0,
        "window_end_period": 1029.0,
        "first": 0.36986,
        "last": 0.37892,
        "median": 0.37436,
        "peak_to_peak": 0.009059999999999957,
        "fractional_peak_to_peak": 0.02420130355807233,
        "slope_per_cycle": 0.0008239860139860115,
        "fractional_slope_per_cycle": 0.0022010525002297563,
        "log_slope_per_cycle": 0.00220099892018548,
        "efolding_cycles": 454.33915974648875
      }
    },
    "250": {
      "delta_r": {
        "available": true,
        "window_cycles": 250,
        "window_start_period": 780.0,
        "window_end_period": 1029.0,
        "first": 0.039535350638684186,
        "last": 0.06588868594891117,
        "median": 0.05098764208297668,
        "peak_to_peak": 0.02635333531022699,
        "fractional_peak_to_peak": 0.5168573056847753,
        "slope_per_cycle": 0.00010530356413634337,
        "fractional_slope_per_cycle": 0.0020652762087914086,
        "log_slope_per_cycle": 0.002050529272697907,
        "efolding_cycles": 487.6789682130641
      },
      "period_days": {
        "available": true,
        "window_cycles": 250,
        "window_start_period": 780.0,
        "window_end_period": 1029.0,
        "first": 0.6316293837116272,
        "last": 0.6316194048066865,
        "median": 0.6316236336199843,
        "peak_to_peak": 9.978904940699529e-06,
        "fractional_peak_to_peak": 1.57988150055565e-05,
        "slope_per_cycle": -4.0821987240497084e-08,
        "fractional_slope_per_cycle": -6.463024033242175e-08,
        "log_slope_per_cycle": -6.463009468789448e-08,
        "efolding_cycles": null
      },
      "gamma": {
        "available": true,
        "window_cycles": 250,
        "window_start_period": 780.0,
        "window_end_period": 1029.0,
        "first": 0.004093546241247118,
        "last": 0.00418514585989448,
        "median": 0.004130234364386972,
        "peak_to_peak": 9.307509035592475e-05,
        "fractional_peak_to_peak": 0.022535062697280953,
        "slope_per_cycle": 3.709071208200156e-07,
        "fractional_slope_per_cycle": 8.980292353823058e-05,
        "log_slope_per_cycle": 8.96728878199305e-05,
        "efolding_cycles": 11151.642645969769
      },
      "max_vsurf_div_cs": {
        "available": true,
        "window_cycles": 250,
        "window_start_period": 1018.0,
        "window_end_period": 1029.0,
        "first": 0.36986,
        "last": 0.37892,
        "median": 0.37436,
        "peak_to_peak": 0.009059999999999957,
        "fractional_peak_to_peak": 0.02420130355807233,
        "slope_per_cycle": 0.0008239860139860115,
        "fractional_slope_per_cycle": 0.0022010525002297563,
        "log_slope_per_cycle": 0.00220099892018548,
        "efolding_cycles": 454.33915974648875
      }
    },
    "500": {
      "delta_r": {
        "available": true,
        "window_cycles": 500,
        "window_start_period": 530.0,
        "window_end_period": 1029.0,
        "first": 0.0070948975190967545,
        "last": 0.06588868594891117,
        "median": 0.03949512614714479,
        "peak_to_peak": 0.05879378842981442,