{
  "generated_at": "2026-06-18T15:15:27.038390+00:00",
  "workspace": "<local-rre-root>/rsp_batch_runs",
  "model_id": "model_008",
  "run_name": "model_008_M0p6151_Z0p0004406_T6792",
  "source": "cumulative:saturation+continue_saturation+continue_saturation_resume:LOGS_continue_saturation_resume_1620000",
  "source_kind": "history_exact_rsp_columns",
  "cycle_count": 1058,
  "first_period": 1.0,
  "last_period": 1058.0,
  "rolling_window": 100,
  "fits": {
    "50": {
      "delta_r": {
        "available": true,
        "window_cycles": 50,
        "window_start_period": 1009.0,
        "window_end_period": 1058.0,
        "first": 0.06321910657718988,
        "last": 0.0699640268589139,
        "median": 0.06650456992133247,
        "peak_to_peak": 0.006744920281724021,
        "fractional_peak_to_peak": 0.10142040298437406,
        "slope_per_cycle": 0.00013761939175253667,
        "fractional_slope_per_cycle": 0.0020693223325152716,
        "log_slope_per_cycle": 0.0020687390887311513,
        "efolding_cycles": 483.38623533881406
      },
      "period_days": {
        "available": true,
        "window_cycles": 50,
        "window_start_period": 1009.0,
        "window_end_period": 1058.0,
        "first": 0.631621367046782,
        "last": 0.6316165888097344,
        "median": 0.6316188749294142,
        "peak_to_peak": 4.778237047586842e-06,
        "fractional_peak_to_peak": 7.565063738984729e-06,
        "slope_per_cycle": -1.0481910028722607e-07,
        "fractional_slope_per_cycle": -1.6595308412678454e-07,
        "log_slope_per_cycle": -1.659530641627964e-07,
        "efolding_cycles": null
      },
      "gamma": {
        "available": true,
        "window_cycles": 50,
        "window_start_period": 1009.0,
        "window_end_period": 1058.0,
        "first": 0.004175341350873558,
        "last": 0.004200329388826382,
        "median": 0.004187611595550302,
        "peak_to_peak": 2.4988037952824137e-05,
        "fractional_peak_to_peak": 0.0059671336232271594,
        "slope_per_cycle": 5.132156624051126e-07,
        "fractional_slope_per_cycle": 0.0001225556980858608,
        "log_slope_per_cycle": 0.00012255931293745682,
        "efolding_cycles": 8159.314670034985
      },
      "max_vsurf_div_cs": {
        "available": true,
        "window_cycles": 50,
        "window_start_period": 1018.0,
        "window_end_period": 1058.0,
        "first": 0.36986,
        "last": 0.40401,
        "median": 0.38651,
        "peak_to_peak": 0.03414999999999996,
        "fractional_peak_to_peak": 0.08835476443041566,
        "slope_per_cycle": 0.000853297909407666,
        "fractional_slope_per_cycle": 0.0022076994370331064,
        "log_slope_per_cycle": 0.0022070774707828203,
        "efolding_cycles": 453.08785633397525
      }
    },
    "100": {
      "delta_r": {
        "available": true,
        "window_cycles": 100,
        "window_start_period": 959.0,
        "window_end_period": 1058.0,
        "first": 0.05702212513316507,
        "last": 0.0699640268589139,
        "median": 0.06315383278725273,
        "peak_to_peak": 0.012941901725748828,
        "fractional_peak_to_peak": 0.20492662368325937,
        "slope_per_cycle": 0.00013065031397751074,
        "fractional_slope_per_cycle": 0.0020687630221531356,
        "log_slope_per_cycle": 0.0020663938291639945,
        "efolding_cycles": 483.9348559246193
      },
      "period_days": {
        "available": true,
        "window_cycles": 100,
        "window_start_period": 959.0,
        "window_end_period": 1058.0,
        "first": 0.6316220336359132,
        "last": 0.6316165888097344,
        "median": 0.6316214171856538,
        "peak_to_peak": 5.760960694822792e-06,
        "fractional_peak_to_peak": 9.12090777493294e-06,
        "slope_per_cycle": -6.257984388777324e-08,
        "fractional_slope_per_cycle": -9.907809042735329e-08,
        "log_slope_per_cycle": -9.907831947657798e-08,
        "efolding_cycles": null
      },
      "gamma": {
        "available": true,
        "window_cycles": 100,
        "window_start_period": 959.0,
        "window_end_period": 1058.0,
        "first": 0.004154207126987785,
        "last": 0.004200329388826382,
        "median": 0.004175110918115626,
        "peak_to_peak": 4.6122261838596815e-05,
        "fractional_peak_to_peak": 0.011046954857767804,
        "slope_per_cycle": 4.5817873833005133e-07,
        "fractional_slope_per_cycle": 0.0001097404948793177,
        "log_slope_per_cycle": 0.0001097021623961403,
        "efolding_cycles": 9115.590596919568
      },
      "max_vsurf_div_cs": {
        "available": true,
        "window_cycles": 100,
        "window_start_period": 1018.0,
        "window_end_period": 1058.0,
        "first": 0.36986,
        "last": 0.40401,
        "median": 0.38651,
        "peak_to_peak": 0.03414999999999996,
        "fractional_peak_to_peak": 0.08835476443041566,
        "slope_per_cycle": 0.000853297909407666,
        "fractional_slope_per_cycle": 0.0022076994370331064,
        "log_slope_per_cycle": 0.0022070774707828203,
        "efolding_cycles": 453.08785633397525
      }
    },
    "250": {
      "delta_r": {
        "available": true,
        "window_cycles": 250,
        "window_start_period": 809.0,
        "window_end_period": 1058.0,
        "first": 0.04194357224267797,
        "last": 0.0699640268589139,
        "median": 0.05411130129265995,
        "peak_to_peak": 0.028020454616235924,
        "fractional_peak_to_peak": 0.5178299901657848,
        "slope_per_cycle": 0.00011197987119681425,
        "fractional_slope_per_cycle": 0.0020694359315288546,
        "log_slope_per_cycle": 0.0020543723681952946,
        "efolding_cycles": 486.76667165187314
      },
      "period_days": {
        "available": true,
        "window_cycles": 250,
        "window_start_period": 809.0,
        "window_end_period": 1058.0,
        "first": 0.6316290569841793,
        "last": 0.6316165888097344,
        "median": 0.6316223344899266,
        "peak_to_peak": 1.2468174444890678e-05,
        "fractional_peak_to_peak": 1.97399201454133e-05,
        "slope_per_cycle": -4.384910797032995e-08,
        "fractional_slope_per_cycle": -6.942298518582434e-08,
        "log_slope_per_cycle": -6.942285693393078e-08,
        "efolding_cycles": null
      },
      "gamma": {
        "available": true,
        "window_cycles": 250,
        "window_start_period": 809.0,
        "window_end_period": 1058.0,
        "first": 0.004102364121772927,
        "last": 0.004200329388826382,
        "median": 0.004143137757801778,
        "peak_to_peak": 9.98378922559065e-05,
        "fractional_peak_to_peak": 0.02409716936587632,
        "slope_per_cycle": 4.0030796075742843e-07,
        "fractional_slope_per_cycle": 9.661951500493181e-05,
        "log_slope_per_cycle": 9.652572027652195e-05,
        "efolding_cycles": 10359.933053441622
      },
      "max_vsurf_div_cs": {
        "available": true,
        "window_cycles": 250,
        "window_start_period": 1018.0,
        "window_end_period": 1058.0,
        "first": 0.36986,
        "last": 0.40401,
        "median": 0.38651,
        "peak_to_peak": 0.03414999999999996,
        "fractional_peak_to_peak": 0.08835476443041566,
        "slope_per_cycle": 0.000853297909407666,
        "fractional_slope_per_cycle": 0.0022076994370331064,
        "log_slope_per_cycle": 0.0022070774707828203,
        "efolding_cycles": 453.08785633397525
      }
    },
    "500": {
      "delta_r": {
        "available": true,
        "window_cycles": 500,
        "window_start_period": 559.0,
        "window_end_period": 1058.0,
        "first": 0.0075213126857871515,
        "last": 0.0699640268589139,
        "median": 0.04190081762571474,
        "peak_to_peak": 0.062442714173126745,
        "fractional_peak_to_peak": 1.4902504941766421,
        "slope_per_cycle": 0.00010497619957263464,
        "fractional_slope_per_cycle": 0.0025053496690768686,