{
  "generated_at": "2026-06-18T01:58:52.652015+00:00",
  "workspace": "<local-rre-root>/rsp_batch_runs",
  "model_id": "model_008",
  "run_name": "model_008_M0p6151_Z0p0004406_T6792",
  "source": "cumulative:saturation+continue_saturation",
  "source_kind": "history_exact_rsp_columns",
  "cycle_count": 990,
  "first_period": 1.0,
  "last_period": 990.0,
  "rolling_window": 100,
  "fits": {
    "50": {
      "delta_r": {
        "available": true,
        "window_cycles": 50,
        "window_start_period": 941.0,
        "window_end_period": 990.0,
        "first": 0.05495102628604709,
        "last": 0.0607854854650256,
        "median": 0.057790469406377554,
        "peak_to_peak": 0.005834459178978513,
        "fractional_peak_to_peak": 0.10095884734818648,
        "slope_per_cycle": 0.00011904680519056853,
        "fractional_slope_per_cycle": 0.0020599729750149934,
        "log_slope_per_cycle": 0.002059329359786604,
        "efolding_cycles": 485.5949803501194
      },
      "period_days": {
        "available": true,
        "window_cycles": 50,
        "window_start_period": 941.0,
        "window_end_period": 990.0,
        "first": 0.6316220346622652,
        "last": 0.6316222428383858,
        "median": 0.631622195658619,
        "peak_to_peak": 3.8896221665751796e-07,
        "fractional_peak_to_peak": 6.158146742324828e-07,
        "slope_per_cycle": 7.624665684509642e-09,
        "fractional_slope_per_cycle": 1.2071560716068698e-08,
        "log_slope_per_cycle": 1.2071561116071027e-08,
        "efolding_cycles": 82839327.10813077
      },
      "gamma": {
        "available": true,
        "window_cycles": 50,
        "window_start_period": 941.0,
        "window_end_period": 990.0,
        "first": 0.004146308675755975,
        "last": 0.004166783629785517,
        "median": 0.004157167174169583,
        "peak_to_peak": 2.0877799275114718e-05,
        "fractional_peak_to_peak": 0.005022121651695466,
        "slope_per_cycle": 4.2335570785556494e-07,
        "fractional_slope_per_cycle": 0.00010183754708881356,
        "log_slope_per_cycle": 0.0001018424344605302,
        "efolding_cycles": 9819.089707518307
      },
      "max_vsurf_div_cs": {
        "available": true,
        "window_cycles": 50,
        "window_start_period": 941.0,
        "window_end_period": 990.0,
        "first": 0.31236,
        "last": 0.34777,
        "median": 0.32954,
        "peak_to_peak": 0.03541,
        "fractional_peak_to_peak": 0.10745281301207743,
        "slope_per_cycle": 0.0007226040816326531,
        "fractional_slope_per_cycle": 0.002192765921079848,
        "log_slope_per_cycle": 0.002191903581553846,
        "efolding_cycles": 456.2244472866354
      }
    },
    "100": {
      "delta_r": {
        "available": true,
        "window_cycles": 100,
        "window_start_period": 891.0,
        "window_end_period": 990.0,
        "first": 0.049598106758343086,
        "last": 0.0607854854650256,
        "median": 0.05489465053223652,
        "peak_to_peak": 0.011187378706682516,
        "fractional_peak_to_peak": 0.20379724796886722,
        "slope_per_cycle": 0.0001129044915944469,
        "fractional_slope_per_cycle": 0.0020567485264915654,
        "log_slope_per_cycle": 0.002054282857590714,
        "efolding_cycles": 486.78788137910635
      },
      "period_days": {
        "available": true,
        "window_cycles": 100,
        "window_start_period": 891.0,
        "window_end_period": 990.0,
        "first": 0.6316246475263809,
        "last": 0.6316222428383858,
        "median": 0.6316223068984604,
        "peak_to_peak": 2.686718168387614e-06,
        "fractional_peak_to_peak": 4.253678407243984e-06,
        "slope_per_cycle": -1.9152920344779064e-08,
        "fractional_slope_per_cycle": -3.0323375434329124e-08,
        "log_slope_per_cycle": -3.032333770749018e-08,
        "efolding_cycles": null
      },
      "gamma": {
        "available": true,
        "window_cycles": 100,
        "window_start_period": 891.0,
        "window_end_period": 990.0,
        "first": 0.004124990998167456,
        "last": 0.004166783629785517,
        "median": 0.004146090632155413,
        "peak_to_peak": 4.219547686363373e-05,
        "fractional_peak_to_peak": 0.010177171848676574,
        "slope_per_cycle": 4.3209055851133824e-07,
        "fractional_slope_per_cycle": 0.00010421638040428192,
        "log_slope_per_cycle": 0.0001042155154776492,
        "efolding_cycles": 9595.500203752934
      },
      "max_vsurf_div_cs": {
        "available": true,
        "window_cycles": 100,
        "window_start_period": 891.0,
        "window_end_period": 990.0,
        "first": 0.2804,
        "last": 0.34777,
        "median": 0.31202,
        "peak_to_peak": 0.06737000000000004,
        "fractional_peak_to_peak": 0.21591564643292108,
        "slope_per_cycle": 0.0006799787578757874,
        "fractional_slope_per_cycle": 0.002179279398358398,
        "log_slope_per_cycle": 0.0021755833687091405,
        "efolding_cycles": 459.64683053876234
      }
    },
    "250": {
      "delta_r": {
        "available": true,
        "window_cycles": 250,
        "window_start_period": 741.0,
        "window_end_period": 990.0,
        "first": 0.0365204475187868,
        "last": 0.0607854854650256,
        "median": 0.047076512524303116,
        "peak_to_peak": 0.0242650379462388,
        "fractional_peak_to_peak": 0.5154383076637642,
        "slope_per_cycle": 9.698128423449491e-05,
        "fractional_slope_per_cycle": 0.002060077924940353,
        "log_slope_per_cycle": 0.002045725819151616,
        "efolding_cycles": 488.82405972404973
      },
      "period_days": {
        "available": true,
        "window_cycles": 250,
        "window_start_period": 741.0,
        "window_end_period": 990.0,
        "first": 0.63162948541119,
        "last": 0.6316222428383858,
        "median": 0.6316266123778014,
        "peak_to_peak": 7.524602977482253e-06,
        "fractional_peak_to_peak": 1.1913055640824526e-05,
        "slope_per_cycle": -3.9958915286045955e-08,
        "fractional_slope_per_cycle": -6.326350806470598e-08,
        "log_slope_per_cycle": -6.326358634921205e-08,
        "efolding_cycles": null
      },
      "gamma": {
        "available": true,
        "window_cycles": 250,
        "window_start_period": 741.0,
        "window_end_period": 990.0,
        "first": 0.004084073438044892,
        "last": 0.004166783629785517,
        "median": 0.0041168606962290475,
        "peak_to_peak": 8.491366304294763e-05,
        "fractional_peak_to_peak": 0.02062582858845009,
        "slope_per_cycle": 3.3466382964972867e-07,
        "fractional_slope_per_cycle": 8.129102594029312e-05,
        "log_slope_per_cycle": 8.11762044299227e-05,
        "efolding_cycles": 12318.88097038676
      },
      "max_vsurf_div_cs": {
        "available": true,
        "window_cycles": 250,
        "window_start_period": 741.0,
        "window_end_period": 990.0,
        "first": 0.20372,
        "last": 0.34777,
        "median": 0.26551,
        "peak_to_peak": 0.14405,
        "fractional_peak_to_peak": 0.5425407705924448,
        "slope_per_cycle": 0.0005743036413382614,
        "fractional_slope_per_cycle": 0.0021630207575543724,
        "log_slope_per_cycle": 0.0021444668583980304,
        "efolding_cycles": 466.316369536727
      }
    },
    "500": {
      "delta_r": {
        "available": true,
        "window_cycles": 500,
        "window_start_period": 491.0,
        "window_end_period": 990.0,
        "first": 0.006559149071827974,
        "last": 0.0607854854650256,
        "median": 0.03648339153734703,
        "peak_to_peak": 0.05422633639319763,
        "fractional_peak_to_peak": 1.4863293709327334,
        "slope_per_cycle": 0.00011151359705236557,