{
  "generated_at": "2026-06-19T08:38:13.074476+00:00",
  "workspace": "<local-rre-root>/rsp_batch_runs",
  "model_id": "model_009",
  "run_name": "model_009_M0p6668_Z0p0001120_T6852",
  "source": "cumulative:saturation+saturation_resume:LOGS_saturation_resume_130000",
  "source_kind": "history_exact_rsp_columns",
  "cycle_count": 255,
  "first_period": 1.0,
  "last_period": 255.0,
  "rolling_window": 100,
  "fits": {
    "50": {
      "delta_r": {
        "available": true,
        "window_cycles": 50,
        "window_start_period": 206.0,
        "window_end_period": 255.0,
        "first": 0.003656408861666627,
        "last": 0.004102927841316273,
        "median": 0.0036626370038894684,
        "peak_to_peak": 0.000841685109116419,
        "fractional_peak_to_peak": 0.22980303759903242,
        "slope_per_cycle": 9.97760534096552e-06,
        "fractional_slope_per_cycle": 0.00272415894077682,
        "log_slope_per_cycle": 0.002694646438603226,
        "efolding_cycles": 371.1061999355847
      },
      "period_days": {
        "available": true,
        "window_cycles": 50,
        "window_start_period": 206.0,
        "window_end_period": 255.0,
        "first": 0.4885550978203968,
        "last": 0.5004831414134888,
        "median": 0.5024209421849163,
        "peak_to_peak": 0.02988681746845101,
        "fractional_peak_to_peak": 0.05948561247960709,
        "slope_per_cycle": 2.477985874834607e-05,
        "fractional_slope_per_cycle": 4.9320911346935514e-05,
        "log_slope_per_cycle": 4.967671292393836e-05,
        "efolding_cycles": 20130.156387986717
      },
      "gamma": {
        "available": true,
        "window_cycles": 50,
        "window_start_period": 206.0,
        "window_end_period": 255.0,
        "first": 0.005265673572252809,
        "last": 0.003484281468735791,
        "median": 0.005072659648426726,
        "peak_to_peak": 0.005262539035872623,
        "fractional_peak_to_peak": 1.0374319194674904,
        "slope_per_cycle": -1.707151119166903e-06,
        "fractional_slope_per_cycle": -0.0003365396532559349,
        "log_slope_per_cycle": -0.00023892107904933792,
        "efolding_cycles": null
      },
      "max_vsurf_div_cs": {
        "available": true,
        "window_cycles": 50,
        "window_start_period": 206.0,
        "window_end_period": 255.0,
        "first": 0.02586,
        "last": 0.02881,
        "median": 0.025419999999999998,
        "peak_to_peak": 0.0072499999999999995,
        "fractional_peak_to_peak": 0.2852084972462628,
        "slope_per_cycle": 6.835054021608642e-05,
        "fractional_slope_per_cycle": 0.0026888489463448633,
        "log_slope_per_cycle": 0.0026851652508589853,
        "efolding_cycles": 372.4165578562063
      }
    },
    "100": {
      "delta_r": {
        "available": true,
        "window_cycles": 100,
        "window_start_period": 156.0,
        "window_end_period": 255.0,
        "first": 0.0032002564131490274,
        "last": 0.004102927841316273,
        "median": 0.0034285269348761638,
        "peak_to_peak": 0.0011816442656922277,
        "fractional_peak_to_peak": 0.3446507168055566,
        "slope_per_cycle": 9.404006510373146e-06,
        "fractional_slope_per_cycle": 0.0027428708273259674,
        "log_slope_per_cycle": 0.002715199921083033,
        "efolding_cycles": 368.2970054010322
      },
      "period_days": {
        "available": true,
        "window_cycles": 100,
        "window_start_period": 156.0,
        "window_end_period": 255.0,
        "first": 0.4917802880821465,
        "last": 0.5004831414134888,
        "median": 0.5017432852078088,
        "peak_to_peak": 0.02988681746845101,
        "fractional_peak_to_peak": 0.05956595404375503,
        "slope_per_cycle": 6.7752745575998544e-06,
        "fractional_slope_per_cycle": 1.3503468322039856e-05,
        "log_slope_per_cycle": 1.3235259538156504e-05,
        "efolding_cycles": 75555.75295800257
      },
      "gamma": {
        "available": true,
        "window_cycles": 100,
        "window_start_period": 156.0,
        "window_end_period": 255.0,
        "first": 0.005015286094302382,
        "last": 0.003484281468735791,
        "median": 0.005104057065273535,
        "peak_to_peak": 0.005262539035872623,
        "fractional_peak_to_peak": 1.0310501956722529,
        "slope_per_cycle": 1.6730346221443225e-07,
        "fractional_slope_per_cycle": 3.2778525019384e-05,
        "log_slope_per_cycle": -0.0001893307122066855,
        "efolding_cycles": null
      },
      "max_vsurf_div_cs": {
        "available": true,
        "window_cycles": 100,
        "window_start_period": 156.0,
        "window_end_period": 255.0,
        "first": 0.02265,
        "last": 0.02881,
        "median": 0.02359,
        "peak_to_peak": 0.009309999999999999,
        "fractional_peak_to_peak": 0.3946587537091988,
        "slope_per_cycle": 6.454893489348936e-05,
        "fractional_slope_per_cycle": 0.0027362838021826774,
        "log_slope_per_cycle": 0.0027073515874708933,
        "efolding_cycles": 369.36466051465544
      }
    },
    "250": {
      "delta_r": {
        "available": true,
        "window_cycles": 250,
        "window_start_period": 6.0,
        "window_end_period": 255.0,
        "first": 9.644625932825335e-05,
        "last": 0.004102927841316273,
        "median": 0.0028000965944672274,
        "peak_to_peak": 0.0040064815819880195,
        "fractional_peak_to_peak": 1.4308369182350762,
        "slope_per_cycle": 7.946293670063866e-06,
        "fractional_slope_per_cycle": 0.002837864124318112,
        "log_slope_per_cycle": 0.003015812620206141,
        "efolding_cycles": 331.58558767873535
      },
      "period_days": {
        "available": true,
        "window_cycles": 250,
        "window_start_period": 6.0,
        "window_end_period": 255.0,
        "first": 0.3224724746385056,
        "last": 0.5004831414134888,
        "median": 0.5012360662727399,
        "peak_to_peak": 0.3949565433795009,
        "fractional_peak_to_peak": 0.78796513251022,
        "slope_per_cycle": -3.2454615268464837e-06,
        "fractional_slope_per_cycle": -6.474916202619218e-06,
        "log_slope_per_cycle": 8.417889767395417e-06,
        "efolding_cycles": 118794.61808507507
      },
      "gamma": {
        "available": true,
        "window_cycles": 250,
        "window_start_period": 6.0,
        "window_end_period": 255.0,
        "first": 0.004985109188970183,
        "last": 0.003484281468735791,
        "median": 0.0050867255220922855,
        "peak_to_peak": 0.005262539035872623,
        "fractional_peak_to_peak": 1.0345632004354781,
        "slope_per_cycle": 9.052086215247751e-09,
        "fractional_slope_per_cycle": 1.779550749481844e-06,
        "log_slope_per_cycle": -8.764018066517934e-05,
        "efolding_cycles": null
      },
      "max_vsurf_div_cs": {
        "available": true,
        "window_cycles": 250,
        "window_start_period": 129.0,
        "window_end_period": 255.0,
        "first": 0.01909,
        "last": 0.02881,
        "median": 0.02281,
        "peak_to_peak": 0.011179999999999999,
        "fractional_peak_to_peak": 0.49013590530469087,
        "slope_per_cycle": 6.275373781402323e-05,
        "fractional_slope_per_cycle": 0.0027511502768094356,
        "log_slope_per_cycle": 0.002732366524001128,
        "efolding_cycles": 365.9831106903091
      }
    },
    "500": {
      "delta_r": {
        "available": false,
        "reason": "only 255 rows for 500-cycle window"
      },
      "period_days": {
        "available": false,
        "reason": "only 255 rows for 500-cycle window"
      },
      "gamma": {
        "available": false,
        "reason": "only 255 rows for 500-cycle window"
      },
      "max_vsurf_div_cs": {
        "available": false,
        "reason": "only 255 rows for 500-cycle window"
      }
    }
  },
  "latest_rolling": {
    "window_start_period": 156.0,
    "window_end_period": 255.0,