{
  "generated_at": "2026-06-18T04:28:09.849352+00:00",
  "workspace": "<local-rre-root>/rsp_batch_runs",
  "model_id": "model_008",
  "run_name": "model_008_M0p6151_Z0p0004406_T6792",
  "source": "cumulative:saturation+continue_saturation",
  "source_kind": "history_exact_rsp_columns",
  "cycle_count": 1005,
  "first_period": 1.0,
  "last_period": 1005.0,
  "rolling_window": 100,
  "fits": {
    "50": {
      "delta_r": {
        "available": true,
        "window_cycles": 50,
        "window_start_period": 956.0,
        "window_end_period": 1005.0,
        "first": 0.05667185123090679,
        "last": 0.06269855818184666,
        "median": 0.05960533049188532,
        "peak_to_peak": 0.006026706950939875,
        "fractional_peak_to_peak": 0.1011102010710326,
        "slope_per_cycle": 0.00012298668471707948,
        "fractional_slope_per_cycle": 0.002063350436985211,
        "log_slope_per_cycle": 0.0020627251672978636,
        "efolding_cycles": 484.79555873649605
      },
      "period_days": {
        "available": true,
        "window_cycles": 50,
        "window_start_period": 956.0,
        "window_end_period": 1005.0,
        "first": 0.6316220877022931,
        "last": 0.631621651707424,
        "median": 0.6316222115312875,
        "peak_to_peak": 6.980630051778292e-07,
        "fractional_peak_to_peak": 1.1051907175421592e-06,
        "slope_per_cycle": -5.256966585073787e-09,
        "fractional_slope_per_cycle": -8.322960290343403e-09,
        "log_slope_per_cycle": -8.322963283565742e-09,
        "efolding_cycles": null
      },
      "gamma": {
        "available": true,
        "window_cycles": 50,
        "window_start_period": 956.0,
        "window_end_period": 1005.0,
        "first": 0.0041526667726231575,
        "last": 0.0041729854480674405,
        "median": 0.004163469172271648,
        "peak_to_peak": 2.0971672695362792e-05,
        "fractional_peak_to_peak": 0.005037066885238963,
        "slope_per_cycle": 4.18995395727298e-07,
        "fractional_slope_per_cycle": 0.00010063612299996644,
        "log_slope_per_cycle": 0.00010064001055725532,
        "efolding_cycles": 9936.40595288976
      },
      "max_vsurf_div_cs": {
        "available": true,
        "window_cycles": 50,
        "window_start_period": 956.0,
        "window_end_period": 1005.0,
        "first": 0.32276,
        "last": 0.35943,
        "median": 0.34057499999999996,
        "peak_to_peak": 0.036670000000000036,
        "fractional_peak_to_peak": 0.1076708507670852,
        "slope_per_cycle": 0.0007485334933973589,
        "fractional_slope_per_cycle": 0.0021978521423984703,
        "log_slope_per_cycle": 0.0021970893604065077,
        "efolding_cycles": 455.14762304205004
      }
    },
    "100": {
      "delta_r": {
        "available": true,
        "window_cycles": 100,
        "window_start_period": 906.0,
        "window_end_period": 1005.0,
        "first": 0.05114453838006039,
        "last": 0.06269855818184666,
        "median": 0.05661361705324541,
        "peak_to_peak": 0.011554019801786275,
        "fractional_peak_to_peak": 0.20408552576528818,
        "slope_per_cycle": 0.0001166119786521266,
        "fractional_slope_per_cycle": 0.002059786756646416,
        "log_slope_per_cycle": 0.0020572910447061053,
        "efolding_cycles": 486.07609631764825
      },
      "period_days": {
        "available": true,
        "window_cycles": 100,
        "window_start_period": 906.0,
        "window_end_period": 1005.0,
        "first": 0.6316236054338514,
        "last": 0.631621651707424,
        "median": 0.6316222312034936,
        "peak_to_peak": 1.9537264274172017e-06,
        "fractional_peak_to_peak": 3.093188192085275e-06,
        "slope_per_cycle": -8.61083267572837e-09,
        "fractional_slope_per_cycle": -1.3632884104350288e-08,
        "log_slope_per_cycle": -1.3632876692611658e-08,
        "efolding_cycles": null
      },
      "gamma": {
        "available": true,
        "window_cycles": 100,
        "window_start_period": 906.0,
        "window_end_period": 1005.0,
        "first": 0.0041302138455515235,
        "last": 0.0041729854480674405,
        "median": 0.004152665390959256,
        "peak_to_peak": 4.3424599766996724e-05,
        "fractional_peak_to_peak": 0.010457042809549783,
        "slope_per_cycle": 4.325656244260395e-07,
        "fractional_slope_per_cycle": 0.00010416577877133457,
        "log_slope_per_cycle": 0.00010417471355482328,
        "efolding_cycles": 9599.258456071848
      },
      "max_vsurf_div_cs": {
        "available": true,
        "window_cycles": 100,
        "window_start_period": 906.0,
        "window_end_period": 1005.0,
        "first": 0.28958,
        "last": 0.35943,
        "median": 0.322405,
        "peak_to_peak": 0.06985000000000002,
        "fractional_peak_to_peak": 0.21665296754082605,
        "slope_per_cycle": 0.0007054290429042905,
        "fractional_slope_per_cycle": 0.0021880214106614056,
        "log_slope_per_cycle": 0.002184506990378782,
        "efolding_cycles": 457.76919204392436
      }
    },
    "250": {
      "delta_r": {
        "available": true,
        "window_cycles": 250,
        "window_start_period": 756.0,
        "window_end_period": 1005.0,
        "first": 0.03765055998923206,
        "last": 0.06269855818184666,
        "median": 0.04854366494634821,
        "peak_to_peak": 0.025047998192614607,
        "fractional_peak_to_peak": 0.5159890218486458,
        "slope_per_cycle": 0.00010009567964496914,
        "fractional_slope_per_cycle": 0.0020619720360133013,
        "log_slope_per_cycle": 0.0020475147615463592,
        "efolding_cycles": 488.3969672798661
      },
      "period_days": {
        "available": true,
        "window_cycles": 250,
        "window_start_period": 756.0,
        "window_end_period": 1005.0,
        "first": 0.6316294227376649,
        "last": 0.631621651707424,
        "median": 0.6316254791317301,
        "peak_to_peak": 7.771030240855126e-06,
        "fractional_peak_to_peak": 1.2303224771010893e-05,
        "slope_per_cycle": -4.01505774449937e-08,
        "fractional_slope_per_cycle": -6.356706429922218e-08,
        "log_slope_per_cycle": -6.356704663893279e-08,
        "efolding_cycles": null
      },
      "gamma": {
        "available": true,
        "window_cycles": 250,
        "window_start_period": 756.0,
        "window_end_period": 1005.0,
        "first": 0.004087246667608745,
        "last": 0.0041729854480674405,
        "median": 0.004121968746199899,
        "peak_to_peak": 8.675337365166187e-05,
        "fractional_peak_to_peak": 0.021046586957176962,
        "slope_per_cycle": 3.4851643753570503e-07,
        "fractional_slope_per_cycle": 8.455096556882126e-05,
        "log_slope_per_cycle": 8.443078164147574e-05,
        "efolding_cycles": 11844.021582630481
      },
      "max_vsurf_div_cs": {
        "available": true,
        "window_cycles": 250,
        "window_start_period": 756.0,
        "window_end_period": 1005.0,
        "first": 0.21029,
        "last": 0.35943,
        "median": 0.274165,
        "peak_to_peak": 0.14914000000000002,
        "fractional_peak_to_peak": 0.5439789907537432,
        "slope_per_cycle": 0.0005946575068401093,
        "fractional_slope_per_cycle": 0.0021689767360535054,
        "log_slope_per_cycle": 0.0021497122144927667,
        "efolding_cycles": 465.178544950471
      }
    },
    "500": {
      "delta_r": {
        "available": true,
        "window_cycles": 500,
        "window_start_period": 506.0,
        "window_end_period": 1005.0,
        "first": 0.0067602693838733074,
        "last": 0.06269855818184666,
        "median": 0.03761231643037366,
        "peak_to_peak": 0.05593828879797336,
        "fractional_peak_to_peak": 1.48723328172366,