{
  "generated_at": "2026-06-17T15:18:23.289765+00:00",
  "workspace": "<local-rre-root>/rsp_batch_runs",
  "model_id": "model_008",
  "run_name": "model_008_M0p6151_Z0p0004406_T6792",
  "source": "cumulative:saturation+continue_saturation",
  "source_kind": "history_exact_rsp_columns",
  "cycle_count": 1526,
  "first_period": 1.0,
  "last_period": 1526.0,
  "rolling_window": 100,
  "fits": {
    "50": {
      "delta_r": {
        "available": true,
        "window_cycles": 50,
        "window_start_period": 1477.0,
        "window_end_period": 1526.0,
        "first": 0.04819721940723287,
        "last": 0.05328490798890684,
        "median": 0.0506758898630677,
        "peak_to_peak": 0.005087688581673966,
        "fractional_peak_to_peak": 0.10039663033883582,
        "slope_per_cycle": 0.00010380246308259604,
        "fractional_slope_per_cycle": 0.002048359947167828,
        "log_slope_per_cycle": 0.0020477927468127133,
        "efolding_cycles": 488.3306680114234
      },
      "period_days": {
        "available": true,
        "window_cycles": 50,
        "window_start_period": 1477.0,
        "window_end_period": 1526.0,
        "first": 0.6316257562465897,
        "last": 0.6316224179430693,
        "median": 0.6316238393065416,
        "peak_to_peak": 3.3383035203948808e-06,
        "fractional_peak_to_peak": 5.28527156932518e-06,
        "slope_per_cycle": -7.003768551380157e-08,
        "fractional_slope_per_cycle": -1.1088512047090526e-07,
        "log_slope_per_cycle": -1.1088509388035388e-07,
        "efolding_cycles": null
      },
      "gamma": {
        "available": true,
        "window_cycles": 50,
        "window_start_period": 1477.0,
        "window_end_period": 1526.0,
        "first": 0.004120823716959027,
        "last": 0.004140110968314621,
        "median": 0.004129350612933628,
        "peak_to_peak": 1.9699526225979216e-05,
        "fractional_peak_to_peak": 0.004770611186242676,
        "slope_per_cycle": 3.8079876097885184e-07,
        "fractional_slope_per_cycle": 9.221758980362284e-05,
        "log_slope_per_cycle": 9.220783637465118e-05,
        "efolding_cycles": 10845.06522782818
      },
      "max_vsurf_div_cs": {
        "available": true,
        "window_cycles": 50,
        "window_start_period": 1477.0,
        "window_end_period": 1526.0,
        "first": 0.27212,
        "last": 0.30235,
        "median": 0.28679,
        "peak_to_peak": 0.030230000000000035,
        "fractional_peak_to_peak": 0.1054081383590782,
        "slope_per_cycle": 0.0006166002400960385,
        "fractional_slope_per_cycle": 0.002150006067492027,
        "log_slope_per_cycle": 0.002149169915729088,
        "efolding_cycles": 465.29592317541744
      }
    },
    "100": {
      "delta_r": {
        "available": true,
        "window_cycles": 100,
        "window_start_period": 1427.0,
        "window_end_period": 1526.0,
        "first": 0.04351378193577826,
        "last": 0.05328490798890684,
        "median": 0.04814796112813724,
        "peak_to_peak": 0.009771126053128576,
        "fractional_peak_to_peak": 0.20293956014304448,
        "slope_per_cycle": 9.862333135727775e-05,
        "fractional_slope_per_cycle": 0.0020483386844732487,
        "log_slope_per_cycle": 0.0020460973726537917,
        "efolding_cycles": 488.73529352271163
      },
      "period_days": {
        "available": true,
        "window_cycles": 100,
        "window_start_period": 1427.0,
        "window_end_period": 1526.0,
        "first": 0.6316285833790554,
        "last": 0.6316224179430693,
        "median": 0.6316257988265715,
        "peak_to_peak": 6.16543598608299e-06,
        "fractional_peak_to_peak": 9.761216209877872e-06,
        "slope_per_cycle": -6.783874747871136e-08,
        "fractional_slope_per_cycle": -1.0740338283322427e-07,
        "log_slope_per_cycle": -1.0740342066917261e-07,
        "efolding_cycles": null
      },
      "gamma": {
        "available": true,
        "window_cycles": 100,
        "window_start_period": 1427.0,
        "window_end_period": 1526.0,
        "first": 0.004106273702367844,
        "last": 0.004140110968314621,
        "median": 0.0041202947695160395,
        "peak_to_peak": 3.4034092610837896e-05,
        "fractional_peak_to_peak": 0.008260111112107511,
        "slope_per_cycle": 3.297458683808167e-07,
        "fractional_slope_per_cycle": 8.00296791434531e-05,
        "log_slope_per_cycle": 7.999689389135334e-05,
        "efolding_cycles": 12500.48534832035
      },
      "max_vsurf_div_cs": {
        "available": true,
        "window_cycles": 100,
        "window_start_period": 1427.0,
        "window_end_period": 1526.0,
        "first": 0.24456,
        "last": 0.30235,
        "median": 0.27183,
        "peak_to_peak": 0.05779000000000001,
        "fractional_peak_to_peak": 0.21259610786153113,
        "slope_per_cycle": 0.0005828151815181518,
        "fractional_slope_per_cycle": 0.002144042900041025,
        "log_slope_per_cycle": 0.002141148222162832,
        "efolding_cycles": 467.0391286549387
      }
    },
    "250": {
      "delta_r": {
        "available": true,
        "window_cycles": 250,
        "window_start_period": 1277.0,
        "window_end_period": 1526.0,
        "first": 0.03207453710005126,
        "last": 0.05328490798890684,
        "median": 0.04130663021999581,
        "peak_to_peak": 0.02121037088885558,
        "fractional_peak_to_peak": 0.51348586839185,
        "slope_per_cycle": 8.480809354895559e-05,
        "fractional_slope_per_cycle": 0.0020531351286046445,
        "log_slope_per_cycle": 0.00203879944201265,
        "efolding_cycles": 490.4847330215207
      },
      "period_days": {
        "available": true,
        "window_cycles": 250,
        "window_start_period": 1277.0,
        "window_end_period": 1526.0,
        "first": 0.6316312246657563,
        "last": 0.6316224179430693,
        "median": 0.6316291813999932,
        "peak_to_peak": 8.806722686993673e-06,
        "fractional_peak_to_peak": 1.3942868610778481e-05,
        "slope_per_cycle": -3.005897598010011e-08,
        "fractional_slope_per_cycle": -4.7589593491350416e-08,
        "log_slope_per_cycle": -4.7589741551002825e-08,
        "efolding_cycles": null
      },
      "gamma": {
        "available": true,
        "window_cycles": 250,
        "window_start_period": 1277.0,
        "window_end_period": 1526.0,
        "first": 0.004070159696382657,
        "last": 0.004140110968314621,
        "median": 0.0040988203727392505,
        "peak_to_peak": 7.282311727800292e-05,
        "fractional_peak_to_peak": 0.017766847691677464,
        "slope_per_cycle": 2.7708662093386846e-07,
        "fractional_slope_per_cycle": 6.760155257759951e-05,
        "log_slope_per_cycle": 6.755724108975979e-05,
        "efolding_cycles": 14802.262257444056
      },
      "max_vsurf_div_cs": {
        "available": true,
        "window_cycles": 250,
        "window_start_period": 1277.0,
        "window_end_period": 1526.0,
        "first": 0.17807,
        "last": 0.30235,
        "median": 0.23163,
        "peak_to_peak": 0.12428,
        "fractional_peak_to_peak": 0.5365453525018348,
        "slope_per_cycle": 0.0004964934901358422,
        "fractional_slope_per_cycle": 0.0021434766227856586,
        "log_slope_per_cycle": 0.002126322434405069,
        "efolding_cycles": 470.2955599863166
      }
    },
    "500": {
      "delta_r": {
        "available": true,
        "window_cycles": 500,
        "window_start_period": 1027.0,
        "window_end_period": 1526.0,
        "first": 0.01934581700387472,
        "last": 0.05328490798890684,
        "median": 0.03204207807781945,
        "peak_to_peak": 0.033939090985032117,
        "fractional_peak_to_peak": 1.059203803904524,