{
  "generated_at": "2026-06-19T11:52:13.717842+00:00",
  "workspace": "<local-rre-root>/rsp_batch_runs",
  "model_id": "model_008",
  "run_name": "model_008_M0p6151_Z0p0004406_T6792",
  "source": "cumulative:saturation+continue_saturation+continue_saturation_resume:LOGS_continue_saturation_resume_1620000",
  "source_kind": "history_exact_rsp_columns",
  "cycle_count": 1147,
  "first_period": 1.0,
  "last_period": 1147.0,
  "rolling_window": 100,
  "fits": {
    "50": {
      "delta_r": {
        "available": true,
        "window_cycles": 50,
        "window_start_period": 1098.0,
        "window_end_period": 1147.0,
        "first": 0.07601715570914891,
        "last": 0.0841937915908968,
        "median": 0.07999685346644148,
        "peak_to_peak": 0.008176635881747885,
        "fractional_peak_to_peak": 0.1022119686892181,
        "slope_per_cycle": 0.0001668573401509591,
        "fractional_slope_per_cycle": 0.0020857987898355956,
        "log_slope_per_cycle": 0.0020851636858621276,
        "efolding_cycles": 479.57865695639236
      },
      "period_days": {
        "available": true,
        "window_cycles": 50,
        "window_start_period": 1098.0,
        "window_end_period": 1147.0,
        "first": 0.631618259341318,
        "last": 0.6316199279419595,
        "median": 0.6316201937224508,
        "peak_to_peak": 2.4573529070481825e-06,
        "fractional_peak_to_peak": 3.890554690099099e-06,
        "slope_per_cycle": 3.805013142303954e-08,
        "fractional_slope_per_cycle": 6.024210720495059e-08,
        "log_slope_per_cycle": 6.024216514575741e-08,
        "efolding_cycles": 16599668.979036115
      },
      "gamma": {
        "available": true,
        "window_cycles": 50,
        "window_start_period": 1098.0,
        "window_end_period": 1147.0,
        "first": 0.004223046676035719,
        "last": 0.00424878474047923,
        "median": 0.004236233825008968,
        "peak_to_peak": 2.5738064443511267e-05,
        "fractional_peak_to_peak": 0.006075694946668053,
        "slope_per_cycle": 5.222809141487837e-07,
        "fractional_slope_per_cycle": 0.00012328897216802665,
        "log_slope_per_cycle": 0.00012329611353882153,
        "efolding_cycles": 8110.555728791369
      },
      "max_vsurf_div_cs": {
        "available": true,
        "window_cycles": 50,
        "window_start_period": 1098.0,
        "window_end_period": 1147.0,
        "first": 0.4421,
        "last": 0.49464,
        "median": 0.46760999999999997,
        "peak_to_peak": 0.05254000000000003,
        "fractional_peak_to_peak": 0.11235858942280968,
        "slope_per_cycle": 0.0010725181272509005,
        "fractional_slope_per_cycle": 0.0022936167473982605,
        "log_slope_per_cycle": 0.0022927968682406033,
        "efolding_cycles": 436.1485371215455
      }
    },
    "100": {
      "delta_r": {
        "available": true,
        "window_cycles": 100,
        "window_start_period": 1048.0,
        "window_end_period": 1147.0,
        "first": 0.0685302283641116,
        "last": 0.0841937915908968,
        "median": 0.0759381983808578,
        "peak_to_peak": 0.015663563226785193,
        "fractional_peak_to_peak": 0.2062672483777756,
        "slope_per_cycle": 0.00015809388897572075,
        "fractional_slope_per_cycle": 0.002081875687685164,
        "log_slope_per_cycle": 0.002079249237316099,
        "efolding_cycles": 480.94282400257265
      },
      "period_days": {
        "available": true,
        "window_cycles": 100,
        "window_start_period": 1048.0,
        "window_end_period": 1147.0,
        "first": 0.6316173043307262,
        "last": 0.6316199279419595,
        "median": 0.6316181874749491,
        "peak_to_peak": 4.4000919701137065e-06,
        "fractional_peak_to_peak": 6.9663794636822745e-06,
        "slope_per_cycle": 5.314740295724016e-08,
        "fractional_slope_per_cycle": 8.414482675001827e-08,
        "log_slope_per_cycle": 8.414478643202673e-08,
        "efolding_cycles": 11884277.593452724
      },
      "gamma": {
        "available": true,
        "window_cycles": 100,
        "window_start_period": 1048.0,
        "window_end_period": 1147.0,
        "first": 0.004195020701498137,
        "last": 0.00424878474047923,
        "median": 0.00422268699351314,
        "peak_to_peak": 5.3764038981093075e-05,
        "fractional_peak_to_peak": 0.012732186653589288,
        "slope_per_cycle": 5.49138684224565e-07,
        "fractional_slope_per_cycle": 0.00013004484705310805,
        "log_slope_per_cycle": 0.00013006728160641447,
        "efolding_cycles": 7688.328591551678
      },
      "max_vsurf_div_cs": {
        "available": true,
        "window_cycles": 100,
        "window_start_period": 1048.0,
        "window_end_period": 1147.0,
        "first": 0.39515,
        "last": 0.49464,
        "median": 0.4416,
        "peak_to_peak": 0.09949000000000002,
        "fractional_peak_to_peak": 0.22529438405797106,
        "slope_per_cycle": 0.0010054432643264329,
        "fractional_slope_per_cycle": 0.002276818986246451,
        "log_slope_per_cycle": 0.0022722346575349624,
        "efolding_cycles": 440.0953909772909
      }
    },
    "250": {
      "delta_r": {
        "available": true,
        "window_cycles": 250,
        "window_start_period": 898.0,
        "window_end_period": 1147.0,
        "first": 0.05031398252775521,
        "last": 0.0841937915908968,
        "median": 0.06500878876102245,
        "peak_to_peak": 0.033879809063141586,
        "fractional_peak_to_peak": 0.5211573651631396,
        "slope_per_cycle": 0.0001354018597619973,
        "fractional_slope_per_cycle": 0.002082823912621191,
        "log_slope_per_cycle": 0.0020675983279916125,
        "efolding_cycles": 483.65293512853754
      },
      "period_days": {
        "available": true,
        "window_cycles": 250,
        "window_start_period": 898.0,
        "window_end_period": 1147.0,
        "first": 0.6316239818946148,
        "last": 0.6316199279419595,
        "median": 0.6316206261389716,
        "peak_to_peak": 7.749962516956366e-06,
        "fractional_peak_to_peak": 1.22699642732237e-05,
        "slope_per_cycle": -2.168943958973106e-08,
        "fractional_slope_per_cycle": -3.433934658264131e-08,
        "log_slope_per_cycle": -3.433935443332988e-08,
        "efolding_cycles": null
      },
      "gamma": {
        "available": true,
        "window_cycles": 250,
        "window_start_period": 898.0,
        "window_end_period": 1147.0,
        "first": 0.004127940466710217,
        "last": 0.00424878474047923,
        "median": 0.004181442256155472,
        "peak_to_peak": 0.00012108264336387065,
        "fractional_peak_to_peak": 0.028957148262809495,
        "slope_per_cycle": 4.881736538066395e-07,
        "fractional_slope_per_cycle": 0.00011674767314746543,
        "log_slope_per_cycle": 0.00011660444734700363,
        "efolding_cycles": 8576.00222591936
      },
      "max_vsurf_div_cs": {
        "available": true,
        "window_cycles": 250,
        "window_start_period": 1018.0,
        "window_end_period": 1147.0,
        "first": 0.36986,
        "last": 0.49464,
        "median": 0.42682,
        "peak_to_peak": 0.12478,
        "fractional_peak_to_peak": 0.2923480624150696,
        "slope_per_cycle": 0.0009661539007770147,
        "fractional_slope_per_cycle": 0.0022636097202029305,
        "log_slope_per_cycle": 0.002255563848248316,
        "efolding_cycles": 443.34812369714376
      }
    },
    "500": {
      "delta_r": {
        "available": true,
        "window_cycles": 500,
        "window_start_period": 648.0,
        "window_end_period": 1147.0,
        "first": 0.030244713305910054,
        "last": 0.0841937915908968,
        "median": 0.050262530849825016,
        "peak_to_peak": 0.05394907828498674,
        "fractional_peak_to_peak": 1.0733458378006557,
        "slope_per_cycle": 0.00010606579755286503,
        "fractional_slope_per_cycle": 0.002110235910518905,