{
  "generated_at": "2026-06-18T14:09:37.350740+00:00",
  "workspace": "<local-rre-root>/rsp_batch_runs",
  "model_id": "model_008",
  "run_name": "model_008_M0p6151_Z0p0004406_T6792",
  "source": "cumulative:saturation+continue_saturation+continue_saturation_resume:LOGS_continue_saturation_resume_1620000",
  "source_kind": "history_exact_rsp_columns",
  "cycle_count": 1053,
  "first_period": 1.0,
  "last_period": 1053.0,
  "rolling_window": 100,
  "fits": {
    "50": {
      "delta_r": {
        "available": true,
        "window_cycles": 50,
        "window_start_period": 1004.0,
        "window_end_period": 1053.0,
        "first": 0.06256910908925395,
        "last": 0.06924333839970398,
        "median": 0.06582060848299554,
        "peak_to_peak": 0.0066742293104500305,
        "fractional_peak_to_peak": 0.10140029793517161,
        "slope_per_cycle": 0.0001361788662487432,
        "fractional_slope_per_cycle": 0.002068939643484524,
        "log_slope_per_cycle": 0.002068371088147396,
        "efolding_cycles": 483.4722384829323
      },
      "period_days": {
        "available": true,
        "window_cycles": 50,
        "window_start_period": 1004.0,
        "window_end_period": 1053.0,
        "first": 0.631621730299839,
        "last": 0.6316169455600903,
        "median": 0.6316194558923167,
        "peak_to_peak": 4.784739748742162e-06,
        "fractional_peak_to_peak": 7.575352063819105e-06,
        "slope_per_cycle": -1.046746020054587e-07,
        "fractional_slope_per_cycle": -1.6572415721042074e-07,
        "log_slope_per_cycle": -1.6572418037929214e-07,
        "efolding_cycles": null
      },
      "gamma": {
        "available": true,
        "window_cycles": 50,
        "window_start_period": 1004.0,
        "window_end_period": 1053.0,
        "first": 0.00417363844531852,
        "last": 0.00419800327350325,
        "median": 0.004184912881791486,
        "peak_to_peak": 2.5017825435809556e-05,
        "fractional_peak_to_peak": 0.005978099459289073,
        "slope_per_cycle": 5.017668402874965e-07,
        "fractional_slope_per_cycle": 0.00011989899299234616,
        "log_slope_per_cycle": 0.00011989479558938002,
        "efolding_cycles": 8340.645605876303
      },
      "max_vsurf_div_cs": {
        "available": true,
        "window_cycles": 50,
        "window_start_period": 1018.0,
        "window_end_period": 1053.0,
        "first": 0.36986,
        "last": 0.39955,
        "median": 0.384385,
        "peak_to_peak": 0.029689999999999994,
        "fractional_peak_to_peak": 0.077240266919885,
        "slope_per_cycle": 0.0008479305019305023,
        "fractional_slope_per_cycle": 0.0022059406634767284,
        "log_slope_per_cycle": 0.002205474419918714,
        "efolding_cycles": 453.4171836084394
      }
    },
    "100": {
      "delta_r": {
        "available": true,
        "window_cycles": 100,
        "window_start_period": 954.0,
        "window_end_period": 1053.0,
        "first": 0.05643916798893844,
        "last": 0.06924333839970398,
        "median": 0.0625045214631994,
        "peak_to_peak": 0.012804170410765536,
        "fractional_peak_to_peak": 0.20485190688651556,
        "slope_per_cycle": 0.00012926833816251254,
        "fractional_slope_per_cycle": 0.0020681437940233086,
        "log_slope_per_cycle": 0.002065753664339494,
        "efolding_cycles": 484.084824469979
      },
      "period_days": {
        "available": true,
        "window_cycles": 100,
        "window_start_period": 954.0,
        "window_end_period": 1053.0,
        "first": 0.6316220479003257,
        "last": 0.6316169455600903,
        "median": 0.6316217517486291,
        "peak_to_peak": 5.4042103388995955e-06,
        "fractional_peak_to_peak": 8.55608649312373e-06,
        "slope_per_cycle": -5.5002979950645514e-08,
        "fractional_slope_per_cycle": -8.708214971756614e-08,
        "log_slope_per_cycle": -8.708237019723532e-08,
        "efolding_cycles": null
      },
      "gamma": {
        "available": true,
        "window_cycles": 100,
        "window_start_period": 954.0,
        "window_end_period": 1053.0,
        "first": 0.004152664009295354,
        "last": 0.00419800327350325,
        "median": 0.004172996405798313,
        "peak_to_peak": 4.594301792171414e-05,
        "fractional_peak_to_peak": 0.011009599207388972,
        "slope_per_cycle": 4.508595140487866e-07,
        "fractional_slope_per_cycle": 0.00010804215249798067,
        "log_slope_per_cycle": 0.00010801088806727184,
        "efolding_cycles": 9258.325877083571
      },
      "max_vsurf_div_cs": {
        "available": true,
        "window_cycles": 100,
        "window_start_period": 1018.0,
        "window_end_period": 1053.0,
        "first": 0.36986,
        "last": 0.39955,
        "median": 0.384385,
        "peak_to_peak": 0.029689999999999994,
        "fractional_peak_to_peak": 0.077240266919885,
        "slope_per_cycle": 0.0008479305019305023,
        "fractional_slope_per_cycle": 0.0022059406634767284,
        "log_slope_per_cycle": 0.002205474419918714,
        "efolding_cycles": 453.4171836084394
      }
    },
    "250": {
      "delta_r": {
        "available": true,
        "window_cycles": 250,
        "window_start_period": 804.0,
        "window_end_period": 1053.0,
        "first": 0.041517815517061685,
        "last": 0.06924333839970398,
        "median": 0.053558922171874634,
        "peak_to_peak": 0.027725522882642295,
        "fractional_peak_to_peak": 0.5176639439021755,
        "slope_per_cycle": 0.00011079790557141135,
        "fractional_slope_per_cycle": 0.0020687105169116824,
        "log_slope_per_cycle": 0.0020536957125951954,
        "efolding_cycles": 486.92705246792826
      },
      "period_days": {
        "available": true,
        "window_cycles": 250,
        "window_start_period": 804.0,
        "window_end_period": 1053.0,
        "first": 0.6316291446626807,
        "last": 0.6316169455600903,
        "median": 0.6316223505202301,
        "peak_to_peak": 1.219910259042667e-05,
        "fractional_peak_to_peak": 1.9313918483693598e-05,
        "slope_per_cycle": -4.328023635950564e-08,
        "fractional_slope_per_cycle": -6.852233193435644e-08,
        "log_slope_per_cycle": -6.852217322551596e-08,
        "efolding_cycles": null
      },
      "gamma": {
        "available": true,
        "window_cycles": 250,
        "window_start_period": 804.0,
        "window_end_period": 1053.0,
        "first": 0.004099651761642664,
        "last": 0.00419800327350325,
        "median": 0.0041412395714545535,
        "peak_to_peak": 9.853046680234623e-05,
        "fractional_peak_to_peak": 0.02379250586744943,
        "slope_per_cycle": 3.9515415321854156e-07,
        "fractional_slope_per_cycle": 9.541929328173329e-05,
        "log_slope_per_cycle": 9.532799745885918e-05,
        "efolding_cycles": 10490.097627735979
      },
      "max_vsurf_div_cs": {
        "available": true,
        "window_cycles": 250,
        "window_start_period": 1018.0,
        "window_end_period": 1053.0,
        "first": 0.36986,
        "last": 0.39955,
        "median": 0.384385,
        "peak_to_peak": 0.029689999999999994,
        "fractional_peak_to_peak": 0.077240266919885,
        "slope_per_cycle": 0.0008479305019305023,
        "fractional_slope_per_cycle": 0.0022059406634767284,
        "log_slope_per_cycle": 0.002205474419918714,
        "efolding_cycles": 453.4171836084394
      }
    },
    "500": {
      "delta_r": {
        "available": true,
        "window_cycles": 500,
        "window_start_period": 554.0,
        "window_end_period": 1053.0,
        "first": 0.007445982372506599,
        "last": 0.06924333839970398,
        "median": 0.0414755075139599,
        "peak_to_peak": 0.06179735602719738,
        "fractional_peak_to_peak": 1.4899722687274537,
        "slope_per_cycle": 0.00010578056539192999,
        "fractional_slope_per_cycle": 0.0025504345029732593,