{
  "generated_at": "2026-06-17T18:01:49.554699+00:00",
  "workspace": "<local-rre-root>/rsp_batch_runs",
  "model_id": "model_008",
  "run_name": "model_008_M0p6151_Z0p0004406_T6792",
  "source": "cumulative:saturation+continue_saturation",
  "source_kind": "history_exact_rsp_columns",
  "cycle_count": 1542,
  "first_period": 1.0,
  "last_period": 1542.0,
  "rolling_window": 100,
  "fits": {
    "50": {
      "delta_r": {
        "available": true,
        "window_cycles": 50,
        "window_start_period": 1493.0,
        "window_end_period": 1542.0,
        "first": 0.04980157893213821,
        "last": 0.055064020297990623,
        "median": 0.05236420937546882,
        "peak_to_peak": 0.0052624413658524105,
        "fractional_peak_to_peak": 0.10049691246398763,
        "slope_per_cycle": 0.00010737413218536073,
        "fractional_slope_per_cycle": 0.0020505252244992843,
        "log_slope_per_cycle": 0.0020499243373674337,
        "efolding_cycles": 487.8228829090473
      },
      "period_days": {
        "available": true,
        "window_cycles": 50,
        "window_start_period": 1493.0,
        "window_end_period": 1542.0,
        "first": 0.6316244856356126,
        "last": 0.63162202815439,
        "median": 0.6316227832656458,
        "peak_to_peak": 2.471047660490555e-06,
        "fractional_peak_to_peak": 3.912220594251886e-06,
        "slope_per_cycle": -5.141167260530713e-08,
        "fractional_slope_per_cycle": -8.139616550798892e-08,
        "log_slope_per_cycle": -8.139612543190152e-08,
        "efolding_cycles": null
      },
      "gamma": {
        "available": true,
        "window_cycles": 50,
        "window_start_period": 1493.0,
        "window_end_period": 1542.0,
        "first": 0.004127095351923163,
        "last": 0.004147793628960364,
        "median": 0.004135509921566099,
        "peak_to_peak": 2.1834998222294844e-05,
        "fractional_peak_to_peak": 0.005279880507220746,
        "slope_per_cycle": 4.3268001804054465e-07,
        "fractional_slope_per_cycle": 0.00010462555434438194,
        "log_slope_per_cycle": 0.00010460193152827543,
        "efolding_cycles": 9560.052910970247
      },
      "max_vsurf_div_cs": {
        "available": true,
        "window_cycles": 50,
        "window_start_period": 1493.0,
        "window_end_period": 1542.0,
        "first": 0.28161,
        "last": 0.31304,
        "median": 0.29684,
        "peak_to_peak": 0.03142999999999996,
        "fractional_peak_to_peak": 0.1058819566096212,
        "slope_per_cycle": 0.0006412172869147657,
        "fractional_slope_per_cycle": 0.002160144478219801,
        "log_slope_per_cycle": 0.002159196218752648,
        "efolding_cycles": 463.1353053117575
      }
    },
    "100": {
      "delta_r": {
        "available": true,
        "window_cycles": 100,
        "window_start_period": 1443.0,
        "window_end_period": 1542.0,
        "first": 0.04495997756260728,
        "last": 0.055064020297990623,
        "median": 0.04975065814960322,
        "peak_to_peak": 0.010104042735383345,
        "fractional_peak_to_peak": 0.20309364963574714,
        "slope_per_cycle": 0.00010197618964481208,
        "fractional_slope_per_cycle": 0.002049745539811022,
        "log_slope_per_cycle": 0.0020474734845247864,
        "efolding_cycles": 488.4068133522606
      },
      "period_days": {
        "available": true,
        "window_cycles": 100,
        "window_start_period": 1443.0,
        "window_end_period": 1542.0,
        "first": 0.6316279512021208,
        "last": 0.63162202815439,
        "median": 0.631624522841087,
        "peak_to_peak": 5.936614168700061e-06,
        "fractional_peak_to_peak": 9.398960860475768e-06,
        "slope_per_cycle": -6.652566811001039e-08,
        "fractional_slope_per_cycle": -1.0532470748724847e-07,
        "log_slope_per_cycle": -1.0532466186498154e-07,
        "efolding_cycles": null
      },
      "gamma": {
        "available": true,
        "window_cycles": 100,
        "window_start_period": 1443.0,
        "window_end_period": 1542.0,
        "first": 0.004111465300725802,
        "last": 0.004147793628960364,
        "median": 0.004125867639202176,
        "peak_to_peak": 3.773167037786872e-05,
        "fractional_peak_to_peak": 0.009145148045797451,
        "slope_per_cycle": 3.665450811518593e-07,
        "fractional_slope_per_cycle": 8.884072714042241e-05,
        "log_slope_per_cycle": 8.879797088048145e-05,
        "efolding_cycles": 11261.518591972786
      },
      "max_vsurf_div_cs": {
        "available": true,
        "window_cycles": 100,
        "window_start_period": 1443.0,
        "window_end_period": 1542.0,
        "first": 0.25306,
        "last": 0.31304,
        "median": 0.281305,
        "peak_to_peak": 0.05997999999999998,
        "fractional_peak_to_peak": 0.21322052576385053,
        "slope_per_cycle": 0.0006048627662766276,
        "fractional_slope_per_cycle": 0.0021502026849029615,
        "log_slope_per_cycle": 0.0021470362333564697,
        "efolding_cycles": 465.75832511065556
      }
    },
    "250": {
      "delta_r": {
        "available": true,
        "window_cycles": 250,
        "window_start_period": 1293.0,
        "window_end_period": 1542.0,
        "first": 0.03313129424539074,
        "last": 0.055064020297990623,
        "median": 0.04267770591757403,
        "peak_to_peak": 0.021932726052599882,
        "fractional_peak_to_peak": 0.5139153002965964,
        "slope_per_cycle": 8.769327728051364e-05,
        "fractional_slope_per_cycle": 0.0020547795481294343,
        "log_slope_per_cycle": 0.0020404760894289034,
        "efolding_cycles": 490.0817045495907
      },
      "period_days": {
        "available": true,
        "window_cycles": 250,
        "window_start_period": 1293.0,
        "window_end_period": 1542.0,
        "first": 0.6316305891383025,
        "last": 0.63162202815439,
        "median": 0.6316288622146197,
        "peak_to_peak": 8.574550350415322e-06,
        "fractional_peak_to_peak": 1.3575298507340528e-05,
        "slope_per_cycle": -3.382810828632221e-08,
        "fractional_slope_per_cycle": -5.3556938749939256e-08,
        "log_slope_per_cycle": -5.355712833637592e-08,
        "efolding_cycles": null
      },
      "gamma": {
        "available": true,
        "window_cycles": 250,
        "window_start_period": 1293.0,
        "window_end_period": 1542.0,
        "first": 0.004071288897171457,
        "last": 0.004147793628960364,
        "median": 0.004103995124200361,
        "peak_to_peak": 7.664731389135041e-05,
        "fractional_peak_to_peak": 0.01867626826342409,
        "slope_per_cycle": 2.9032840139843827e-07,
        "fractional_slope_per_cycle": 7.074287191191705e-05,
        "log_slope_per_cycle": 7.06981579272994e-05,
        "efolding_cycles": 14144.640105451173
      },
      "max_vsurf_div_cs": {
        "available": true,
        "window_cycles": 250,
        "window_start_period": 1293.0,
        "window_end_period": 1542.0,
        "first": 0.18415,
        "last": 0.31304,
        "median": 0.23966500000000002,
        "peak_to_peak": 0.12888999999999998,
        "fractional_peak_to_peak": 0.5377923351344583,
        "slope_per_cycle": 0.0005146595651130419,
        "fractional_slope_per_cycle": 0.002147412284284488,
        "log_slope_per_cycle": 0.0021302487952216988,
        "efolding_cycles": 469.4287363255747
      }
    },
    "500": {
      "delta_r": {
        "available": true,
        "window_cycles": 500,
        "window_start_period": 1043.0,
        "window_end_period": 1542.0,
        "first": 0.01998057073579229,
        "last": 0.055064020297990623,
        "median": 0.03309774778588004,
        "peak_to_peak": 0.03508344956219833,
        "fractional_peak_to_peak": 1.059995072449172,