{
  "generated_at": "2026-06-18T05:55:40.116717+00:00",
  "workspace": "<local-rre-root>/rsp_batch_runs",
  "model_id": "model_007",
  "run_name": "model_007_M0p6887_Z0p004060_T6669",
  "source": "cumulative:continue_saturation+continue_saturation_resume:LOGS_continue_saturation_resume_2180000",
  "source_kind": "history_exact_rsp_columns",
  "cycle_count": 1626,
  "first_period": 1.0,
  "last_period": 1626.0,
  "rolling_window": 100,
  "fits": {
    "50": {
      "delta_r": {
        "available": true,
        "window_cycles": 50,
        "window_start_period": 1577.0,
        "window_end_period": 1626.0,
        "first": 0.6130256336083839,
        "last": 0.6255383348867465,
        "median": 0.6200169942558502,
        "peak_to_peak": 0.01251270127836257,
        "fractional_peak_to_peak": 0.020181223086280762,
        "slope_per_cycle": 0.0002557075332463939,
        "fractional_slope_per_cycle": 0.00041242020076126513,
        "log_slope_per_cycle": 0.0004127210598376046,
        "efolding_cycles": 2422.9439621847137
      },
      "period_days": {
        "available": true,
        "window_cycles": 50,
        "window_start_period": 1577.0,
        "window_end_period": 1626.0,
        "first": 0.5572271212573267,
        "last": 0.5572567449658419,
        "median": 0.5572364602586324,
        "peak_to_peak": 4.287866306396104e-05,
        "fractional_peak_to_peak": 7.694877511076643e-05,
        "slope_per_cycle": 3.113587078365586e-07,
        "fractional_slope_per_cycle": 5.587550888038562e-07,
        "log_slope_per_cycle": 5.587492788901723e-07,
        "efolding_cycles": 1789711.4820197555
      },
      "gamma": {
        "available": true,
        "window_cycles": 50,
        "window_start_period": 1577.0,
        "window_end_period": 1626.0,
        "first": 0.0008127918175226029,
        "last": 0.000521745364007932,
        "median": 0.0006530095043568788,
        "peak_to_peak": 0.0002984514803902816,
        "fractional_peak_to_peak": 0.4570400252967432,
        "slope_per_cycle": -6.023959564299027e-06,
        "fractional_slope_per_cycle": -0.009224918663675145,
        "log_slope_per_cycle": -0.009219511907129422,
        "efolding_cycles": null
      },
      "max_vsurf_div_cs": {
        "available": true,
        "window_cycles": 50,
        "window_start_period": 1577.0,
        "window_end_period": 1626.0,
        "first": 4.75628,
        "last": 4.84993,
        "median": 4.808325,
        "peak_to_peak": 0.09364999999999934,
        "fractional_peak_to_peak": 0.01947663687458717,
        "slope_per_cycle": 0.0019113099639855922,
        "fractional_slope_per_cycle": 0.0003975001614877514,
        "log_slope_per_cycle": 0.00039780896775323316,
        "efolding_cycles": 2513.7693744006165
      }
    },
    "100": {
      "delta_r": {
        "available": true,
        "window_cycles": 100,
        "window_start_period": 1527.0,
        "window_end_period": 1626.0,
        "first": 0.5933134342439317,
        "last": 0.6255383348867465,
        "median": 0.6128642258247101,
        "peak_to_peak": 0.0322249006428148,
        "fractional_peak_to_peak": 0.05258081526858722,
        "slope_per_cycle": 0.00032336741487242187,
        "fractional_slope_per_cycle": 0.0005276330404785458,
        "log_slope_per_cycle": 0.0005295138862216645,
        "efolding_cycles": 1888.524599676657
      },
      "period_days": {
        "available": true,
        "window_cycles": 100,
        "window_start_period": 1527.0,
        "window_end_period": 1626.0,
        "first": 0.5572025067999062,
        "last": 0.5572567449658419,
        "median": 0.5572298375072164,
        "peak_to_peak": 6.748624784114199e-05,
        "fractional_peak_to_peak": 0.00012111025522797494,
        "slope_per_cycle": 4.178588329993633e-07,
        "fractional_slope_per_cycle": 7.498859624399632e-07,
        "log_slope_per_cycle": 7.498903381659566e-07,
        "efolding_cycles": 1333528.3162145398
      },
      "gamma": {
        "available": true,
        "window_cycles": 100,
        "window_start_period": 1527.0,
        "window_end_period": 1626.0,
        "first": 0.001253119102472101,
        "last": 0.000521745364007932,
        "median": 0.0008176689963630473,
        "peak_to_peak": 0.0007387787653397797,
        "fractional_peak_to_peak": 0.9035181334083013,
        "slope_per_cycle": -7.321640053020853e-06,
        "fractional_slope_per_cycle": -0.008954283561670015,
        "log_slope_per_cycle": -0.008861983232690617,
        "efolding_cycles": null
      },
      "max_vsurf_div_cs": {
        "available": true,
        "window_cycles": 100,
        "window_start_period": 1562.0,
        "window_end_period": 1626.0,
        "first": 4.72111,
        "last": 4.84993,
        "median": 4.79417,
        "peak_to_peak": 0.12881999999999927,
        "fractional_peak_to_peak": 0.026870136019373377,
        "slope_per_cycle": 0.0020182819055944027,
        "fractional_slope_per_cycle": 0.0004209867204530508,
        "log_slope_per_cycle": 0.00042152047126528763,
        "efolding_cycles": 2372.364020656641
      }
    },
    "250": {
      "delta_r": {
        "available": true,
        "window_cycles": 250,
        "window_start_period": 1377.0,
        "window_end_period": 1626.0,
        "first": 0.4823756953600409,
        "last": 0.6255383348867465,
        "median": 0.5799113060531766,
        "peak_to_peak": 0.1431626395267056,
        "fractional_peak_to_peak": 0.2468698886059964,
        "slope_per_cycle": 0.0005759945837245498,
        "fractional_slope_per_cycle": 0.0009932459976418056,
        "log_slope_per_cycle": 0.0010254685310922805,
        "efolding_cycles": 975.164005213156
      },
      "period_days": {
        "available": true,
        "window_cycles": 250,
        "window_start_period": 1377.0,
        "window_end_period": 1626.0,
        "first": 0.5569733328744769,
        "last": 0.5572567449658419,
        "median": 0.5571715987008066,
        "peak_to_peak": 0.0005568297119398213,
        "fractional_peak_to_peak": 0.0009993863887502836,
        "slope_per_cycle": 1.494365859853437e-06,
        "fractional_slope_per_cycle": 2.682056772703324e-06,
        "log_slope_per_cycle": 2.6824310886297267e-06,
        "efolding_cycles": 372796.1565308403
      },
      "gamma": {
        "available": true,
        "window_cycles": 250,
        "window_start_period": 1377.0,
        "window_end_period": 1626.0,
        "first": 0.003230967333305477,
        "last": 0.000521745364007932,
        "median": 0.001537681645688023,
        "peak_to_peak": 0.002716626996173156,
        "fractional_peak_to_peak": 1.7667031428716986,
        "slope_per_cycle": -1.1229897616032732e-05,
        "fractional_slope_per_cycle": -0.007303135631178069,
        "log_slope_per_cycle": -0.007456130230932857,
        "efolding_cycles": null
      },
      "max_vsurf_div_cs": {
        "available": true,
        "window_cycles": 250,
        "window_start_period": 1562.0,
        "window_end_period": 1626.0,
        "first": 4.72111,
        "last": 4.84993,
        "median": 4.79417,
        "peak_to_peak": 0.12881999999999927,
        "fractional_peak_to_peak": 0.026870136019373377,
        "slope_per_cycle": 0.0020182819055944027,
        "fractional_slope_per_cycle": 0.0004209867204530508,
        "log_slope_per_cycle": 0.00042152047126528763,
        "efolding_cycles": 2372.364020656641
      }
    },
    "500": {
      "delta_r": {
        "available": true,
        "window_cycles": 500,
        "window_start_period": 1127.0,
        "window_end_period": 1626.0,
        "first": 0.2632982904237231,
        "last": 0.6255383348867465,
        "median": 0.4818992389861254,
        "peak_to_peak": 0.3622400444630234,