{
  "generated_at": "2026-06-17T16:13:21.132644+00:00",
  "workspace": "<local-rre-root>/rsp_batch_runs",
  "model_id": "model_008",
  "run_name": "model_008_M0p6151_Z0p0004406_T6792",
  "source": "cumulative:saturation+continue_saturation",
  "source_kind": "history_exact_rsp_columns",
  "cycle_count": 1531,
  "first_period": 1.0,
  "last_period": 1531.0,
  "rolling_window": 100,
  "fits": {
    "50": {
      "delta_r": {
        "available": true,
        "window_cycles": 50,
        "window_start_period": 1482.0,
        "window_end_period": 1531.0,
        "first": 0.04869287510213205,
        "last": 0.05383434420474753,
        "median": 0.05119698012918805,
        "peak_to_peak": 0.005141469102615481,
        "fractional_peak_to_peak": 0.10042524167717978,
        "slope_per_cycle": 0.00010490042698829775,
        "fractional_slope_per_cycle": 0.0020489573159119335,
        "log_slope_per_cycle": 0.0020483625540275415,
        "efolding_cycles": 488.19482568345876
      },
      "period_days": {
        "available": true,
        "window_cycles": 50,
        "window_start_period": 1482.0,
        "window_end_period": 1531.0,
        "first": 0.6316253617581807,
        "last": 0.6316222355894192,
        "median": 0.6316235113300004,
        "peak_to_peak": 3.1292181530417906e-06,
        "fractional_peak_to_peak": 4.954245839349206e-06,
        "slope_per_cycle": -6.542839070113447e-08,
        "fractional_slope_per_cycle": -1.0358764284021483e-07,
        "log_slope_per_cycle": -1.0358761493281691e-07,
        "efolding_cycles": null
      },
      "gamma": {
        "available": true,
        "window_cycles": 50,
        "window_start_period": 1482.0,
        "window_end_period": 1531.0,
        "first": 0.004122099869587382,
        "last": 0.00414214021194956,
        "median": 0.004131296018568769,
        "peak_to_peak": 2.014346635090085e-05,
        "fractional_peak_to_peak": 0.004875822565210245,
        "slope_per_cycle": 4.0199260818144526e-07,
        "fractional_slope_per_cycle": 9.730423730825032e-05,
        "log_slope_per_cycle": 9.729069223083442e-05,
        "efolding_cycles": 10278.475536255555
      },
      "max_vsurf_div_cs": {
        "available": true,
        "window_cycles": 50,
        "window_start_period": 1482.0,
        "window_end_period": 1531.0,
        "first": 0.27505,
        "last": 0.30564,
        "median": 0.28989,
        "peak_to_peak": 0.030590000000000006,
        "fractional_peak_to_peak": 0.10552278450446724,
        "slope_per_cycle": 0.0006240672268907561,
        "fractional_slope_per_cycle": 0.002152772523684005,
        "log_slope_per_cycle": 0.0021519129056167827,
        "efolding_cycles": 464.7028220286542
      }
    },
    "100": {
      "delta_r": {
        "available": true,
        "window_cycles": 100,
        "window_start_period": 1432.0,
        "window_end_period": 1531.0,
        "first": 0.04396054869192767,
        "last": 0.05383434420474753,
        "median": 0.0486431043084492,
        "peak_to_peak": 0.00987379551281986,
        "fractional_peak_to_peak": 0.20298448573942687,
        "slope_per_cycle": 9.965700693051222e-05,
        "fractional_slope_per_cycle": 0.0020487386310417285,
        "log_slope_per_cycle": 0.0020464909093174223,
        "efolding_cycles": 488.64131057075434
      },
      "period_days": {
        "available": true,
        "window_cycles": 100,
        "window_start_period": 1432.0,
        "window_end_period": 1531.0,
        "first": 0.6316284045523585,
        "last": 0.6316222355894192,
        "median": 0.631625400307088,
        "peak_to_peak": 6.172012330774024e-06,
        "fractional_peak_to_peak": 9.77163414861605e-06,
        "slope_per_cycle": -6.84153439575191e-08,
        "fractional_slope_per_cycle": -1.0831632788082375e-07,
        "log_slope_per_cycle": -1.0831634095880371e-07,
        "efolding_cycles": null
      },
      "gamma": {
        "available": true,
        "window_cycles": 100,
        "window_start_period": 1432.0,
        "window_end_period": 1531.0,
        "first": 0.004107743587356966,
        "last": 0.00414214021194956,
        "median": 0.004122245701249573,
        "peak_to_peak": 3.4603456039749604e-05,
        "fractional_peak_to_peak": 0.008394321577983642,
        "slope_per_cycle": 3.418684197564265e-07,
        "fractional_slope_per_cycle": 8.293256747233582e-05,
        "log_slope_per_cycle": 8.290137934655127e-05,
        "efolding_cycles": 12062.525471617504
      },
      "max_vsurf_div_cs": {
        "available": true,
        "window_cycles": 100,
        "window_start_period": 1432.0,
        "window_end_period": 1531.0,
        "first": 0.24719,
        "last": 0.30564,
        "median": 0.27475499999999997,
        "peak_to_peak": 0.05845000000000003,
        "fractional_peak_to_peak": 0.21273498207493963,
        "slope_per_cycle": 0.0005895386738673866,
        "fractional_slope_per_cycle": 0.0021456886093697536,
        "log_slope_per_cycle": 0.00214272772388114,
        "efolding_cycles": 466.6948529459879
      }
    },
    "250": {
      "delta_r": {
        "available": true,
        "window_cycles": 250,
        "window_start_period": 1282.0,
        "window_end_period": 1531.0,
        "first": 0.03240079566464349,
        "last": 0.05383434420474753,
        "median": 0.04173015753269027,
        "peak_to_peak": 0.02143354854010404,
        "fractional_peak_to_peak": 0.5136225168408143,
        "slope_per_cycle": 8.569914531227412e-05,
        "fractional_slope_per_cycle": 0.0020536501748199664,
        "log_slope_per_cycle": 0.002039324535539802,
        "efolding_cycles": 490.35844102925165
      },
      "period_days": {
        "available": true,
        "window_cycles": 250,
        "window_start_period": 1282.0,
        "window_end_period": 1531.0,
        "first": 0.6316310157345746,
        "last": 0.6316222355894192,
        "median": 0.6316290999226342,
        "peak_to_peak": 8.783194546890805e-06,
        "fractional_peak_to_peak": 1.3905620478800968e-05,
        "slope_per_cycle": -3.125092564812087e-08,
        "fractional_slope_per_cycle": -4.947670341969469e-08,
        "log_slope_per_cycle": -4.947686709152263e-08,
        "efolding_cycles": null
      },
      "gamma": {
        "available": true,
        "window_cycles": 250,
        "window_start_period": 1282.0,
        "window_end_period": 1531.0,
        "first": 0.0040681983732453785,
        "last": 0.00414214021194956,
        "median": 0.004100473962234621,
        "peak_to_peak": 7.404496269290423e-05,
        "fractional_peak_to_peak": 0.01805765952298651,
        "slope_per_cycle": 2.81186340927787e-07,
        "fractional_slope_per_cycle": 6.857410716846739e-05,
        "log_slope_per_cycle": 6.853090202702391e-05,
        "efolding_cycles": 14591.957356779985
      },
      "max_vsurf_div_cs": {
        "available": true,
        "window_cycles": 250,
        "window_start_period": 1282.0,
        "window_end_period": 1531.0,
        "first": 0.17995,
        "last": 0.30564,
        "median": 0.23411,
        "peak_to_peak": 0.12569000000000002,
        "fractional_peak_to_peak": 0.5368843705950195,
        "slope_per_cycle": 0.0005020871732347717,
        "fractional_slope_per_cycle": 0.002144663505338395,
        "log_slope_per_cycle": 0.0021275188315263635,
        "efolding_cycles": 470.0310921725481
      }
    },
    "500": {
      "delta_r": {
        "available": true,
        "window_cycles": 500,
        "window_start_period": 1032.0,
        "window_end_period": 1531.0,
        "first": 0.019541956018017892,
        "last": 0.05383434420474753,
        "median": 0.03236799815803293,
        "peak_to_peak": 0.03429238818672964,
        "fractional_peak_to_peak": 1.0594534768353947,