{
  "generated_at": "2026-06-18T15:41:53.000409+00:00",
  "workspace": "<local-rre-root>/rsp_batch_runs",
  "model_id": "model_008",
  "run_name": "model_008_M0p6151_Z0p0004406_T6792",
  "source": "cumulative:saturation+continue_saturation+continue_saturation_resume:LOGS_continue_saturation_resume_1620000",
  "source_kind": "history_exact_rsp_columns",
  "cycle_count": 1060,
  "first_period": 1.0,
  "last_period": 1060.0,
  "rolling_window": 100,
  "fits": {
    "50": {
      "delta_r": {
        "available": true,
        "window_cycles": 50,
        "window_start_period": 1011.0,
        "window_end_period": 1060.0,
        "first": 0.06348104272167099,
        "last": 0.07025445108340644,
        "median": 0.06677997674583391,
        "peak_to_peak": 0.006773408361735456,
        "fractional_peak_to_peak": 0.10142873196130629,
        "slope_per_cycle": 0.0001382005668721979,
        "fractional_slope_per_cycle": 0.002069491090094151,
        "log_slope_per_cycle": 0.002068895630185365,
        "efolding_cycles": 483.3496602776448
      },
      "period_days": {
        "available": true,
        "window_cycles": 50,
        "window_start_period": 1011.0,
        "window_end_period": 1060.0,
        "first": 0.6316212087985197,
        "last": 0.6316165577542657,
        "median": 0.6316186387024613,
        "peak_to_peak": 4.651044253956016e-06,
        "fractional_peak_to_peak": 7.363690633814559e-06,
        "slope_per_cycle": -1.0358245030442543e-07,
        "fractional_slope_per_cycle": -1.6399524009806868e-07,
        "log_slope_per_cycle": -1.6399520039319539e-07,
        "efolding_cycles": null
      },
      "gamma": {
        "available": true,
        "window_cycles": 50,
        "window_start_period": 1011.0,
        "window_end_period": 1060.0,
        "first": 0.004176763204644154,
        "last": 0.00420157167555285,
        "median": 0.004188189205617432,
        "peak_to_peak": 2.4976903863708176e-05,
        "fractional_peak_to_peak": 0.0059636522223513126,
        "slope_per_cycle": 5.159926458693234e-07,
        "fractional_slope_per_cycle": 0.0001232018470362431,
        "log_slope_per_cycle": 0.0001231926382987855,
        "efolding_cycles": 8117.3681626547195
      },
      "max_vsurf_div_cs": {
        "available": true,
        "window_cycles": 50,
        "window_start_period": 1018.0,
        "window_end_period": 1060.0,
        "first": 0.36986,
        "last": 0.40581,
        "median": 0.38737,
        "peak_to_peak": 0.03594999999999998,
        "fractional_peak_to_peak": 0.09280532823915115,
        "slope_per_cycle": 0.000855498338870432,
        "fractional_slope_per_cycle": 0.0022084785576333534,
        "log_slope_per_cycle": 0.002207820759676852,
        "efolding_cycles": 452.93531896419216
      }
    },
    "100": {
      "delta_r": {
        "available": true,
        "window_cycles": 100,
        "window_start_period": 961.0,
        "window_end_period": 1060.0,
        "first": 0.05725737828645361,
        "last": 0.07025445108340644,
        "median": 0.06341549034437621,
        "peak_to_peak": 0.012997072796952835,
        "fractional_peak_to_peak": 0.2049510730954308,
        "slope_per_cycle": 0.0001312058163059748,
        "fractional_slope_per_cycle": 0.0020689868609935036,
        "log_slope_per_cycle": 0.002066624101764483,
        "efolding_cycles": 483.88093371513486
      },
      "period_days": {
        "available": true,
        "window_cycles": 100,
        "window_start_period": 961.0,
        "window_end_period": 1060.0,
        "first": 0.6316221354651713,
        "last": 0.6316165577542657,
        "median": 0.631621267702603,
        "peak_to_peak": 5.79201616346392e-06,
        "fractional_peak_to_peak": 9.170077797619497e-06,
        "slope_per_cycle": -6.531194809335319e-08,
        "fractional_slope_per_cycle": -1.0340365569214038e-07,
        "log_slope_per_cycle": -1.034038821196563e-07,
        "efolding_cycles": null
      },
      "gamma": {
        "available": true,
        "window_cycles": 100,
        "window_start_period": 961.0,
        "window_end_period": 1060.0,
        "first": 0.004155415306528085,
        "last": 0.00420157167555285,
        "median": 0.004175998032501608,
        "peak_to_peak": 4.630712983230267e-05,
        "fractional_peak_to_peak": 0.011088877310740168,
        "slope_per_cycle": 4.6108433017079465e-07,
        "fractional_slope_per_cycle": 0.00011041296633336406,
        "log_slope_per_cycle": 0.0001103725553653106,
        "efolding_cycles": 9060.223319920467
      },
      "max_vsurf_div_cs": {
        "available": true,
        "window_cycles": 100,
        "window_start_period": 1018.0,
        "window_end_period": 1060.0,
        "first": 0.36986,
        "last": 0.40581,
        "median": 0.38737,
        "peak_to_peak": 0.03594999999999998,
        "fractional_peak_to_peak": 0.09280532823915115,
        "slope_per_cycle": 0.000855498338870432,
        "fractional_slope_per_cycle": 0.0022084785576333534,
        "log_slope_per_cycle": 0.002207820759676852,
        "efolding_cycles": 452.93531896419216
      }
    },
    "250": {
      "delta_r": {
        "available": true,
        "window_cycles": 250,
        "window_start_period": 811.0,
        "window_end_period": 1060.0,
        "first": 0.04211512989532995,
        "last": 0.07025445108340644,
        "median": 0.05433391460030457,
        "peak_to_peak": 0.028139321188076494,
        "fractional_peak_to_peak": 0.5178960764207252,
        "slope_per_cycle": 0.00011245633311937225,
        "fractional_slope_per_cycle": 0.0020697263200458206,
        "log_slope_per_cycle": 0.0020546445369468568,
        "efolding_cycles": 486.7021920424111
      },
      "period_days": {
        "available": true,
        "window_cycles": 250,
        "window_start_period": 811.0,
        "window_end_period": 1060.0,
        "first": 0.6316290162934887,
        "last": 0.6316165577542657,
        "median": 0.6316223222548487,
        "peak_to_peak": 1.2488611628946877e-05,
        "fractional_peak_to_peak": 1.977227718039379e-05,
        "slope_per_cycle": -4.40527140999883e-08,
        "fractional_slope_per_cycle": -6.974534076427683e-08,
        "log_slope_per_cycle": -6.974522434998348e-08,
        "efolding_cycles": null
      },
      "gamma": {
        "available": true,
        "window_cycles": 250,
        "window_start_period": 811.0,
        "window_end_period": 1060.0,
        "first": 0.004100491496570475,
        "last": 0.00420157167555285,
        "median": 0.00414414951161254,
        "peak_to_peak": 0.00010108017898237485,
        "fractional_peak_to_peak": 0.024391055076351066,
        "slope_per_cycle": 4.025319241199635e-07,
        "fractional_slope_per_cycle": 9.713257762346835e-05,
        "log_slope_per_cycle": 9.704388455640794e-05,
        "efolding_cycles": 10304.616355487478
      },
      "max_vsurf_div_cs": {
        "available": true,
        "window_cycles": 250,
        "window_start_period": 1018.0,
        "window_end_period": 1060.0,
        "first": 0.36986,
        "last": 0.40581,
        "median": 0.38737,
        "peak_to_peak": 0.03594999999999998,
        "fractional_peak_to_peak": 0.09280532823915115,
        "slope_per_cycle": 0.000855498338870432,
        "fractional_slope_per_cycle": 0.0022084785576333534,
        "log_slope_per_cycle": 0.002207820759676852,
        "efolding_cycles": 452.93531896419216
      }
    },
    "500": {
      "delta_r": {
        "available": true,
        "window_cycles": 500,
        "window_start_period": 561.0,
        "window_end_period": 1060.0,
        "first": 0.007551729494546855,
        "last": 0.07025445108340644,
        "median": 0.04207219543776919,
        "peak_to_peak": 0.06270272158885959,
        "fractional_peak_to_peak": 1.490360104492429,
        "slope_per_cycle": 0.00010463937787645372,
        "fractional_slope_per_cycle": 0.0024871385195771485,