{
  "generated_at": "2026-06-18T22:02:00.516675+00:00",
  "workspace": "<local-rre-root>/rsp_batch_runs",
  "model_id": "model_009",
  "run_name": "model_009_M0p6668_Z0p0001120_T6852",
  "source": "cumulative:saturation+saturation_resume:LOGS_saturation_resume_130000",
  "source_kind": "history_exact_rsp_columns",
  "cycle_count": 201,
  "first_period": 1.0,
  "last_period": 201.0,
  "rolling_window": 100,
  "fits": {
    "50": {
      "delta_r": {
        "available": true,
        "window_cycles": 50,
        "window_start_period": 152.0,
        "window_end_period": 201.0,
        "first": 0.002826632452560318,
        "last": 0.003258386189281204,
        "median": 0.0032350875194304685,
        "peak_to_peak": 0.0007910401764741337,
        "fractional_peak_to_peak": 0.24451894167407098,
        "slope_per_cycle": 8.761882754825529e-06,
        "fractional_slope_per_cycle": 0.002708391257485375,
        "log_slope_per_cycle": 0.0027504807255766925,
        "efolding_cycles": 363.57280772812186
      },
      "period_days": {
        "available": true,
        "window_cycles": 50,
        "window_start_period": 152.0,
        "window_end_period": 201.0,
        "first": 0.5171279516192886,
        "last": 0.5041694508926702,
        "median": 0.5012579691887744,
        "peak_to_peak": 0.02868338307300028,
        "fractional_peak_to_peak": 0.05722279711466907,
        "slope_per_cycle": -2.3841836061008444e-05,
        "fractional_slope_per_cycle": -4.756400401891581e-05,
        "log_slope_per_cycle": -4.753528135850171e-05,
        "efolding_cycles": null
      },
      "gamma": {
        "available": true,
        "window_cycles": 50,
        "window_start_period": 152.0,
        "window_end_period": 201.0,
        "first": 0.007327825172676047,
        "last": 0.00625640269749125,
        "median": 0.00521602716869637,
        "peak_to_peak": 0.0049164772507597505,
        "fractional_peak_to_peak": 0.94257125044625,
        "slope_per_cycle": -1.0855990568252523e-06,
        "fractional_slope_per_cycle": -0.00020812756945370238,
        "log_slope_per_cycle": -0.0003020588148069557,
        "efolding_cycles": null
      },
      "max_vsurf_div_cs": {
        "available": true,
        "window_cycles": 50,
        "window_start_period": 152.0,
        "window_end_period": 201.0,
        "first": 0.01881,
        "last": 0.02183,
        "median": 0.022240000000000003,
        "peak_to_peak": 0.006829999999999999,
        "fractional_peak_to_peak": 0.3071043165467625,
        "slope_per_cycle": 6.052340936374549e-05,
        "fractional_slope_per_cycle": 0.002721376320312297,
        "log_slope_per_cycle": 0.0027656674804097557,
        "efolding_cycles": 361.57636703738586
      }
    },
    "100": {
      "delta_r": {
        "available": true,
        "window_cycles": 100,
        "window_start_period": 102.0,
        "window_end_period": 201.0,
        "first": 0.0024372242773553765,
        "last": 0.003258386189281204,
        "median": 0.002967132689658758,
        "peak_to_peak": 0.0011804483516790754,
        "fractional_peak_to_peak": 0.39784144328740334,
        "slope_per_cycle": 8.188146001649974e-06,
        "fractional_slope_per_cycle": 0.0027596157159360713,
        "log_slope_per_cycle": 0.002747437433660349,
        "efolding_cycles": 363.97553143465854
      },
      "period_days": {
        "available": true,
        "window_cycles": 100,
        "window_start_period": 102.0,
        "window_end_period": 201.0,
        "first": 0.5139198338223893,
        "last": 0.5041694508926702,
        "median": 0.5010520650552913,
        "peak_to_peak": 0.02868338307300028,
        "fractional_peak_to_peak": 0.05724631245624156,
        "slope_per_cycle": -6.1996879521359975e-06,
        "fractional_slope_per_cycle": -1.2373340785357026e-05,
        "log_slope_per_cycle": -1.2591784551026216e-05,
        "efolding_cycles": null
      },
      "gamma": {
        "available": true,
        "window_cycles": 100,
        "window_start_period": 102.0,
        "window_end_period": 201.0,
        "first": 0.008029092417826417,
        "last": 0.00625640269749125,
        "median": 0.005084405389311828,
        "peak_to_peak": 0.0049164772507597505,
        "fractional_peak_to_peak": 0.9669719218485042,
        "slope_per_cycle": -3.247885495949077e-07,
        "fractional_slope_per_cycle": -6.387935751103979e-05,
        "log_slope_per_cycle": 8.611849680753453e-06,
        "efolding_cycles": 116119.0727974376
      },
      "max_vsurf_div_cs": {
        "available": true,
        "window_cycles": 100,
        "window_start_period": 129.0,
        "window_end_period": 201.0,
        "first": 0.01909,
        "last": 0.02183,
        "median": 0.02094,
        "peak_to_peak": 0.00801,
        "fractional_peak_to_peak": 0.38252148997134666,
        "slope_per_cycle": 5.746513636924596e-05,
        "fractional_slope_per_cycle": 0.0027442758533546305,
        "log_slope_per_cycle": 0.0027026683766622843,
        "efolding_cycles": 370.0046992946173
      }
    },
    "250": {
      "delta_r": {
        "available": false,
        "reason": "only 201 rows for 250-cycle window"
      },
      "period_days": {
        "available": false,
        "reason": "only 201 rows for 250-cycle window"
      },
      "gamma": {
        "available": false,
        "reason": "only 201 rows for 250-cycle window"
      },
      "max_vsurf_div_cs": {
        "available": false,
        "reason": "only 201 rows for 250-cycle window"
      }
    },
    "500": {
      "delta_r": {
        "available": false,
        "reason": "only 201 rows for 500-cycle window"
      },
      "period_days": {
        "available": false,
        "reason": "only 201 rows for 500-cycle window"
      },
      "gamma": {
        "available": false,
        "reason": "only 201 rows for 500-cycle window"
      },
      "max_vsurf_div_cs": {
        "available": false,
        "reason": "only 201 rows for 500-cycle window"
      }
    }
  },
  "latest_rolling": {
    "window_start_period": 102.0,
    "window_end_period": 201.0,
    "gamma_peak_to_peak": 0.0049164772507597505,
    "period_fractional_peak_to_peak": 0.05724631245624156,
    "delta_r_fractional_peak_to_peak": 0.39784144328740334
  },
  "growth_outlook": {
    "status": "amplitude still growing",
    "tolerance": 0.001,
    "delta_r_fractional_peak_to_peak": 0.39784144328740334,
    "delta_r_criterion_factor": 397.8414432874033,
    "log_slope_per_cycle": 0.002747437433660349,
    "efolding_cycles": 363.97553143465854,
    "doubling_cycles": 252.28861340674132,
    "fit_window_cycles": 100,
    "max_vsurf_div_cs_latest": 0.02183,
    "max_vsurf_div_cs_log_slope_per_cycle": 0.0027026683766622843,
    "max_vsurf_div_cs_efolding_cycles": 370.0046992946173,
    "max_vsurf_div_cs_fit_window_cycles": 100,
    "cycles_to_vsurf_div_cs_0p8": 1332.5077498237526,
    "cycles_to_vsurf_div_cs_1p0": 1415.0719124272998
  }
}
