{
  "generated_at": "2026-06-19T10:01:01.651995+00:00",
  "workspace": "<local-rre-root>/rsp_batch_runs",
  "model_id": "model_007",
  "run_name": "model_007_M0p6887_Z0p004060_T6669",
  "source": "cumulative:continue_saturation+continue_saturation_resume:LOGS_continue_saturation_resume_2180000+continue_saturation_resume:LOGS_continue_saturation_resume_2270000",
  "source_kind": "history_exact_rsp_columns",
  "cycle_count": 1708,
  "first_period": 1.0,
  "last_period": 1708.0,
  "rolling_window": 100,
  "fits": {
    "50": {
      "delta_r": {
        "available": true,
        "window_cycles": 50,
        "window_start_period": 1659.0,
        "window_end_period": 1708.0,
        "first": 0.6313343695768037,
        "last": 0.6364715720747522,
        "median": 0.634251684427944,
        "peak_to_peak": 0.005351602163630176,
        "fractional_peak_to_peak": 0.008437663304681629,
        "slope_per_cycle": 0.00011077142814634562,
        "fractional_slope_per_cycle": 0.00017464900900697588,
        "log_slope_per_cycle": 0.00017473075243364797,
        "efolding_cycles": 5723.0910190221875
      },
      "period_days": {
        "available": true,
        "window_cycles": 50,
        "window_start_period": 1659.0,
        "window_end_period": 1708.0,
        "first": 0.5572201647630168,
        "last": 0.5572580091308595,
        "median": 0.5572546947732809,
        "peak_to_peak": 7.364367203854805e-05,
        "fractional_peak_to_peak": 0.000132154421899505,
        "slope_per_cycle": 1.7108043872645052e-07,
        "fractional_slope_per_cycle": 3.0700582755261414e-07,
        "log_slope_per_cycle": 3.0700535825725946e-07,
        "efolding_cycles": 3257272.1390811554
      },
      "gamma": {
        "available": true,
        "window_cycles": 50,
        "window_start_period": 1659.0,
        "window_end_period": 1708.0,
        "first": 0.00036416583691981563,
        "last": 0.00021453995942523604,
        "median": 0.00028780332421545466,
        "peak_to_peak": 0.00018924655928506199,
        "fractional_peak_to_peak": 0.6575551543782332,
        "slope_per_cycle": -2.9759053631697524e-06,
        "fractional_slope_per_cycle": -0.010340065985276588,
        "log_slope_per_cycle": -0.010535823328972967,
        "efolding_cycles": null
      },
      "max_vsurf_div_cs": {
        "available": true,
        "window_cycles": 50,
        "window_start_period": 1659.0,
        "window_end_period": 1708.0,
        "first": 4.8947,
        "last": 4.93558,
        "median": 4.91727,
        "peak_to_peak": 0.04410999999999987,
        "fractional_peak_to_peak": 0.008970424646195931,
        "slope_per_cycle": 0.0008923995198079212,
        "fractional_slope_per_cycle": 0.00018148271699701686,
        "log_slope_per_cycle": 0.00018158160152474873,
        "efolding_cycles": 5507.165878056784
      }
    },
    "100": {
      "delta_r": {
        "available": true,
        "window_cycles": 100,
        "window_start_period": 1609.0,
        "window_end_period": 1708.0,
        "first": 0.6218804175288426,
        "last": 0.6364715720747522,
        "median": 0.63107729457366,
        "peak_to_peak": 0.014591154545909646,
        "fractional_peak_to_peak": 0.023121026015944787,
        "slope_per_cycle": 0.00014588729831257934,
        "fractional_slope_per_cycle": 0.00023117183832629747,
        "log_slope_per_cycle": 0.00023159626075087563,
        "efolding_cycles": 4317.859004967631
      },
      "period_days": {
        "available": true,
        "window_cycles": 100,
        "window_start_period": 1609.0,
        "window_end_period": 1708.0,
        "first": 0.557226893667787,
        "last": 0.5572580091308595,
        "median": 0.5572499091259239,
        "peak_to_peak": 7.466691114976776e-05,
        "fractional_peak_to_peak": 0.00013399178703660407,
        "slope_per_cycle": 1.7016491655883917e-07,
        "fractional_slope_per_cycle": 3.0536553487420374e-07,
        "log_slope_per_cycle": 3.05361356273792e-07,
        "efolding_cycles": 3274808.614300834
      },
      "gamma": {
        "available": true,
        "window_cycles": 100,
        "window_start_period": 1609.0,
        "window_end_period": 1708.0,
        "first": 0.0005911103927056051,
        "last": 0.00021453995942523604,
        "median": 0.00035909420287331484,
        "peak_to_peak": 0.0004101740614400834,
        "fractional_peak_to_peak": 1.142246402637664,
        "slope_per_cycle": -3.919443097716703e-06,
        "fractional_slope_per_cycle": -0.010914804712398675,
        "log_slope_per_cycle": -0.010430216383088163,
        "efolding_cycles": null
      },
      "max_vsurf_div_cs": {
        "available": true,
        "window_cycles": 100,
        "window_start_period": 1629.0,
        "window_end_period": 1708.0,
        "first": 4.85518,
        "last": 4.93558,
        "median": 4.9025300000000005,
        "peak_to_peak": 0.08040000000000003,
        "fractional_peak_to_peak": 0.016399695667339113,
        "slope_per_cycle": 0.0010285644631973748,
        "fractional_slope_per_cycle": 0.00020980278819249953,
        "log_slope_per_cycle": 0.00021001417768997733,
        "efolding_cycles": 4761.583294039314
      }
    },
    "250": {
      "delta_r": {
        "available": true,
        "window_cycles": 250,
        "window_start_period": 1459.0,
        "window_end_period": 1708.0,
        "first": 0.5518922314722685,
        "last": 0.6364715720747522,
        "median": 0.6150097550853002,
        "peak_to_peak": 0.08457934060248373,
        "fractional_peak_to_peak": 0.13752520167871615,
        "slope_per_cycle": 0.0003246391615906745,
        "fractional_slope_per_cycle": 0.0005278601825521416,
        "log_slope_per_cycle": 0.0005396235681890127,
        "efolding_cycles": 1853.1436707926225
      },
      "period_days": {
        "available": true,
        "window_cycles": 250,
        "window_start_period": 1459.0,
        "window_end_period": 1708.0,
        "first": 0.5569143867244323,
        "last": 0.5572580091308595,
        "median": 0.5572300822587029,
        "peak_to_peak": 0.0005562382789880971,
        "fractional_peak_to_peak": 0.00099822011893797,
        "slope_per_cycle": 7.756844592242837e-07,
        "fractional_slope_per_cycle": 1.3920362233138733e-06,
        "log_slope_per_cycle": 1.3922484482405565e-06,
        "efolding_cycles": 718262.6069820673
      },
      "gamma": {
        "available": true,
        "window_cycles": 250,
        "window_start_period": 1459.0,
        "window_end_period": 1708.0,
        "first": 0.002067029121085708,
        "last": 0.00021453995942523604,
        "median": 0.0007640980382664334,
        "peak_to_peak": 0.0018633524626870646,
        "fractional_peak_to_peak": 2.4386300832738588,
        "slope_per_cycle": -7.322564256404522e-06,
        "fractional_slope_per_cycle": -0.009583278440313462,
        "log_slope_per_cycle": -0.009108936860461542,
        "efolding_cycles": null
      },
      "max_vsurf_div_cs": {
        "available": true,
        "window_cycles": 250,
        "window_start_period": 1629.0,
        "window_end_period": 1708.0,
        "first": 4.85518,
        "last": 4.93558,
        "median": 4.9025300000000005,
        "peak_to_peak": 0.08040000000000003,
        "fractional_peak_to_peak": 0.016399695667339113,
        "slope_per_cycle": 0.0010285644631973748,
        "fractional_slope_per_cycle": 0.00020980278819249953,
        "log_slope_per_cycle": 0.00021001417768997733,
        "efolding_cycles": 4761.583294039314
      }
    },
    "500": {
      "delta_r": {
        "available": true,
        "window_cycles": 500,
        "window_start_period": 1209.0,
        "window_end_period": 1708.0,
        "first": 0.32646900000507983,
        "last": 0.6364715720747522,
        "median": 0.5515080765394145,
        "peak_to_peak": 0.3100025720696724,
        "fractional_peak_to_peak": 0.5620997864888341,
        "slope_per_cycle": 0.000662806882560914,