{
  "generated_at": "2026-06-20T03:08:34.611530+00:00",
  "workspace": "<local-rre-root>/rsp_batch_runs",
  "model_id": "model_001",
  "run_name": "model_001_M0p5602_Z0p003592_T6824",
  "source": "cumulative:continue_saturation_resume:LOGS_continue_saturation_resume_2500000",
  "source_kind": "history_exact_rsp_columns",
  "cycle_count": 113,
  "first_period": 1907.0,
  "last_period": 2019.0,
  "rolling_window": 100,
  "fits": {
    "50": {
      "delta_r": {
        "available": true,
        "window_cycles": 50,
        "window_start_period": 1970.0,
        "window_end_period": 2019.0,
        "first": 0.5489510245182929,
        "last": 0.5566501826330637,
        "median": 0.5532723109471585,
        "peak_to_peak": 0.008189817342969086,
        "fractional_peak_to_peak": 0.014802507157729917,
        "slope_per_cycle": 0.00016761559177108908,
        "fractional_slope_per_cycle": 0.00030295315426890685,
        "log_slope_per_cycle": 0.0003032460164116169,
        "efolding_cycles": 3297.652552317886
      },
      "period_days": {
        "available": true,
        "window_cycles": 50,
        "window_start_period": 1970.0,
        "window_end_period": 2019.0,
        "first": 0.5920054729205245,
        "last": 0.5920931026175688,
        "median": 0.5920529882779724,
        "peak_to_peak": 0.00012572914517172684,
        "fractional_peak_to_peak": 0.00021236130491870142,
        "slope_per_cycle": 2.7475339279715527e-07,
        "fractional_slope_per_cycle": 4.6406892328386817e-07,
        "log_slope_per_cycle": 4.6411880848929315e-07,
        "efolding_cycles": 2154620.7171715368
      },
      "gamma": {
        "available": true,
        "window_cycles": 50,
        "window_start_period": 1970.0,
        "window_end_period": 2019.0,
        "first": 0.0005453107464460298,
        "last": 0.0003196977262344485,
        "median": 0.00042497091711048737,
        "peak_to_peak": 0.00025029350152933294,
        "fractional_peak_to_peak": 0.5889661891010288,
        "slope_per_cycle": -4.02848203803189e-06,
        "fractional_slope_per_cycle": -0.009479429946460389,
        "log_slope_per_cycle": -0.009600615440781366,
        "efolding_cycles": null
      },
      "max_vsurf_div_cs": {
        "available": true,
        "window_cycles": 50,
        "window_start_period": 1970.0,
        "window_end_period": 2019.0,
        "first": 4.44641,
        "last": 4.50004,
        "median": 4.47675,
        "peak_to_peak": 0.0536500000000002,
        "fractional_peak_to_peak": 0.011984140280337343,
        "slope_per_cycle": 0.0011120494597839092,
        "fractional_slope_per_cycle": 0.0002484055307497424,
        "log_slope_per_cycle": 0.0002485900253497126,
        "efolding_cycles": 4022.687549885461
      }
    },
    "100": {
      "delta_r": {
        "available": true,
        "window_cycles": 100,
        "window_start_period": 1920.0,
        "window_end_period": 2019.0,
        "first": 0.5356969824044171,
        "last": 0.5566501826330637,
        "median": 0.5486195881232034,
        "peak_to_peak": 0.02120059241891603,
        "fractional_peak_to_peak": 0.038643520716134215,
        "slope_per_cycle": 0.0002104643594864223,
        "fractional_slope_per_cycle": 0.0003836253098552477,
        "log_slope_per_cycle": 0.0003847386970098232,
        "efolding_cycles": 2599.166675387654
      },
      "period_days": {
        "available": true,
        "window_cycles": 100,
        "window_start_period": 1920.0,
        "window_end_period": 2019.0,
        "first": 0.5919423744015189,
        "last": 0.5920931026175688,
        "median": 0.5920484372262015,
        "peak_to_peak": 0.00017026286037569172,
        "fractional_peak_to_peak": 0.00028758265315822476,
        "slope_per_cycle": 4.044022045971523e-07,
        "fractional_slope_per_cycle": 6.83055944699072e-07,
        "log_slope_per_cycle": 6.831074433171273e-07,
        "efolding_cycles": 1463898.556197927
      },
      "gamma": {
        "available": true,
        "window_cycles": 100,
        "window_start_period": 1920.0,
        "window_end_period": 2019.0,
        "first": 0.0008357133253327619,
        "last": 0.0003196977262344485,
        "median": 0.0005362883076233031,
        "peak_to_peak": 0.0005597584335271244,
        "fractional_peak_to_peak": 1.0437640082213149,
        "slope_per_cycle": -5.229895634466742e-06,
        "fractional_slope_per_cycle": -0.00975202248515233,
        "log_slope_per_cycle": -0.009577083761904682,
        "efolding_cycles": null
      },
      "max_vsurf_div_cs": {
        "available": true,
        "window_cycles": 100,
        "window_start_period": 1920.0,
        "window_end_period": 2019.0,
        "first": 4.35684,
        "last": 4.50004,
        "median": 4.4458649999999995,
        "peak_to_peak": 0.14322000000000035,
        "fractional_peak_to_peak": 0.03221420353519514,
        "slope_per_cycle": 0.0014267120912091218,
        "fractional_slope_per_cycle": 0.0003209076504142888,
        "log_slope_per_cycle": 0.00032173987716349703,
        "efolding_cycles": 3108.1008944745595
      }
    },
    "250": {
      "delta_r": {
        "available": false,
        "reason": "only 113 rows for 250-cycle window"
      },
      "period_days": {
        "available": false,
        "reason": "only 113 rows for 250-cycle window"
      },
      "gamma": {
        "available": false,
        "reason": "only 113 rows for 250-cycle window"
      },
      "max_vsurf_div_cs": {
        "available": false,
        "reason": "only 113 rows for 250-cycle window"
      }
    },
    "500": {
      "delta_r": {
        "available": false,
        "reason": "only 113 rows for 500-cycle window"
      },
      "period_days": {
        "available": false,
        "reason": "only 113 rows for 500-cycle window"
      },
      "gamma": {
        "available": false,
        "reason": "only 113 rows for 500-cycle window"
      },
      "max_vsurf_div_cs": {
        "available": false,
        "reason": "only 113 rows for 500-cycle window"
      }
    }
  },
  "latest_rolling": {
    "window_start_period": 1920.0,
    "window_end_period": 2019.0,
    "gamma_peak_to_peak": 0.0005597584335271244,
    "period_fractional_peak_to_peak": 0.00028758265315822476,
    "delta_r_fractional_peak_to_peak": 0.038643520716134215
  },
  "growth_outlook": {
    "status": "amplitude still growing",
    "tolerance": 0.001,
    "delta_r_fractional_peak_to_peak": 0.038643520716134215,
    "delta_r_criterion_factor": 38.64352071613421,
    "log_slope_per_cycle": 0.0003847386970098232,
    "efolding_cycles": 2599.166675387654,
    "doubling_cycles": 1801.6050528503188,
    "fit_window_cycles": 100,
    "max_vsurf_div_cs_latest": 4.50004,
    "max_vsurf_div_cs_log_slope_per_cycle": 0.00032173987716349703,
    "max_vsurf_div_cs_efolding_cycles": 3108.1008944745595,
    "max_vsurf_div_cs_fit_window_cycles": 100,
    "cycles_to_vsurf_div_cs_0p8": 0.0,
    "cycles_to_vsurf_div_cs_1p0": 0.0
  }
}
