{
  "generated_at": "2026-06-17T16:35:01.583785+00:00",
  "workspace": "<local-rre-root>/rsp_batch_runs",
  "model_id": "model_008",
  "run_name": "model_008_M0p6151_Z0p0004406_T6792",
  "source": "cumulative:saturation+continue_saturation",
  "source_kind": "history_exact_rsp_columns",
  "cycle_count": 1533,
  "first_period": 1.0,
  "last_period": 1533.0,
  "rolling_window": 100,
  "fits": {
    "50": {
      "delta_r": {
        "available": true,
        "window_cycles": 50,
        "window_start_period": 1484.0,
        "window_end_period": 1533.0,
        "first": 0.04889257980358064,
        "last": 0.0540557657682772,
        "median": 0.05140719759819623,
        "peak_to_peak": 0.0051631859646965594,
        "fractional_peak_to_peak": 0.10043702450097619,
        "slope_per_cycle": 0.00010534420016276112,
        "fractional_slope_per_cycle": 0.002049211104369895,
        "log_slope_per_cycle": 0.0020486151259962912,
        "efolding_cycles": 488.13463656999784
      },
      "period_days": {
        "available": true,
        "window_cycles": 50,
        "window_start_period": 1484.0,
        "window_end_period": 1533.0,
        "first": 0.6316252015160259,
        "last": 0.6316221092430944,
        "median": 0.6316233281908488,
        "peak_to_peak": 3.0922729314930564e-06,
        "fractional_peak_to_peak": 4.895754785293028e-06,
        "slope_per_cycle": -6.337096467154176e-08,
        "fractional_slope_per_cycle": -1.0033031055558772e-07,
        "log_slope_per_cycle": -1.0033027339041789e-07,
        "efolding_cycles": null
      },
      "gamma": {
        "available": true,
        "window_cycles": 50,
        "window_start_period": 1484.0,
        "window_end_period": 1533.0,
        "first": 0.004122391532911765,
        "last": 0.004142532523312675,
        "median": 0.00413212464809048,
        "peak_to_peak": 2.028529415832453e-05,
        "fractional_peak_to_peak": 0.004909168015466011,
        "slope_per_cycle": 4.0698161428132377e-07,
        "fractional_slope_per_cycle": 9.849209521532619e-05,
        "log_slope_per_cycle": 9.847899908827835e-05,
        "efolding_cycles": 10154.449265914878
      },
      "max_vsurf_div_cs": {
        "available": true,
        "window_cycles": 50,
        "window_start_period": 1484.0,
        "window_end_period": 1533.0,
        "first": 0.27623,
        "last": 0.30697,
        "median": 0.29113999999999995,
        "peak_to_peak": 0.030740000000000045,
        "fractional_peak_to_peak": 0.10558494195232551,
        "slope_per_cycle": 0.0006271342136854742,
        "fractional_slope_per_cycle": 0.002154064071187313,
        "log_slope_per_cycle": 0.002153192377909839,
        "efolding_cycles": 464.4266858174218
      }
    },
    "100": {
      "delta_r": {
        "available": true,
        "window_cycles": 100,
        "window_start_period": 1434.0,
        "window_end_period": 1533.0,
        "first": 0.04414056528455479,
        "last": 0.0540557657682772,
        "median": 0.04884260171305366,
        "peak_to_peak": 0.009915200483722408,
        "fractional_peak_to_peak": 0.2030031189160113,
        "slope_per_cycle": 0.00010007398224986477,
        "fractional_slope_per_cycle": 0.00204890769000782,
        "log_slope_per_cycle": 0.0020466565472083004,
        "efolding_cycles": 488.60176435759547
      },
      "period_days": {
        "available": true,
        "window_cycles": 100,
        "window_start_period": 1434.0,
        "window_end_period": 1533.0,
        "first": 0.631628336662737,
        "last": 0.6316221092430944,
        "median": 0.6316252381753832,
        "peak_to_peak": 6.227419642623744e-06,
        "fractional_peak_to_peak": 9.859358471192974e-06,
        "slope_per_cycle": -6.842951802655963e-08,
        "fractional_slope_per_cycle": -1.083387963157337e-07,
        "log_slope_per_cycle": -1.0833879879800437e-07,
        "efolding_cycles": null
      },
      "gamma": {
        "available": true,
        "window_cycles": 100,
        "window_start_period": 1434.0,
        "window_end_period": 1533.0,
        "first": 0.004108054883823696,
        "last": 0.004142532523312675,
        "median": 0.004122595880342415,
        "peak_to_peak": 3.483067784968916e-05,
        "fractional_peak_to_peak": 0.008448724750289176,
        "slope_per_cycle": 3.4602659256005925e-07,
        "fractional_slope_per_cycle": 8.393415280163694e-05,
        "log_slope_per_cycle": 8.389514207247315e-05,
        "efolding_cycles": 11919.641296228405
      },
      "max_vsurf_div_cs": {
        "available": true,
        "window_cycles": 100,
        "window_start_period": 1434.0,
        "window_end_period": 1533.0,
        "first": 0.24824,
        "last": 0.30697,
        "median": 0.275935,
        "peak_to_peak": 0.05873000000000003,
        "fractional_peak_to_peak": 0.2128399804301739,
        "slope_per_cycle": 0.0005922712271227122,
        "fractional_slope_per_cycle": 0.00214641573965866,
        "log_slope_per_cycle": 0.0021434305535293517,
        "efolding_cycles": 466.5418239715814
      }
    },
    "250": {
      "delta_r": {
        "available": true,
        "window_cycles": 250,
        "window_start_period": 1284.0,
        "window_end_period": 1533.0,
        "first": 0.03253239009539044,
        "last": 0.0540557657682772,
        "median": 0.04190081762571474,
        "peak_to_peak": 0.021523375672886758,
        "fractional_peak_to_peak": 0.5136743598931052,
        "slope_per_cycle": 8.605820196407357e-05,
        "fractional_slope_per_cycle": 0.002053854956550042,
        "log_slope_per_cycle": 0.0020395332651028937,
        "efolding_cycles": 490.3082568499075
      },
      "period_days": {
        "available": true,
        "window_cycles": 250,
        "window_start_period": 1284.0,
        "window_end_period": 1533.0,
        "first": 0.6316309342562669,
        "last": 0.6316221092430944,
        "median": 0.6316290681690184,
        "peak_to_peak": 8.825013172564233e-06,
        "fractional_peak_to_peak": 1.3971828747759179e-05,
        "slope_per_cycle": -3.1732934130091134e-08,
        "fractional_slope_per_cycle": -5.023982544387852e-08,
        "log_slope_per_cycle": -5.0239995286312476e-08,
        "efolding_cycles": null
      },
      "gamma": {
        "available": true,
        "window_cycles": 250,
        "window_start_period": 1284.0,
        "window_end_period": 1533.0,
        "first": 0.004072379824722873,
        "last": 0.004142532523312675,
        "median": 0.0041006527123453995,
        "peak_to_peak": 7.416872501012431e-05,
        "fractional_peak_to_peak": 0.018087053504148843,
        "slope_per_cycle": 2.8248979667573074e-07,
        "fractional_slope_per_cycle": 6.888898341116982e-05,
        "log_slope_per_cycle": 6.883758039953271e-05,
        "efolding_cycles": 14526.948713130369
      },
      "max_vsurf_div_cs": {
        "available": true,
        "window_cycles": 250,
        "window_start_period": 1284.0,
        "window_end_period": 1533.0,
        "first": 0.1807,
        "last": 0.30697,
        "median": 0.23511,
        "peak_to_peak": 0.12627000000000002,
        "fractional_peak_to_peak": 0.5370677555186935,
        "slope_per_cycle": 0.0005043461584985359,
        "fractional_slope_per_cycle": 0.0021451497533007354,
        "log_slope_per_cycle": 0.0021280080816753278,
        "efolding_cycles": 469.9230273659134
      }
    },
    "500": {
      "delta_r": {
        "available": true,
        "window_cycles": 500,
        "window_start_period": 1034.0,
        "window_end_period": 1533.0,
        "first": 0.019620974926774615,
        "last": 0.0540557657682772,
        "median": 0.032499457706209434,
        "peak_to_peak": 0.03443479084150258,