{
  "generated_at": "2026-06-19T08:38:10.248159+00:00",
  "workspace": "<local-rre-root>/rsp_batch_runs",
  "model_id": "model_008",
  "run_name": "model_008_M0p6151_Z0p0004406_T6792",
  "source": "cumulative:saturation+continue_saturation+continue_saturation_resume:LOGS_continue_saturation_resume_1620000",
  "source_kind": "history_exact_rsp_columns",
  "cycle_count": 1136,
  "first_period": 1.0,
  "last_period": 1136.0,
  "rolling_window": 100,
  "fits": {
    "50": {
      "delta_r": {
        "available": true,
        "window_cycles": 50,
        "window_start_period": 1087.0,
        "window_end_period": 1136.0,
        "first": 0.07429909517817901,
        "last": 0.08228227274740618,
        "median": 0.07818350875486102,
        "peak_to_peak": 0.007983177569227173,
        "fractional_peak_to_peak": 0.10210820282136318,
        "slope_per_cycle": 0.00016290190200638163,
        "fractional_slope_per_cycle": 0.002083583924547941,
        "log_slope_per_cycle": 0.0020829295979587358,
        "efolding_cycles": 480.09303866054654
      },
      "period_days": {
        "available": true,
        "window_cycles": 50,
        "window_start_period": 1087.0,
        "window_end_period": 1136.0,
        "first": 0.6316171863440562,
        "last": 0.6316206116275862,
        "median": 0.631619624194896,
        "peak_to_peak": 3.530350168867713e-06,
        "fractional_peak_to_peak": 5.58936111804273e-06,
        "slope_per_cycle": 7.890306435841614e-08,
        "fractional_slope_per_cycle": 1.249218063149814e-07,
        "log_slope_per_cycle": 1.2492189894131768e-07,
        "efolding_cycles": 8005001.592793207
      },
      "gamma": {
        "available": true,
        "window_cycles": 50,
        "window_start_period": 1087.0,
        "window_end_period": 1136.0,
        "first": 0.0042168180094965335,
        "last": 0.004242712383383959,
        "median": 0.004230333532395632,
        "peak_to_peak": 2.5894373887425624e-05,
        "fractional_peak_to_peak": 0.0061211187461055055,
        "slope_per_cycle": 5.323168689794335e-07,
        "fractional_slope_per_cycle": 0.00012583330957310668,
        "log_slope_per_cycle": 0.00012584152144721973,
        "efolding_cycles": 7946.502779842967
      },
      "max_vsurf_div_cs": {
        "available": true,
        "window_cycles": 50,
        "window_start_period": 1087.0,
        "window_end_period": 1136.0,
        "first": 0.43119,
        "last": 0.48232,
        "median": 0.45596000000000003,
        "peak_to_peak": 0.05113000000000001,
        "fractional_peak_to_peak": 0.11213702956399685,
        "slope_per_cycle": 0.0010440048019207686,
        "fractional_slope_per_cycle": 0.002289685064305572,
        "log_slope_per_cycle": 0.0022886877212542783,
        "efolding_cycles": 436.9316052659059
      }
    },
    "100": {
      "delta_r": {
        "available": true,
        "window_cycles": 100,
        "window_start_period": 1037.0,
        "window_end_period": 1136.0,
        "first": 0.0669875584911308,
        "last": 0.08228227274740618,
        "median": 0.07422202948265033,
        "peak_to_peak": 0.015294714256275377,
        "fractional_peak_to_peak": 0.20606704455380828,
        "slope_per_cycle": 0.00015434653468482252,
        "fractional_slope_per_cycle": 0.0020795245799752967,
        "log_slope_per_cycle": 0.0020769185626119658,
        "efolding_cycles": 481.4825280112977
      },
      "period_days": {
        "available": true,
        "window_cycles": 100,
        "window_start_period": 1037.0,
        "window_end_period": 1136.0,
        "first": 0.6316184672870225,
        "last": 0.6316206116275862,
        "median": 0.6316177488195158,
        "peak_to_peak": 4.4000919701137065e-06,
        "fractional_peak_to_peak": 6.966384301798695e-06,
        "slope_per_cycle": 4.2500829053571525e-08,
        "fractional_slope_per_cycle": 6.728884540215177e-08,
        "log_slope_per_cycle": 6.728875124160789e-08,
        "efolding_cycles": 14861324.984459685
      },
      "gamma": {
        "available": true,
        "window_cycles": 100,
        "window_start_period": 1037.0,
        "window_end_period": 1136.0,
        "first": 0.004189084275452161,
        "last": 0.004242712383383959,
        "median": 0.004216432009646673,
        "peak_to_peak": 5.362810793179806e-05,
        "fractional_peak_to_peak": 0.012718836165056997,
        "slope_per_cycle": 5.539527973206984e-07,
        "fractional_slope_per_cycle": 0.0001313795161533076,
        "log_slope_per_cycle": 0.0001313904009849648,
        "efolding_cycles": 7610.906066984539
      },
      "max_vsurf_div_cs": {
        "available": true,
        "window_cycles": 100,
        "window_start_period": 1037.0,
        "window_end_period": 1136.0,
        "first": 0.38566,
        "last": 0.48232,
        "median": 0.43069999999999997,
        "peak_to_peak": 0.09666000000000002,
        "fractional_peak_to_peak": 0.22442535407476208,
        "slope_per_cycle": 0.0009760775877587759,
        "fractional_slope_per_cycle": 0.002266258620289705,
        "log_slope_per_cycle": 0.002261355125064107,
        "efolding_cycles": 442.21271967252426
      }
    },
    "250": {
      "delta_r": {
        "available": true,
        "window_cycles": 250,
        "window_start_period": 887.0,
        "window_end_period": 1136.0,
        "first": 0.04919369348590674,
        "last": 0.08228227274740618,
        "median": 0.0635467328095678,
        "peak_to_peak": 0.03308857926149944,
        "fractional_peak_to_peak": 0.520696781700121,
        "slope_per_cycle": 0.00013224287909001815,
        "fractional_slope_per_cycle": 0.0020810334889492105,
        "log_slope_per_cycle": 0.0020658203528344026,
        "efolding_cycles": 484.0691973181274
      },
      "period_days": {
        "available": true,
        "window_cycles": 250,
        "window_start_period": 887.0,
        "window_end_period": 1136.0,
        "first": 0.6316249622759857,
        "last": 0.6316206116275862,
        "median": 0.6316211808108966,
        "peak_to_peak": 8.6456737308227e-06,
        "fractional_peak_to_peak": 1.3688068091261748e-05,
        "slope_per_cycle": -2.5824741402507973e-08,
        "fractional_slope_per_cycle": -4.0886439826722246e-08,
        "log_slope_per_cycle": -4.088647680224288e-08,
        "efolding_cycles": null
      },
      "gamma": {
        "available": true,
        "window_cycles": 250,
        "window_start_period": 887.0,
        "window_end_period": 1136.0,
        "first": 0.00412307469851549,
        "last": 0.004242712383383959,
        "median": 0.004176604446841661,
        "peak_to_peak": 0.00011963768486846892,
        "fractional_peak_to_peak": 0.028644724773718676,
        "slope_per_cycle": 4.802994764630815e-07,
        "fractional_slope_per_cycle": 0.00011499759734879438,
        "log_slope_per_cycle": 0.00011486691972767952,
        "efolding_cycles": 8705.726612768478
      },
      "max_vsurf_div_cs": {
        "available": true,
        "window_cycles": 250,
        "window_start_period": 1018.0,
        "window_end_period": 1136.0,
        "first": 0.36986,
        "last": 0.48232,
        "median": 0.42155,
        "peak_to_peak": 0.11246,
        "fractional_peak_to_peak": 0.26677736923259404,
        "slope_per_cycle": 0.0009516300384560607,
        "fractional_slope_per_cycle": 0.0022574547229416695,
        "log_slope_per_cycle": 0.002250522416784393,
        "efolding_cycles": 444.34127495998325
      }
    },
    "500": {
      "delta_r": {
        "available": true,
        "window_cycles": 500,
        "window_start_period": 637.0,
        "window_end_period": 1136.0,
        "first": 0.02957843652043035,
        "last": 0.08228227274740618,
        "median": 0.04914340358764413,
        "peak_to_peak": 0.05270383622697583,
        "fractional_peak_to_peak": 1.0724498585650848,
        "slope_per_cycle": 0.00010362289339751954,
        "fractional_slope_per_cycle": 0.002108581942492337,