{
  "generated_at": "2026-06-18T00:24:53.325118+00:00",
  "workspace": "<local-rre-root>/rsp_batch_runs",
  "model_id": "model_008",
  "run_name": "model_008_M0p6151_Z0p0004406_T6792",
  "source": "cumulative:saturation+continue_saturation",
  "source_kind": "history_exact_rsp_columns",
  "cycle_count": 981,
  "first_period": 1.0,
  "last_period": 981.0,
  "rolling_window": 100,
  "fits": {
    "50": {
      "delta_r": {
        "available": true,
        "window_cycles": 50,
        "window_start_period": 932.0,
        "window_end_period": 981.0,
        "first": 0.05394494012820239,
        "last": 0.0596668124369657,
        "median": 0.05673021151102242,
        "peak_to_peak": 0.0057218723087633094,
        "fractional_peak_to_peak": 0.10086111361759291,
        "slope_per_cycle": 0.00011674450272529639,
        "fractional_slope_per_cycle": 0.002057889431676338,
        "log_slope_per_cycle": 0.0020572680943384547,
        "efolding_cycles": 486.0815188608488
      },
      "period_days": {
        "available": true,
        "window_cycles": 50,
        "window_start_period": 932.0,
        "window_end_period": 981.0,
        "first": 0.6316222453370898,
        "last": 0.6316223454045959,
        "median": 0.631622134865848,
        "peak_to_peak": 3.8896221665751796e-07,
        "fractional_peak_to_peak": 6.158147335038072e-07,
        "slope_per_cycle": 5.5605818020058245e-09,
        "fractional_slope_per_cycle": 8.803652524284717e-09,
        "log_slope_per_cycle": 8.803651850699474e-09,
        "efolding_cycles": 113589226.03471051
      },
      "gamma": {
        "available": true,
        "window_cycles": 50,
        "window_start_period": 932.0,
        "window_end_period": 981.0,
        "first": 0.004142676827070089,
        "last": 0.004163847935114662,
        "median": 0.004153129657220776,
        "peak_to_peak": 2.1315411801986657e-05,
        "fractional_peak_to_peak": 0.005132373309108455,
        "slope_per_cycle": 4.2754116836123433e-07,
        "fractional_slope_per_cycle": 0.00010294433442931316,
        "log_slope_per_cycle": 0.00010294387297879579,
        "efolding_cycles": 9714.031258625546
      },
      "max_vsurf_div_cs": {
        "available": true,
        "window_cycles": 50,
        "window_start_period": 932.0,
        "window_end_period": 981.0,
        "first": 0.30631,
        "last": 0.34095,
        "median": 0.32311,
        "peak_to_peak": 0.03463999999999995,
        "fractional_peak_to_peak": 0.10720807155457877,
        "slope_per_cycle": 0.0007070132052821126,
        "fractional_slope_per_cycle": 0.0021881501819260084,
        "log_slope_per_cycle": 0.0021872623114894047,
        "efolding_cycles": 457.1925345886179
      }
    },
    "100": {
      "delta_r": {
        "available": true,
        "window_cycles": 100,
        "window_start_period": 882.0,
        "window_end_period": 981.0,
        "first": 0.04869287510213205,
        "last": 0.0596668124369657,
        "median": 0.05388964216647496,
        "peak_to_peak": 0.01097393733483365,
        "fractional_peak_to_peak": 0.20363722774282209,
        "slope_per_cycle": 0.0001107462233995333,
        "fractional_slope_per_cycle": 0.002055055831646051,
        "log_slope_per_cycle": 0.002052619901098367,
        "efolding_cycles": 487.1822588609295
      },
      "period_days": {
        "available": true,
        "window_cycles": 100,
        "window_start_period": 882.0,
        "window_end_period": 981.0,
        "first": 0.6316253617581807,
        "last": 0.6316223454045959,
        "median": 0.6316223450243059,
        "peak_to_peak": 3.4009499682019495e-06,
        "fractional_peak_to_peak": 5.384467466981516e-06,
        "slope_per_cycle": -2.9140236336502014e-08,
        "fractional_slope_per_cycle": -4.6135537423680995e-08,
        "log_slope_per_cycle": -4.613546425567273e-08,
        "efolding_cycles": null
      },
      "gamma": {
        "available": true,
        "window_cycles": 100,
        "window_start_period": 882.0,
        "window_end_period": 981.0,
        "first": 0.004122099869587382,
        "last": 0.004163847935114662,
        "median": 0.004142387929625479,
        "peak_to_peak": 4.174806552728009e-05,
        "fractional_peak_to_peak": 0.010078260712548621,
        "slope_per_cycle": 4.2785995458154615e-07,
        "fractional_slope_per_cycle": 0.00010328823901826833,
        "log_slope_per_cycle": 0.00010328447442993224,
        "efolding_cycles": 9681.99727518966
      },
      "max_vsurf_div_cs": {
        "available": true,
        "window_cycles": 100,
        "window_start_period": 882.0,
        "window_end_period": 981.0,
        "first": 0.27505,
        "last": 0.34095,
        "median": 0.305975,
        "peak_to_peak": 0.06589999999999996,
        "fractional_peak_to_peak": 0.21537707329030137,
        "slope_per_cycle": 0.0006650180018001799,
        "fractional_slope_per_cycle": 0.002173439012338197,
        "log_slope_per_cycle": 0.002169718685563144,
        "efolding_cycles": 460.8892418421759
      }
    },
    "250": {
      "delta_r": {
        "available": true,
        "window_cycles": 250,
        "window_start_period": 732.0,
        "window_end_period": 981.0,
        "first": 0.035858979831009385,
        "last": 0.0596668124369657,
        "median": 0.04621782654261475,
        "peak_to_peak": 0.023807832605956314,
        "fractional_peak_to_peak": 0.5151222891021175,
        "slope_per_cycle": 9.516294482270405e-05,
        "fractional_slope_per_cycle": 0.0020590095195186188,
        "log_slope_per_cycle": 0.0020446928900876705,
        "efolding_cycles": 489.07100173714736
      },
      "period_days": {
        "available": true,
        "window_cycles": 250,
        "window_start_period": 732.0,
        "window_end_period": 981.0,
        "first": 0.6316295827895886,
        "last": 0.6316223454045959,
        "median": 0.6316272162374419,
        "peak_to_peak": 7.621981376049192e-06,
        "fractional_peak_to_peak": 1.2067214933284207e-05,
        "slope_per_cycle": -3.958199607021389e-08,
        "fractional_slope_per_cycle": -6.266670443050414e-08,
        "log_slope_per_cycle": -6.266683308975891e-08,
        "efolding_cycles": null
      },
      "gamma": {
        "available": true,
        "window_cycles": 250,
        "window_start_period": 732.0,
        "window_end_period": 981.0,
        "first": 0.004080165921129203,
        "last": 0.004163847935114662,
        "median": 0.00411425260567615,
        "peak_to_peak": 8.368201398545935e-05,
        "fractional_peak_to_peak": 0.020339542076247105,
        "slope_per_cycle": 3.261881999299412e-07,
        "fractional_slope_per_cycle": 7.928249215420605e-05,
        "log_slope_per_cycle": 7.917922967866924e-05,
        "efolding_cycles": 12629.574751589158
      },
      "max_vsurf_div_cs": {
        "available": true,
        "window_cycles": 250,
        "window_start_period": 732.0,
        "window_end_period": 981.0,
        "first": 0.19989,
        "last": 0.34095,
        "median": 0.260455,
        "peak_to_peak": 0.14105999999999996,
        "fractional_peak_to_peak": 0.54159067785222,
        "slope_per_cycle": 0.0005624903144050305,
        "fractional_slope_per_cycle": 0.0021596449075849205,
        "log_slope_per_cycle": 0.0021414847488976665,
        "efolding_cycles": 466.9657351119367
      }
    },
    "500": {
      "delta_r": {
        "available": true,
        "window_cycles": 500,
        "window_start_period": 482.0,
        "window_end_period": 981.0,
        "first": 0.006441528097833604,
        "last": 0.0596668124369657,
        "median": 0.035822613397264114,
        "peak_to_peak": 0.053225284339132095,
        "fractional_peak_to_peak": 1.4858012660571849,