{
  "generated_at": "2026-06-19T00:15:23.864805+00:00",
  "workspace": "<local-rre-root>/rsp_batch_runs",
  "model_id": "model_007",
  "run_name": "model_007_M0p6887_Z0p004060_T6669",
  "source": "cumulative:continue_saturation+continue_saturation_resume:LOGS_continue_saturation_resume_2180000+continue_saturation_resume:LOGS_continue_saturation_resume_2270000",
  "source_kind": "history_exact_rsp_columns",
  "cycle_count": 1681,
  "first_period": 1.0,
  "last_period": 1681.0,
  "rolling_window": 100,
  "fits": {
    "50": {
      "delta_r": {
        "available": true,
        "window_cycles": 50,
        "window_start_period": 1632.0,
        "window_end_period": 1681.0,
        "first": 0.626652456041854,
        "last": 0.6339753084088402,
        "median": 0.630837204373532,
        "peak_to_peak": 0.0073228523669861545,
        "fractional_peak_to_peak": 0.011608149164661727,
        "slope_per_cycle": 0.00014610798317550306,
        "fractional_slope_per_cycle": 0.00023160964851557717,
        "log_slope_per_cycle": 0.00023173958283526409,
        "efolding_cycles": 4315.188574024777
      },
      "period_days": {
        "available": true,
        "window_cycles": 50,
        "window_start_period": 1632.0,
        "window_end_period": 1681.0,
        "first": 0.5572483096028574,
        "last": 0.5572310692013276,
        "median": 0.5572508826431888,
        "peak_to_peak": 6.505127565037405e-05,
        "fractional_peak_to_peak": 0.00011673606570494531,
        "slope_per_cycle": 1.4356177592239916e-07,
        "fractional_slope_per_cycle": 2.5762503101197e-07,
        "log_slope_per_cycle": 2.5762358460696235e-07,
        "efolding_cycles": 3881632.1942171077
      },
      "gamma": {
        "available": true,
        "window_cycles": 50,
        "window_start_period": 1632.0,
        "window_end_period": 1681.0,
        "first": 0.0004721897848372879,
        "last": 0.00028235757513480253,
        "median": 0.00038446427572971776,
        "peak_to_peak": 0.00019859131977670368,
        "fractional_peak_to_peak": 0.5165403714032337,
        "slope_per_cycle": -3.890068935401677e-06,
        "fractional_slope_per_cycle": -0.010118154483971964,
        "log_slope_per_cycle": -0.010326927830986347,
        "efolding_cycles": null
      },
      "max_vsurf_div_cs": {
        "available": true,
        "window_cycles": 50,
        "window_start_period": 1632.0,
        "window_end_period": 1681.0,
        "first": 4.85708,
        "last": 4.91543,
        "median": 4.89012,
        "peak_to_peak": 0.0583499999999999,
        "fractional_peak_to_peak": 0.011932222522146678,
        "slope_per_cycle": 0.001145315246098441,
        "fractional_slope_per_cycle": 0.00023421004926227598,
        "log_slope_per_cycle": 0.00023434654586773905,
        "efolding_cycles": 4267.184721230677
      }
    },
    "100": {
      "delta_r": {
        "available": true,
        "window_cycles": 100,
        "window_start_period": 1582.0,
        "window_end_period": 1681.0,
        "first": 0.614552871566028,
        "last": 0.6339753084088402,
        "median": 0.6265808877050509,
        "peak_to_peak": 0.019422436842812196,
        "fractional_peak_to_peak": 0.030997493258930805,
        "slope_per_cycle": 0.00019268423596657637,
        "fractional_slope_per_cycle": 0.0003075169379524359,
        "log_slope_per_cycle": 0.00030823079132308686,
        "efolding_cycles": 3244.3222032019576
      },
      "period_days": {
        "available": true,
        "window_cycles": 100,
        "window_start_period": 1582.0,
        "window_end_period": 1681.0,
        "first": 0.5572320138642357,
        "last": 0.5572310692013276,
        "median": 0.5572424681120793,
        "peak_to_peak": 6.575438728628757e-05,
        "fractional_peak_to_peak": 0.00011799959810863206,
        "slope_per_cycle": 2.1201728320407862e-07,
        "fractional_slope_per_cycle": 3.804758167883126e-07,
        "log_slope_per_cycle": 3.804700574259871e-07,
        "efolding_cycles": 2628327.7237776592
      },
      "gamma": {
        "available": true,
        "window_cycles": 100,
        "window_start_period": 1582.0,
        "window_end_period": 1681.0,
        "first": 0.0007879702652986149,
        "last": 0.00028235757513480253,
        "median": 0.0004905124614469088,
        "peak_to_peak": 0.0005056126901638124,
        "fractional_peak_to_peak": 1.0307845975459238,
        "slope_per_cycle": -4.958089022367811e-06,
        "fractional_slope_per_cycle": -0.010107977700999662,
        "log_slope_per_cycle": -0.01008210675030346,
        "efolding_cycles": null
      },
      "max_vsurf_div_cs": {
        "available": true,
        "window_cycles": 100,
        "window_start_period": 1629.0,
        "window_end_period": 1681.0,
        "first": 4.85518,
        "last": 4.91543,
        "median": 4.8882,
        "peak_to_peak": 0.060249999999999915,
        "fractional_peak_to_peak": 0.012325600425514486,
        "slope_per_cycle": 0.0011567464925012112,
        "fractional_slope_per_cycle": 0.00023664058191178984,
        "log_slope_per_cycle": 0.0002367752658311344,
        "efolding_cycles": 4223.414115869642
      }
    },
    "250": {
      "delta_r": {
        "available": true,
        "window_cycles": 250,
        "window_start_period": 1432.0,
        "window_end_period": 1681.0,
        "first": 0.5309802482832877,
        "last": 0.6339753084088402,
        "median": 0.6059739715526997,
        "peak_to_peak": 0.10299506012555248,
        "fractional_peak_to_peak": 0.16996614534721038,
        "slope_per_cycle": 0.0004013664745779939,
        "fractional_slope_per_cycle": 0.0006623493638671711,
        "log_slope_per_cycle": 0.0006798237432629587,
        "efolding_cycles": 1470.9695121860368
      },
      "period_days": {
        "available": true,
        "window_cycles": 250,
        "window_start_period": 1432.0,
        "window_end_period": 1681.0,
        "first": 0.5570251218734861,
        "last": 0.5572310692013276,
        "median": 0.557221218264679,
        "peak_to_peak": 0.0005597611980651118,
        "fractional_peak_to_peak": 0.0010045582969872235,
        "slope_per_cycle": 1.2128579854070857e-06,
        "fractional_slope_per_cycle": 2.176618451795891e-06,
        "log_slope_per_cycle": 2.177105158409104e-06,
        "efolding_cycles": 459325.5388411
      },
      "gamma": {
        "available": true,
        "window_cycles": 250,
        "window_start_period": 1432.0,
        "window_end_period": 1681.0,
        "first": 0.002463850094315555,
        "last": 0.00028235757513480253,
        "median": 0.0009828820012279314,
        "peak_to_peak": 0.0021814925191807524,
        "fractional_peak_to_peak": 2.2194856721919582,
        "slope_per_cycle": -8.663750904944024e-06,
        "fractional_slope_per_cycle": -0.008814639899927205,
        "log_slope_per_cycle": -0.008624591285504819,
        "efolding_cycles": null
      },
      "max_vsurf_div_cs": {
        "available": true,
        "window_cycles": 250,
        "window_start_period": 1629.0,
        "window_end_period": 1681.0,
        "first": 4.85518,
        "last": 4.91543,
        "median": 4.8882,
        "peak_to_peak": 0.060249999999999915,
        "fractional_peak_to_peak": 0.012325600425514486,
        "slope_per_cycle": 0.0011567464925012112,
        "fractional_slope_per_cycle": 0.00023664058191178984,
        "log_slope_per_cycle": 0.0002367752658311344,
        "efolding_cycles": 4223.414115869642
      }
    },
    "500": {
      "delta_r": {
        "available": true,
        "window_cycles": 500,
        "window_start_period": 1182.0,
        "window_end_period": 1681.0,
        "first": 0.305581480375956,
        "last": 0.6339753084088402,
        "median": 0.5305832177899283,
        "peak_to_peak": 0.32854977344570724,
        "fractional_peak_to_peak": 0.6192238322467798,
        "slope_per_cycle": 0.0007147728912673734,