{
  "generated_at": "2026-06-19T11:24:24.836470+00:00",
  "workspace": "<local-rre-root>/rsp_batch_runs",
  "model_id": "model_007",
  "run_name": "model_007_M0p6887_Z0p004060_T6669",
  "source": "cumulative:continue_saturation+continue_saturation_resume:LOGS_continue_saturation_resume_2180000+continue_saturation_resume:LOGS_continue_saturation_resume_2270000",
  "source_kind": "history_exact_rsp_columns",
  "cycle_count": 1711,
  "first_period": 1.0,
  "last_period": 1711.0,
  "rolling_window": 100,
  "fits": {
    "50": {
      "delta_r": {
        "available": true,
        "window_cycles": 50,
        "window_start_period": 1662.0,
        "window_end_period": 1711.0,
        "first": 0.6314764369015302,
        "last": 0.6368242026704927,
        "median": 0.6345884730614926,
        "peak_to_peak": 0.005347765768962454,
        "fractional_peak_to_peak": 0.008427139785825022,
        "slope_per_cycle": 0.00010782349154684004,
        "fractional_slope_per_cycle": 0.00016991088890515,
        "log_slope_per_cycle": 0.0001699914599002148,
        "efolding_cycles": 5882.648461205059
      },
      "period_days": {
        "available": true,
        "window_cycles": 50,
        "window_start_period": 1662.0,
        "window_end_period": 1711.0,
        "first": 0.5572243633442041,
        "last": 0.5572430026989982,
        "median": 0.5572546947732809,
        "peak_to_peak": 7.364367203854805e-05,
        "fractional_peak_to_peak": 0.000132154421899505,
        "slope_per_cycle": 1.5881803825200714e-07,
        "fractional_slope_per_cycle": 2.8500080796380236e-07,
        "log_slope_per_cycle": 2.8499982127394306e-07,
        "efolding_cycles": 3508774.130208298
      },
      "gamma": {
        "available": true,
        "window_cycles": 50,
        "window_start_period": 1662.0,
        "window_end_period": 1711.0,
        "first": 0.0003506921227338939,
        "last": 0.00021014065729835633,
        "median": 0.00027566398750328747,
        "peak_to_peak": 0.0001470154643352504,
        "fractional_peak_to_peak": 0.5333140018280305,
        "slope_per_cycle": -2.8814811073709945e-06,
        "fractional_slope_per_cycle": -0.01045287465174112,
        "log_slope_per_cycle": -0.010561204703556799,
        "efolding_cycles": null
      },
      "max_vsurf_div_cs": {
        "available": true,
        "window_cycles": 50,
        "window_start_period": 1662.0,
        "window_end_period": 1711.0,
        "first": 4.89444,
        "last": 4.93822,
        "median": 4.9196550000000006,
        "peak_to_peak": 0.04377999999999993,
        "fractional_peak_to_peak": 0.008898997998843399,
        "slope_per_cycle": 0.0008684019207683052,
        "fractional_slope_per_cycle": 0.00017651683314547567,
        "log_slope_per_cycle": 0.00017660740746231818,
        "efolding_cycles": 5662.276652882551
      }
    },
    "100": {
      "delta_r": {
        "available": true,
        "window_cycles": 100,
        "window_start_period": 1612.0,
        "window_end_period": 1711.0,
        "first": 0.6225735555521048,
        "last": 0.6368242026704927,
        "median": 0.6314319744948982,
        "peak_to_peak": 0.01425064711838786,
        "fractional_peak_to_peak": 0.022568776517513846,
        "slope_per_cycle": 0.00014149573050392636,
        "fractional_slope_per_cycle": 0.00022408705326826874,
        "log_slope_per_cycle": 0.000224460818287177,
        "efolding_cycles": 4455.120531194856
      },
      "period_days": {
        "available": true,
        "window_cycles": 100,
        "window_start_period": 1612.0,
        "window_end_period": 1711.0,
        "first": 0.5572212114243734,
        "last": 0.5572430026989982,
        "median": 0.5572509833954757,
        "peak_to_peak": 7.466691114976776e-05,
        "fractional_peak_to_peak": 0.00013399152872697106,
        "slope_per_cycle": 1.5839628048352822e-07,
        "fractional_slope_per_cycle": 2.84245851875179e-07,
        "log_slope_per_cycle": 2.8424275343613953e-07,
        "efolding_cycles": 3518119.592887594
      },
      "gamma": {
        "available": true,
        "window_cycles": 100,
        "window_start_period": 1612.0,
        "window_end_period": 1711.0,
        "first": 0.0006068151797771672,
        "last": 0.00021014065729835633,
        "median": 0.000349047328031176,
        "peak_to_peak": 0.00040313852137852373,
        "fractional_peak_to_peak": 1.1549680774021465,
        "slope_per_cycle": -3.829245979753212e-06,
        "fractional_slope_per_cycle": -0.010970563795323462,
        "log_slope_per_cycle": -0.010493988329382144,
        "efolding_cycles": null
      },
      "max_vsurf_div_cs": {
        "available": true,
        "window_cycles": 100,
        "window_start_period": 1629.0,
        "window_end_period": 1711.0,
        "first": 4.85518,
        "last": 4.93822,
        "median": 4.90313,
        "peak_to_peak": 0.08304000000000045,
        "fractional_peak_to_peak": 0.016936120396563104,
        "slope_per_cycle": 0.0010148784685781456,
        "fractional_slope_per_cycle": 0.0002069858373280222,
        "log_slope_per_cycle": 0.00020716876576243594,
        "efolding_cycles": 4826.982466781298
      }
    },
    "250": {
      "delta_r": {
        "available": true,
        "window_cycles": 250,
        "window_start_period": 1462.0,
        "window_end_period": 1711.0,
        "first": 0.5540911560714008,
        "last": 0.6368242026704927,
        "median": 0.615886292407581,
        "peak_to_peak": 0.08273304659909186,
        "fractional_peak_to_peak": 0.13433169014961746,
        "slope_per_cycle": 0.00031667246906540115,
        "fractional_slope_per_cycle": 0.0005141735949788501,
        "log_slope_per_cycle": 0.000525391184805017,
        "efolding_cycles": 1903.3436968896226
      },
      "period_days": {
        "available": true,
        "window_cycles": 250,
        "window_start_period": 1462.0,
        "window_end_period": 1711.0,
        "first": 0.5569186504831951,
        "last": 0.5572430026989982,
        "median": 0.5572304778212371,
        "peak_to_peak": 0.0005562382789880971,
        "fractional_peak_to_peak": 0.0009982194103290625,
        "slope_per_cycle": 7.127226144334075e-07,
        "fractional_slope_per_cycle": 1.2790445655810902e-06,
        "log_slope_per_cycle": 1.2792147275100082e-06,
        "efolding_cycles": 781729.5865147677
      },
      "gamma": {
        "available": true,
        "window_cycles": 250,
        "window_start_period": 1462.0,
        "window_end_period": 1711.0,
        "first": 0.0020239350712350146,
        "last": 0.00021014065729835633,
        "median": 0.0007444896038591327,
        "peak_to_peak": 0.0018202584128363712,
        "fractional_peak_to_peak": 2.4449749242983225,
        "slope_per_cycle": -7.179938542361429e-06,
        "fractional_slope_per_cycle": -0.009644108534415436,
        "log_slope_per_cycle": -0.00916256656216671,
        "efolding_cycles": null
      },
      "max_vsurf_div_cs": {
        "available": true,
        "window_cycles": 250,
        "window_start_period": 1629.0,
        "window_end_period": 1711.0,
        "first": 4.85518,
        "last": 4.93822,
        "median": 4.90313,
        "peak_to_peak": 0.08304000000000045,
        "fractional_peak_to_peak": 0.016936120396563104,
        "slope_per_cycle": 0.0010148784685781456,
        "fractional_slope_per_cycle": 0.0002069858373280222,
        "log_slope_per_cycle": 0.00020716876576243594,
        "efolding_cycles": 4826.982466781298
      }
    },
    "500": {
      "delta_r": {
        "available": true,
        "window_cycles": 500,
        "window_start_period": 1212.0,
        "window_end_period": 1711.0,
        "first": 0.32893775677700177,
        "last": 0.6368242026704927,
        "median": 0.5537135250062462,
        "peak_to_peak": 0.3082333623289504,
        "fractional_peak_to_peak": 0.556665763808954,
        "slope_per_cycle": 0.0006566172400522223,