{
  "generated_at": "2026-06-18T18:54:16.201305+00:00",
  "workspace": "<local-rre-root>/rsp_batch_runs",
  "model_id": "model_008",
  "run_name": "model_008_M0p6151_Z0p0004406_T6792",
  "source": "cumulative:saturation+continue_saturation+continue_saturation_resume:LOGS_continue_saturation_resume_1620000",
  "source_kind": "history_exact_rsp_columns",
  "cycle_count": 1075,
  "first_period": 1.0,
  "last_period": 1075.0,
  "rolling_window": 100,
  "fits": {
    "50": {
      "delta_r": {
        "available": true,
        "window_cycles": 50,
        "window_start_period": 1026.0,
        "window_end_period": 1075.0,
        "first": 0.06548107551821669,
        "last": 0.07247270013273965,
        "median": 0.0688858801444927,
        "peak_to_peak": 0.006991624614522962,
        "fractional_peak_to_peak": 0.10149575790942303,
        "slope_per_cycle": 0.00014265966961016983,
        "fractional_slope_per_cycle": 0.0020709566214575717,
        "log_slope_per_cycle": 0.0020703592198267357,
        "efolding_cycles": 483.00796809728894
      },
      "period_days": {
        "available": true,
        "window_cycles": 50,
        "window_start_period": 1026.0,
        "window_end_period": 1075.0,
        "first": 0.6316197909416493,
        "last": 0.6316164137629999,
        "median": 0.6316171074252472,
        "peak_to_peak": 3.4743393944047796e-06,
        "fractional_peak_to_peak": 5.500705021381918e-06,
        "slope_per_cycle": -7.310968741626001e-08,
        "fractional_slope_per_cycle": -1.1575001144963864e-07,
        "log_slope_per_cycle": -1.1574989855869663e-07,
        "efolding_cycles": null
      },
      "gamma": {
        "available": true,
        "window_cycles": 50,
        "window_start_period": 1026.0,
        "window_end_period": 1075.0,
        "first": 0.004184104634409442,
        "last": 0.004210138023072398,
        "median": 0.004196041800458528,
        "peak_to_peak": 2.6363804656826147e-05,
        "fractional_peak_to_peak": 0.0062830176415175866,
        "slope_per_cycle": 5.360691573762287e-07,
        "fractional_slope_per_cycle": 0.00012775591447102577,
        "log_slope_per_cycle": 0.00012774048927890547,
        "efolding_cycles": 7828.371455636313
      },
      "max_vsurf_div_cs": {
        "available": true,
        "window_cycles": 50,
        "window_start_period": 1026.0,
        "window_end_period": 1075.0,
        "first": 0.37643,
        "last": 0.41966,
        "median": 0.39734,
        "peak_to_peak": 0.04322999999999999,
        "fractional_peak_to_peak": 0.10879851009211251,
        "slope_per_cycle": 0.0008815654261704681,
        "fractional_slope_per_cycle": 0.002218667705668868,
        "log_slope_per_cycle": 0.002217577884333729,
        "efolding_cycles": 450.9424480937452
      }
    },
    "100": {
      "delta_r": {
        "available": true,
        "window_cycles": 100,
        "window_start_period": 976.0,
        "window_end_period": 1075.0,
        "first": 0.05905464124641657,
        "last": 0.07247270013273965,
        "median": 0.06541342374612746,
        "peak_to_peak": 0.013418058886323081,
        "fractional_peak_to_peak": 0.20512699256347122,
        "slope_per_cycle": 0.00013544031002776978,
        "fractional_slope_per_cycle": 0.0020705277643533826,
        "log_slope_per_cycle": 0.002068192889158886,
        "efolding_cycles": 483.5138952666501
      },
      "period_days": {
        "available": true,
        "window_cycles": 100,
        "window_start_period": 976.0,
        "window_end_period": 1075.0,
        "first": 0.6316222619932765,
        "last": 0.6316164137629999,
        "median": 0.631619822936029,
        "peak_to_peak": 6.033168174268688e-06,
        "fractional_peak_to_peak": 9.551898080437119e-06,
        "slope_per_cycle": -7.756115848740369e-08,
        "fractional_slope_per_cycle": -1.2279722021210082e-07,
        "log_slope_per_cycle": -1.2279730096635743e-07,
        "efolding_cycles": null
      },
      "gamma": {
        "available": true,
        "window_cycles": 100,
        "window_start_period": 976.0,
        "window_end_period": 1075.0,
        "first": 0.0041618285910816535,
        "last": 0.004210138023072398,
        "median": 0.004183444795227859,
        "peak_to_peak": 4.8395909331679955e-05,
        "fractional_peak_to_peak": 0.011568435033942878,
        "slope_per_cycle": 4.882961965403271e-07,
        "fractional_slope_per_cycle": 0.00011672108045917961,
        "log_slope_per_cycle": 0.00011668369935550976,
        "efolding_cycles": 8570.177372875523
      },
      "max_vsurf_div_cs": {
        "available": true,
        "window_cycles": 100,
        "window_start_period": 1018.0,
        "window_end_period": 1075.0,
        "first": 0.36986,
        "last": 0.41966,
        "median": 0.39383500000000005,
        "peak_to_peak": 0.049799999999999955,
        "fractional_peak_to_peak": 0.12644889357218111,
        "slope_per_cycle": 0.0008727404718693284,
        "fractional_slope_per_cycle": 0.002216005362320079,
        "log_slope_per_cycle": 0.002214603575692432,
        "efolding_cycles": 451.54808335723635
      }
    },
    "250": {
      "delta_r": {
        "available": true,
        "window_cycles": 250,
        "window_start_period": 826.0,
        "window_end_period": 1075.0,
        "first": 0.04342498664371508,
        "last": 0.07247270013273965,
        "median": 0.05603442203896103,
        "peak_to_peak": 0.029047713489024574,
        "fractional_peak_to_peak": 0.518390525538526,
        "slope_per_cycle": 0.0001160978655847374,
        "fractional_slope_per_cycle": 0.002071902615574654,
        "log_slope_per_cycle": 0.0020567131573912202,
        "efolding_cycles": 486.2126721007716
      },
      "period_days": {
        "available": true,
        "window_cycles": 250,
        "window_start_period": 826.0,
        "window_end_period": 1075.0,
        "first": 0.631628610723376,
        "last": 0.6316164137629999,
        "median": 0.631622241852736,
        "peak_to_peak": 1.2294121121025903e-05,
        "fractional_peak_to_peak": 1.946435750103351e-05,
        "slope_per_cycle": -4.491086831578741e-08,
        "fractional_slope_per_cycle": -7.110400068251313e-08,
        "log_slope_per_cycle": -7.110397438367125e-08,
        "efolding_cycles": null
      },
      "gamma": {
        "available": true,
        "window_cycles": 250,
        "window_start_period": 826.0,
        "window_end_period": 1075.0,
        "first": 0.004105839252099144,
        "last": 0.004210138023072398,
        "median": 0.004150541946266954,
        "peak_to_peak": 0.00010429877097325405,
        "fractional_peak_to_peak": 0.025128952393087264,
        "slope_per_cycle": 4.1902545022035877e-07,
        "fractional_slope_per_cycle": 0.00010095680411018015,
        "log_slope_per_cycle": 0.00010087254970268716,
        "efolding_cycles": 9913.499787081924
      },
      "max_vsurf_div_cs": {
        "available": true,
        "window_cycles": 250,
        "window_start_period": 1018.0,
        "window_end_period": 1075.0,
        "first": 0.36986,
        "last": 0.41966,
        "median": 0.39383500000000005,
        "peak_to_peak": 0.049799999999999955,
        "fractional_peak_to_peak": 0.12644889357218111,
        "slope_per_cycle": 0.0008727404718693284,
        "fractional_slope_per_cycle": 0.002216005362320079,
        "log_slope_per_cycle": 0.002214603575692432,
        "efolding_cycles": 451.54808335723635
      }
    },
    "500": {
      "delta_r": {
        "available": true,
        "window_cycles": 500,
        "window_start_period": 576.0,
        "window_end_period": 1075.0,
        "first": 0.007783182535778366,
        "last": 0.07247270013273965,
        "median": 0.04338068232502623,
        "peak_to_peak": 0.06468951759696129,
        "fractional_peak_to_peak": 1.4912056272485605,
        "slope_per_cycle": 0.00010183459436815054,
        "fractional_slope_per_cycle": 0.002347464099461671,