{
  "generated_at": "2026-06-17T11:47:24.265429+00:00",
  "workspace": "<local-rre-root>/rsp_batch_runs",
  "model_id": "model_008",
  "run_name": "model_008_M0p6151_Z0p0004406_T6792",
  "source": "cumulative:saturation+continue_saturation",
  "source_kind": "history_exact_rsp_columns",
  "cycle_count": 1416,
  "first_period": 1.0,
  "last_period": 1416.0,
  "rolling_window": 100,
  "fits": {
    "50": {
      "delta_r": {
        "available": true,
        "window_cycles": 50,
        "window_start_period": 1367.0,
        "window_end_period": 1416.0,
        "first": 0.03850261428593704,
        "last": 0.0425471728247242,
        "median": 0.04047281450582618,
        "peak_to_peak": 0.004044558538787157,
        "fractional_peak_to_peak": 0.09993272245015061,
        "slope_per_cycle": 8.252917193605052e-05,
        "fractional_slope_per_cycle": 0.0020391260885543354,
        "log_slope_per_cycle": 0.0020385471858185775,
        "efolding_cycles": 490.5454271339079
      },
      "period_days": {
        "available": true,
        "window_cycles": 50,
        "window_start_period": 1367.0,
        "window_end_period": 1416.0,
        "first": 0.6316294128487439,
        "last": 0.6316290463658947,
        "median": 0.6316293084196298,
        "peak_to_peak": 4.840692229279853e-07,
        "fractional_peak_to_peak": 7.663818262948441e-07,
        "slope_per_cycle": -9.650728119435796e-09,
        "fractional_slope_per_cycle": -1.5279101192410515e-08,
        "log_slope_per_cycle": -1.527910331862013e-08,
        "efolding_cycles": null
      },
      "gamma": {
        "available": true,
        "window_cycles": 50,
        "window_start_period": 1367.0,
        "window_end_period": 1416.0,
        "first": 0.004090817436426487,
        "last": 0.00410437252477369,
        "median": 0.0040963069716774625,
        "peak_to_peak": 1.548975852415542e-05,
        "fractional_peak_to_peak": 0.00378139593327701,
        "slope_per_cycle": 2.6622018196881064e-07,
        "fractional_slope_per_cycle": 6.499029096439808e-05,
        "log_slope_per_cycle": 6.498739611428317e-05,
        "efolding_cycles": 15387.599131398592
      },
      "max_vsurf_div_cs": {
        "available": true,
        "window_cycles": 50,
        "window_start_period": 1367.0,
        "window_end_period": 1416.0,
        "first": 0.21525,
        "last": 0.2389,
        "median": 0.22675,
        "peak_to_peak": 0.023650000000000004,
        "fractional_peak_to_peak": 0.10429988974641677,
        "slope_per_cycle": 0.0004824355342136854,
        "fractional_slope_per_cycle": 0.002127609853202582,
        "log_slope_per_cycle": 0.002126900163457376,
        "efolding_cycles": 470.167813788896
      }
    },
    "100": {
      "delta_r": {
        "available": true,
        "window_cycles": 100,
        "window_start_period": 1317.0,
        "window_end_period": 1416.0,
        "first": 0.034783720258581674,
        "last": 0.0425471728247242,
        "median": 0.03846347599461497,
        "peak_to_peak": 0.007763452566142526,
        "fractional_peak_to_peak": 0.2018395988763324,
        "slope_per_cycle": 7.835981749208577e-05,
        "fractional_slope_per_cycle": 0.002037252626441158,
        "log_slope_per_cycle": 0.0020349230673493957,
        "efolding_cycles": 491.41906937177606
      },
      "period_days": {
        "available": true,
        "window_cycles": 100,
        "window_start_period": 1317.0,
        "window_end_period": 1416.0,
        "first": 0.6316298585288502,
        "last": 0.6316290463658947,
        "median": 0.6316294133097485,
        "peak_to_peak": 9.297493293036752e-07,
        "fractional_peak_to_peak": 1.4719854866032494e-06,
        "slope_per_cycle": -6.4717331160344355e-09,
        "fractional_slope_per_cycle": -1.0246092059143426e-08,
        "log_slope_per_cycle": -1.0246092426448333e-08,
        "efolding_cycles": null
      },
      "gamma": {
        "available": true,
        "window_cycles": 100,
        "window_start_period": 1317.0,
        "window_end_period": 1416.0,
        "first": 0.00407651341293901,
        "last": 0.00410437252477369,
        "median": 0.004089911016676846,
        "peak_to_peak": 2.7859111834680275e-05,
        "fractional_peak_to_peak": 0.006811666982749295,
        "slope_per_cycle": 2.6058179069380257e-07,
        "fractional_slope_per_cycle": 6.371331543186768e-05,
        "log_slope_per_cycle": 6.37121326461697e-05,
        "efolding_cycles": 15695.597658825487
      },
      "max_vsurf_div_cs": {
        "available": true,
        "window_cycles": 100,
        "window_start_period": 1317.0,
        "window_end_period": 1416.0,
        "first": 0.19367,
        "last": 0.2389,
        "median": 0.215025,
        "peak_to_peak": 0.04522999999999999,
        "fractional_peak_to_peak": 0.21034763399604695,
        "slope_per_cycle": 0.00045652271227122714,
        "fractional_slope_per_cycle": 0.002123114578636099,
        "log_slope_per_cycle": 0.002120285149308498,
        "efolding_cycles": 471.63467627273457
      }
    },
    "250": {
      "delta_r": {
        "available": true,
        "window_cycles": 250,
        "window_start_period": 1167.0,
        "window_end_period": 1416.0,
        "first": 0.025670916885755624,
        "last": 0.0425471728247242,
        "median": 0.03303072371576432,
        "peak_to_peak": 0.016876255938968576,
        "fractional_peak_to_peak": 0.510926011921264,
        "slope_per_cycle": 6.745115582248166e-05,
        "fractional_slope_per_cycle": 0.002042073204417551,
        "log_slope_per_cycle": 0.002028337050156452,
        "efolding_cycles": 493.01470873534885
      },
      "period_days": {
        "available": true,
        "window_cycles": 250,
        "window_start_period": 1167.0,
        "window_end_period": 1416.0,
        "first": 0.6316350046478005,
        "last": 0.6316290463658947,
        "median": 0.631630641496999,
        "peak_to_peak": 6.0758682796091534e-06,
        "fractional_peak_to_peak": 9.619337442542393e-06,
        "slope_per_cycle": -2.7196989054808245e-08,
        "fractional_slope_per_cycle": -4.305837505025073e-08,
        "log_slope_per_cycle": -4.3058301087453353e-08,
        "efolding_cycles": null
      },
      "gamma": {
        "available": true,
        "window_cycles": 250,
        "window_start_period": 1167.0,
        "window_end_period": 1416.0,
        "first": 0.004053276403673449,
        "last": 0.00410437252477369,
        "median": 0.004071981173412298,
        "peak_to_peak": 5.339346154529644e-05,
        "fractional_peak_to_peak": 0.013112403832789093,
        "slope_per_cycle": 1.9753720438021925e-07,
        "fractional_slope_per_cycle": 4.8511325560644514e-05,
        "log_slope_per_cycle": 4.846060252858327e-05,
        "efolding_cycles": 20635.319162822525
      },
      "max_vsurf_div_cs": {
        "available": true,
        "window_cycles": 250,
        "window_start_period": 1167.0,
        "window_end_period": 1416.0,
        "first": 0.1416,
        "last": 0.2389,
        "median": 0.18357,
        "peak_to_peak": 0.0973,
        "fractional_peak_to_peak": 0.5300430353543607,
        "slope_per_cycle": 0.0003885483454135266,
        "fractional_slope_per_cycle": 0.0021166222444491288,
        "log_slope_per_cycle": 0.0020995976878527105,
        "efolding_cycles": 476.2817209151696
      }
    },
    "500": {
      "delta_r": {
        "available": true,
        "window_cycles": 500,
        "window_start_period": 917.0,
        "window_end_period": 1416.0,
        "first": 0.01549870194460734,
        "last": 0.0425471728247242,
        "median": 0.025644972772821628,
        "peak_to_peak": 0.02704847088011686,
        "fractional_peak_to_peak": 1.0547280014577614,