{
  "generated_at": "2026-06-17T15:51:44.176438+00:00",
  "workspace": "<local-rre-root>/rsp_batch_runs",
  "model_id": "model_008",
  "run_name": "model_008_M0p6151_Z0p0004406_T6792",
  "source": "cumulative:saturation+continue_saturation",
  "source_kind": "history_exact_rsp_columns",
  "cycle_count": 1529,
  "first_period": 1.0,
  "last_period": 1529.0,
  "rolling_window": 100,
  "fits": {
    "50": {
      "delta_r": {
        "available": true,
        "window_cycles": 50,
        "window_start_period": 1480.0,
        "window_end_period": 1529.0,
        "first": 0.04849399637793006,
        "last": 0.05361386676825042,
        "median": 0.05098764208297668,
        "peak_to_peak": 0.005119870390320358,
        "fractional_peak_to_peak": 0.10041394701069609,
        "slope_per_cycle": 0.00010445928563290483,
        "fractional_slope_per_cycle": 0.0020487177160086953,
        "log_slope_per_cycle": 0.0020481240950979865,
        "efolding_cycles": 488.2516652157046
      },
      "period_days": {
        "available": true,
        "window_cycles": 50,
        "window_start_period": 1480.0,
        "window_end_period": 1529.0,
        "first": 0.6316255194074647,
        "last": 0.6316223512700311,
        "median": 0.6316236336199843,
        "peak_to_peak": 3.28686743700235e-06,
        "fractional_peak_to_peak": 5.203838586856758e-06,
        "slope_per_cycle": -6.741348311632421e-08,
        "fractional_slope_per_cycle": -1.067304634089792e-07,
        "log_slope_per_cycle": -1.0673043484431534e-07,
        "efolding_cycles": null
      },
      "gamma": {
        "available": true,
        "window_cycles": 50,
        "window_start_period": 1480.0,
        "window_end_period": 1529.0,
        "first": 0.004121695680849738,
        "last": 0.004141245692371741,
        "median": 0.004130234364386972,
        "peak_to_peak": 1.9550011522003093e-05,
        "fractional_peak_to_peak": 0.004733390359291341,
        "slope_per_cycle": 3.925858711611481e-07,
        "fractional_slope_per_cycle": 9.505171777810664e-05,
        "log_slope_per_cycle": 9.503295444704076e-05,
        "efolding_cycles": 10522.665593410256
      },
      "max_vsurf_div_cs": {
        "available": true,
        "window_cycles": 50,
        "window_start_period": 1480.0,
        "window_end_period": 1529.0,
        "first": 0.27387,
        "last": 0.30432,
        "median": 0.28864999999999996,
        "peak_to_peak": 0.030449999999999977,
        "fractional_peak_to_peak": 0.10549107916161435,
        "slope_per_cycle": 0.0006210597839135652,
        "fractional_slope_per_cycle": 0.0021516015378956013,
        "log_slope_per_cycle": 0.002150785336660911,
        "efolding_cycles": 464.94644674884086
      }
    },
    "100": {
      "delta_r": {
        "available": true,
        "window_cycles": 100,
        "window_start_period": 1430.0,
        "window_end_period": 1529.0,
        "first": 0.04378128238622114,
        "last": 0.05361386676825042,
        "median": 0.048444431305490365,
        "peak_to_peak": 0.009832584382029275,
        "fractional_peak_to_peak": 0.2029662464200486,
        "slope_per_cycle": 9.924205043054704e-05,
        "fractional_slope_per_cycle": 0.002048574991101188,
        "log_slope_per_cycle": 0.0020463301858957886,
        "efolding_cycles": 488.6796895693772
      },
      "period_days": {
        "available": true,
        "window_cycles": 100,
        "window_start_period": 1430.0,
        "window_end_period": 1529.0,
        "first": 0.6316284733457077,
        "last": 0.6316223512700311,
        "median": 0.6316255583470963,
        "peak_to_peak": 6.240805680013395e-06,
        "fractional_peak_to_peak": 9.880546468615024e-06,
        "slope_per_cycle": -6.828041307647199e-08,
        "fractional_slope_per_cycle": -1.0810267598283277e-07,
        "log_slope_per_cycle": -1.0810269896092536e-07,
        "efolding_cycles": null
      },
      "gamma": {
        "available": true,
        "window_cycles": 100,
        "window_start_period": 1430.0,
        "window_end_period": 1529.0,
        "first": 0.004106076875703783,
        "last": 0.004141245692371741,
        "median": 0.004121766651831076,
        "peak_to_peak": 3.516881666795757e-05,
        "fractional_peak_to_peak": 0.008532461839472155,
        "slope_per_cycle": 3.370680950788991e-07,
        "fractional_slope_per_cycle": 8.177757829380229e-05,
        "log_slope_per_cycle": 8.17520364511528e-05,
        "efolding_cycles": 12232.111191474776
      },
      "max_vsurf_div_cs": {
        "available": true,
        "window_cycles": 100,
        "window_start_period": 1430.0,
        "window_end_period": 1529.0,
        "first": 0.24613,
        "last": 0.30432,
        "median": 0.27358,
        "peak_to_peak": 0.05818999999999999,
        "fractional_peak_to_peak": 0.2126982966591125,
        "slope_per_cycle": 0.0005868336633663366,
        "fractional_slope_per_cycle": 0.0021450166801898407,
        "log_slope_per_cycle": 0.0021420758400123485,
        "efolding_cycles": 466.83687912480036
      }
    },
    "250": {
      "delta_r": {
        "available": true,
        "window_cycles": 250,
        "window_start_period": 1280.0,
        "window_end_period": 1529.0,
        "first": 0.03227009039218309,
        "last": 0.05361386676825042,
        "median": 0.04156021272008115,
        "peak_to_peak": 0.021343776376067325,
        "fractional_peak_to_peak": 0.5135627317363175,
        "slope_per_cycle": 8.534159708032177e-05,
        "fractional_slope_per_cycle": 0.0020534446648557757,
        "log_slope_per_cycle": 0.0020391150049639,
        "efolding_cycles": 490.408828126741
      },
      "period_days": {
        "available": true,
        "window_cycles": 250,
        "window_start_period": 1280.0,
        "window_end_period": 1529.0,
        "first": 0.631631095298152,
        "last": 0.6316223512700311,
        "median": 0.6316291400424584,
        "peak_to_peak": 8.862758124283943e-06,
        "fractional_peak_to_peak": 1.4031585249040575e-05,
        "slope_per_cycle": -3.077278956696724e-08,
        "fractional_slope_per_cycle": -4.871971164107261e-08,
        "log_slope_per_cycle": -4.871986972509187e-08,
        "efolding_cycles": null
      },
      "gamma": {
        "available": true,
        "window_cycles": 250,
        "window_start_period": 1280.0,
        "window_end_period": 1529.0,
        "first": 0.004069525786200639,
        "last": 0.004141245692371741,
        "median": 0.004099939756201269,
        "peak_to_peak": 7.304731912636218e-05,
        "fractional_peak_to_peak": 0.017816681090466305,
        "slope_per_cycle": 2.7939599201870995e-07,
        "fractional_slope_per_cycle": 6.814636522307823e-05,
        "log_slope_per_cycle": 6.810472019416748e-05,
        "efolding_cycles": 14683.270075098853
      },
      "max_vsurf_div_cs": {
        "available": true,
        "window_cycles": 250,
        "window_start_period": 1280.0,
        "window_end_period": 1529.0,
        "first": 0.1792,
        "last": 0.30432,
        "median": 0.23311500000000002,
        "peak_to_peak": 0.12511999999999998,
        "fractional_peak_to_peak": 0.53673079810394,
        "slope_per_cycle": 0.0004998407795324725,
        "fractional_slope_per_cycle": 0.0021441811103209683,
        "log_slope_per_cycle": 0.0021270366395791385,
        "efolding_cycles": 470.137646617062
      }
    },
    "500": {
      "delta_r": {
        "available": true,
        "window_cycles": 500,
        "window_start_period": 1030.0,
        "window_end_period": 1529.0,
        "first": 0.019463260997315324,
        "last": 0.05361386676825042,
        "median": 0.032237431405112815,
        "peak_to_peak": 0.034150605770935094,