{
  "generated_at": "2026-06-20T01:19:50.486139+00:00",
  "workspace": "<local-rre-root>/rsp_batch_runs",
  "model_id": "model_007",
  "run_name": "model_007_M0p6887_Z0p004060_T6669",
  "source": "cumulative:continue_saturation+continue_saturation_resume:LOGS_continue_saturation_resume_2180000+continue_saturation_resume:LOGS_continue_saturation_resume_2270000",
  "source_kind": "history_exact_rsp_columns",
  "cycle_count": 1740,
  "first_period": 1.0,
  "last_period": 1740.0,
  "rolling_window": 100,
  "fits": {
    "50": {
      "delta_r": {
        "available": true,
        "window_cycles": 50,
        "window_start_period": 1691.0,
        "window_end_period": 1740.0,
        "first": 0.6350363472733571,
        "last": 0.6387938053501605,
        "median": 0.6371464540121856,
        "peak_to_peak": 0.003797500389674191,
        "fractional_peak_to_peak": 0.005960168758314337,
        "slope_per_cycle": 7.762194360571933e-05,
        "fractional_slope_per_cycle": 0.00012182747485593757,
        "log_slope_per_cycle": 0.0001218548378310299,
        "efolding_cycles": 8206.48583018633
      },
      "period_days": {
        "available": true,
        "window_cycles": 50,
        "window_start_period": 1691.0,
        "window_end_period": 1740.0,
        "first": 0.5572385958670121,
        "last": 0.557271478204574,
        "median": 0.5572569656107333,
        "peak_to_peak": 6.16109157326461e-05,
        "fractional_peak_to_peak": 0.00011056105088811726,
        "slope_per_cycle": 1.3166048009662234e-07,
        "fractional_slope_per_cycle": 2.362652927134383e-07,
        "log_slope_per_cycle": 2.362673669574144e-07,
        "efolding_cycles": 4232493.098296741
      },
      "gamma": {
        "available": true,
        "window_cycles": 50,
        "window_start_period": 1691.0,
        "window_end_period": 1740.0,
        "first": 0.00026210337805830864,
        "last": 0.00015669529621791325,
        "median": 0.00019830174417055868,
        "peak_to_peak": 0.00012651203996449792,
        "fractional_peak_to_peak": 0.6379774443924473,
        "slope_per_cycle": -2.1801474766147803e-06,
        "fractional_slope_per_cycle": -0.01099409128111169,
        "log_slope_per_cycle": -0.010814619453276537,
        "efolding_cycles": null
      },
      "max_vsurf_div_cs": {
        "available": true,
        "window_cycles": 50,
        "window_start_period": 1691.0,
        "window_end_period": 1740.0,
        "first": 4.92374,
        "last": 4.9547,
        "median": 4.93963,
        "peak_to_peak": 0.03106999999999971,
        "fractional_peak_to_peak": 0.006289944793435887,
        "slope_per_cycle": 0.0006262218487394923,
        "fractional_slope_per_cycle": 0.00012677505172239463,
        "log_slope_per_cycle": 0.00012678476804272294,
        "efolding_cycles": 7887.382809763298
      }
    },
    "100": {
      "delta_r": {
        "available": true,
        "window_cycles": 100,
        "window_start_period": 1641.0,
        "window_end_period": 1740.0,
        "first": 0.6284946057667273,
        "last": 0.6387938053501605,
        "median": 0.6349732411197428,
        "peak_to_peak": 0.010482961969464633,
        "fractional_peak_to_peak": 0.016509297227987853,
        "slope_per_cycle": 0.00010424125243776854,
        "fractional_slope_per_cycle": 0.00016416637062365718,
        "log_slope_per_cycle": 0.00016439348875360685,
        "efolding_cycles": 6082.965983517761
      },
      "period_days": {
        "available": true,
        "window_cycles": 100,
        "window_start_period": 1641.0,
        "window_end_period": 1740.0,
        "first": 0.5572347425126161,
        "last": 0.557271478204574,
        "median": 0.5572549108947904,
        "peak_to_peak": 7.466691114976776e-05,
        "fractional_peak_to_peak": 0.0001339905843626829,
        "slope_per_cycle": 1.322227249751444e-07,
        "fractional_slope_per_cycle": 2.3727511842440812e-07,
        "log_slope_per_cycle": 2.3727630117525805e-07,
        "efolding_cycles": 4214495.906446956
      },
      "gamma": {
        "available": true,
        "window_cycles": 100,
        "window_start_period": 1641.0,
        "window_end_period": 1740.0,
        "first": 0.0004341641839157567,
        "last": 0.00015669529621791325,
        "median": 0.0002676605038789658,
        "peak_to_peak": 0.00031865949552648296,
        "fractional_peak_to_peak": 1.190536111635576,
        "slope_per_cycle": -2.8756440471006435e-06,
        "fractional_slope_per_cycle": -0.010743624873399287,
        "log_slope_per_cycle": -0.010727491650188185,
        "efolding_cycles": null
      },
      "max_vsurf_div_cs": {
        "available": true,
        "window_cycles": 100,
        "window_start_period": 1641.0,
        "window_end_period": 1740.0,
        "first": 4.87232,
        "last": 4.9547,
        "median": 4.92328,
        "peak_to_peak": 0.08481000000000005,
        "fractional_peak_to_peak": 0.01722632066427261,
        "slope_per_cycle": 0.0008304366636663653,
        "fractional_slope_per_cycle": 0.0001686754894432909,
        "log_slope_per_cycle": 0.0001689259481724534,
        "efolding_cycles": 5919.753660219912
      }
    },
    "250": {
      "delta_r": {
        "available": true,
        "window_cycles": 250,
        "window_start_period": 1491.0,
        "window_end_period": 1740.0,
        "first": 0.5736267314536105,
        "last": 0.6387938053501605,
        "median": 0.6234717629576063,
        "peak_to_peak": 0.06520711620942077,
        "fractional_peak_to_peak": 0.10458712019305132,
        "slope_per_cycle": 0.00024619349116536545,
        "fractional_slope_per_cycle": 0.0003948751263368854,
        "log_slope_per_cycle": 0.0004019572048335095,
        "efolding_cycles": 2487.82703226877
      },
      "period_days": {
        "available": true,
        "window_cycles": 250,
        "window_start_period": 1491.0,
        "window_end_period": 1740.0,
        "first": 0.5571507634041417,
        "last": 0.557271478204574,
        "median": 0.5572354016230545,
        "peak_to_peak": 0.0001490959352641319,
        "fractional_peak_to_peak": 0.0002675636451486419,
        "slope_per_cycle": 3.472025536826295e-07,
        "fractional_slope_per_cycle": 6.230805736163491e-07,
        "log_slope_per_cycle": 6.230942281842048e-07,
        "efolding_cycles": 1604893.6978828358
      },
      "gamma": {
        "available": true,
        "window_cycles": 250,
        "window_start_period": 1491.0,
        "window_end_period": 1740.0,
        "first": 0.0016629169591027054,
        "last": 0.00015669529621791325,
        "median": 0.0005776157132104255,
        "peak_to_peak": 0.0015200958049690048,
        "fractional_peak_to_peak": 2.6316732218384677,
        "slope_per_cycle": -5.847317292765961e-06,
        "fractional_slope_per_cycle": -0.010123196372664784,
        "log_slope_per_cycle": -0.00964090022420125,
        "efolding_cycles": null
      },
      "max_vsurf_div_cs": {
        "available": true,
        "window_cycles": 250,
        "window_start_period": 1629.0,
        "window_end_period": 1740.0,
        "first": 4.85518,
        "last": 4.9547,
        "median": 4.91774,
        "peak_to_peak": 0.09952000000000005,
        "fractional_peak_to_peak": 0.020236938105715238,
        "slope_per_cycle": 0.0008863963252126961,
        "fractional_slope_per_cycle": 0.00018024465002474633,
        "log_slope_per_cycle": 0.00018056840389259608,
        "efolding_cycles": 5538.067449468126
      }
    },
    "500": {
      "delta_r": {
        "available": true,
        "window_cycles": 500,
        "window_start_period": 1241.0,
        "window_end_period": 1740.0,
        "first": 0.3523717753043609,
        "last": 0.6387938053501605,
        "median": 0.5733206621179674,
        "peak_to_peak": 0.2864620723586704,
        "fractional_peak_to_peak": 0.49965419229863284,
        "slope_per_cycle": 0.0005931413514048456,