{
  "generated_at": "2026-06-17T21:09:42.365237+00:00",
  "workspace": "<local-rre-root>/rsp_batch_runs",
  "model_id": "model_008",
  "run_name": "model_008_M0p6151_Z0p0004406_T6792",
  "source": "cumulative:saturation+continue_saturation",
  "source_kind": "history_exact_rsp_columns",
  "cycle_count": 961,
  "first_period": 1.0,
  "last_period": 961.0,
  "rolling_window": 100,
  "fits": {
    "50": {
      "delta_r": {
        "available": true,
        "window_cycles": 50,
        "window_start_period": 912.0,
        "window_end_period": 961.0,
        "first": 0.0517771842454291,
        "last": 0.05725737828645361,
        "median": 0.05444558165261171,
        "peak_to_peak": 0.005480194041024511,
        "fractional_peak_to_peak": 0.10065452282226892,
        "slope_per_cycle": 0.00011182364700141733,
        "fractional_slope_per_cycle": 0.0020538608204225743,
        "log_slope_per_cycle": 0.0020532511786699728,
        "efolding_cycles": 487.0324733712153
      },
      "period_days": {
        "available": true,
        "window_cycles": 50,
        "window_start_period": 912.0,
        "window_end_period": 961.0,
        "first": 0.6316231324673733,
        "last": 0.6316221354651713,
        "median": 0.631622134865848,
        "peak_to_peak": 1.1716591608035287e-06,
        "fractional_peak_to_peak": 1.8550001593157922e-06,
        "slope_per_cycle": -1.9380206699312676e-08,
        "fractional_slope_per_cycle": -3.068322914843523e-08,
        "log_slope_per_cycle": -3.0683213635542435e-08,
        "efolding_cycles": null
      },
      "gamma": {
        "available": true,
        "window_cycles": 50,
        "window_start_period": 912.0,
        "window_end_period": 961.0,
        "first": 0.0041338379368185095,
        "last": 0.004155415306528085,
        "median": 0.004144679512640095,
        "peak_to_peak": 2.208770587034791e-05,
        "fractional_peak_to_peak": 0.0053291710017594075,
        "slope_per_cycle": 4.473100431753093e-07,
        "fractional_slope_per_cycle": 0.00010792391590499114,
        "log_slope_per_cycle": 0.00010793438108177177,
        "efolding_cycles": 9264.888444048182
      },
      "max_vsurf_div_cs": {
        "available": true,
        "window_cycles": 50,
        "window_start_period": 912.0,
        "window_end_period": 961.0,
        "first": 0.29334,
        "last": 0.32631,
        "median": 0.309315,
        "peak_to_peak": 0.03297,
        "fractional_peak_to_peak": 0.1065903690412686,
        "slope_per_cycle": 0.0006726636254501802,
        "fractional_slope_per_cycle": 0.002174688021758338,
        "log_slope_per_cycle": 0.0021737270135663346,
        "efolding_cycles": 460.0393672981713
      }
    },
    "100": {
      "delta_r": {
        "available": true,
        "window_cycles": 100,
        "window_start_period": 862.0,
        "window_end_period": 961.0,
        "first": 0.0467406523523497,
        "last": 0.05725737828645361,
        "median": 0.05172418548909752,
        "peak_to_peak": 0.01051672593410391,
        "fractional_peak_to_peak": 0.20332318111264674,
        "slope_per_cycle": 0.00010613526781497889,
        "fractional_slope_per_cycle": 0.0020519466244151917,
        "log_slope_per_cycle": 0.0020495838246429306,
        "efolding_cycles": 487.9039285813136
      },
      "period_days": {
        "available": true,
        "window_cycles": 100,
        "window_start_period": 862.0,
        "window_end_period": 961.0,
        "first": 0.6316268551953275,
        "last": 0.6316221354651713,
        "median": 0.6316231553535908,
        "peak_to_peak": 4.894387114928733e-06,
        "fractional_peak_to_peak": 7.748903873210271e-06,
        "slope_per_cycle": -5.259164086633069e-08,
        "fractional_slope_per_cycle": -8.326426987447793e-08,
        "log_slope_per_cycle": -8.326415766009523e-08,
        "efolding_cycles": null
      },
      "gamma": {
        "available": true,
        "window_cycles": 100,
        "window_start_period": 862.0,
        "window_end_period": 961.0,
        "first": 0.0041159872758632955,
        "last": 0.004155415306528085,
        "median": 0.004133079997527123,
        "peak_to_peak": 3.967309705435549e-05,
        "fractional_peak_to_peak": 0.009598918259044692,
        "slope_per_cycle": 4.0377535714996747e-07,
        "fractional_slope_per_cycle": 9.769357413637085e-05,
        "log_slope_per_cycle": 9.76514966289973e-05,
        "efolding_cycles": 10240.498451337131
      },
      "max_vsurf_div_cs": {
        "available": true,
        "window_cycles": 100,
        "window_start_period": 862.0,
        "window_end_period": 961.0,
        "first": 0.26353,
        "last": 0.32631,
        "median": 0.293025,
        "peak_to_peak": 0.06278,
        "fractional_peak_to_peak": 0.2142479310639024,
        "slope_per_cycle": 0.0006330929492949295,
        "fractional_slope_per_cycle": 0.0021605424427776796,
        "log_slope_per_cycle": 0.002157004862704608,
        "efolding_cycles": 463.6058162363751
      }
    },
    "250": {
      "delta_r": {
        "available": true,
        "window_cycles": 250,
        "window_start_period": 712.0,
        "window_end_period": 961.0,
        "first": 0.03443267603063038,
        "last": 0.05725737828645361,
        "median": 0.04436666586459026,
        "peak_to_peak": 0.022824702255823226,
        "fractional_peak_to_peak": 0.5144561082296694,
        "slope_per_cycle": 9.12520330674724e-05,
        "fractional_slope_per_cycle": 0.0020567701288615897,
        "log_slope_per_cycle": 0.002042494672734872,
        "efolding_cycles": 489.5973602031549
      },
      "period_days": {
        "available": true,
        "window_cycles": 250,
        "window_start_period": 712.0,
        "window_end_period": 961.0,
        "first": 0.6316299831386035,
        "last": 0.6316221354651713,
        "median": 0.6316282302211901,
        "peak_to_peak": 8.022330390988763e-06,
        "fractional_peak_to_peak": 1.2701032042502946e-05,
        "slope_per_cycle": -3.7483921094926954e-08,
        "fractional_slope_per_cycle": -5.934491097999285e-08,
        "log_slope_per_cycle": -5.934510360562317e-08,
        "efolding_cycles": null
      },
      "gamma": {
        "available": true,
        "window_cycles": 250,
        "window_start_period": 712.0,
        "window_end_period": 961.0,
        "first": 0.0040739413263829105,
        "last": 0.004155415306528085,
        "median": 0.004108804485774892,
        "peak_to_peak": 8.147398014517453e-05,
        "fractional_peak_to_peak": 0.019829120715586714,
        "slope_per_cycle": 3.076193069501299e-07,
        "fractional_slope_per_cycle": 7.486832435447827e-05,
        "log_slope_per_cycle": 7.479519653612534e-05,
        "efolding_cycles": 13369.84253416608
      },
      "max_vsurf_div_cs": {
        "available": true,
        "window_cycles": 250,
        "window_start_period": 712.0,
        "window_end_period": 961.0,
        "first": 0.19164,
        "last": 0.32631,
        "median": 0.24957000000000001,
        "peak_to_peak": 0.13466999999999998,
        "fractional_peak_to_peak": 0.5396081259766798,
        "slope_per_cycle": 0.0005372983516536264,
        "fractional_slope_per_cycle": 0.002152896388402558,
        "log_slope_per_cycle": 0.00213538527013914,
        "efolding_cycles": 468.29956822491374
      }
    },
    "500": {
      "delta_r": {
        "available": true,
        "window_cycles": 500,
        "window_start_period": 462.0,
        "window_end_period": 961.0,
        "first": 0.006187484346092731,
        "last": 0.05725737828645361,
        "median": 0.03439778899144663,
        "peak_to_peak": 0.05106989394036088,
        "fractional_peak_to_peak": 1.4846853660582644,