{
  "generated_at": "2026-06-18T04:50:06.440908+00:00",
  "workspace": "<local-rre-root>/rsp_batch_runs",
  "model_id": "model_008",
  "run_name": "model_008_M0p6151_Z0p0004406_T6792",
  "source": "cumulative:saturation+continue_saturation",
  "source_kind": "history_exact_rsp_columns",
  "cycle_count": 1007,
  "first_period": 1.0,
  "last_period": 1007.0,
  "rolling_window": 100,
  "fits": {
    "50": {
      "delta_r": {
        "available": true,
        "window_cycles": 50,
        "window_start_period": 958.0,
        "window_end_period": 1007.0,
        "first": 0.05690554836701356,
        "last": 0.0629582818056722,
        "median": 0.05985178940428959,
        "peak_to_peak": 0.006052733438658642,
        "fractional_peak_to_peak": 0.10112869638321692,
        "slope_per_cycle": 0.00012352066605850288,
        "fractional_slope_per_cycle": 0.0020637756579697203,
        "log_slope_per_cycle": 0.002063154530852072,
        "efolding_cycles": 484.69466782355136
      },
      "period_days": {
        "available": true,
        "window_cycles": 50,
        "window_start_period": 958.0,
        "window_end_period": 1007.0,
        "first": 0.631622125879275,
        "last": 0.6316215359016011,
        "median": 0.6316222115312875,
        "peak_to_peak": 8.138688281089657e-07,
        "fractional_peak_to_peak": 1.2885373776451661e-06,
        "slope_per_cycle": -8.39506438140168e-09,
        "fractional_slope_per_cycle": -1.3291274797079915e-08,
        "log_slope_per_cycle": -1.329127989784464e-08,
        "efolding_cycles": null
      },
      "gamma": {
        "available": true,
        "window_cycles": 50,
        "window_start_period": 958.0,
        "window_end_period": 1007.0,
        "first": 0.004153592541818394,
        "last": 0.004174717594430198,
        "median": 0.004163925373026643,
        "peak_to_peak": 2.1125052611804113e-05,
        "fractional_peak_to_peak": 0.005073350437221907,
        "slope_per_cycle": 4.206568084000638e-07,
        "fractional_slope_per_cycle": 0.0001010240988287213,
        "log_slope_per_cycle": 0.0001010182924109912,
        "efolding_cycles": 9899.197225899612
      },
      "max_vsurf_div_cs": {
        "available": true,
        "window_cycles": 50,
        "window_start_period": 958.0,
        "window_end_period": 1007.0,
        "first": 0.32417,
        "last": 0.36102,
        "median": 0.342075,
        "peak_to_peak": 0.036849999999999994,
        "fractional_peak_to_peak": 0.1077249141270189,
        "slope_per_cycle": 0.0007519860744297719,
        "fractional_slope_per_cycle": 0.0021983076063137375,
        "log_slope_per_cycle": 0.0021975533898332777,
        "efolding_cycles": 455.0515153016907
      }
    },
    "100": {
      "delta_r": {
        "available": true,
        "window_cycles": 100,
        "window_start_period": 908.0,
        "window_end_period": 1007.0,
        "first": 0.05135453311085847,
        "last": 0.0629582818056722,
        "median": 0.056847060079075806,
        "peak_to_peak": 0.011603748694813731,
        "fractional_peak_to_peak": 0.20412223039630548,
        "slope_per_cycle": 0.00011711579341253543,
        "fractional_slope_per_cycle": 0.002060190856829257,
        "log_slope_per_cycle": 0.0020576926168924003,
        "efolding_cycles": 485.98123538501835
      },
      "period_days": {
        "available": true,
        "window_cycles": 100,
        "window_start_period": 908.0,
        "window_end_period": 1007.0,
        "first": 0.6316234307739608,
        "last": 0.6316215359016011,
        "median": 0.6316222193034331,
        "peak_to_peak": 1.8948723596867723e-06,
        "fractional_peak_to_peak": 3.0000090271942605e-06,
        "slope_per_cycle": -8.059390394795836e-09,
        "fractional_slope_per_cycle": -1.2759827232936659e-08,
        "log_slope_per_cycle": -1.2759822165636435e-08,
        "efolding_cycles": null
      },
      "gamma": {
        "available": true,
        "window_cycles": 100,
        "window_start_period": 908.0,
        "window_end_period": 1007.0,
        "first": 0.004132627146337387,
        "last": 0.004174717594430198,
        "median": 0.00415384764799446,
        "peak_to_peak": 4.305308642918188e-05,
        "fractional_peak_to_peak": 0.010364628189955056,
        "slope_per_cycle": 4.317424146168317e-07,
        "fractional_slope_per_cycle": 0.00010393795131732466,
        "log_slope_per_cycle": 0.00010395407508717655,
        "efolding_cycles": 9619.63250754137
      },
      "max_vsurf_div_cs": {
        "available": true,
        "window_cycles": 100,
        "window_start_period": 908.0,
        "window_end_period": 1007.0,
        "first": 0.29083,
        "last": 0.36102,
        "median": 0.323815,
        "peak_to_peak": 0.07019000000000003,
        "fractional_peak_to_peak": 0.21675956950728048,
        "slope_per_cycle": 0.0007088543054305429,
        "fractional_slope_per_cycle": 0.0021890718633495758,
        "log_slope_per_cycle": 0.002185563375498945,
        "efolding_cycles": 457.5479307579945
      }
    },
    "250": {
      "delta_r": {
        "available": true,
        "window_cycles": 250,
        "window_start_period": 758.0,
        "window_end_period": 1007.0,
        "first": 0.0378040171760059,
        "last": 0.0629582818056722,
        "median": 0.04874274936232936,
        "peak_to_peak": 0.0251542646296663,
        "fractional_peak_to_peak": 0.5160616698635936,
        "slope_per_cycle": 0.00010051894304760422,
        "fractional_slope_per_cycle": 0.002062233755022647,
        "log_slope_per_cycle": 0.002047757929655388,
        "efolding_cycles": 488.3389708901224
      },
      "period_days": {
        "available": true,
        "window_cycles": 250,
        "window_start_period": 758.0,
        "window_end_period": 1007.0,
        "first": 0.6316294191500034,
        "last": 0.6316215359016011,
        "median": 0.6316253182964606,
        "peak_to_peak": 7.884754385401038e-06,
        "fractional_peak_to_peak": 1.2483277913347099e-05,
        "slope_per_cycle": -4.016236228477324e-08,
        "fractional_slope_per_cycle": -6.358573844552977e-08,
        "log_slope_per_cycle": -6.358570766012034e-08,
        "efolding_cycles": null
      },
      "gamma": {
        "available": true,
        "window_cycles": 250,
        "window_start_period": 758.0,
        "window_end_period": 1007.0,
        "first": 0.004086885071666858,
        "last": 0.004174717594430198,
        "median": 0.004122456209906261,
        "peak_to_peak": 8.783252276333992e-05,
        "fractional_peak_to_peak": 0.021305871619031004,
        "slope_per_cycle": 3.5046101793108526e-07,
        "fractional_slope_per_cycle": 8.50126720785845e-05,
        "log_slope_per_cycle": 8.488775363155556e-05,
        "efolding_cycles": 11780.262254793219
      },
      "max_vsurf_div_cs": {
        "available": true,
        "window_cycles": 250,
        "window_start_period": 758.0,
        "window_end_period": 1007.0,
        "first": 0.21119,
        "last": 0.36102,
        "median": 0.275345,
        "peak_to_peak": 0.14983000000000002,
        "fractional_peak_to_peak": 0.5441536980878535,
        "slope_per_cycle": 0.0005974341131858109,
        "fractional_slope_per_cycle": 0.00216976561472266,
        "log_slope_per_cycle": 0.0021504335729637786,
        "efolding_cycles": 465.0225017747357
      }
    },
    "500": {
      "delta_r": {
        "available": true,
        "window_cycles": 500,
        "window_start_period": 508.0,
        "window_end_period": 1007.0,
        "first": 0.0067874716884519515,
        "last": 0.0629582818056722,
        "median": 0.03776561266380396,
        "peak_to_peak": 0.05617081011722025,
        "fractional_peak_to_peak": 1.4873533395912983,