{
  "generated_at": "2026-06-17T22:14:52.099538+00:00",
  "workspace": "<local-rre-root>/rsp_batch_runs",
  "model_id": "model_008",
  "run_name": "model_008_M0p6151_Z0p0004406_T6792",
  "source": "cumulative:saturation+continue_saturation",
  "source_kind": "history_exact_rsp_columns",
  "cycle_count": 968,
  "first_period": 1.0,
  "last_period": 968.0,
  "rolling_window": 100,
  "fits": {
    "50": {
      "delta_r": {
        "available": true,
        "window_cycles": 50,
        "window_start_period": 919.0,
        "window_end_period": 968.0,
        "first": 0.052525458087304244,
        "last": 0.0580888356597864,
        "median": 0.05523400131961509,
        "peak_to_peak": 0.005563377572482153,
        "fractional_peak_to_peak": 0.10072378316916264,
        "slope_per_cycle": 0.00011351317978812079,
        "fractional_slope_per_cycle": 0.002055132293082833,
        "log_slope_per_cycle": 0.00205451975938567,
        "efolding_cycles": 486.7317510243921
      },
      "period_days": {
        "available": true,
        "window_cycles": 50,
        "window_start_period": 919.0,
        "window_end_period": 968.0,
        "first": 0.63162272247848,
        "last": 0.6316222298669595,
        "median": 0.631622134865848,
        "peak_to_peak": 7.616702674129172e-07,
        "fractional_peak_to_peak": 1.2058954640256401e-06,
        "slope_per_cycle": -8.31871836571381e-09,
        "fractional_slope_per_cycle": -1.317040348416644e-08,
        "log_slope_per_cycle": -1.3170399207425277e-08,
        "efolding_cycles": null
      },
      "gamma": {
        "available": true,
        "window_cycles": 50,
        "window_start_period": 919.0,
        "window_end_period": 968.0,
        "first": 0.004136320396194731,
        "last": 0.004157956519414623,
        "median": 0.0041476927576570895,
        "peak_to_peak": 2.163612321989198e-05,
        "fractional_peak_to_peak": 0.005216423800906988,
        "slope_per_cycle": 4.400342769766191e-07,
        "fractional_slope_per_cycle": 0.00010609133865189706,
        "log_slope_per_cycle": 0.00010610008514821262,
        "efolding_cycles": 9425.063124153829
      },
      "max_vsurf_div_cs": {
        "available": true,
        "window_cycles": 50,
        "window_start_period": 919.0,
        "window_end_period": 968.0,
        "first": 0.29781,
        "last": 0.33135,
        "median": 0.31406500000000004,
        "peak_to_peak": 0.03353999999999996,
        "fractional_peak_to_peak": 0.1067931797557829,
        "slope_per_cycle": 0.000684575270108043,
        "fractional_slope_per_cycle": 0.002179724802534644,
        "log_slope_per_cycle": 0.0021787890517639395,
        "efolding_cycles": 458.9705456755457
      }
    },
    "100": {
      "delta_r": {
        "available": true,
        "window_cycles": 100,
        "window_start_period": 869.0,
        "window_end_period": 968.0,
        "first": 0.04741476260828836,
        "last": 0.0580888356597864,
        "median": 0.05247167046187551,
        "peak_to_peak": 0.010674073051498034,
        "fractional_peak_to_peak": 0.2034254476280401,
        "slope_per_cycle": 0.00010772002701488651,
        "fractional_slope_per_cycle": 0.0020529178138735445,
        "log_slope_per_cycle": 0.0020505305868924206,
        "efolding_cycles": 487.6786556573634
      },
      "period_days": {
        "available": true,
        "window_cycles": 100,
        "window_start_period": 869.0,
        "window_end_period": 968.0,
        "first": 0.6316263690756427,
        "last": 0.6316222298669595,
        "median": 0.6316227499881966,
        "peak_to_peak": 4.4082674302003966e-06,
        "fractional_peak_to_peak": 6.979272722970754e-06,
        "slope_per_cycle": -4.483311316918709e-08,
        "fractional_slope_per_cycle": -7.098083970221926e-08,
        "log_slope_per_cycle": -7.098072670198853e-08,
        "efolding_cycles": null
      },
      "gamma": {
        "available": true,
        "window_cycles": 100,
        "window_start_period": 869.0,
        "window_end_period": 968.0,
        "first": 0.004118136884676409,
        "last": 0.004157956519414623,
        "median": 0.0041359963724639254,
        "peak_to_peak": 3.981963473821421e-05,
        "fractional_peak_to_peak": 0.00962757970565931,
        "slope_per_cycle": 4.1384998676434916e-07,
        "fractional_slope_per_cycle": 0.00010006052943363861,
        "log_slope_per_cycle": 0.00010002372235624397,
        "efolding_cycles": 9997.628326992322
      },
      "max_vsurf_div_cs": {
        "available": true,
        "window_cycles": 100,
        "window_start_period": 869.0,
        "window_end_period": 968.0,
        "first": 0.2675,
        "last": 0.33135,
        "median": 0.297485,
        "peak_to_peak": 0.06384999999999996,
        "fractional_peak_to_peak": 0.21463267055481777,
        "slope_per_cycle": 0.0006440202820282027,
        "fractional_slope_per_cycle": 0.002164883211013001,
        "log_slope_per_cycle": 0.0021612624175409777,
        "efolding_cycles": 462.69254112037504
      }
    },
    "250": {
      "delta_r": {
        "available": true,
        "window_cycles": 250,
        "window_start_period": 719.0,
        "window_end_period": 968.0,
        "first": 0.03492515960323228,
        "last": 0.0580888356597864,
        "median": 0.04500597558822861,
        "peak_to_peak": 0.023163676056554117,
        "fractional_peak_to_peak": 0.5146800120162847,
        "slope_per_cycle": 9.260092438623978e-05,
        "fractional_slope_per_cycle": 0.0020575250991883777,
        "log_slope_per_cycle": 0.0020432503966097506,
        "efolding_cycles": 489.4162759783349
      },
      "period_days": {
        "available": true,
        "window_cycles": 250,
        "window_start_period": 719.0,
        "window_end_period": 968.0,
        "first": 0.6316298124961623,
        "last": 0.6316222298669595,
        "median": 0.6316279442234103,
        "peak_to_peak": 7.851687949811392e-06,
        "fractional_peak_to_peak": 1.2430874887058839e-05,
        "slope_per_cycle": -3.8438127650776056e-08,
        "fractional_slope_per_cycle": -6.085564769943154e-08,
        "log_slope_per_cycle": -6.085582814742602e-08,
        "efolding_cycles": null
      },
      "gamma": {
        "available": true,
        "window_cycles": 250,
        "window_start_period": 719.0,
        "window_end_period": 968.0,
        "first": 0.004077096291438818,
        "last": 0.004157956519414623,
        "median": 0.004110720771935564,
        "peak_to_peak": 8.114112393612944e-05,
        "fractional_peak_to_peak": 0.019738904303617667,
        "slope_per_cycle": 3.141546372572617e-07,
        "fractional_slope_per_cycle": 7.64232490326361e-05,
        "log_slope_per_cycle": 7.634056273252868e-05,
        "efolding_cycles": 13099.19607880884
      },
      "max_vsurf_div_cs": {
        "available": true,
        "window_cycles": 250,
        "window_start_period": 719.0,
        "window_end_period": 968.0,
        "first": 0.19449,
        "last": 0.33135,
        "median": 0.25333,
        "peak_to_peak": 0.13685999999999998,
        "fractional_peak_to_peak": 0.540243950578297,
        "slope_per_cycle": 0.0005459499601593625,
        "fractional_slope_per_cycle": 0.002155093988707861,
        "log_slope_per_cycle": 0.002137428894441037,
        "efolding_cycles": 467.8518207556616
      }
    },
    "500": {
      "delta_r": {
        "available": true,
        "window_cycles": 500,
        "window_start_period": 469.0,
        "window_end_period": 968.0,
        "first": 0.006275146649538321,
        "last": 0.0580888356597864,
        "median": 0.034889763157512466,
        "peak_to_peak": 0.051813689010248076,
        "fractional_peak_to_peak": 1.4850685221430502,