{
  "generated_at": "2026-06-19T05:51:49.688235+00:00",
  "workspace": "<local-rre-root>/rsp_batch_runs",
  "model_id": "model_007",
  "run_name": "model_007_M0p6887_Z0p004060_T6669",
  "source": "cumulative:continue_saturation+continue_saturation_resume:LOGS_continue_saturation_resume_2180000+continue_saturation_resume:LOGS_continue_saturation_resume_2270000",
  "source_kind": "history_exact_rsp_columns",
  "cycle_count": 1698,
  "first_period": 1.0,
  "last_period": 1698.0,
  "rolling_window": 100,
  "fits": {
    "50": {
      "delta_r": {
        "available": true,
        "window_cycles": 50,
        "window_start_period": 1649.0,
        "window_end_period": 1698.0,
        "first": 0.6295465516007601,
        "last": 0.6354321159866885,
        "median": 0.6330715798638473,
        "peak_to_peak": 0.006020082919803826,
        "fractional_peak_to_peak": 0.009509324239604227,
        "slope_per_cycle": 0.00012262240285238832,
        "fractional_slope_per_cycle": 0.00019369437319988417,
        "log_slope_per_cycle": 0.00019377389333269577,
        "efolding_cycles": 5160.65390853799
      },
      "period_days": {
        "available": true,
        "window_cycles": 50,
        "window_start_period": 1649.0,
        "window_end_period": 1698.0,
        "first": 0.5572434145557108,
        "last": 0.5572754927253765,
        "median": 0.5572538576060388,
        "peak_to_peak": 7.27829262958668e-05,
        "fractional_peak_to_peak": 0.0001306099999173484,
        "slope_per_cycle": 1.6679831729035887e-07,
        "fractional_slope_per_cycle": 2.9932196074321315e-07,
        "log_slope_per_cycle": 2.9932633581336277e-07,
        "efolding_cycles": 3340835.33706678
      },
      "gamma": {
        "available": true,
        "window_cycles": 50,
        "window_start_period": 1649.0,
        "window_end_period": 1698.0,
        "first": 0.0004243350154671759,
        "last": 0.00023692291076268942,
        "median": 0.00031654951072662056,
        "peak_to_peak": 0.00018741210470448648,
        "fractional_peak_to_peak": 0.5920467363045141,
        "slope_per_cycle": -3.2908666000770644e-06,
        "fractional_slope_per_cycle": -0.010396056504788385,
        "log_slope_per_cycle": -0.010295270835835963,
        "efolding_cycles": null
      },
      "max_vsurf_div_cs": {
        "available": true,
        "window_cycles": 50,
        "window_start_period": 1649.0,
        "window_end_period": 1698.0,
        "first": 4.87949,
        "last": 4.92556,
        "median": 4.907484999999999,
        "peak_to_peak": 0.04931000000000019,
        "fractional_peak_to_peak": 0.01004791660086586,
        "slope_per_cycle": 0.0009795683073229287,
        "fractional_slope_per_cycle": 0.0001996069895930255,
        "log_slope_per_cycle": 0.00019968134158764546,
        "efolding_cycles": 5007.979173462601
      }
    },
    "100": {
      "delta_r": {
        "available": true,
        "window_cycles": 100,
        "window_start_period": 1599.0,
        "window_end_period": 1698.0,
        "first": 0.619397532398203,
        "last": 0.6354321159866885,
        "median": 0.6295903228634718,
        "peak_to_peak": 0.01616910212236089,
        "fractional_peak_to_peak": 0.025681941947298954,
        "slope_per_cycle": 0.00016199485492075422,
        "fractional_slope_per_cycle": 0.0002573020090016269,
        "log_slope_per_cycle": 0.0002578302073707755,
        "efolding_cycles": 3878.521489772295
      },
      "period_days": {
        "available": true,
        "window_cycles": 100,
        "window_start_period": 1599.0,
        "window_end_period": 1698.0,
        "first": 0.5572386165916988,
        "last": 0.5572754927253765,
        "median": 0.5572483571176416,
        "peak_to_peak": 7.27829262958668e-05,
        "fractional_peak_to_peak": 0.0001306112891428435,
        "slope_per_cycle": 1.8391033817516469e-07,
        "fractional_slope_per_cycle": 3.3003298408350275e-07,
        "log_slope_per_cycle": 3.3002797610639566e-07,
        "efolding_cycles": 3030046.1548678414
      },
      "gamma": {
        "available": true,
        "window_cycles": 100,
        "window_start_period": 1599.0,
        "window_end_period": 1698.0,
        "first": 0.0006839170142555928,
        "last": 0.00023692291076268942,
        "median": 0.0004104389155061515,
        "peak_to_peak": 0.0004469941034929034,
        "fractional_peak_to_peak": 1.0890636501698971,
        "slope_per_cycle": -4.294802893165737e-06,
        "fractional_slope_per_cycle": -0.010463927105619126,
        "log_slope_per_cycle": -0.010263749433091518,
        "efolding_cycles": null
      },
      "max_vsurf_div_cs": {
        "available": true,
        "window_cycles": 100,
        "window_start_period": 1629.0,
        "window_end_period": 1698.0,
        "first": 4.85518,
        "last": 4.92556,
        "median": 4.895875,
        "peak_to_peak": 0.07362000000000002,
        "fractional_peak_to_peak": 0.015037148620011747,
        "slope_per_cycle": 0.0010781432945499094,
        "fractional_slope_per_cycle": 0.00022021462854952573,
        "log_slope_per_cycle": 0.00022032285507519162,
        "efolding_cycles": 4538.793760904745
      }
    },
    "250": {
      "delta_r": {
        "available": true,
        "window_cycles": 250,
        "window_start_period": 1449.0,
        "window_end_period": 1698.0,
        "first": 0.5444282003859673,
        "last": 0.6354321159866885,
        "median": 0.6119542870891004,
        "peak_to_peak": 0.09113843413459666,
        "fractional_peak_to_peak": 0.14893013425580745,
        "slope_per_cycle": 0.0003520652062064934,
        "fractional_slope_per_cycle": 0.0005753129173768379,
        "log_slope_per_cycle": 0.0005890590483128286,
        "efolding_cycles": 1697.6226795330288
      },
      "period_days": {
        "available": true,
        "window_cycles": 250,
        "window_start_period": 1449.0,
        "window_end_period": 1698.0,
        "first": 0.556985633895491,
        "last": 0.5572754927253765,
        "median": 0.5572270374908113,
        "peak_to_peak": 0.0005543542941341961,
        "fractional_peak_to_peak": 0.0009948445729238999,
        "slope_per_cycle": 9.507995988209561e-07,
        "fractional_slope_per_cycle": 1.706305571787038e-06,
        "log_slope_per_cycle": 1.7066349921412654e-06,
        "efolding_cycles": 585948.3747871178
      },
      "gamma": {
        "available": true,
        "window_cycles": 250,
        "window_start_period": 1449.0,
        "window_end_period": 1698.0,
        "first": 0.0022198822300711902,
        "last": 0.00023692291076268942,
        "median": 0.000844773758392658,
        "peak_to_peak": 0.001982959319308501,
        "fractional_peak_to_peak": 2.3473258959670535,
        "slope_per_cycle": -7.81083107165057e-06,
        "fractional_slope_per_cycle": -0.0092460626221536,
        "log_slope_per_cycle": -0.008919580451427043,
        "efolding_cycles": null
      },
      "max_vsurf_div_cs": {
        "available": true,
        "window_cycles": 250,
        "window_start_period": 1629.0,
        "window_end_period": 1698.0,
        "first": 4.85518,
        "last": 4.92556,
        "median": 4.895875,
        "peak_to_peak": 0.07362000000000002,
        "fractional_peak_to_peak": 0.015037148620011747,
        "slope_per_cycle": 0.0010781432945499094,
        "fractional_slope_per_cycle": 0.00022021462854952573,
        "log_slope_per_cycle": 0.00022032285507519162,
        "efolding_cycles": 4538.793760904745
      }
    },
    "500": {
      "delta_r": {
        "available": true,
        "window_cycles": 500,
        "window_start_period": 1199.0,
        "window_end_period": 1698.0,
        "first": 0.31822354679197673,
        "last": 0.6354321159866885,
        "median": 0.544062033353617,
        "peak_to_peak": 0.3174406844629276,
        "fractional_peak_to_peak": 0.5834641364445381,
        "slope_per_cycle": 0.0006828881472997505,