{
  "generated_at": "2026-06-18T03:51:41.345885+00:00",
  "workspace": "<local-rre-root>/rsp_batch_runs",
  "model_id": "model_009",
  "run_name": "model_009_M0p6668_Z0p0001120_T6852",
  "source": "cumulative:saturation",
  "source_kind": "history_exact_rsp_columns",
  "cycle_count": 114,
  "first_period": 1.0,
  "last_period": 114.0,
  "rolling_window": 100,
  "fits": {
    "50": {
      "delta_r": {
        "available": true,
        "window_cycles": 50,
        "window_start_period": 65.0,
        "window_end_period": 114.0,
        "first": 0.002424862967147945,
        "last": 0.00255024263613457,
        "median": 0.002491564168322302,
        "peak_to_peak": 0.0005952358464282881,
        "fractional_peak_to_peak": 0.23890046822638764,
        "slope_per_cycle": 6.479693093911537e-06,
        "fractional_slope_per_cycle": 0.0026006527049530683,
        "log_slope_per_cycle": 0.002576143923245936,
        "efolding_cycles": 388.1770699907178
      },
      "period_days": {
        "available": true,
        "window_cycles": 50,
        "window_start_period": 65.0,
        "window_end_period": 114.0,
        "first": 0.5013702223637935,
        "last": 0.5167204200225037,
        "median": 0.5002618951175747,
        "peak_to_peak": 0.02709812469235018,
        "fractional_peak_to_peak": 0.05416787677978433,
        "slope_per_cycle": 2.7329394495506763e-05,
        "fractional_slope_per_cycle": 5.4630174239202524e-05,
        "log_slope_per_cycle": 5.378320690512979e-05,
        "efolding_cycles": 18593.16425225326
      },
      "gamma": {
        "available": true,
        "window_cycles": 50,
        "window_start_period": 65.0,
        "window_end_period": 114.0,
        "first": 0.003884901270338393,
        "last": 0.007249552606161487,
        "median": 0.004804956454475834,
        "peak_to_peak": 0.004415816500496566,
        "fractional_peak_to_peak": 0.9190128032030795,
        "slope_per_cycle": 5.219204492341641e-06,
        "fractional_slope_per_cycle": 0.0010862126518295361,
        "log_slope_per_cycle": 0.0006386529557387673,
        "efolding_cycles": 1565.7956187539153
      },
      "max_vsurf_div_cs": {
        "available": true,
        "window_cycles": 50,
        "window_start_period": 65.0,
        "window_end_period": 114.0,
        "first": 0.01698,
        "last": 0.01697,
        "median": 0.016974999999999997,
        "peak_to_peak": 0.00523,
        "fractional_peak_to_peak": 0.3081001472754051,
        "slope_per_cycle": 4.3008403361344534e-05,
        "fractional_slope_per_cycle": 0.002533632009504833,
        "log_slope_per_cycle": 0.002487683956452463,
        "efolding_cycles": 401.9803228646617
      }
    },
    "100": {
      "delta_r": {
        "available": true,
        "window_cycles": 100,
        "window_start_period": 15.0,
        "window_end_period": 114.0,
        "first": 0.002052335391978133,
        "last": 0.00255024263613457,
        "median": 0.002379292758336149,
        "peak_to_peak": 0.0008399644797307815,
        "fractional_peak_to_peak": 0.3530311588550258,
        "slope_per_cycle": 6.350166918371797e-06,
        "fractional_slope_per_cycle": 0.002668930461004933,
        "log_slope_per_cycle": 0.002700769244170123,
        "efolding_cycles": 370.26487996284715
      },
      "period_days": {
        "available": true,
        "window_cycles": 100,
        "window_start_period": 15.0,
        "window_end_period": 114.0,
        "first": 0.5174547343741802,
        "last": 0.5167204200225037,
        "median": 0.501001074839967,
        "peak_to_peak": 0.027832439044026658,
        "fractional_peak_to_peak": 0.0555536513627582,
        "slope_per_cycle": 6.326977124475181e-07,
        "fractional_slope_per_cycle": 1.2628669761828724e-06,
        "log_slope_per_cycle": 7.258692335370877e-07,
        "efolding_cycles": 1377658.6109416715
      },
      "gamma": {
        "available": true,
        "window_cycles": 100,
        "window_start_period": 15.0,
        "window_end_period": 114.0,
        "first": 0.005080280127950435,
        "last": 0.007249552606161487,
        "median": 0.005055960417966539,
        "peak_to_peak": 0.004415816500496566,
        "fractional_peak_to_peak": 0.8733882656210682,
        "slope_per_cycle": 7.454161986179544e-07,
        "fractional_slope_per_cycle": 0.00014743315552255727,
        "log_slope_per_cycle": -2.0491429675357012e-05,
        "efolding_cycles": null
      },
      "max_vsurf_div_cs": {
        "available": true,
        "window_cycles": 100,
        "window_start_period": 15.0,
        "window_end_period": 114.0,
        "first": 0.01458,
        "last": 0.01697,
        "median": 0.016155,
        "peak_to_peak": 0.0069,
        "fractional_peak_to_peak": 0.4271123491179202,
        "slope_per_cycle": 4.300336033603361e-05,
        "fractional_slope_per_cycle": 0.00266192264537503,
        "log_slope_per_cycle": 0.0026618853903801784,
        "efolding_cycles": 375.67357468278414
      }
    },
    "250": {
      "delta_r": {
        "available": false,
        "reason": "only 114 rows for 250-cycle window"
      },
      "period_days": {
        "available": false,
        "reason": "only 114 rows for 250-cycle window"
      },
      "gamma": {
        "available": false,
        "reason": "only 114 rows for 250-cycle window"
      },
      "max_vsurf_div_cs": {
        "available": false,
        "reason": "only 114 rows for 250-cycle window"
      }
    },
    "500": {
      "delta_r": {
        "available": false,
        "reason": "only 114 rows for 500-cycle window"
      },
      "period_days": {
        "available": false,
        "reason": "only 114 rows for 500-cycle window"
      },
      "gamma": {
        "available": false,
        "reason": "only 114 rows for 500-cycle window"
      },
      "max_vsurf_div_cs": {
        "available": false,
        "reason": "only 114 rows for 500-cycle window"
      }
    }
  },
  "latest_rolling": {
    "window_start_period": 15.0,
    "window_end_period": 114.0,
    "gamma_peak_to_peak": 0.004415816500496566,
    "period_fractional_peak_to_peak": 0.0555536513627582,
    "delta_r_fractional_peak_to_peak": 0.3530311588550258
  },
  "growth_outlook": {
    "status": "amplitude still growing",
    "tolerance": 0.001,
    "delta_r_fractional_peak_to_peak": 0.3530311588550258,
    "delta_r_criterion_factor": 353.03115885502575,
    "log_slope_per_cycle": 0.002700769244170123,
    "efolding_cycles": 370.26487996284715,
    "doubling_cycles": 256.6480576066141,
    "fit_window_cycles": 100,
    "max_vsurf_div_cs_latest": 0.01697,
    "max_vsurf_div_cs_log_slope_per_cycle": 0.0026618853903801784,
    "max_vsurf_div_cs_efolding_cycles": 375.67357468278414,
    "max_vsurf_div_cs_fit_window_cycles": 100,
    "cycles_to_vsurf_div_cs_0p8": 1447.532137313948,
    "cycles_to_vsurf_div_cs_1p0": 1531.3612729035683
  }
}
