{
  "generated_at": "2026-06-18T21:48:38.103983+00:00",
  "workspace": "<local-rre-root>/rsp_batch_runs",
  "model_id": "model_008",
  "run_name": "model_008_M0p6151_Z0p0004406_T6792",
  "source": "cumulative:saturation+continue_saturation+continue_saturation_resume:LOGS_continue_saturation_resume_1620000",
  "source_kind": "history_exact_rsp_columns",
  "cycle_count": 1089,
  "first_period": 1.0,
  "last_period": 1089.0,
  "rolling_window": 100,
  "fits": {
    "50": {
      "delta_r": {
        "available": true,
        "window_cycles": 50,
        "window_start_period": 1040.0,
        "window_end_period": 1089.0,
        "first": 0.06740475826576464,
        "last": 0.07460837251123298,
        "median": 0.0709124864056001,
        "peak_to_peak": 0.007203614245468337,
        "fractional_peak_to_peak": 0.10158456726881111,
        "slope_per_cycle": 0.0001469828567393697,
        "fractional_slope_per_cycle": 0.0020727359057566785,
        "log_slope_per_cycle": 0.0020721302207472084,
        "efolding_cycles": 482.5951525572562
      },
      "period_days": {
        "available": true,
        "window_cycles": 50,
        "window_start_period": 1040.0,
        "window_end_period": 1089.0,
        "first": 0.6316181357836144,
        "last": 0.6316173799206606,
        "median": 0.631616722720727,
        "peak_to_peak": 1.8191813594414796e-06,
        "fractional_peak_to_peak": 2.8801982183201967e-06,
        "slope_per_cycle": -1.7630735789228305e-08,
        "fractional_slope_per_cycle": -2.7913662122945147e-08,
        "log_slope_per_cycle": -2.791364045440572e-08,
        "efolding_cycles": null
      },
      "gamma": {
        "available": true,
        "window_cycles": 50,
        "window_start_period": 1040.0,
        "window_end_period": 1089.0,
        "first": 0.0041904558187617754,
        "last": 0.004217620902660027,
        "median": 0.004203975598767502,
        "peak_to_peak": 2.72721658363664e-05,
        "fractional_peak_to_peak": 0.006487232191443238,
        "slope_per_cycle": 5.613473745728213e-07,
        "fractional_slope_per_cycle": 0.0001335277432955115,
        "log_slope_per_cycle": 0.00013352338993372312,
        "efolding_cycles": 7489.3245332998895
      },
      "max_vsurf_div_cs": {
        "available": true,
        "window_cycles": 50,
        "window_start_period": 1040.0,
        "window_end_period": 1089.0,
        "first": 0.38822,
        "last": 0.43315,
        "median": 0.40990499999999996,
        "peak_to_peak": 0.04492999999999997,
        "fractional_peak_to_peak": 0.10961076346958436,
        "slope_per_cycle": 0.0009162693877551018,
        "fractional_slope_per_cycle": 0.002235321325075571,
        "log_slope_per_cycle": 0.0022340602076322707,
        "efolding_cycles": 447.6155103536052
      }
    },
    "100": {
      "delta_r": {
        "available": true,
        "window_cycles": 100,
        "window_start_period": 990.0,
        "window_end_period": 1089.0,
        "first": 0.0607854854650256,
        "last": 0.07460837251123298,
        "median": 0.06733507920550075,
        "peak_to_peak": 0.013822887046207377,
        "fractional_peak_to_peak": 0.2052850788817095,
        "slope_per_cycle": 0.00013951375441234555,
        "fractional_slope_per_cycle": 0.0020719327289504155,
        "log_slope_per_cycle": 0.0020695653935029765,
        "efolding_cycles": 483.19323619312433
      },
      "period_days": {
        "available": true,
        "window_cycles": 100,
        "window_start_period": 990.0,
        "window_end_period": 1089.0,
        "first": 0.6316222428383858,
        "last": 0.6316173799206606,
        "median": 0.6316181928830877,
        "peak_to_peak": 5.9262361308265454e-06,
        "fractional_peak_to_peak": 9.38262418277665e-06,
        "slope_per_cycle": -7.016489237347739e-08,
        "fractional_slope_per_cycle": -1.1108751008770402e-07,
        "log_slope_per_cycle": -1.1108734676076465e-07,
        "efolding_cycles": null
      },
      "gamma": {
        "available": true,
        "window_cycles": 100,
        "window_start_period": 990.0,
        "window_end_period": 1089.0,
        "first": 0.004166783629785517,
        "last": 0.004217620902660027,
        "median": 0.004190176562483876,
        "peak_to_peak": 5.094435481262441e-05,
        "fractional_peak_to_peak": 0.012158044906447889,
        "slope_per_cycle": 5.162805993847806e-07,
        "fractional_slope_per_cycle": 0.00012321213478382327,
        "log_slope_per_cycle": 0.0001231674853947352,
        "efolding_cycles": 8119.0258678671125
      },
      "max_vsurf_div_cs": {
        "available": true,
        "window_cycles": 100,
        "window_start_period": 1018.0,
        "window_end_period": 1089.0,
        "first": 0.36986,
        "last": 0.43315,
        "median": 0.39999,
        "peak_to_peak": 0.06328999999999996,
        "fractional_peak_to_peak": 0.15822895572389298,
        "slope_per_cycle": 0.0008899536947713678,
        "fractional_slope_per_cycle": 0.00222493986042493,
        "log_slope_per_cycle": 0.0022225931140084833,
        "efolding_cycles": 449.92490694641066
      }
    },
    "250": {
      "delta_r": {
        "available": true,
        "window_cycles": 250,
        "window_start_period": 840.0,
        "window_end_period": 1089.0,
        "first": 0.044685133503486796,
        "last": 0.07460837251123298,
        "median": 0.05767156214533031,
        "peak_to_peak": 0.029923239007746183,
        "fractional_peak_to_peak": 0.5188560513124418,
        "slope_per_cycle": 0.00011960780666028702,
        "fractional_slope_per_cycle": 0.002073947751907249,
        "log_slope_per_cycle": 0.002058689687602984,
        "efolding_cycles": 485.745863508133
      },
      "period_days": {
        "available": true,
        "window_cycles": 250,
        "window_start_period": 840.0,
        "window_end_period": 1089.0,
        "first": 0.6316280817435365,
        "last": 0.6316173799206606,
        "median": 0.631622166232275,
        "peak_to_peak": 1.1765141281538938e-05,
        "fractional_peak_to_peak": 1.8626865728477907e-05,
        "slope_per_cycle": -4.3807182163241826e-08,
        "fractional_slope_per_cycle": -6.935662569374111e-08,
        "log_slope_per_cycle": -6.935666599147575e-08,
        "efolding_cycles": null
      },
      "gamma": {
        "available": true,
        "window_cycles": 250,
        "window_start_period": 840.0,
        "window_end_period": 1089.0,
        "first": 0.004109352454664025,
        "last": 0.004217620902660027,
        "median": 0.004156919161988735,
        "peak_to_peak": 0.00010837552993411652,
        "fractional_peak_to_peak": 0.0260711179868766,
        "slope_per_cycle": 4.349161978394633e-07,
        "fractional_slope_per_cycle": 0.0001046246464969486,
        "log_slope_per_cycle": 0.00010454891831622709,
        "efolding_cycles": 9564.900489695354
      },
      "max_vsurf_div_cs": {
        "available": true,
        "window_cycles": 250,
        "window_start_period": 1018.0,
        "window_end_period": 1089.0,
        "first": 0.36986,
        "last": 0.43315,
        "median": 0.39999,
        "peak_to_peak": 0.06328999999999996,
        "fractional_peak_to_peak": 0.15822895572389298,
        "slope_per_cycle": 0.0008899536947713678,
        "fractional_slope_per_cycle": 0.00222493986042493,
        "log_slope_per_cycle": 0.0022225931140084833,
        "efolding_cycles": 449.92490694641066
      }
    },
    "500": {
      "delta_r": {
        "available": true,
        "window_cycles": 500,
        "window_start_period": 590.0,
        "window_end_period": 1089.0,
        "first": 0.008005695321036121,
        "last": 0.07460837251123298,
        "median": 0.04463951642823982,
        "peak_to_peak": 0.06660267719019686,
        "fractional_peak_to_peak": 1.4920116192849866,
        "slope_per_cycle": 9.876397534067649e-05,
        "fractional_slope_per_cycle": 0.002212478611847069,