{
  "generated_at": "2026-06-19T03:09:53.676355+00:00",
  "workspace": "<local-rre-root>/rsp_batch_runs",
  "model_id": "model_007",
  "run_name": "model_007_M0p6887_Z0p004060_T6669",
  "source": "cumulative:continue_saturation+continue_saturation_resume:LOGS_continue_saturation_resume_2180000+continue_saturation_resume:LOGS_continue_saturation_resume_2270000",
  "source_kind": "history_exact_rsp_columns",
  "cycle_count": 1690,
  "first_period": 1.0,
  "last_period": 1690.0,
  "rolling_window": 100,
  "fits": {
    "50": {
      "delta_r": {
        "available": true,
        "window_cycles": 50,
        "window_start_period": 1641.0,
        "window_end_period": 1690.0,
        "first": 0.6284946057667273,
        "last": 0.6349101349661286,
        "median": 0.6319021820783148,
        "peak_to_peak": 0.006559249272561907,
        "fractional_peak_to_peak": 0.010380165567696973,
        "slope_per_cycle": 0.0001337298473620634,
        "fractional_slope_per_cycle": 0.00021163061491927178,
        "log_slope_per_cycle": 0.00021167160592523785,
        "efolding_cycles": 4724.299206919603
      },
      "period_days": {
        "available": true,
        "window_cycles": 50,
        "window_start_period": 1641.0,
        "window_end_period": 1690.0,
        "first": 0.5572347425126161,
        "last": 0.5572780758283894,
        "median": 0.5572534440335369,
        "peak_to_peak": 7.27829262958668e-05,
        "fractional_peak_to_peak": 0.0001306100968511673,
        "slope_per_cycle": 2.2520076919572082e-07,
        "fractional_slope_per_cycle": 4.041262940712622e-07,
        "log_slope_per_cycle": 4.0412326312641583e-07,
        "efolding_cycles": 2474492.540379159
      },
      "gamma": {
        "available": true,
        "window_cycles": 50,
        "window_start_period": 1641.0,
        "window_end_period": 1690.0,
        "first": 0.0004341641839157567,
        "last": 0.0002771814627169906,
        "median": 0.0003368643437956741,
        "peak_to_peak": 0.00019405979777340588,
        "fractional_peak_to_peak": 0.5760769916661567,
        "slope_per_cycle": -3.505516406350792e-06,
        "fractional_slope_per_cycle": -0.010406314799755333,
        "log_slope_per_cycle": -0.010104399371230859,
        "efolding_cycles": null
      },
      "max_vsurf_div_cs": {
        "available": true,
        "window_cycles": 50,
        "window_start_period": 1641.0,
        "window_end_period": 1690.0,
        "first": 4.87232,
        "last": 4.92114,
        "median": 4.897774999999999,
        "peak_to_peak": 0.0530400000000002,
        "fractional_peak_to_peak": 0.010829407230834451,
        "slope_per_cycle": 0.0010569843937575031,
        "fractional_slope_per_cycle": 0.0002158090957133603,
        "log_slope_per_cycle": 0.00021581899885560345,
        "efolding_cycles": 4633.5123659296705
      }
    },
    "100": {
      "delta_r": {
        "available": true,
        "window_cycles": 100,
        "window_start_period": 1591.0,
        "window_end_period": 1690.0,
        "first": 0.6172735297070453,
        "last": 0.6349101349661286,
        "median": 0.6282276651743977,
        "peak_to_peak": 0.017636605259083282,
        "fractional_peak_to_peak": 0.02807358898177035,
        "slope_per_cycle": 0.00017587618339409548,
        "fractional_slope_per_cycle": 0.0002799561260093055,
        "log_slope_per_cycle": 0.0002805561902328362,
        "efolding_cycles": 3564.348372317469
      },
      "period_days": {
        "available": true,
        "window_cycles": 100,
        "window_start_period": 1591.0,
        "window_end_period": 1690.0,
        "first": 0.5572373268818828,
        "last": 0.5572780758283894,
        "median": 0.5572461544704209,
        "peak_to_peak": 7.348603793178032e-05,
        "fractional_peak_to_peak": 0.00013187356672136717,
        "slope_per_cycle": 2.1037938509786598e-07,
        "fractional_slope_per_cycle": 3.775340276646684e-07,
        "log_slope_per_cycle": 3.7752818574963565e-07,
        "efolding_cycles": 2648808.851223541
      },
      "gamma": {
        "available": true,
        "window_cycles": 100,
        "window_start_period": 1591.0,
        "window_end_period": 1690.0,
        "first": 0.0007118031843851174,
        "last": 0.0002771814627169906,
        "median": 0.00044612144968883614,
        "peak_to_peak": 0.0004479943242977471,
        "fractional_peak_to_peak": 1.0041981272369156,
        "slope_per_cycle": -4.603048648642073e-06,
        "fractional_slope_per_cycle": -0.01031792721881595,
        "log_slope_per_cycle": -0.010165409634529693,
        "efolding_cycles": null
      },
      "max_vsurf_div_cs": {
        "available": true,
        "window_cycles": 100,
        "window_start_period": 1629.0,
        "window_end_period": 1690.0,
        "first": 4.85518,
        "last": 4.92114,
        "median": 4.893055,
        "peak_to_peak": 0.0677500000000002,
        "fractional_peak_to_peak": 0.013846155418240792,
        "slope_per_cycle": 0.001117568431920628,
        "fractional_slope_per_cycle": 0.00022839891068476194,
        "log_slope_per_cycle": 0.00022854664704581484,
        "efolding_cycles": 4375.474385321165
      }
    },
    "250": {
      "delta_r": {
        "available": true,
        "window_cycles": 250,
        "window_start_period": 1441.0,
        "window_end_period": 1690.0,
        "first": 0.5382313148270894,
        "last": 0.6349101349661286,
        "median": 0.609263205814258,
        "peak_to_peak": 0.09667882013903917,
        "fractional_peak_to_peak": 0.15868153405034768,
        "slope_per_cycle": 0.00037487453835382325,
        "fractional_slope_per_cycle": 0.0006152916092361382,
        "log_slope_per_cycle": 0.0006307348927120306,
        "efolding_cycles": 1585.4521631112007
      },
      "period_days": {
        "available": true,
        "window_cycles": 250,
        "window_start_period": 1441.0,
        "window_end_period": 1690.0,
        "first": 0.5569820959340022,
        "last": 0.5572780758283894,
        "median": 0.5572252000121538,
        "peak_to_peak": 0.0005674928487106046,
        "fractional_peak_to_peak": 0.0010184263897221927,
        "slope_per_cycle": 1.084289306331992e-06,
        "fractional_slope_per_cycle": 1.945872703367224e-06,
        "log_slope_per_cycle": 1.9462936140201266e-06,
        "efolding_cycles": 513797.09248208994
      },
      "gamma": {
        "available": true,
        "window_cycles": 250,
        "window_start_period": 1441.0,
        "window_end_period": 1690.0,
        "first": 0.002341170403204024,
        "last": 0.0002771814627169906,
        "median": 0.0009102801713238736,
        "peak_to_peak": 0.0020737495513172464,
        "fractional_peak_to_peak": 2.278144264420559,
        "slope_per_cycle": -8.21065734299606e-06,
        "fractional_slope_per_cycle": -0.009019923317735046,
        "log_slope_per_cycle": -0.008778511250911853,
        "efolding_cycles": null
      },
      "max_vsurf_div_cs": {
        "available": true,
        "window_cycles": 250,
        "window_start_period": 1629.0,
        "window_end_period": 1690.0,
        "first": 4.85518,
        "last": 4.92114,
        "median": 4.893055,
        "peak_to_peak": 0.0677500000000002,
        "fractional_peak_to_peak": 0.013846155418240792,
        "slope_per_cycle": 0.001117568431920628,
        "fractional_slope_per_cycle": 0.00022839891068476194,
        "log_slope_per_cycle": 0.00022854664704581484,
        "efolding_cycles": 4375.474385321165
      }
    },
    "500": {
      "delta_r": {
        "available": true,
        "window_cycles": 500,
        "window_start_period": 1191.0,
        "window_end_period": 1690.0,
        "first": 0.31181541972612337,
        "last": 0.6349101349661286,
        "median": 0.5378515334396865,
        "peak_to_peak": 0.3230947152400052,
        "fractional_peak_to_peak": 0.6007135708505633,
        "slope_per_cycle": 0.0006982652860716669,