{
  "generated_at": "2026-06-19T17:29:51.727261+00:00",
  "workspace": "<local-rre-root>/rsp_batch_runs",
  "model_id": "model_009",
  "run_name": "model_009_M0p6668_Z0p0001120_T6852",
  "source": "cumulative:saturation+saturation_resume:LOGS_saturation_resume_130000",
  "source_kind": "history_exact_rsp_columns",
  "cycle_count": 290,
  "first_period": 1.0,
  "last_period": 290.0,
  "rolling_window": 100,
  "fits": {
    "50": {
      "delta_r": {
        "available": true,
        "window_cycles": 50,
        "window_start_period": 241.0,
        "window_end_period": 290.0,
        "first": 0.004044320409333224,
        "last": 0.004479548381604026,
        "median": 0.004049811242158086,
        "peak_to_peak": 0.0009228259997104971,
        "fractional_peak_to_peak": 0.22786889179030884,
        "slope_per_cycle": 1.0873608293126052e-05,
        "fractional_slope_per_cycle": 0.0026849666917640497,
        "log_slope_per_cycle": 0.002669451861179082,
        "efolding_cycles": 374.6087406716919
      },
      "period_days": {
        "available": true,
        "window_cycles": 50,
        "window_start_period": 241.0,
        "window_end_period": 290.0,
        "first": 0.48844233110152546,
        "last": 0.5028542738451398,
        "median": 0.5029463542762527,
        "peak_to_peak": 0.030753643585420654,
        "fractional_peak_to_peak": 0.0611469659217942,
        "slope_per_cycle": 2.9426567391869422e-05,
        "fractional_slope_per_cycle": 5.850836205824514e-05,
        "log_slope_per_cycle": 5.882392353307768e-05,
        "efolding_cycles": 16999.88609970369
      },
      "gamma": {
        "available": true,
        "window_cycles": 50,
        "window_start_period": 241.0,
        "window_end_period": 290.0,
        "first": 0.005351807712715114,
        "last": 0.0032758639725234545,
        "median": 0.005101650197415791,
        "peak_to_peak": 0.005381840883952802,
        "fractional_peak_to_peak": 1.0549215794291305,
        "slope_per_cycle": -1.7569846014119384e-06,
        "fractional_slope_per_cycle": -0.00034439534923463155,
        "log_slope_per_cycle": -0.00015135866812235677,
        "efolding_cycles": null
      },
      "max_vsurf_div_cs": {
        "available": true,
        "window_cycles": 50,
        "window_start_period": 241.0,
        "window_end_period": 290.0,
        "first": 0.02867,
        "last": 0.03135,
        "median": 0.02812,
        "peak_to_peak": 0.008159999999999997,
        "fractional_peak_to_peak": 0.29018492176386906,
        "slope_per_cycle": 7.424729891956785e-05,
        "fractional_slope_per_cycle": 0.0026403733612933088,
        "log_slope_per_cycle": 0.0026525861309966976,
        "efolding_cycles": 376.9905860226504
      }
    },
    "100": {
      "delta_r": {
        "available": true,
        "window_cycles": 100,
        "window_start_period": 191.0,
        "window_end_period": 290.0,
        "first": 0.003518648572561567,
        "last": 0.004479548381604026,
        "median": 0.0037463511262485483,
        "peak_to_peak": 0.001345780490469295,
        "fractional_peak_to_peak": 0.3592243345905774,
        "slope_per_cycle": 1.033047621048151e-05,
        "fractional_slope_per_cycle": 0.0027574767720253846,
        "log_slope_per_cycle": 0.0027106580507214035,
        "efolding_cycles": 368.9141091528915
      },
      "period_days": {
        "available": true,
        "window_cycles": 100,
        "window_start_period": 191.0,
        "window_end_period": 290.0,
        "first": 0.49283646522979124,
        "last": 0.5028542738451398,
        "median": 0.5018674242341055,
        "peak_to_peak": 0.030753643585420654,
        "fractional_peak_to_peak": 0.061278421551973536,
        "slope_per_cycle": 7.469781728562977e-06,
        "fractional_slope_per_cycle": 1.4883974069372069e-05,
        "log_slope_per_cycle": 1.4640301276890177e-05,
        "efolding_cycles": 68304.60528694907
      },
      "gamma": {
        "available": true,
        "window_cycles": 100,
        "window_start_period": 191.0,
        "window_end_period": 290.0,
        "first": 0.004803125374466137,
        "last": 0.0032758639725234545,
        "median": 0.005133047614262601,
        "peak_to_peak": 0.005381840883952802,
        "fractional_peak_to_peak": 1.048468919126896,
        "slope_per_cycle": 2.567134602917898e-07,
        "fractional_slope_per_cycle": 5.00118992815282e-05,
        "log_slope_per_cycle": -0.00015933879367035377,
        "efolding_cycles": null
      },
      "max_vsurf_div_cs": {
        "available": true,
        "window_cycles": 100,
        "window_start_period": 191.0,
        "window_end_period": 290.0,
        "first": 0.02491,
        "last": 0.03135,
        "median": 0.025875000000000002,
        "peak_to_peak": 0.010679999999999999,
        "fractional_peak_to_peak": 0.4127536231884057,
        "slope_per_cycle": 7.08903090309031e-05,
        "fractional_slope_per_cycle": 0.0027397220881508443,
        "log_slope_per_cycle": 0.0027014320234740614,
        "efolding_cycles": 370.1740378105064
      }
    },
    "250": {
      "delta_r": {
        "available": true,
        "window_cycles": 250,
        "window_start_period": 41.0,
        "window_end_period": 290.0,
        "first": 0.002100437136726363,
        "last": 0.004479548381604026,
        "median": 0.003066266533692019,
        "peak_to_peak": 0.0024292392053242295,
        "fractional_peak_to_peak": 0.7922465899920448,
        "slope_per_cycle": 8.561815321401803e-06,
        "fractional_slope_per_cycle": 0.002792260629441343,
        "log_slope_per_cycle": 0.0027345379228649975,
        "efolding_cycles": 365.69249657810263
      },
      "period_days": {
        "available": true,
        "window_cycles": 250,
        "window_start_period": 41.0,
        "window_end_period": 290.0,
        "first": 0.5170103565036482,
        "last": 0.5028542738451398,
        "median": 0.5015150220953122,
        "peak_to_peak": 0.030753643585420654,
        "fractional_peak_to_peak": 0.06132148037546913,
        "slope_per_cycle": -1.72537920349086e-07,
        "fractional_slope_per_cycle": -3.440334042801522e-07,
        "log_slope_per_cycle": -5.80998844197024e-07,
        "efolding_cycles": null
      },
      "gamma": {
        "available": true,
        "window_cycles": 250,
        "window_start_period": 41.0,
        "window_end_period": 290.0,
        "first": 0.006701647975865761,
        "last": 0.0032758639725234545,
        "median": 0.005093986526203056,
        "peak_to_peak": 0.005381840883952802,
        "fractional_peak_to_peak": 1.0565086610003867,
        "slope_per_cycle": -8.271585397924597e-08,
        "fractional_slope_per_cycle": -1.623794125755188e-05,
        "log_slope_per_cycle": -9.622210628461916e-05,
        "efolding_cycles": null
      },
      "max_vsurf_div_cs": {
        "available": true,
        "window_cycles": 250,
        "window_start_period": 129.0,
        "window_end_period": 290.0,
        "first": 0.01909,
        "last": 0.03135,
        "median": 0.023875,
        "peak_to_peak": 0.014359999999999998,
        "fractional_peak_to_peak": 0.6014659685863873,
        "slope_per_cycle": 6.598038842103927e-05,
        "fractional_slope_per_cycle": 0.002763576478368137,
        "log_slope_per_cycle": 0.0027340327868656546,
        "efolding_cycles": 365.7600614023427
      }
    },
    "500": {
      "delta_r": {
        "available": false,
        "reason": "only 290 rows for 500-cycle window"
      },
      "period_days": {
        "available": false,
        "reason": "only 290 rows for 500-cycle window"
      },
      "gamma": {
        "available": false,
        "reason": "only 290 rows for 500-cycle window"
      },
      "max_vsurf_div_cs": {
        "available": false,
        "reason": "only 290 rows for 500-cycle window"
      }
    }
  },
  "latest_rolling": {
    "window_start_period": 191.0,
    "window_end_period": 290.0,