{
  "generated_at": "2026-06-19T17:57:46.421803+00:00",
  "workspace": "<local-rre-root>/rsp_batch_runs",
  "model_id": "model_007",
  "run_name": "model_007_M0p6887_Z0p004060_T6669",
  "source": "cumulative:continue_saturation+continue_saturation_resume:LOGS_continue_saturation_resume_2180000+continue_saturation_resume:LOGS_continue_saturation_resume_2270000",
  "source_kind": "history_exact_rsp_columns",
  "cycle_count": 1725,
  "first_period": 1.0,
  "last_period": 1725.0,
  "rolling_window": 100,
  "fits": {
    "50": {
      "delta_r": {
        "available": true,
        "window_cycles": 50,
        "window_start_period": 1676.0,
        "window_end_period": 1725.0,
        "first": 0.6334647259327628,
        "last": 0.6378137539166415,
        "median": 0.6358885015839228,
        "peak_to_peak": 0.004492369577064004,
        "fractional_peak_to_peak": 0.007064712706510723,
        "slope_per_cycle": 9.209226157433168e-05,
        "fractional_slope_per_cycle": 0.00014482454289539877,
        "log_slope_per_cycle": 0.0001448578972156185,
        "efolding_cycles": 6903.317107465098
      },
      "period_days": {
        "available": true,
        "window_cycles": 50,
        "window_start_period": 1676.0,
        "window_end_period": 1725.0,
        "first": 0.557251673437379,
        "last": 0.5572446841520636,
        "median": 0.5572572172853958,
        "peak_to_peak": 7.364367203854805e-05,
        "fractional_peak_to_peak": 0.00013215382368180598,
        "slope_per_cycle": 9.84515666992892e-08,
        "fractional_slope_per_cycle": 1.7667167628421732e-07,
        "log_slope_per_cycle": 1.7667935179437547e-07,
        "efolding_cycles": 5659970.957805125
      },
      "gamma": {
        "available": true,
        "window_cycles": 50,
        "window_start_period": 1676.0,
        "window_end_period": 1725.0,
        "first": 0.00032226614456040513,
        "last": 0.00018347558569276913,
        "median": 0.00023810973264615833,
        "peak_to_peak": 0.000138790558867636,
        "fractional_peak_to_peak": 0.5828848628959025,
        "slope_per_cycle": -2.6625235084031556e-06,
        "fractional_slope_per_cycle": -0.011181918012397183,
        "log_slope_per_cycle": -0.011075840342367579,
        "efolding_cycles": null
      },
      "max_vsurf_div_cs": {
        "available": true,
        "window_cycles": 50,
        "window_start_period": 1676.0,
        "window_end_period": 1725.0,
        "first": 4.91094,
        "last": 4.94551,
        "median": 4.93,
        "peak_to_peak": 0.034569999999999546,
        "fractional_peak_to_peak": 0.0070121703853954455,
        "slope_per_cycle": 0.0007187370948379329,
        "fractional_slope_per_cycle": 0.00014578845737077748,
        "log_slope_per_cycle": 0.00014582475379534945,
        "efolding_cycles": 6857.546294255368
      }
    },
    "100": {
      "delta_r": {
        "available": true,
        "window_cycles": 100,
        "window_start_period": 1626.0,
        "window_end_period": 1725.0,
        "first": 0.6255383348867465,
        "last": 0.6378137539166415,
        "median": 0.6333065364013626,
        "peak_to_peak": 0.012326680324265205,
        "fractional_peak_to_peak": 0.019464002999730737,
        "slope_per_cycle": 0.00012242974290734297,
        "fractional_slope_per_cycle": 0.00019331829986001003,
        "log_slope_per_cycle": 0.00019361754595901336,
        "efolding_cycles": 5164.821168695572
      },
      "period_days": {
        "available": true,
        "window_cycles": 100,
        "window_start_period": 1626.0,
        "window_end_period": 1725.0,
        "first": 0.5572567449658419,
        "last": 0.5572446841520636,
        "median": 0.5572541758286146,
        "peak_to_peak": 7.466691114976776e-05,
        "fractional_peak_to_peak": 0.00013399076110778542,
        "slope_per_cycle": 1.311638439492505e-07,
        "fractional_slope_per_cycle": 2.35375255383623e-07,
        "log_slope_per_cycle": 2.3537560411368627e-07,
        "efolding_cycles": 4248528.660247222
      },
      "gamma": {
        "available": true,
        "window_cycles": 100,
        "window_start_period": 1626.0,
        "window_end_period": 1725.0,
        "first": 0.000521745364007932,
        "last": 0.00018347558569276913,
        "median": 0.00031205322963682666,
        "peak_to_peak": 0.00033826977831516284,
        "fractional_peak_to_peak": 1.084013066324766,
        "slope_per_cycle": -3.3307627599610424e-06,
        "fractional_slope_per_cycle": -0.010673700649845687,
        "log_slope_per_cycle": -0.010557367849675035,
        "efolding_cycles": null
      },
      "max_vsurf_div_cs": {
        "available": true,
        "window_cycles": 100,
        "window_start_period": 1629.0,
        "window_end_period": 1725.0,
        "first": 4.85518,
        "last": 4.94551,
        "median": 4.91112,
        "peak_to_peak": 0.0903299999999998,
        "fractional_peak_to_peak": 0.01839295313492641,
        "slope_per_cycle": 0.00094851080896276,
        "fractional_slope_per_cycle": 0.0001931353355166968,
        "log_slope_per_cycle": 0.00019342028894065276,
        "efolding_cycles": 5170.088440447064
      }
    },
    "250": {
      "delta_r": {
        "available": true,
        "window_cycles": 250,
        "window_start_period": 1476.0,
        "window_end_period": 1725.0,
        "first": 0.5639252288265553,
        "last": 0.6378137539166415,
        "median": 0.6197360462734935,
        "peak_to_peak": 0.07393978638445642,
        "fractional_peak_to_peak": 0.11930851340511878,
        "slope_per_cycle": 0.0002811515770328662,
        "fractional_slope_per_cycle": 0.00045366342449087136,
        "log_slope_per_cycle": 0.0004626397996519582,
        "efolding_cycles": 2161.508803938389
      },
      "period_days": {
        "available": true,
        "window_cycles": 250,
        "window_start_period": 1476.0,
        "window_end_period": 1725.0,
        "first": 0.5570620386775031,
        "last": 0.5572446841520636,
        "median": 0.5572325178750583,
        "peak_to_peak": 0.00023173166714884896,
        "fractional_peak_to_peak": 0.0004158617089191615,
        "slope_per_cycle": 4.7254627361896833e-07,
        "fractional_slope_per_cycle": 8.480235062752059e-07,
        "log_slope_per_cycle": 8.480666820914741e-07,
        "efolding_cycles": 1179152.560897491
      },
      "gamma": {
        "available": true,
        "window_cycles": 250,
        "window_start_period": 1476.0,
        "window_end_period": 1725.0,
        "first": 0.001852566657674499,
        "last": 0.00018347558569276913,
        "median": 0.0006610969781601985,
        "peak_to_peak": 0.0016690910719817298,
        "fractional_peak_to_peak": 2.524729543654444,
        "slope_per_cycle": -6.521257783236591e-06,
        "fractional_slope_per_cycle": -0.00986429827796966,
        "log_slope_per_cycle": -0.009392112347526483,
        "efolding_cycles": null
      },
      "max_vsurf_div_cs": {
        "available": true,
        "window_cycles": 250,
        "window_start_period": 1629.0,
        "window_end_period": 1725.0,
        "first": 4.85518,
        "last": 4.94551,
        "median": 4.91112,
        "peak_to_peak": 0.0903299999999998,
        "fractional_peak_to_peak": 0.01839295313492641,
        "slope_per_cycle": 0.00094851080896276,
        "fractional_slope_per_cycle": 0.0001931353355166968,
        "log_slope_per_cycle": 0.00019342028894065276,
        "efolding_cycles": 5170.088440447064
      }
    },
    "500": {
      "delta_r": {
        "available": true,
        "window_cycles": 500,
        "window_start_period": 1226.0,
        "window_end_period": 1725.0,
        "first": 0.33979045121917384,
        "last": 0.6378137539166415,
        "median": 0.5635863273717838,
        "peak_to_peak": 0.29807456399183785,
        "fractional_peak_to_peak": 0.5288889199670125,
        "slope_per_cycle": 0.0006267410467386348,