{
  "generated_at": "2026-06-18T06:10:25.872626+00:00",
  "workspace": "<local-rre-root>/rsp_batch_runs",
  "model_id": "model_008",
  "run_name": "model_008_M0p6151_Z0p0004406_T6792",
  "source": "cumulative:saturation+continue_saturation",
  "source_kind": "history_exact_rsp_columns",
  "cycle_count": 1015,
  "first_period": 1.0,
  "last_period": 1015.0,
  "rolling_window": 100,
  "fits": {
    "50": {
      "delta_r": {
        "available": true,
        "window_cycles": 50,
        "window_start_period": 966.0,
        "window_end_period": 1015.0,
        "first": 0.05784998727601831,
        "last": 0.06400823531809241,
        "median": 0.06084830475922853,
        "peak_to_peak": 0.006158248042074099,
        "fractional_peak_to_peak": 0.10120656715814438,
        "slope_per_cycle": 0.00012566332231881083,
        "fractional_slope_per_cycle": 0.0020651901941401607,
        "log_slope_per_cycle": 0.0020645782403447715,
        "efolding_cycles": 484.360427935638
      },
      "period_days": {
        "available": true,
        "window_cycles": 50,
        "window_start_period": 966.0,
        "window_end_period": 1015.0,
        "first": 0.6316221929814114,
        "last": 0.6316209028318042,
        "median": 0.6316222115312875,
        "peak_to_peak": 1.4469386250270944e-06,
        "fractional_peak_to_peak": 2.290829230845407e-06,
        "slope_per_cycle": -2.4282283589649548e-08,
        "fractional_slope_per_cycle": -3.8444315520159195e-08,
        "log_slope_per_cycle": -3.8444341125581055e-08,
        "efolding_cycles": null
      },
      "gamma": {
        "available": true,
        "window_cycles": 50,
        "window_start_period": 966.0,
        "window_end_period": 1015.0,
        "first": 0.004157153607525326,
        "last": 0.004178019881232144,
        "median": 0.004167521868761816,
        "peak_to_peak": 2.0866273706818088e-05,
        "fractional_peak_to_peak": 0.00500687803541569,
        "slope_per_cycle": 4.2124727074280077e-07,
        "fractional_slope_per_cycle": 0.00010107859874721057,
        "log_slope_per_cycle": 0.0001010776548476611,
        "efolding_cycles": 9893.383473401189
      },
      "max_vsurf_div_cs": {
        "available": true,
        "window_cycles": 50,
        "window_start_period": 966.0,
        "window_end_period": 1015.0,
        "first": 0.3299,
        "last": 0.36743,
        "median": 0.34815,
        "peak_to_peak": 0.03752999999999995,
        "fractional_peak_to_peak": 0.10779836277466595,
        "slope_per_cycle": 0.0007657589435774311,
        "fractional_slope_per_cycle": 0.002199508670335864,
        "log_slope_per_cycle": 0.0021988127489528187,
        "efolding_cycles": 454.79088679845455
      }
    },
    "100": {
      "delta_r": {
        "available": true,
        "window_cycles": 100,
        "window_start_period": 916.0,
        "window_end_period": 1015.0,
        "first": 0.05220341204689838,
        "last": 0.06400823531809241,
        "median": 0.057790469406377554,
        "peak_to_peak": 0.011804823271194032,
        "fractional_peak_to_peak": 0.20426937854031849,
        "slope_per_cycle": 0.00011915365096914429,
        "fractional_slope_per_cycle": 0.002061821822751883,
        "log_slope_per_cycle": 0.0020593004961420623,
        "efolding_cycles": 485.601786564623
      },
      "period_days": {
        "available": true,
        "window_cycles": 100,
        "window_start_period": 916.0,
        "window_end_period": 1015.0,
        "first": 0.6316227774979133,
        "last": 0.6316209028318042,
        "median": 0.6316221469679537,
        "peak_to_peak": 1.981126282468715e-06,
        "fractional_peak_to_peak": 3.136568741262377e-06,
        "slope_per_cycle": -8.151494921997919e-09,
        "fractional_slope_per_cycle": -1.2905650888159084e-08,
        "log_slope_per_cycle": -1.2905655108076412e-08,
        "efolding_cycles": null
      },
      "gamma": {
        "available": true,
        "window_cycles": 100,
        "window_start_period": 916.0,
        "window_end_period": 1015.0,
        "first": 0.004135347494399078,
        "last": 0.004178019881232144,
        "median": 0.004157167174169583,
        "peak_to_peak": 4.2835189333582414e-05,
        "fractional_peak_to_peak": 0.010303937161761837,
        "slope_per_cycle": 4.289313082503449e-07,
        "fractional_slope_per_cycle": 0.0001031787489604688,
        "log_slope_per_cycle": 0.00010319100277007911,
        "efolding_cycles": 9690.76734556122
      },
      "max_vsurf_div_cs": {
        "available": true,
        "window_cycles": 100,
        "window_start_period": 916.0,
        "window_end_period": 1015.0,
        "first": 0.29588,
        "last": 0.36743,
        "median": 0.32954,
        "peak_to_peak": 0.07155,
        "fractional_peak_to_peak": 0.21712083510347757,
        "slope_per_cycle": 0.0007226072007200721,
        "fractional_slope_per_cycle": 0.0021927753860535052,
        "log_slope_per_cycle": 0.002189409095824782,
        "efolding_cycles": 456.74424295898234
      }
    },
    "250": {
      "delta_r": {
        "available": true,
        "window_cycles": 250,
        "window_start_period": 766.0,
        "window_end_period": 1015.0,
        "first": 0.0384243377032929,
        "last": 0.06400823531809241,
        "median": 0.04954739763479532,
        "peak_to_peak": 0.02558389761479951,
        "fractional_peak_to_peak": 0.5163519949801133,
        "slope_per_cycle": 0.0001022313522986118,
        "fractional_slope_per_cycle": 0.0020633041729484995,
        "log_slope_per_cycle": 0.0020487460187024117,
        "efolding_cycles": 488.1034500476332
      },
      "period_days": {
        "available": true,
        "window_cycles": 250,
        "window_start_period": 766.0,
        "window_end_period": 1015.0,
        "first": 0.6316294137707532,
        "last": 0.6316209028318042,
        "median": 0.6316246839466125,
        "peak_to_peak": 8.510938949046754e-06,
        "fractional_peak_to_peak": 1.3474677550388662e-05,
        "slope_per_cycle": -4.0256936423335315e-08,
        "fractional_slope_per_cycle": -6.373553384867079e-08,
        "log_slope_per_cycle": -6.373545421005544e-08,
        "efolding_cycles": null
      },
      "gamma": {
        "available": true,
        "window_cycles": 250,
        "window_start_period": 766.0,
        "window_end_period": 1015.0,
        "first": 0.004088272030526334,
        "last": 0.004178019881232144,
        "median": 0.004125072438711772,
        "peak_to_peak": 8.974785070581075e-05,
        "fractional_peak_to_peak": 0.021756672649811282,
        "slope_per_cycle": 3.57823909759406e-07,
        "fractional_slope_per_cycle": 8.674366694785889e-05,
        "log_slope_per_cycle": 8.661331399702321e-05,
        "efolding_cycles": 11545.569079995816
      },
      "max_vsurf_div_cs": {
        "available": true,
        "window_cycles": 250,
        "window_start_period": 766.0,
        "window_end_period": 1015.0,
        "first": 0.2148,
        "last": 0.36743,
        "median": 0.2801,
        "peak_to_peak": 0.15263,
        "fractional_peak_to_peak": 0.5449125312388432,
        "slope_per_cycle": 0.0006086875130802093,
        "fractional_slope_per_cycle": 0.0021731078653345563,
        "log_slope_per_cycle": 0.002153358889397058,
        "efolding_cycles": 464.3907733745213
      }
    },
    "500": {
      "delta_r": {
        "available": true,
        "window_cycles": 500,
        "window_start_period": 516.0,
        "window_end_period": 1015.0,
        "first": 0.006897739813675585,
        "last": 0.06400823531809241,
        "median": 0.03838528164750077,
        "peak_to_peak": 0.057110495504416825,
        "fractional_peak_to_peak": 1.4878227553173429,