{
  "generated_at": "2026-06-18T02:27:57.907913+00:00",
  "workspace": "<local-rre-root>/rsp_batch_runs",
  "model_id": "model_008",
  "run_name": "model_008_M0p6151_Z0p0004406_T6792",
  "source": "cumulative:saturation+continue_saturation",
  "source_kind": "history_exact_rsp_columns",
  "cycle_count": 993,
  "first_period": 1.0,
  "last_period": 993.0,
  "rolling_window": 100,
  "fits": {
    "50": {
      "delta_r": {
        "available": true,
        "window_cycles": 50,
        "window_start_period": 944.0,
        "window_end_period": 993.0,
        "first": 0.055290743042649915,
        "last": 0.06116320994664992,
        "median": 0.058148741807002136,
        "peak_to_peak": 0.005872466904000007,
        "fractional_peak_to_peak": 0.10099043799590618,
        "slope_per_cycle": 0.00011982502182708254,
        "fractional_slope_per_cycle": 0.0020606640505616836,
        "log_slope_per_cycle": 0.0020600224831699614,
        "efolding_cycles": 485.4315951257001
      },
      "period_days": {
        "available": true,
        "window_cycles": 50,
        "window_start_period": 944.0,
        "window_end_period": 993.0,
        "first": 0.6316220320895728,
        "last": 0.6316221903286944,
        "median": 0.6316222115312875,
        "peak_to_peak": 3.8896221665751796e-07,
        "fractional_peak_to_peak": 6.158146587570577e-07,
        "slope_per_cycle": 6.6851251851247765e-09,
        "fractional_slope_per_cycle": 1.0584056518401313e-08,
        "log_slope_per_cycle": 1.058405720743276e-08,
        "efolding_cycles": 94481726.65749955
      },
      "gamma": {
        "available": true,
        "window_cycles": 50,
        "window_start_period": 944.0,
        "window_end_period": 993.0,
        "first": 0.004147591886353816,
        "last": 0.004168330714435024,
        "median": 0.004158310737508527,
        "peak_to_peak": 2.097147088548062e-05,
        "fractional_peak_to_peak": 0.005043266895933271,
        "slope_per_cycle": 4.235968712265907e-07,
        "fractional_slope_per_cycle": 0.00010186753659501429,
        "log_slope_per_cycle": 0.00010186931003860423,
        "efolding_cycles": 9816.499195106373
      },
      "max_vsurf_div_cs": {
        "available": true,
        "window_cycles": 50,
        "window_start_period": 944.0,
        "window_end_period": 993.0,
        "first": 0.31441,
        "last": 0.35007,
        "median": 0.331715,
        "peak_to_peak": 0.03565999999999997,
        "fractional_peak_to_peak": 0.10750192183048693,
        "slope_per_cycle": 0.0007277959183673471,
        "fractional_slope_per_cycle": 0.0021940398184204725,
        "log_slope_per_cycle": 0.0021931888358380663,
        "efolding_cycles": 455.9570902693738
      }
    },
    "100": {
      "delta_r": {
        "available": true,
        "window_cycles": 100,
        "window_start_period": 894.0,
        "window_end_period": 993.0,
        "first": 0.04990363268409048,
        "last": 0.06116320994664992,
        "median": 0.05523400131961509,
        "peak_to_peak": 0.01125957726255944,
        "fractional_peak_to_peak": 0.20385228289736196,
        "slope_per_cycle": 0.00011363520785610077,
        "fractional_slope_per_cycle": 0.002057341585639312,
        "log_slope_per_cycle": 0.002054867757148402,
        "efolding_cycles": 486.649321602928
      },
      "period_days": {
        "available": true,
        "window_cycles": 100,
        "window_start_period": 894.0,
        "window_end_period": 993.0,
        "first": 0.6316244080157398,
        "last": 0.6316221903286944,
        "median": 0.631622277234543,
        "peak_to_peak": 2.4649671589438427e-06,
        "fractional_peak_to_peak": 3.902596928240572e-06,
        "slope_per_cycle": -1.6293552656810513e-08,
        "fractional_slope_per_cycle": -2.5796355264968207e-08,
        "log_slope_per_cycle": -2.579632539411275e-08,
        "efolding_cycles": null
      },
      "gamma": {
        "available": true,
        "window_cycles": 100,
        "window_start_period": 894.0,
        "window_end_period": 993.0,
        "first": 0.004125958630738069,
        "last": 0.004168330714435024,
        "median": 0.0041476927576570895,
        "peak_to_peak": 4.260472650122714e-05,
        "fractional_peak_to_peak": 0.010271909948627271,
        "slope_per_cycle": 4.3322092479302674e-07,
        "fractional_slope_per_cycle": 0.00010444865377100414,
        "log_slope_per_cycle": 0.0001044575942083387,
        "efolding_cycles": 9573.262792224747
      },
      "max_vsurf_div_cs": {
        "available": true,
        "window_cycles": 100,
        "window_start_period": 894.0,
        "window_end_period": 993.0,
        "first": 0.28221,
        "last": 0.35007,
        "median": 0.31406500000000004,
        "peak_to_peak": 0.06785999999999998,
        "fractional_peak_to_peak": 0.2160699218314679,
        "slope_per_cycle": 0.0006850261626162615,
        "fractional_slope_per_cycle": 0.0021811604687445637,
        "log_slope_per_cycle": 0.0021774811132496425,
        "efolding_cycles": 459.2462336022809
      }
    },
    "250": {
      "delta_r": {
        "available": true,
        "window_cycles": 250,
        "window_start_period": 744.0,
        "window_end_period": 993.0,
        "first": 0.03674371584732761,
        "last": 0.06116320994664992,
        "median": 0.04736631247512735,
        "peak_to_peak": 0.024419494099322314,
        "fractional_peak_to_peak": 0.5155456024182862,
        "slope_per_cycle": 9.759570160942429e-05,
        "fractional_slope_per_cycle": 0.0020604454201638145,
        "log_slope_per_cycle": 0.002046076871321642,
        "efolding_cycles": 488.7401905648151
      },
      "period_days": {
        "available": true,
        "window_cycles": 250,
        "window_start_period": 744.0,
        "window_end_period": 993.0,
        "first": 0.6316294623026625,
        "last": 0.6316221903286944,
        "median": 0.6316263940524207,
        "peak_to_peak": 7.5014944499463e-06,
        "fractional_peak_to_peak": 1.187647400517548e-05,
        "slope_per_cycle": -4.002773908290848e-08,
        "fractional_slope_per_cycle": -6.337249275809466e-08,
        "log_slope_per_cycle": -6.337255231146833e-08,
        "efolding_cycles": null
      },
      "gamma": {
        "available": true,
        "window_cycles": 250,
        "window_start_period": 744.0,
        "window_end_period": 993.0,
        "first": 0.004083744598857589,
        "last": 0.004168330714435024,
        "median": 0.0041181759969982305,
        "peak_to_peak": 8.509705999710983e-05,
        "fractional_peak_to_peak": 0.020663774462076834,
        "slope_per_cycle": 3.3747637667851856e-07,
        "fractional_slope_per_cycle": 8.194802187291355e-05,
        "log_slope_per_cycle": 8.183792385532713e-05,
        "efolding_cycles": 12219.273814519018
      },
      "max_vsurf_div_cs": {
        "available": true,
        "window_cycles": 250,
        "window_start_period": 744.0,
        "window_end_period": 993.0,
        "first": 0.20502,
        "last": 0.35007,
        "median": 0.267215,
        "peak_to_peak": 0.14504999999999998,
        "fractional_peak_to_peak": 0.542821323653238,
        "slope_per_cycle": 0.0005783084298948783,
        "fractional_slope_per_cycle": 0.00216420646256714,
        "log_slope_per_cycle": 0.0021454924176472316,
        "efolding_cycles": 466.09346729671034
      }
    },
    "500": {
      "delta_r": {
        "available": true,
        "window_cycles": 500,
        "window_start_period": 494.0,
        "window_end_period": 993.0,
        "first": 0.006598863237708308,
        "last": 0.06116320994664992,
        "median": 0.03670642660554835,
        "peak_to_peak": 0.05456434670894161,
        "fractional_peak_to_peak": 1.4865066353447207,