{
  "generated_at": "2026-06-18T01:44:23.316024+00:00",
  "workspace": "<local-rre-root>/rsp_batch_runs",
  "model_id": "model_008",
  "run_name": "model_008_M0p6151_Z0p0004406_T6792",
  "source": "cumulative:saturation+continue_saturation",
  "source_kind": "history_exact_rsp_columns",
  "cycle_count": 989,
  "first_period": 1.0,
  "last_period": 989.0,
  "rolling_window": 100,
  "fits": {
    "50": {
      "delta_r": {
        "available": true,
        "window_cycles": 50,
        "window_start_period": 940.0,
        "window_end_period": 989.0,
        "first": 0.054838274778425955,
        "last": 0.060660116849660994,
        "median": 0.05767156214533031,
        "peak_to_peak": 0.005821842071235039,
        "fractional_peak_to_peak": 0.10094822915606486,
        "slope_per_cycle": 0.00011878855895701337,
        "fractional_slope_per_cycle": 0.002059742350270838,
        "log_slope_per_cycle": 0.0020590982073091526,
        "efolding_cycles": 485.6494927975333
      },
      "period_days": {
        "available": true,
        "window_cycles": 50,
        "window_start_period": 940.0,
        "window_end_period": 989.0,
        "first": 0.6316220574243063,
        "last": 0.6316222798862253,
        "median": 0.6316221916950653,
        "peak_to_peak": 3.8896221665751796e-07,
        "fractional_peak_to_peak": 6.158146780968413e-07,
        "slope_per_cycle": 7.776895570584034e-09,
        "fractional_slope_per_cycle": 1.2312574942488032e-08,
        "log_slope_per_cycle": 1.2312575241241713e-08,
        "efolding_cycles": 81217777.79277562
      },
      "gamma": {
        "available": true,
        "window_cycles": 50,
        "window_start_period": 940.0,
        "window_end_period": 989.0,
        "first": 0.004145791132667503,
        "last": 0.00416718647503109,
        "median": 0.004156919161988735,
        "peak_to_peak": 2.1395342363586707e-05,
        "fractional_peak_to_peak": 0.005146922884435126,
        "slope_per_cycle": 4.2579142392050356e-07,
        "fractional_slope_per_cycle": 0.00010242956558164058,
        "log_slope_per_cycle": 0.0001024385012866371,
        "efolding_cycles": 9761.95461120484
      },
      "max_vsurf_div_cs": {
        "available": true,
        "window_cycles": 50,
        "window_start_period": 940.0,
        "window_end_period": 989.0,
        "first": 0.31168,
        "last": 0.347,
        "median": 0.32882,
        "peak_to_peak": 0.03531999999999996,
        "fractional_peak_to_peak": 0.10741439085213783,
        "slope_per_cycle": 0.0007208614645858343,
        "fractional_slope_per_cycle": 0.002192267698393754,
        "log_slope_per_cycle": 0.0021914130709176235,
        "efolding_cycles": 456.32656538881736
      }
    },
    "100": {
      "delta_r": {
        "available": true,
        "window_cycles": 100,
        "window_start_period": 890.0,
        "window_end_period": 989.0,
        "first": 0.049496688511247555,
        "last": 0.060660116849660994,
        "median": 0.054782020918781704,
        "peak_to_peak": 0.01116342833841344,
        "fractional_peak_to_peak": 0.2037790528933576,
        "slope_per_cycle": 0.0001126621629153601,
        "fractional_slope_per_cycle": 0.0020565536105794616,
        "log_slope_per_cycle": 0.0020540909078345954,
        "efolding_cycles": 486.83337051240403
      },
      "period_days": {
        "available": true,
        "window_cycles": 100,
        "window_start_period": 890.0,
        "window_end_period": 989.0,
        "first": 0.6316247203668441,
        "last": 0.6316222798862253,
        "median": 0.6316223143473163,
        "peak_to_peak": 2.759558631604264e-06,
        "fractional_peak_to_peak": 4.369001171935859e-06,
        "slope_per_cycle": -2.0162745610268367e-08,
        "fractional_slope_per_cycle": -3.192215530115246e-08,
        "log_slope_per_cycle": -3.192211455054283e-08,
        "efolding_cycles": null
      },
      "gamma": {
        "available": true,
        "window_cycles": 100,
        "window_start_period": 890.0,
        "window_end_period": 989.0,
        "first": 0.004125153879256089,
        "last": 0.00416718647503109,
        "median": 0.004145831860611177,
        "peak_to_peak": 4.219547686363373e-05,
        "fractional_peak_to_peak": 0.010177807080052033,
        "slope_per_cycle": 4.320565328579856e-07,
        "fractional_slope_per_cycle": 0.00010421467811149774,
        "log_slope_per_cycle": 0.00010421699272921449,
        "efolding_cycles": 9595.364189775515
      },
      "max_vsurf_div_cs": {
        "available": true,
        "window_cycles": 100,
        "window_start_period": 890.0,
        "window_end_period": 989.0,
        "first": 0.2798,
        "last": 0.347,
        "median": 0.31134,
        "peak_to_peak": 0.06719999999999998,
        "fractional_peak_to_peak": 0.21584120254384268,
        "slope_per_cycle": 0.0006783004500450044,
        "fractional_slope_per_cycle": 0.002178648583686659,
        "log_slope_per_cycle": 0.002174937106437953,
        "efolding_cycles": 459.78341030641116
      }
    },
    "250": {
      "delta_r": {
        "available": true,
        "window_cycles": 250,
        "window_start_period": 740.0,
        "window_end_period": 989.0,
        "first": 0.03644633555590726,
        "last": 0.060660116849660994,
        "median": 0.04698031230752697,
        "peak_to_peak": 0.024213781293753733,
        "fractional_peak_to_peak": 0.5154027315794218,
        "slope_per_cycle": 9.677740755262872e-05,
        "fractional_slope_per_cycle": 0.002059956666936066,
        "log_slope_per_cycle": 0.0020456095633723144,
        "efolding_cycles": 488.85184050050975
      },
      "period_days": {
        "available": true,
        "window_cycles": 250,
        "window_start_period": 740.0,
        "window_end_period": 989.0,
        "first": 0.6316294942114985,
        "last": 0.6316222798862253,
        "median": 0.6316267372679,
        "peak_to_peak": 7.533403285964191e-06,
        "fractional_peak_to_peak": 1.19269860527911e-05,
        "slope_per_cycle": -3.992972863332731e-08,
        "fractional_slope_per_cycle": -6.321728685211026e-08,
        "log_slope_per_cycle": -6.321737658273666e-08,
        "efolding_cycles": null
      },
      "gamma": {
        "available": true,
        "window_cycles": 250,
        "window_start_period": 740.0,
        "window_end_period": 989.0,
        "first": 0.004084025093725063,
        "last": 0.00416718647503109,
        "median": 0.004116811016891285,
        "peak_to_peak": 8.491366304294763e-05,
        "fractional_peak_to_peak": 0.02062607748923783,
        "slope_per_cycle": 3.336755874152125e-07,
        "fractional_slope_per_cycle": 8.105195648917106e-05,
        "log_slope_per_cycle": 8.09428353806946e-05,
        "efolding_cycles": 12354.397956245879
      },
      "max_vsurf_div_cs": {
        "available": true,
        "window_cycles": 250,
        "window_start_period": 740.0,
        "window_end_period": 989.0,
        "first": 0.20329,
        "last": 0.347,
        "median": 0.264945,
        "peak_to_peak": 0.14370999999999998,
        "fractional_peak_to_peak": 0.5424144633791919,
        "slope_per_cycle": 0.0005729762780204483,
        "fractional_slope_per_cycle": 0.002162623480422157,
        "log_slope_per_cycle": 0.0021441297151510836,
        "efolding_cycles": 466.3896931858603
      }
    },
    "500": {
      "delta_r": {
        "available": true,
        "window_cycles": 500,
        "window_start_period": 490.0,
        "window_end_period": 989.0,
        "first": 0.006546198780632118,
        "last": 0.060660116849660994,
        "median": 0.03640935687916835,
        "peak_to_peak": 0.05411391806902888,
        "fractional_peak_to_peak": 1.486264046042247,