{
  "generated_at": "2026-06-18T12:34:07.947240+00:00",
  "workspace": "<local-rre-root>/rsp_batch_runs",
  "model_id": "model_008",
  "run_name": "model_008_M0p6151_Z0p0004406_T6792",
  "source": "cumulative:saturation+continue_saturation+continue_saturation_resume:LOGS_continue_saturation_resume_1620000",
  "source_kind": "history_exact_rsp_columns",
  "cycle_count": 1046,
  "first_period": 1.0,
  "last_period": 1046.0,
  "rolling_window": 100,
  "fits": {
    "50": {
      "delta_r": {
        "available": true,
        "window_cycles": 50,
        "window_start_period": 997.0,
        "window_end_period": 1046.0,
        "first": 0.06167063164457787,
        "last": 0.06824708331876206,
        "median": 0.064874475161806,
        "peak_to_peak": 0.006576451674184192,
        "fractional_peak_to_peak": 0.10137194417036288,
        "slope_per_cycle": 0.0001341900791437248,
        "fractional_slope_per_cycle": 0.0020684572601016964,
        "log_slope_per_cycle": 0.0020678880811721484,
        "efolding_cycles": 483.58516551493756
      },
      "period_days": {
        "available": true,
        "window_cycles": 50,
        "window_start_period": 997.0,
        "window_end_period": 1046.0,
        "first": 0.6316220638000717,
        "last": 0.6316175357347217,
        "median": 0.6316202594213947,
        "peak_to_peak": 4.528065350006827e-06,
        "fractional_peak_to_peak": 7.168967876608059e-06,
        "slope_per_cycle": -9.788155763906212e-08,
        "fractional_slope_per_cycle": -1.5496899629015701e-07,
        "log_slope_per_cycle": -1.5496907356583422e-07,
        "efolding_cycles": null
      },
      "gamma": {
        "available": true,
        "window_cycles": 50,
        "window_start_period": 997.0,
        "window_end_period": 1046.0,
        "first": 0.004169980374323856,
        "last": 0.004193715129681639,
        "median": 0.004180789779521975,
        "peak_to_peak": 2.3734755357783348e-05,
        "fractional_peak_to_peak": 0.005677098493217505,
        "slope_per_cycle": 4.843756937343193e-07,
        "fractional_slope_per_cycle": 0.00011585746217302084,
        "log_slope_per_cycle": 0.00011583239580053842,
        "efolding_cycles": 8633.163400349453
      },
      "max_vsurf_div_cs": {
        "available": true,
        "window_cycles": 50,
        "window_start_period": 1018.0,
        "window_end_period": 1046.0,
        "first": 0.36986,
        "last": 0.3934,
        "median": 0.38143,
        "peak_to_peak": 0.023540000000000005,
        "fractional_peak_to_peak": 0.06171512466245446,
        "slope_per_cycle": 0.0008406108374384239,
        "fractional_slope_per_cycle": 0.0022038403833951814,
        "log_slope_per_cycle": 0.0022035404489234365,
        "efolding_cycles": 453.81513213817374
      }
    },
    "100": {
      "delta_r": {
        "available": true,
        "window_cycles": 100,
        "window_start_period": 947.0,
        "window_end_period": 1046.0,
        "first": 0.05563266656374655,
        "last": 0.06824708331876206,
        "median": 0.06160700015427922,
        "peak_to_peak": 0.012614416755015512,
        "fractional_peak_to_peak": 0.20475622451062186,
        "slope_per_cycle": 0.00012735405360606033,
        "fractional_slope_per_cycle": 0.0020672010207790376,
        "log_slope_per_cycle": 0.002064779188252374,
        "efolding_cycles": 484.3132891349988
      },
      "period_days": {
        "available": true,
        "window_cycles": 100,
        "window_start_period": 947.0,
        "window_end_period": 1046.0,
        "first": 0.6316220265897681,
        "last": 0.6316175357347217,
        "median": 0.6316220155026315,
        "peak_to_peak": 4.814035707512154e-06,
        "fractional_peak_to_peak": 7.621703470359952e-06,
        "slope_per_cycle": -4.348936110223277e-08,
        "fractional_slope_per_cycle": -6.885345987762136e-08,
        "log_slope_per_cycle": -6.885363156562023e-08,
        "efolding_cycles": null
      },
      "gamma": {
        "available": true,
        "window_cycles": 100,
        "window_start_period": 947.0,
        "window_end_period": 1046.0,
        "first": 0.0041492370203242614,
        "last": 0.004193715129681639,
        "median": 0.004170117503873718,
        "peak_to_peak": 4.4812394316605386e-05,
        "fractional_peak_to_peak": 0.010746074726905926,
        "slope_per_cycle": 4.421691709877379e-07,
        "fractional_slope_per_cycle": 0.00010603278458628486,
        "log_slope_per_cycle": 0.00010601308403152795,
        "efolding_cycles": 9432.797933721116
      },
      "max_vsurf_div_cs": {
        "available": true,
        "window_cycles": 100,
        "window_start_period": 1018.0,
        "window_end_period": 1046.0,
        "first": 0.36986,
        "last": 0.3934,
        "median": 0.38143,
        "peak_to_peak": 0.023540000000000005,
        "fractional_peak_to_peak": 0.06171512466245446,
        "slope_per_cycle": 0.0008406108374384239,
        "fractional_slope_per_cycle": 0.0022038403833951814,
        "log_slope_per_cycle": 0.0022035404489234365,
        "efolding_cycles": 453.81513213817374
      }
    },
    "250": {
      "delta_r": {
        "available": true,
        "window_cycles": 250,
        "window_start_period": 797.0,
        "window_end_period": 1046.0,
        "first": 0.04092922022614687,
        "last": 0.06824708331876206,
        "median": 0.05279542394769354,
        "peak_to_peak": 0.02731786309261519,
        "fractional_peak_to_peak": 0.5174286150193632,
        "slope_per_cycle": 0.00010916501222439146,
        "fractional_slope_per_cycle": 0.0020676983734905785,
        "log_slope_per_cycle": 0.0020527578895627825,
        "efolding_cycles": 487.14950997605973
      },
      "period_days": {
        "available": true,
        "window_cycles": 250,
        "window_start_period": 797.0,
        "window_end_period": 1046.0,
        "first": 0.6316292475741702,
        "last": 0.6316175357347217,
        "median": 0.6316226145464721,
        "peak_to_peak": 1.1711839448480532e-05,
        "fractional_peak_to_peak": 1.8542463773071294e-05,
        "slope_per_cycle": -4.245056091407134e-08,
        "fractional_slope_per_cycle": -6.720874132182931e-08,
        "log_slope_per_cycle": -6.720856923652782e-08,
        "efolding_cycles": null
      },
      "gamma": {
        "available": true,
        "window_cycles": 250,
        "window_start_period": 797.0,
        "window_end_period": 1046.0,
        "first": 0.004098381910453544,
        "last": 0.004193715129681639,
        "median": 0.004137329171236985,
        "peak_to_peak": 9.587910045606458e-05,
        "fractional_peak_to_peak": 0.023174153297403334,
        "slope_per_cycle": 3.878629603470446e-07,
        "fractional_slope_per_cycle": 9.374718430515422e-05,
        "log_slope_per_cycle": 9.362948576730009e-05,
        "efolding_cycles": 10680.396157310179
      },
      "max_vsurf_div_cs": {
        "available": true,
        "window_cycles": 250,
        "window_start_period": 1018.0,
        "window_end_period": 1046.0,
        "first": 0.36986,
        "last": 0.3934,
        "median": 0.38143,
        "peak_to_peak": 0.023540000000000005,
        "fractional_peak_to_peak": 0.06171512466245446,
        "slope_per_cycle": 0.0008406108374384239,
        "fractional_slope_per_cycle": 0.0022038403833951814,
        "log_slope_per_cycle": 0.0022035404489234365,
        "efolding_cycles": 453.81513213817374
      }
    },
    "500": {
      "delta_r": {
        "available": true,
        "window_cycles": 500,
        "window_start_period": 547.0,
        "window_end_period": 1046.0,
        "first": 0.007341871331909111,
        "last": 0.06824708331876206,
        "median": 0.040887530136960226,
        "peak_to_peak": 0.06090521198685295,
        "fractional_peak_to_peak": 1.4895791402131615,
        "slope_per_cycle": 0.00010681708124775918,
        "fractional_slope_per_cycle": 0.0026124610826321845,