{
  "generated_at": "2026-06-19T15:21:46.549152+00:00",
  "workspace": "<local-rre-root>/rsp_batch_runs",
  "model_id": "model_007",
  "run_name": "model_007_M0p6887_Z0p004060_T6669",
  "source": "cumulative:continue_saturation+continue_saturation_resume:LOGS_continue_saturation_resume_2180000+continue_saturation_resume:LOGS_continue_saturation_resume_2270000",
  "source_kind": "history_exact_rsp_columns",
  "cycle_count": 1720,
  "first_period": 1.0,
  "last_period": 1720.0,
  "rolling_window": 100,
  "fits": {
    "50": {
      "delta_r": {
        "available": true,
        "window_cycles": 50,
        "window_start_period": 1671.0,
        "window_end_period": 1720.0,
        "first": 0.6326135192304747,
        "last": 0.6375883257972825,
        "median": 0.6354460636564374,
        "peak_to_peak": 0.004974806566807821,
        "fractional_peak_to_peak": 0.007828841582843636,
        "slope_per_cycle": 9.723663967904365e-05,
        "fractional_slope_per_cycle": 0.0001530210748643743,
        "log_slope_per_cycle": 0.00015307033466954744,
        "efolding_cycles": 6532.944493515534
      },
      "period_days": {
        "available": true,
        "window_cycles": 50,
        "window_start_period": 1671.0,
        "window_end_period": 1720.0,
        "first": 0.5572717751443593,
        "last": 0.5572505555200149,
        "median": 0.5572566626045887,
        "peak_to_peak": 7.364367203854805e-05,
        "fractional_peak_to_peak": 0.00013215395522476366,
        "slope_per_cycle": 1.368438945178115e-07,
        "fractional_slope_per_cycle": 2.455670855117465e-07,
        "log_slope_per_cycle": 2.455745929141244e-07,
        "efolding_cycles": 4072082.490836878
      },
      "gamma": {
        "available": true,
        "window_cycles": 50,
        "window_start_period": 1671.0,
        "window_end_period": 1720.0,
        "first": 0.0003207205170029216,
        "last": 0.00019587751892049122,
        "median": 0.00025041975154681023,
        "peak_to_peak": 0.00013594405286543172,
        "fractional_peak_to_peak": 0.5428647382074416,
        "slope_per_cycle": -2.7517583140432087e-06,
        "fractional_slope_per_cycle": -0.010988583356727876,
        "log_slope_per_cycle": -0.011009266551339348,
        "efolding_cycles": null
      },
      "max_vsurf_div_cs": {
        "available": true,
        "window_cycles": 50,
        "window_start_period": 1671.0,
        "window_end_period": 1720.0,
        "first": 4.90222,
        "last": 4.94297,
        "median": 4.92609,
        "peak_to_peak": 0.040750000000000064,
        "fractional_peak_to_peak": 0.008272280855607604,
        "slope_per_cycle": 0.0007690050420168061,
        "fractional_slope_per_cycle": 0.0001561086058145113,
        "log_slope_per_cycle": 0.00015615394608064638,
        "efolding_cycles": 6403.936788658198
      }
    },
    "100": {
      "delta_r": {
        "available": true,
        "window_cycles": 100,
        "window_start_period": 1621.0,
        "window_end_period": 1720.0,
        "first": 0.6245296901018005,
        "last": 0.6375883257972825,
        "median": 0.632573036045049,
        "peak_to_peak": 0.013058635695482046,
        "fractional_peak_to_peak": 0.02064368057343511,
        "slope_per_cycle": 0.00012878162555310624,
        "fractional_slope_per_cycle": 0.00020358380489669654,
        "log_slope_per_cycle": 0.00020387581183057443,
        "efolding_cycles": 4904.946746851085
      },
      "period_days": {
        "available": true,
        "window_cycles": 100,
        "window_start_period": 1621.0,
        "window_end_period": 1720.0,
        "first": 0.5572309097069902,
        "last": 0.5572505555200149,
        "median": 0.5572525998049727,
        "peak_to_peak": 7.466691114976776e-05,
        "fractional_peak_to_peak": 0.0001339911400608982,
        "slope_per_cycle": 1.5349820956517157e-07,
        "fractional_slope_per_cycle": 2.7545534936740157e-07,
        "log_slope_per_cycle": 2.7545423379896907e-07,
        "efolding_cycles": 3630367.1437840965
      },
      "gamma": {
        "available": true,
        "window_cycles": 100,
        "window_start_period": 1621.0,
        "window_end_period": 1720.0,
        "first": 0.0005299106720284047,
        "last": 0.00019587751892049122,
        "median": 0.0003217267235045132,
        "peak_to_peak": 0.00035545032412081113,
        "fractional_peak_to_peak": 1.1048206386120265,
        "slope_per_cycle": -3.511190044257683e-06,
        "fractional_slope_per_cycle": -0.010913579095982147,
        "log_slope_per_cycle": -0.010583020245481812,
        "efolding_cycles": null
      },
      "max_vsurf_div_cs": {
        "available": true,
        "window_cycles": 100,
        "window_start_period": 1629.0,
        "window_end_period": 1720.0,
        "first": 4.85518,
        "last": 4.94297,
        "median": 4.908615,
        "peak_to_peak": 0.08779000000000003,
        "fractional_peak_to_peak": 0.017884881988096447,
        "slope_per_cycle": 0.0009709053989488771,
        "fractional_slope_per_cycle": 0.00019779620095462306,
        "log_slope_per_cycle": 0.0001980589322024625,
        "efolding_cycles": 5049.002278664041
      }
    },
    "250": {
      "delta_r": {
        "available": true,
        "window_cycles": 250,
        "window_start_period": 1471.0,
        "window_end_period": 1720.0,
        "first": 0.5605001017005184,
        "last": 0.6375883257972825,
        "median": 0.618437241797841,
        "peak_to_peak": 0.07708822409676408,
        "fractional_peak_to_peak": 0.12465003542261319,
        "slope_per_cycle": 0.0002935018387786572,
        "fractional_slope_per_cycle": 0.0004745862941976562,
        "log_slope_per_cycle": 0.0004843334224036366,
        "efolding_cycles": 2064.693357392574
      },
      "period_days": {
        "available": true,
        "window_cycles": 250,
        "window_start_period": 1471.0,
        "window_end_period": 1720.0,
        "first": 0.5570265372785637,
        "last": 0.5572505555200149,
        "median": 0.5572320962799023,
        "peak_to_peak": 0.00026723306608833486,
        "fractional_peak_to_peak": 0.0004795722785395719,
        "slope_per_cycle": 5.365638825209295e-07,
        "fractional_slope_per_cycle": 9.629091470197888e-07,
        "log_slope_per_cycle": 9.629742134645473e-07,
        "efolding_cycles": 1038449.4060357473
      },
      "gamma": {
        "available": true,
        "window_cycles": 250,
        "window_start_period": 1471.0,
        "window_end_period": 1720.0,
        "first": 0.0019213138798119002,
        "last": 0.00019587751892049122,
        "median": 0.0006897053133542966,
        "peak_to_peak": 0.0017349917881169267,
        "fractional_peak_to_peak": 2.5155552009292323,
        "slope_per_cycle": -6.756225947863983e-06,
        "fractional_slope_per_cycle": -0.00979581542587502,
        "log_slope_per_cycle": -0.009319839968827218,
        "efolding_cycles": null
      },
      "max_vsurf_div_cs": {
        "available": true,
        "window_cycles": 250,
        "window_start_period": 1629.0,
        "window_end_period": 1720.0,
        "first": 4.85518,
        "last": 4.94297,
        "median": 4.908615,
        "peak_to_peak": 0.08779000000000003,
        "fractional_peak_to_peak": 0.017884881988096447,
        "slope_per_cycle": 0.0009709053989488771,
        "fractional_slope_per_cycle": 0.00019779620095462306,
        "log_slope_per_cycle": 0.0001980589322024625,
        "efolding_cycles": 5049.002278664041
      }
    },
    "500": {
      "delta_r": {
        "available": true,
        "window_cycles": 500,
        "window_start_period": 1221.0,
        "window_end_period": 1720.0,
        "first": 0.3351800838309389,
        "last": 0.6375883257972825,
        "median": 0.5601614868068157,
        "peak_to_peak": 0.30240824196634364,
        "fractional_peak_to_peak": 0.5398590390250017,
        "slope_per_cycle": 0.0006375941309512326,