{
  "generated_at": "2026-06-18T21:48:27.474349+00:00",
  "workspace": "<local-rre-root>/rsp_batch_runs",
  "model_id": "model_007",
  "run_name": "model_007_M0p6887_Z0p004060_T6669",
  "source": "cumulative:continue_saturation+continue_saturation_resume:LOGS_continue_saturation_resume_2180000+continue_saturation_resume:LOGS_continue_saturation_resume_2270000",
  "source_kind": "history_exact_rsp_columns",
  "cycle_count": 1674,
  "first_period": 1.0,
  "last_period": 1674.0,
  "rolling_window": 100,
  "fits": {
    "50": {
      "delta_r": {
        "available": true,
        "window_cycles": 50,
        "window_start_period": 1625.0,
        "window_end_period": 1674.0,
        "first": 0.6254667690627445,
        "last": 0.633140863806859,
        "median": 0.629740474821836,
        "peak_to_peak": 0.007674094744114512,
        "fractional_peak_to_peak": 0.01218612277745946,
        "slope_per_cycle": 0.00015613232747780381,
        "fractional_slope_per_cycle": 0.00024793122519554776,
        "log_slope_per_cycle": 0.00024806053307411874,
        "efolding_cycles": 4031.2740910752095
      },
      "period_days": {
        "available": true,
        "window_cycles": 50,
        "window_start_period": 1625.0,
        "window_end_period": 1674.0,
        "first": 0.5572254172279671,
        "last": 0.5572841547091526,
        "median": 0.5572499091259239,
        "peak_to_peak": 6.505127565037405e-05,
        "fractional_peak_to_peak": 0.0001167362696432027,
        "slope_per_cycle": 2.0186072842007736e-07,
        "fractional_slope_per_cycle": 3.622445246096256e-07,
        "log_slope_per_cycle": 3.6223555588902573e-07,
        "efolding_cycles": 2760634.575326889
      },
      "gamma": {
        "available": true,
        "window_cycles": 50,
        "window_start_period": 1625.0,
        "window_end_period": 1674.0,
        "first": 0.0005417724158157845,
        "last": 0.00031751601422148814,
        "median": 0.0004085244393735823,
        "peak_to_peak": 0.00024071705133272485,
        "fractional_peak_to_peak": 0.5892353752491095,
        "slope_per_cycle": -4.375132574525254e-06,
        "fractional_slope_per_cycle": -0.01070959813624354,
        "log_slope_per_cycle": -0.01077227247787113,
        "efolding_cycles": null
      },
      "max_vsurf_div_cs": {
        "available": true,
        "window_cycles": 50,
        "window_start_period": 1629.0,
        "window_end_period": 1674.0,
        "first": 4.85518,
        "last": 4.90724,
        "median": 4.884685,
        "peak_to_peak": 0.0525500000000001,
        "fractional_peak_to_peak": 0.010758114392227973,
        "slope_per_cycle": 0.0011814474252235599,
        "fractional_slope_per_cycle": 0.00024186767933317293,
        "log_slope_per_cycle": 0.00024202084844293542,
        "efolding_cycles": 4131.875441448937
      }
    },
    "100": {
      "delta_r": {
        "available": true,
        "window_cycles": 100,
        "window_start_period": 1575.0,
        "window_end_period": 1674.0,
        "first": 0.612380169871896,
        "last": 0.633140863806859,
        "median": 0.625390212920983,
        "peak_to_peak": 0.020760693934962937,
        "fractional_peak_to_peak": 0.03319638444291743,
        "slope_per_cycle": 0.00020653138657009864,
        "fractional_slope_per_cycle": 0.0003302440337296956,
        "log_slope_per_cycle": 0.0003311540007582063,
        "efolding_cycles": 3019.7430733447636
      },
      "period_days": {
        "available": true,
        "window_cycles": 100,
        "window_start_period": 1575.0,
        "window_end_period": 1674.0,
        "first": 0.5572323233927428,
        "last": 0.5572841547091526,
        "median": 0.5572404505597877,
        "peak_to_peak": 6.575438728628757e-05,
        "fractional_peak_to_peak": 0.00011800002533956861,
        "slope_per_cycle": 2.4150099157715367e-07,
        "fractional_slope_per_cycle": 4.333874027532437e-07,
        "log_slope_per_cycle": 4.3337930921901034e-07,
        "efolding_cycles": 2307447.491672117
      },
      "gamma": {
        "available": true,
        "window_cycles": 100,
        "window_start_period": 1575.0,
        "window_end_period": 1674.0,
        "first": 0.0008361787051587926,
        "last": 0.00031751601422148814,
        "median": 0.0005258280180181683,
        "peak_to_peak": 0.0005351233406757329,
        "fractional_peak_to_peak": 1.0176774959474362,
        "slope_per_cycle": -5.243764654506529e-06,
        "fractional_slope_per_cycle": -0.009972394917772045,
        "log_slope_per_cycle": -0.009985000276581892,
        "efolding_cycles": null
      },
      "max_vsurf_div_cs": {
        "available": true,
        "window_cycles": 100,
        "window_start_period": 1629.0,
        "window_end_period": 1674.0,
        "first": 4.85518,
        "last": 4.90724,
        "median": 4.884685,
        "peak_to_peak": 0.0525500000000001,
        "fractional_peak_to_peak": 0.010758114392227973,
        "slope_per_cycle": 0.0011814474252235599,
        "fractional_slope_per_cycle": 0.00024186767933317293,
        "log_slope_per_cycle": 0.00024202084844293542,
        "efolding_cycles": 4131.875441448937
      }
    },
    "250": {
      "delta_r": {
        "available": true,
        "window_cycles": 250,
        "window_start_period": 1425.0,
        "window_end_period": 1674.0,
        "first": 0.5251653487841192,
        "last": 0.633140863806859,
        "median": 0.6031368426648744,
        "peak_to_peak": 0.10797551502273972,
        "fractional_peak_to_peak": 0.17902324544736026,
        "slope_per_cycle": 0.0004225569253879785,
        "fractional_slope_per_cycle": 0.0007005987621664277,
        "log_slope_per_cycle": 0.000719636783266616,
        "efolding_cycles": 1389.5898920852037
      },
      "period_days": {
        "available": true,
        "window_cycles": 250,
        "window_start_period": 1425.0,
        "window_end_period": 1674.0,
        "first": 0.556987979513317,
        "last": 0.5572841547091526,
        "median": 0.5572173600929307,
        "peak_to_peak": 0.0005597611980651118,
        "fractional_peak_to_peak": 0.001004565252546613,
        "slope_per_cycle": 1.2977087876758451e-06,
        "fractional_slope_per_cycle": 2.328909471627765e-06,
        "log_slope_per_cycle": 2.3294233042433453e-06,
        "efolding_cycles": 429290.8026541895
      },
      "gamma": {
        "available": true,
        "window_cycles": 250,
        "window_start_period": 1425.0,
        "window_end_period": 1674.0,
        "first": 0.0025619684171266427,
        "last": 0.00031751601422148814,
        "median": 0.0010250479092885694,
        "peak_to_peak": 0.002260913052643583,
        "fractional_peak_to_peak": 2.205665737333937,
        "slope_per_cycle": -9.013396087039437e-06,
        "fractional_slope_per_cycle": -0.008793146159670868,
        "log_slope_per_cycle": -0.00849432959992721,
        "efolding_cycles": null
      },
      "max_vsurf_div_cs": {
        "available": true,
        "window_cycles": 250,
        "window_start_period": 1629.0,
        "window_end_period": 1674.0,
        "first": 4.85518,
        "last": 4.90724,
        "median": 4.884685,
        "peak_to_peak": 0.0525500000000001,
        "fractional_peak_to_peak": 0.010758114392227973,
        "slope_per_cycle": 0.0011814474252235599,
        "fractional_slope_per_cycle": 0.00024186767933317293,
        "log_slope_per_cycle": 0.00024202084844293542,
        "efolding_cycles": 4131.875441448937
      }
    },
    "500": {
      "delta_r": {
        "available": true,
        "window_cycles": 500,
        "window_start_period": 1175.0,
        "window_end_period": 1674.0,
        "first": 0.2990807318769111,
        "last": 0.633140863806859,
        "median": 0.5247585530686547,
        "peak_to_peak": 0.3340601319299479,
        "fractional_peak_to_peak": 0.6365977838311526,
        "slope_per_cycle": 0.0007270613238405611,