{
  "generated_at": "2026-06-19T02:02:39.973436+00:00",
  "workspace": "<local-rre-root>/rsp_batch_runs",
  "model_id": "model_007",
  "run_name": "model_007_M0p6887_Z0p004060_T6669",
  "source": "cumulative:continue_saturation+continue_saturation_resume:LOGS_continue_saturation_resume_2180000+continue_saturation_resume:LOGS_continue_saturation_resume_2270000",
  "source_kind": "history_exact_rsp_columns",
  "cycle_count": 1687,
  "first_period": 1.0,
  "last_period": 1687.0,
  "rolling_window": 100,
  "fits": {
    "50": {
      "delta_r": {
        "available": true,
        "window_cycles": 50,
        "window_start_period": 1638.0,
        "window_end_period": 1687.0,
        "first": 0.6279635535971773,
        "last": 0.6345796515548319,
        "median": 0.6315101719877152,
        "peak_to_peak": 0.006633740970976021,
        "fractional_peak_to_peak": 0.010504567092080138,
        "slope_per_cycle": 0.00013717976651201434,
        "fractional_slope_per_cycle": 0.00021722495154786345,
        "log_slope_per_cycle": 0.0002172723473536891,
        "efolding_cycles": 4602.51850812906
      },
      "period_days": {
        "available": true,
        "window_cycles": 50,
        "window_start_period": 1638.0,
        "window_end_period": 1687.0,
        "first": 0.5572220396895513,
        "last": 0.5572201266726134,
        "median": 0.5572515785582881,
        "peak_to_peak": 7.27829262958668e-05,
        "fractional_peak_to_peak": 0.0001306105340861834,
        "slope_per_cycle": 1.5029344892569956e-07,
        "fractional_slope_per_cycle": 2.69704841957624e-07,
        "log_slope_per_cycle": 2.6970172580259315e-07,
        "efolding_cycles": 3707799.781496189
      },
      "gamma": {
        "available": true,
        "window_cycles": 50,
        "window_start_period": 1638.0,
        "window_end_period": 1687.0,
        "first": 0.0004440767839552058,
        "last": 0.00028786594402118424,
        "median": 0.0003453845936836307,
        "peak_to_peak": 0.0002059446385497767,
        "fractional_peak_to_peak": 0.5962762738005049,
        "slope_per_cycle": -3.680206960957875e-06,
        "fractional_slope_per_cycle": -0.010655388307009758,
        "log_slope_per_cycle": -0.010293596921277915,
        "efolding_cycles": null
      },
      "max_vsurf_div_cs": {
        "available": true,
        "window_cycles": 50,
        "window_start_period": 1638.0,
        "window_end_period": 1687.0,
        "first": 4.8682,
        "last": 4.92023,
        "median": 4.894675,
        "peak_to_peak": 0.05203000000000024,
        "fractional_peak_to_peak": 0.010629919248979807,
        "slope_per_cycle": 0.0010774957983193264,
        "fractional_slope_per_cycle": 0.00022013633148663115,
        "log_slope_per_cycle": 0.00022014988937644277,
        "efolding_cycles": 4542.35976603223
      }
    },
    "100": {
      "delta_r": {
        "available": true,
        "window_cycles": 100,
        "window_start_period": 1588.0,
        "window_end_period": 1687.0,
        "first": 0.6163133896850006,
        "last": 0.6345796515548319,
        "median": 0.6277493766249362,
        "peak_to_peak": 0.01828390488315268,
        "fractional_peak_to_peak": 0.029126121926962633,
        "slope_per_cycle": 0.0001812920242233047,
        "fractional_slope_per_cycle": 0.0002887968207917822,
        "log_slope_per_cycle": 0.00028945792895560863,
        "efolding_cycles": 3454.733486168763
      },
      "period_days": {
        "available": true,
        "window_cycles": 100,
        "window_start_period": 1588.0,
        "window_end_period": 1687.0,
        "first": 0.5572361010288889,
        "last": 0.5572201266726134,
        "median": 0.5572448113052761,
        "peak_to_peak": 7.348603793178032e-05,
        "fractional_peak_to_peak": 0.00013187388458521217,
        "slope_per_cycle": 1.9635551820628673e-07,
        "fractional_slope_per_cycle": 3.5236849984542436e-07,
        "log_slope_per_cycle": 3.5236237805710295e-07,
        "efolding_cycles": 2837987.430763515
      },
      "gamma": {
        "available": true,
        "window_cycles": 100,
        "window_start_period": 1588.0,
        "window_end_period": 1687.0,
        "first": 0.0007344758345467323,
        "last": 0.00028786594402118424,
        "median": 0.00046009086508393853,
        "peak_to_peak": 0.0004670549826599547,
        "fractional_peak_to_peak": 1.0151363961002478,
        "slope_per_cycle": -4.7222931494773405e-06,
        "fractional_slope_per_cycle": -0.010263827230335925,
        "log_slope_per_cycle": -0.010146424527182705,
        "efolding_cycles": null
      },
      "max_vsurf_div_cs": {
        "available": true,
        "window_cycles": 100,
        "window_start_period": 1629.0,
        "window_end_period": 1687.0,
        "first": 4.85518,
        "last": 4.92023,
        "median": 4.89147,
        "peak_to_peak": 0.06505000000000027,
        "fractional_peak_to_peak": 0.013298660729801117,
        "slope_per_cycle": 0.001129776154295734,
        "fractional_slope_per_cycle": 0.00023096863607376393,
        "log_slope_per_cycle": 0.0002311130591256403,
        "efolding_cycles": 4326.886605989533
      }
    },
    "250": {
      "delta_r": {
        "available": true,
        "window_cycles": 250,
        "window_start_period": 1438.0,
        "window_end_period": 1687.0,
        "first": 0.5358544546402824,
        "last": 0.6345796515548319,
        "median": 0.6081361586286884,
        "peak_to_peak": 0.09874283992787092,
        "fractional_peak_to_peak": 0.16236962483949363,
        "slope_per_cycle": 0.00038359737690743165,
        "fractional_slope_per_cycle": 0.0006307754792486297,
        "log_slope_per_cycle": 0.0006468171689355201,
        "efolding_cycles": 1546.031936112209
      },
      "period_days": {
        "available": true,
        "window_cycles": 250,
        "window_start_period": 1438.0,
        "window_end_period": 1687.0,
        "first": 0.5568748322713913,
        "last": 0.5572201266726134,
        "median": 0.5572236302473444,
        "peak_to_peak": 0.0005674928487106046,
        "fractional_peak_to_peak": 0.0010184292587496725,
        "slope_per_cycle": 1.137640757398527e-06,
        "fractional_slope_per_cycle": 2.0416233189779526e-06,
        "log_slope_per_cycle": 2.042074710002151e-06,
        "efolding_cycles": 489698.0483142787
      },
      "gamma": {
        "available": true,
        "window_cycles": 250,
        "window_start_period": 1438.0,
        "window_end_period": 1687.0,
        "first": 0.002378801160818191,
        "last": 0.00028786594402118424,
        "median": 0.0009331226744545248,
        "peak_to_peak": 0.0021113803089314134,
        "fractional_peak_to_peak": 2.2627038938536805,
        "slope_per_cycle": -8.362344316765712e-06,
        "fractional_slope_per_cycle": -0.008961677328925787,
        "log_slope_per_cycle": -0.008729138164940918,
        "efolding_cycles": null
      },
      "max_vsurf_div_cs": {
        "available": true,
        "window_cycles": 250,
        "window_start_period": 1629.0,
        "window_end_period": 1687.0,
        "first": 4.85518,
        "last": 4.92023,
        "median": 4.89147,
        "peak_to_peak": 0.06505000000000027,
        "fractional_peak_to_peak": 0.013298660729801117,
        "slope_per_cycle": 0.001129776154295734,
        "fractional_slope_per_cycle": 0.00023096863607376393,
        "log_slope_per_cycle": 0.0002311130591256403,
        "efolding_cycles": 4326.886605989533
      }
    },
    "500": {
      "delta_r": {
        "available": true,
        "window_cycles": 500,
        "window_start_period": 1188.0,
        "window_end_period": 1687.0,
        "first": 0.3100334059115868,
        "last": 0.6345796515548319,
        "median": 0.5354381240202479,
        "peak_to_peak": 0.3252354302509941,
        "fractional_peak_to_peak": 0.6074192622090823,
        "slope_per_cycle": 0.0007038562685680212,