{
  "generated_at": "2026-06-17T21:31:16.268062+00:00",
  "workspace": "<local-rre-root>/rsp_batch_runs",
  "model_id": "model_007",
  "run_name": "model_007_M0p6887_Z0p004060_T6669",
  "source": "cumulative:continue_saturation+continue_saturation_resume:LOGS_continue_saturation_resume_2180000",
  "source_kind": "history_exact_rsp_columns",
  "cycle_count": 1593,
  "first_period": 1.0,
  "last_period": 1593.0,
  "rolling_window": 100,
  "fits": {
    "50": {
      "delta_r": {
        "available": true,
        "window_cycles": 50,
        "window_start_period": 1544.0,
        "window_end_period": 1593.0,
        "first": 0.6007653542183933,
        "last": 0.6176916738650604,
        "median": 0.6102414644108989,
        "peak_to_peak": 0.016926319646667132,
        "fractional_peak_to_peak": 0.027737085455192854,
        "slope_per_cycle": 0.000343848428167741,
        "fractional_slope_per_cycle": 0.0005634629048022452,
        "log_slope_per_cycle": 0.0005640306397900405,
        "efolding_cycles": 1772.9533281600595
      },
      "period_days": {
        "available": true,
        "window_cycles": 50,
        "window_start_period": 1544.0,
        "window_end_period": 1593.0,
        "first": 0.5572333479743382,
        "last": 0.557238569595437,
        "median": 0.557229065810313,
        "peak_to_peak": 4.477685834791689e-05,
        "fractional_peak_to_peak": 8.035628630176202e-05,
        "slope_per_cycle": 4.740841186180012e-07,
        "fractional_slope_per_cycle": 8.50788567406469e-07,
        "log_slope_per_cycle": 8.507999383736285e-07,
        "efolding_cycles": 1175364.4480882066
      },
      "gamma": {
        "available": true,
        "window_cycles": 50,
        "window_start_period": 1544.0,
        "window_end_period": 1593.0,
        "first": 0.0010809809250131063,
        "last": 0.0007109482348563387,
        "median": 0.000880464718169592,
        "peak_to_peak": 0.00037003269015676763,
        "fractional_peak_to_peak": 0.4202697535978872,
        "slope_per_cycle": -7.671898458492818e-06,
        "fractional_slope_per_cycle": -0.008713464946604578,
        "log_slope_per_cycle": -0.008735506160599886,
        "efolding_cycles": null
      },
      "max_vsurf_div_cs": {
        "available": true,
        "window_cycles": 50,
        "window_start_period": 1562.0,
        "window_end_period": 1593.0,
        "first": 4.72111,
        "last": 4.78978,
        "median": 4.7572600000000005,
        "peak_to_peak": 0.06867000000000001,
        "fractional_peak_to_peak": 0.014434779684103876,
        "slope_per_cycle": 0.0022285960410557168,
        "fractional_slope_per_cycle": 0.0004684621065604395,
        "log_slope_per_cycle": 0.0004685624771277274,
        "efolding_cycles": 2134.1871123141723
      }
    },
    "100": {
      "delta_r": {
        "available": true,
        "window_cycles": 100,
        "window_start_period": 1494.0,
        "window_end_period": 1593.0,
        "first": 0.575465586655171,
        "last": 0.6176916738650604,
        "median": 0.600632844994172,
        "peak_to_peak": 0.04222608720988941,
        "fractional_peak_to_peak": 0.07030266087146654,
        "slope_per_cycle": 0.0004245239111128848,
        "fractional_slope_per_cycle": 0.0007067943663936726,
        "log_slope_per_cycle": 0.0007098333062415283,
        "efolding_cycles": 1408.7814578536265
      },
      "period_days": {
        "available": true,
        "window_cycles": 100,
        "window_start_period": 1494.0,
        "window_end_period": 1593.0,
        "first": 0.5571494746430673,
        "last": 0.557238569595437,
        "median": 0.5572138408036833,
        "peak_to_peak": 8.90949523697504e-05,
        "fractional_peak_to_peak": 0.00015989364557284964,
        "slope_per_cycle": 7.466806778182115e-07,
        "fractional_slope_per_cycle": 1.3400253603558294e-06,
        "log_slope_per_cycle": 1.3400541778743396e-06,
        "efolding_cycles": 746238.4853620244
      },
      "gamma": {
        "available": true,
        "window_cycles": 100,
        "window_start_period": 1494.0,
        "window_end_period": 1593.0,
        "first": 0.001628531336082616,
        "last": 0.0007109482348563387,
        "median": 0.0010865601672612219,
        "peak_to_peak": 0.0009175831012262774,
        "fractional_peak_to_peak": 0.844484391084511,
        "slope_per_cycle": -9.274585547196713e-06,
        "fractional_slope_per_cycle": -0.008535731224690654,
        "log_slope_per_cycle": -0.008440513710004836,
        "efolding_cycles": null
      },
      "max_vsurf_div_cs": {
        "available": true,
        "window_cycles": 100,
        "window_start_period": 1562.0,
        "window_end_period": 1593.0,
        "first": 4.72111,
        "last": 4.78978,
        "median": 4.7572600000000005,
        "peak_to_peak": 0.06867000000000001,
        "fractional_peak_to_peak": 0.014434779684103876,
        "slope_per_cycle": 0.0022285960410557168,
        "fractional_slope_per_cycle": 0.0004684621065604395,
        "log_slope_per_cycle": 0.0004685624771277274,
        "efolding_cycles": 2134.1871123141723
      }
    },
    "250": {
      "delta_r": {
        "available": true,
        "window_cycles": 250,
        "window_start_period": 1344.0,
        "window_end_period": 1593.0,
        "first": 0.45054027100043914,
        "last": 0.6176916738650604,
        "median": 0.5587579347255907,
        "peak_to_peak": 0.16715140286462127,
        "fractional_peak_to_peak": 0.29914815070449124,
        "slope_per_cycle": 0.0006814775098951887,
        "fractional_slope_per_cycle": 0.0012196292303748068,
        "log_slope_per_cycle": 0.001260345942538453,
        "efolding_cycles": 793.432950627752
      },
      "period_days": {
        "available": true,
        "window_cycles": 250,
        "window_start_period": 1344.0,
        "window_end_period": 1593.0,
        "first": 0.5569101102065502,
        "last": 0.557238569595437,
        "median": 0.5570801397630324,
        "peak_to_peak": 0.0005568297119398213,
        "fractional_peak_to_peak": 0.0009995504635593047,
        "slope_per_cycle": 1.4497829226306242e-06,
        "fractional_slope_per_cycle": 2.6024674353807064e-06,
        "log_slope_per_cycle": 2.6024292590315687e-06,
        "efolding_cycles": 384256.36221601884
      },
      "gamma": {
        "available": true,
        "window_cycles": 250,
        "window_start_period": 1344.0,
        "window_end_period": 1593.0,
        "first": 0.0036549380488327355,
        "last": 0.0007109482348563387,
        "median": 0.001953720562515814,
        "peak_to_peak": 0.002947257085921738,
        "fractional_peak_to_peak": 1.5085356332261475,
        "slope_per_cycle": -1.2410606784069852e-05,
        "fractional_slope_per_cycle": -0.006352293681184716,
        "log_slope_per_cycle": -0.006696519357383524,
        "efolding_cycles": null
      },
      "max_vsurf_div_cs": {
        "available": true,
        "window_cycles": 250,
        "window_start_period": 1562.0,
        "window_end_period": 1593.0,
        "first": 4.72111,
        "last": 4.78978,
        "median": 4.7572600000000005,
        "peak_to_peak": 0.06867000000000001,
        "fractional_peak_to_peak": 0.014434779684103876,
        "slope_per_cycle": 0.0022285960410557168,
        "fractional_slope_per_cycle": 0.0004684621065604395,
        "log_slope_per_cycle": 0.0004685624771277274,
        "efolding_cycles": 2134.1871123141723
      }
    },
    "500": {
      "delta_r": {
        "available": true,
        "window_cycles": 500,
        "window_start_period": 1094.0,
        "window_end_period": 1593.0,
        "first": 0.24199361879057424,
        "last": 0.6176916738650604,
        "median": 0.4500096134495952,