{
  "generated_at": "2026-06-19T20:35:27.081779+00:00",
  "workspace": "<local-rre-root>/rsp_batch_runs",
  "model_id": "model_009",
  "run_name": "model_009_M0p6668_Z0p0001120_T6852",
  "source": "cumulative:saturation+saturation_resume:LOGS_saturation_resume_130000",
  "source_kind": "history_exact_rsp_columns",
  "cycle_count": 302,
  "first_period": 1.0,
  "last_period": 302.0,
  "rolling_window": 100,
  "fits": {
    "50": {
      "delta_r": {
        "available": true,
        "window_cycles": 50,
        "window_start_period": 253.0,
        "window_end_period": 302.0,
        "first": 0.004079582500765788,
        "last": 0.00477414452696312,
        "median": 0.004142856602809442,
        "peak_to_peak": 0.0011102668182809694,
        "fractional_peak_to_peak": 0.26799547383031597,
        "slope_per_cycle": 1.1713867732035376e-05,
        "fractional_slope_per_cycle": 0.0028274856832099186,
        "log_slope_per_cycle": 0.0027779542029328793,
        "efolding_cycles": 359.97713675201356
      },
      "period_days": {
        "available": true,
        "window_cycles": 50,
        "window_start_period": 253.0,
        "window_end_period": 302.0,
        "first": 0.4892523279082444,
        "last": 0.49343073095320034,
        "median": 0.4998154788294751,
        "peak_to_peak": 0.03125811988177396,
        "fractional_peak_to_peak": 0.06253931942039449,
        "slope_per_cycle": 9.477654654641546e-06,
        "fractional_slope_per_cycle": 1.8962307203525187e-05,
        "log_slope_per_cycle": 1.8947543992687888e-05,
        "efolding_cycles": 52777.28872860321
      },
      "gamma": {
        "available": true,
        "window_cycles": 50,
        "window_start_period": 253.0,
        "window_end_period": 302.0,
        "first": 0.004467523622756174,
        "last": 0.004481487993435924,
        "median": 0.004923521846268758,
        "peak_to_peak": 0.005525054268201901,
        "fractional_peak_to_peak": 1.1221752316157607,
        "slope_per_cycle": -4.7232629369130736e-07,
        "fractional_slope_per_cycle": -9.593260849431492e-05,
        "log_slope_per_cycle": -0.0005519261683837361,
        "efolding_cycles": null
      },
      "max_vsurf_div_cs": {
        "available": true,
        "window_cycles": 50,
        "window_start_period": 253.0,
        "window_end_period": 302.0,
        "first": 0.02864,
        "last": 0.03385,
        "median": 0.028565,
        "peak_to_peak": 0.009829999999999998,
        "fractional_peak_to_peak": 0.344127428671451,
        "slope_per_cycle": 8.12873949579832e-05,
        "fractional_slope_per_cycle": 0.002845699105828223,
        "log_slope_per_cycle": 0.002795767314285406,
        "efolding_cycles": 357.6835578877917
      }
    },
    "100": {
      "delta_r": {
        "available": true,
        "window_cycles": 100,
        "window_start_period": 203.0,
        "window_end_period": 302.0,
        "first": 0.003639768127722931,
        "last": 0.00477414452696312,
        "median": 0.003987760009259489,
        "peak_to_peak": 0.0015166970541971025,
        "fractional_peak_to_peak": 0.38033809724641554,
        "slope_per_cycle": 1.076600443730538e-05,
        "fractional_slope_per_cycle": 0.002699762375947138,
        "log_slope_per_cycle": 0.002732357553881984,
        "efolding_cycles": 365.9843121846388
      },
      "period_days": {
        "available": true,
        "window_cycles": 100,
        "window_start_period": 203.0,
        "window_end_period": 302.0,
        "first": 0.4888253615047196,
        "last": 0.49343073095320034,
        "median": 0.501262248309396,
        "peak_to_peak": 0.03125811988177396,
        "fractional_peak_to_peak": 0.062358815145561075,
        "slope_per_cycle": 4.282051012213944e-06,
        "fractional_slope_per_cycle": 8.542536420119389e-06,
        "log_slope_per_cycle": 8.102262999955718e-06,
        "efolding_cycles": 123422.3080644834
      },
      "gamma": {
        "available": true,
        "window_cycles": 100,
        "window_start_period": 203.0,
        "window_end_period": 302.0,
        "first": 0.005405673316659629,
        "last": 0.004481487993435924,
        "median": 0.005034432753311212,
        "peak_to_peak": 0.005525054268201901,
        "fractional_peak_to_peak": 1.0974531866709316,
        "slope_per_cycle": -7.350191436405134e-08,
        "fractional_slope_per_cycle": -1.459984033269849e-05,
        "log_slope_per_cycle": -0.00017396483795510605,
        "efolding_cycles": null
      },
      "max_vsurf_div_cs": {
        "available": true,
        "window_cycles": 100,
        "window_start_period": 203.0,
        "window_end_period": 302.0,
        "first": 0.02578,
        "last": 0.03385,
        "median": 0.02685,
        "peak_to_peak": 0.012289999999999999,
        "fractional_peak_to_peak": 0.4577281191806331,
        "slope_per_cycle": 7.421218121812181e-05,
        "fractional_slope_per_cycle": 0.002763954607751278,
        "log_slope_per_cycle": 0.0027355440290573216,
        "efolding_cycles": 365.55799847411106
      }
    },
    "250": {
      "delta_r": {
        "available": true,
        "window_cycles": 250,
        "window_start_period": 53.0,
        "window_end_period": 302.0,
        "first": 0.0022591382159165008,
        "last": 0.00477414452696312,
        "median": 0.0032477123690730636,
        "peak_to_peak": 0.002602046779710321,
        "fractional_peak_to_peak": 0.8011937277724432,
        "slope_per_cycle": 8.853290606058496e-06,
        "fractional_slope_per_cycle": 0.002726008217465801,
        "log_slope_per_cycle": 0.0027345536453610934,
        "efolding_cycles": 365.6903940050339
      },
      "period_days": {
        "available": true,
        "window_cycles": 250,
        "window_start_period": 53.0,
        "window_end_period": 302.0,
        "first": 0.5110686130998052,
        "last": 0.49343073095320034,
        "median": 0.5013580155142107,
        "peak_to_peak": 0.03125811988177396,
        "fractional_peak_to_peak": 0.06234690363873911,
        "slope_per_cycle": -2.6100869796926067e-07,
        "fractional_slope_per_cycle": -5.206034208938713e-07,
        "log_slope_per_cycle": -8.434770742529267e-07,
        "efolding_cycles": null
      },
      "gamma": {
        "available": true,
        "window_cycles": 250,
        "window_start_period": 53.0,
        "window_end_period": 302.0,
        "first": 0.004349495799682232,
        "last": 0.004481487993435924,
        "median": 0.005044994219685182,
        "peak_to_peak": 0.005525054268201901,
        "fractional_peak_to_peak": 1.0951557182451392,
        "slope_per_cycle": 1.0594064790450678e-07,
        "fractional_slope_per_cycle": 2.099916140461261e-05,
        "log_slope_per_cycle": -6.770840140657173e-05,
        "efolding_cycles": null
      },
      "max_vsurf_div_cs": {
        "available": true,
        "window_cycles": 250,
        "window_start_period": 129.0,
        "window_end_period": 302.0,
        "first": 0.01909,
        "last": 0.03385,
        "median": 0.02419,
        "peak_to_peak": 0.01622,
        "fractional_peak_to_peak": 0.670525010334849,
        "slope_per_cycle": 6.734507246789487e-05,
        "fractional_slope_per_cycle": 0.0027840046493548933,
        "log_slope_per_cycle": 0.0027403219084268455,
        "efolding_cycles": 364.92063101231656
      }
    },
    "500": {
      "delta_r": {
        "available": false,
        "reason": "only 302 rows for 500-cycle window"
      },
      "period_days": {
        "available": false,
        "reason": "only 302 rows for 500-cycle window"
      },
      "gamma": {
        "available": false,
        "reason": "only 302 rows for 500-cycle window"
      },
      "max_vsurf_div_cs": {
        "available": false,
        "reason": "only 302 rows for 500-cycle window"
      }
    }
  },
  "latest_rolling": {
    "window_start_period": 203.0,
    "window_end_period": 302.0,
    "gamma_peak_to_peak": 0.005525054268201901,