{
  "generated_at": "2026-06-19T07:01:05.933235+00:00",
  "workspace": "<local-rre-root>/rsp_batch_runs",
  "model_id": "model_008",
  "run_name": "model_008_M0p6151_Z0p0004406_T6792",
  "source": "cumulative:saturation+continue_saturation+continue_saturation_resume:LOGS_continue_saturation_resume_1620000",
  "source_kind": "history_exact_rsp_columns",
  "cycle_count": 1130,
  "first_period": 1.0,
  "last_period": 1130.0,
  "rolling_window": 100,
  "fits": {
    "50": {
      "delta_r": {
        "available": true,
        "window_cycles": 50,
        "window_start_period": 1081.0,
        "window_end_period": 1130.0,
        "first": 0.07338032450625764,
        "last": 0.08125831153513463,
        "median": 0.0772127296932279,
        "peak_to_peak": 0.007877987028876987,
        "fractional_peak_to_peak": 0.10202964019245057,
        "slope_per_cycle": 0.00016076035165265388,
        "fractional_slope_per_cycle": 0.0020820446614355833,
        "log_slope_per_cycle": 0.0020813787510260196,
        "efolding_cycles": 480.45075866516277
      },
      "period_days": {
        "available": true,
        "window_cycles": 50,
        "window_start_period": 1081.0,
        "window_end_period": 1130.0,
        "first": 0.631616723916183,
        "last": 0.6316206586255726,
        "median": 0.6316190366229664,
        "peak_to_peak": 3.9927780420834225e-06,
        "fractional_peak_to_peak": 6.32149731178359e-06,
        "slope_per_cycle": 8.972830941006326e-08,
        "fractional_slope_per_cycle": 1.420608059722319e-07,
        "log_slope_per_cycle": 1.4206085410963816e-07,
        "efolding_cycles": 7039236.855694469
      },
      "gamma": {
        "available": true,
        "window_cycles": 50,
        "window_start_period": 1081.0,
        "window_end_period": 1130.0,
        "first": 0.004213179885134447,
        "last": 0.004240301826854186,
        "median": 0.004227106375433151,
        "peak_to_peak": 2.7121941719739258e-05,
        "fractional_peak_to_peak": 0.006416195692960311,
        "slope_per_cycle": 5.434304223593666e-07,
        "fractional_slope_per_cycle": 0.00012855849228627026,
        "log_slope_per_cycle": 0.00012856759358142832,
        "efolding_cycles": 7778.009777920046
      },
      "max_vsurf_div_cs": {
        "available": true,
        "window_cycles": 50,
        "window_start_period": 1081.0,
        "window_end_period": 1130.0,
        "first": 0.42537,
        "last": 0.47573,
        "median": 0.44974000000000003,
        "peak_to_peak": 0.05035999999999996,
        "fractional_peak_to_peak": 0.11197580824476355,
        "slope_per_cycle": 0.0010279457382953185,
        "fractional_slope_per_cycle": 0.002285644457453903,
        "log_slope_per_cycle": 0.0022845553175789303,
        "efolding_cycles": 437.72194628220046
      }
    },
    "100": {
      "delta_r": {
        "available": true,
        "window_cycles": 100,
        "window_start_period": 1031.0,
        "window_end_period": 1130.0,
        "first": 0.06616185292775523,
        "last": 0.08125831153513463,
        "median": 0.07330427642645398,
        "peak_to_peak": 0.015096458607379404,
        "fractional_peak_to_peak": 0.20594239986156396,
        "slope_per_cycle": 0.00015234391492470069,
        "fractional_slope_per_cycle": 0.002078240484067079,
        "log_slope_per_cycle": 0.002075685163814504,
        "efolding_cycles": 481.7686311166245
      },
      "period_days": {
        "available": true,
        "window_cycles": 100,
        "window_start_period": 1031.0,
        "window_end_period": 1130.0,
        "first": 0.6316191884749397,
        "last": 0.6316206586255726,
        "median": 0.6316177488195158,
        "peak_to_peak": 4.4000919701137065e-06,
        "fractional_peak_to_peak": 6.966384301798695e-06,
        "slope_per_cycle": 3.0495942577702475e-08,
        "fractional_slope_per_cycle": 4.828227616259825e-08,
        "log_slope_per_cycle": 4.828220476016624e-08,
        "efolding_cycles": 20711564.539509587
      },
      "gamma": {
        "available": true,
        "window_cycles": 100,
        "window_start_period": 1031.0,
        "window_end_period": 1130.0,
        "first": 0.004186098341284572,
        "last": 0.004240301826854186,
        "median": 0.004213198179189042,
        "peak_to_peak": 5.4203485569614095e-05,
        "fractional_peak_to_peak": 0.012865164007083856,
        "slope_per_cycle": 5.550557225160596e-07,
        "fractional_slope_per_cycle": 0.00013174213481286962,
        "log_slope_per_cycle": 0.0001317499140033829,
        "efolding_cycles": 7590.137781602828
      },
      "max_vsurf_div_cs": {
        "available": true,
        "window_cycles": 100,
        "window_start_period": 1031.0,
        "window_end_period": 1130.0,
        "first": 0.38059,
        "last": 0.47573,
        "median": 0.42489,
        "peak_to_peak": 0.09514,
        "fractional_peak_to_peak": 0.2239167784603074,
        "slope_per_cycle": 0.000960151815181518,
        "fractional_slope_per_cycle": 0.0022597656221175315,
        "log_slope_per_cycle": 0.0022547496777029275,
        "efolding_cycles": 443.50821285792154
      }
    },
    "250": {
      "delta_r": {
        "available": true,
        "window_cycles": 250,
        "window_start_period": 881.0,
        "window_end_period": 1130.0,
        "first": 0.04859333351476636,
        "last": 0.08125831153513463,
        "median": 0.0627634203461307,
        "peak_to_peak": 0.032664978020368274,
        "fractional_peak_to_peak": 0.5204461108114552,
        "slope_per_cycle": 0.00013055271838252597,
        "fractional_slope_per_cycle": 0.002080076542395995,
        "log_slope_per_cycle": 0.0020648608976568824,
        "efolding_cycles": 484.2941241876187
      },
      "period_days": {
        "available": true,
        "window_cycles": 250,
        "window_start_period": 881.0,
        "window_end_period": 1130.0,
        "first": 0.6316254388559954,
        "last": 0.6316206586255726,
        "median": 0.6316216290265286,
        "peak_to_peak": 9.12225374050113e-06,
        "fractional_peak_to_peak": 1.4442592402290878e-05,
        "slope_per_cycle": -2.852899605932999e-08,
        "fractional_slope_per_cycle": -4.516785801540648e-08,
        "log_slope_per_cycle": -4.5167924066618625e-08,
        "efolding_cycles": null
      },
      "gamma": {
        "available": true,
        "window_cycles": 250,
        "window_start_period": 881.0,
        "window_end_period": 1130.0,
        "first": 0.004122520886900758,
        "last": 0.004240301826854186,
        "median": 0.00417395063121812,
        "peak_to_peak": 0.00011820195726680409,
        "fractional_peak_to_peak": 0.028318963905020644,
        "slope_per_cycle": 4.756036136644718e-07,
        "fractional_slope_per_cycle": 0.00011394567298120444,
        "log_slope_per_cycle": 0.00011382029058165975,
        "efolding_cycles": 8785.779713701886
      },
      "max_vsurf_div_cs": {
        "available": true,
        "window_cycles": 250,
        "window_start_period": 1018.0,
        "window_end_period": 1130.0,
        "first": 0.36986,
        "last": 0.47573,
        "median": 0.41872,
        "peak_to_peak": 0.10586999999999996,
        "fractional_peak_to_peak": 0.25284199465036294,
        "slope_per_cycle": 0.0009436611717346463,
        "fractional_slope_per_cycle": 0.002253680673802652,
        "log_slope_per_cycle": 0.002247413169669167,
        "efolding_cycles": 444.95601142499584
      }
    },
    "500": {
      "delta_r": {
        "available": true,
        "window_cycles": 500,
        "window_start_period": 631.0,
        "window_end_period": 1130.0,
        "first": 0.029221245825547193,
        "last": 0.08125831153513463,
        "median": 0.04854366494634821,
        "peak_to_peak": 0.05203706570958744,
        "fractional_peak_to_peak": 1.0719640918562747,
        "slope_per_cycle": 0.00010231556278332133,
        "fractional_slope_per_cycle": 0.0021077016516244354,