{
  "generated_at": "2026-06-18T17:34:05.725097+00:00",
  "workspace": "<local-rre-root>/rsp_batch_runs",
  "model_id": "model_008",
  "run_name": "model_008_M0p6151_Z0p0004406_T6792",
  "source": "cumulative:saturation+continue_saturation+continue_saturation_resume:LOGS_continue_saturation_resume_1620000",
  "source_kind": "history_exact_rsp_columns",
  "cycle_count": 1069,
  "first_period": 1.0,
  "last_period": 1069.0,
  "rolling_window": 100,
  "fits": {
    "50": {
      "delta_r": {
        "available": true,
        "window_cycles": 50,
        "window_start_period": 1020.0,
        "window_end_period": 1069.0,
        "first": 0.06467349621919727,
        "last": 0.07157681095135615,
        "median": 0.06803554261944722,
        "peak_to_peak": 0.006903314732158883,
        "fractional_peak_to_peak": 0.10146629932493029,
        "slope_per_cycle": 0.00014085379968389365,
        "fractional_slope_per_cycle": 0.0020702972925747214,
        "log_slope_per_cycle": 0.002069701276893958,
        "efolding_cycles": 483.1615128057127
      },
      "period_days": {
        "available": true,
        "window_cycles": 50,
        "window_start_period": 1020.0,
        "window_end_period": 1069.0,
        "first": 0.6316204249531169,
        "last": 0.63161633337296,
        "median": 0.631617648898003,
        "peak_to_peak": 4.108310332151532e-06,
        "fractional_peak_to_peak": 6.504426118110206e-06,
        "slope_per_cycle": -8.965150733644421e-08,
        "fractional_slope_per_cycle": -1.419395222613889e-07,
        "log_slope_per_cycle": -1.4193941941099094e-07,
        "efolding_cycles": null
      },
      "gamma": {
        "available": true,
        "window_cycles": 50,
        "window_start_period": 1020.0,
        "window_end_period": 1069.0,
        "first": 0.004179872202854364,
        "last": 0.004206385041145865,
        "median": 0.004192990195790149,
        "peak_to_peak": 2.6512838291501556e-05,
        "fractional_peak_to_peak": 0.0063231338623498355,
        "slope_per_cycle": 5.309485263269595e-07,
        "fractional_slope_per_cycle": 0.000126627657479391,
        "log_slope_per_cycle": 0.00012662155617597452,
        "efolding_cycles": 7897.549439451152
      },
      "max_vsurf_div_cs": {
        "available": true,
        "window_cycles": 50,
        "window_start_period": 1020.0,
        "window_end_period": 1069.0,
        "first": 0.37149,
        "last": 0.41405,
        "median": 0.3921,
        "peak_to_peak": 0.04255999999999999,
        "fractional_peak_to_peak": 0.10854373884213207,
        "slope_per_cycle": 0.0008677983193277313,
        "fractional_slope_per_cycle": 0.0022132066292469554,
        "log_slope_per_cycle": 0.002212208717372044,
        "efolding_cycles": 452.0369132203462
      }
    },
    "100": {
      "delta_r": {
        "available": true,
        "window_cycles": 100,
        "window_start_period": 970.0,
        "window_end_period": 1069.0,
        "first": 0.058328720726811056,
        "last": 0.07157681095135615,
        "median": 0.06460669030562594,
        "peak_to_peak": 0.013248090224545095,
        "fractional_peak_to_peak": 0.2050575592384347,
        "slope_per_cycle": 0.0001337314975735836,
        "fractional_slope_per_cycle": 0.002069932648475854,
        "log_slope_per_cycle": 0.002067591530404406,
        "efolding_cycles": 483.65452522646353
      },
      "period_days": {
        "available": true,
        "window_cycles": 100,
        "window_start_period": 970.0,
        "window_end_period": 1069.0,
        "first": 0.6316222571316003,
        "last": 0.63161633337296,
        "median": 0.6316204728253393,
        "peak_to_peak": 6.033127644466951e-06,
        "fractional_peak_to_peak": 9.551824084295126e-06,
        "slope_per_cycle": -7.476096037174855e-08,
        "fractional_slope_per_cycle": -1.1836373833376684e-07,
        "log_slope_per_cycle": -1.1836390553382506e-07,
        "efolding_cycles": null
      },
      "gamma": {
        "available": true,
        "window_cycles": 100,
        "window_start_period": 970.0,
        "window_end_period": 1069.0,
        "first": 0.004158664955602429,
        "last": 0.004206385041145865,
        "median": 0.004179970828086273,
        "peak_to_peak": 4.772008554343628e-05,
        "fractional_peak_to_peak": 0.011416368081516992,
        "slope_per_cycle": 4.772578794844254e-07,
        "fractional_slope_per_cycle": 0.00011417732302761779,
        "log_slope_per_cycle": 0.00011412636881058096,
        "efolding_cycles": 8762.21692166278
      },
      "max_vsurf_div_cs": {
        "available": true,
        "window_cycles": 100,
        "window_start_period": 1018.0,
        "window_end_period": 1069.0,
        "first": 0.36986,
        "last": 0.41405,
        "median": 0.391235,
        "peak_to_peak": 0.04418999999999995,
        "fractional_peak_to_peak": 0.1129500172530575,
        "slope_per_cycle": 0.0008656744642704689,
        "fractional_slope_per_cycle": 0.002212671320997531,
        "log_slope_per_cycle": 0.002211610078981296,
        "efolding_cycles": 452.1592705259403
      }
    },
    "250": {
      "delta_r": {
        "available": true,
        "window_cycles": 250,
        "window_start_period": 820.0,
        "window_end_period": 1069.0,
        "first": 0.04289610177265679,
        "last": 0.07157681095135615,
        "median": 0.05534760706314845,
        "peak_to_peak": 0.02868070917869936,
        "fractional_peak_to_peak": 0.518192397116217,
        "slope_per_cycle": 0.00011462670719009915,
        "fractional_slope_per_cycle": 0.0020710327559295676,
        "log_slope_per_cycle": 0.002055879772156809,
        "efolding_cycles": 486.40976653557277
      },
      "period_days": {
        "available": true,
        "window_cycles": 250,
        "window_start_period": 820.0,
        "window_end_period": 1069.0,
        "first": 0.6316288335078085,
        "last": 0.63161633337296,
        "median": 0.6316222740817574,
        "peak_to_peak": 1.251686502379279e-05,
        "fractional_peak_to_peak": 1.9817010161634358e-05,
        "slope_per_cycle": -4.475507076091811e-08,
        "fractional_slope_per_cycle": -7.085733451370493e-08,
        "log_slope_per_cycle": -7.085727305997453e-08,
        "efolding_cycles": null
      },
      "gamma": {
        "available": true,
        "window_cycles": 250,
        "window_start_period": 820.0,
        "window_end_period": 1069.0,
        "first": 0.004104591585050795,
        "last": 0.004206385041145865,
        "median": 0.00414810907050385,
        "peak_to_peak": 0.0001022924439608346,
        "fractional_peak_to_peak": 0.0246600179074871,
        "slope_per_cycle": 4.1224687529280245e-07,
        "fractional_slope_per_cycle": 9.938187937828956e-05,
        "log_slope_per_cycle": 9.929938988146853e-05,
        "efolding_cycles": 10070.55532963171
      },
      "max_vsurf_div_cs": {
        "available": true,
        "window_cycles": 250,
        "window_start_period": 1018.0,
        "window_end_period": 1069.0,
        "first": 0.36986,
        "last": 0.41405,
        "median": 0.391235,
        "peak_to_peak": 0.04418999999999995,
        "fractional_peak_to_peak": 0.1129500172530575,
        "slope_per_cycle": 0.0008656744642704689,
        "fractional_slope_per_cycle": 0.002212671320997531,
        "log_slope_per_cycle": 0.002211610078981296,
        "efolding_cycles": 452.1592705259403
      }
    },
    "500": {
      "delta_r": {
        "available": true,
        "window_cycles": 500,
        "window_start_period": 570.0,
        "window_end_period": 1069.0,
        "first": 0.007689758464391794,
        "last": 0.07157681095135615,
        "median": 0.042852349455942296,
        "peak_to_peak": 0.06388705248696436,
        "fractional_peak_to_peak": 1.49086463865064,
        "slope_per_cycle": 0.00010301594223178216,
        "fractional_slope_per_cycle": 0.0024039741937065956,
        "log_slope_per_cycle": 0.0028872390552706177,