{
  "generated_at": "2026-06-19T22:19:33.102934+00:00",
  "workspace": "<local-rre-root>/rsp_batch_runs",
  "model_id": "model_009",
  "run_name": "model_009_M0p6668_Z0p0001120_T6852",
  "source": "cumulative:saturation+saturation_resume:LOGS_saturation_resume_130000",
  "source_kind": "history_exact_rsp_columns",
  "cycle_count": 308,
  "first_period": 1.0,
  "last_period": 308.0,
  "rolling_window": 100,
  "fits": {
    "50": {
      "delta_r": {
        "available": true,
        "window_cycles": 50,
        "window_start_period": 259.0,
        "window_end_period": 308.0,
        "first": 0.004066714732942067,
        "last": 0.004885369651023375,
        "median": 0.004279853761832708,
        "peak_to_peak": 0.001145621525669327,
        "fractional_peak_to_peak": 0.2676777267218476,
        "slope_per_cycle": 1.2134003984894115e-05,
        "fractional_slope_per_cycle": 0.0028351445306622164,
        "log_slope_per_cycle": 0.0028300541253003927,
        "efolding_cycles": 353.35013244450096
      },
      "period_days": {
        "available": true,
        "window_cycles": 50,
        "window_start_period": 259.0,
        "window_end_period": 308.0,
        "first": 0.49149470757095887,
        "last": 0.4902007999102783,
        "median": 0.49857435012013107,
        "peak_to_peak": 0.03125811988177396,
        "fractional_peak_to_peak": 0.06269500200770926,
        "slope_per_cycle": -2.1086939824152115e-06,
        "fractional_slope_per_cycle": -4.229447387149226e-06,
        "log_slope_per_cycle": -4.721010964058659e-06,
        "efolding_cycles": null
      },
      "gamma": {
        "available": true,
        "window_cycles": 50,
        "window_start_period": 259.0,
        "window_end_period": 308.0,
        "first": 0.0041125099236800165,
        "last": 0.005170741386916684,
        "median": 0.0049779211782415966,
        "peak_to_peak": 0.005525054268201901,
        "fractional_peak_to_peak": 1.1099119633215193,
        "slope_per_cycle": 1.6386592213272488e-07,
        "fractional_slope_per_cycle": 3.291854496390579e-05,
        "log_slope_per_cycle": -0.0005012405660984347,
        "efolding_cycles": null
      },
      "max_vsurf_div_cs": {
        "available": true,
        "window_cycles": 50,
        "window_start_period": 259.0,
        "window_end_period": 308.0,
        "first": 0.0283,
        "last": 0.03473,
        "median": 0.029475,
        "peak_to_peak": 0.010119999999999997,
        "fractional_peak_to_peak": 0.3433418150975402,
        "slope_per_cycle": 8.496278511404561e-05,
        "fractional_slope_per_cycle": 0.0028825372388141006,
        "log_slope_per_cycle": 0.002871140172814564,
        "efolding_cycles": 348.2936881551502
      }
    },
    "100": {
      "delta_r": {
        "available": true,
        "window_cycles": 100,
        "window_start_period": 209.0,
        "window_end_period": 308.0,
        "first": 0.0036676130358666015,
        "last": 0.004885369651023375,
        "median": 0.004011548106908958,
        "peak_to_peak": 0.0016146795400890923,
        "fractional_peak_to_peak": 0.40250783414716695,
        "slope_per_cycle": 1.099225836580427e-05,
        "fractional_slope_per_cycle": 0.002740153694498307,
        "log_slope_per_cycle": 0.0027444889042002657,
        "efolding_cycles": 364.3665669296617
      },
      "period_days": {
        "available": true,
        "window_cycles": 100,
        "window_start_period": 209.0,
        "window_end_period": 308.0,
        "first": 0.48858381151622676,
        "last": 0.4902007999102783,
        "median": 0.5003573177962378,
        "peak_to_peak": 0.03125811988177396,
        "fractional_peak_to_peak": 0.06247159533800065,
        "slope_per_cycle": 1.9563016280159236e-06,
        "fractional_slope_per_cycle": 3.909809167241149e-06,
        "log_slope_per_cycle": 3.4583983346892276e-06,
        "efolding_cycles": 289151.19174375274
      },
      "gamma": {
        "available": true,
        "window_cycles": 100,
        "window_start_period": 209.0,
        "window_end_period": 308.0,
        "first": 0.005090872255618296,
        "last": 0.005170741386916684,
        "median": 0.005002806651057318,
        "peak_to_peak": 0.005525054268201901,
        "fractional_peak_to_peak": 1.1043909256485476,
        "slope_per_cycle": -1.9535756643385314e-07,
        "fractional_slope_per_cycle": -3.904959357015433e-05,
        "log_slope_per_cycle": -6.155333711938888e-05,
        "efolding_cycles": null
      },
      "max_vsurf_div_cs": {
        "available": true,
        "window_cycles": 100,
        "window_start_period": 209.0,
        "window_end_period": 308.0,
        "first": 0.02589,
        "last": 0.03473,
        "median": 0.027285,
        "peak_to_peak": 0.013169999999999998,
        "fractional_peak_to_peak": 0.4826827927432654,
        "slope_per_cycle": 7.600348034803481e-05,
        "fractional_slope_per_cycle": 0.0027855407860742096,
        "log_slope_per_cycle": 0.002756880360834229,
        "efolding_cycles": 362.72883444873213
      }
    },
    "250": {
      "delta_r": {
        "available": true,
        "window_cycles": 250,
        "window_start_period": 59.0,
        "window_end_period": 308.0,
        "first": 0.0023435821986392824,
        "last": 0.004885369651023375,
        "median": 0.003267910327859447,
        "peak_to_peak": 0.002698580575350107,
        "fractional_peak_to_peak": 0.825781708985184,
        "slope_per_cycle": 9.001952700580663e-06,
        "fractional_slope_per_cycle": 0.002754651075899362,
        "log_slope_per_cycle": 0.002734563740771769,
        "efolding_cycles": 365.68904395615675
      },
      "period_days": {
        "available": true,
        "window_cycles": 250,
        "window_start_period": 59.0,
        "window_end_period": 308.0,
        "first": 0.5062557057306846,
        "last": 0.4902007999102783,
        "median": 0.5012360662727399,
        "peak_to_peak": 0.03125811988177396,
        "fractional_peak_to_peak": 0.06236207245462927,
        "slope_per_cycle": -2.0364594997366649e-07,
        "fractional_slope_per_cycle": -4.062875033873873e-07,
        "log_slope_per_cycle": -7.471159166019138e-07,
        "efolding_cycles": null
      },
      "gamma": {
        "available": true,
        "window_cycles": 250,
        "window_start_period": 59.0,
        "window_end_period": 308.0,
        "first": 0.003874070317075929,
        "last": 0.005170741386916684,
        "median": 0.005044994219685182,
        "peak_to_peak": 0.005525054268201901,
        "fractional_peak_to_peak": 1.0951557182451392,
        "slope_per_cycle": 1.4928561043984837e-07,
        "fractional_slope_per_cycle": 2.9590838748109428e-05,
        "log_slope_per_cycle": -4.4005095095465766e-05,
        "efolding_cycles": null
      },
      "max_vsurf_div_cs": {
        "available": true,
        "window_cycles": 250,
        "window_start_period": 129.0,
        "window_end_period": 308.0,
        "first": 0.01909,
        "last": 0.03473,
        "median": 0.02446,
        "peak_to_peak": 0.017099999999999997,
        "fractional_peak_to_peak": 0.6991005723630416,
        "slope_per_cycle": 6.80263999917693e-05,
        "fractional_slope_per_cycle": 0.002781128372517142,
        "log_slope_per_cycle": 0.002743815078701997,
        "efolding_cycles": 364.4560479903278
      }
    },
    "500": {
      "delta_r": {
        "available": false,
        "reason": "only 308 rows for 500-cycle window"
      },
      "period_days": {
        "available": false,
        "reason": "only 308 rows for 500-cycle window"
      },
      "gamma": {
        "available": false,
        "reason": "only 308 rows for 500-cycle window"
      },
      "max_vsurf_div_cs": {
        "available": false,
        "reason": "only 308 rows for 500-cycle window"
      }
    }
  },
  "latest_rolling": {
    "window_start_period": 209.0,
    "window_end_period": 308.0,
    "gamma_peak_to_peak": 0.005525054268201901,