{
  "generated_at": "2026-06-19T19:23:26.319218+00:00",
  "workspace": "<local-rre-root>/rsp_batch_runs",
  "model_id": "model_009",
  "run_name": "model_009_M0p6668_Z0p0001120_T6852",
  "source": "cumulative:saturation+saturation_resume:LOGS_saturation_resume_130000",
  "source_kind": "history_exact_rsp_columns",
  "cycle_count": 297,
  "first_period": 1.0,
  "last_period": 297.0,
  "rolling_window": 100,
  "fits": {
    "50": {
      "delta_r": {
        "available": true,
        "window_cycles": 50,
        "window_start_period": 248.0,
        "window_end_period": 297.0,
        "first": 0.0036208964860158233,
        "last": 0.004511614621156568,
        "median": 0.004077204417155311,
        "peak_to_peak": 0.001015752746592824,
        "fractional_peak_to_peak": 0.24912970816938348,
        "slope_per_cycle": 1.2001650835301257e-05,
        "fractional_slope_per_cycle": 0.002943598016523998,
        "log_slope_per_cycle": 0.002896356711363447,
        "efolding_cycles": 345.26134024743607
      },
      "period_days": {
        "available": true,
        "window_cycles": 50,
        "window_start_period": 248.0,
        "window_end_period": 297.0,
        "first": 0.5118963076511002,
        "last": 0.4912851657172346,
        "median": 0.5012072701096164,
        "peak_to_peak": 0.030753643585420654,
        "fractional_peak_to_peak": 0.06135913307621153,
        "slope_per_cycle": -3.934760054414042e-05,
        "fractional_slope_per_cycle": -7.850564604845998e-05,
        "log_slope_per_cycle": -7.836565681410428e-05,
        "efolding_cycles": null
      },
      "gamma": {
        "available": true,
        "window_cycles": 50,
        "window_start_period": 248.0,
        "window_end_period": 297.0,
        "first": 0.0079837184753354,
        "last": 0.0039808057661512835,
        "median": 0.004923521846268758,
        "peak_to_peak": 0.005525054268201901,
        "fractional_peak_to_peak": 1.1221752316157607,
        "slope_per_cycle": -6.0275169834279284e-06,
        "fractional_slope_per_cycle": -0.0012242287475571622,
        "log_slope_per_cycle": -0.0011042122727510015,
        "efolding_cycles": null
      },
      "max_vsurf_div_cs": {
        "available": true,
        "window_cycles": 50,
        "window_start_period": 248.0,
        "window_end_period": 297.0,
        "first": 0.02383,
        "last": 0.0314,
        "median": 0.028315,
        "peak_to_peak": 0.008880000000000002,
        "fractional_peak_to_peak": 0.3136146918594385,
        "slope_per_cycle": 8.537671068427372e-05,
        "fractional_slope_per_cycle": 0.003015246713200555,
        "log_slope_per_cycle": 0.0030005563189540647,
        "efolding_cycles": 333.27153157671125
      }
    },
    "100": {
      "delta_r": {
        "available": true,
        "window_cycles": 100,
        "window_start_period": 198.0,
        "window_end_period": 297.0,
        "first": 0.003263031757012591,
        "last": 0.004511614621156568,
        "median": 0.0038966227453802738,
        "peak_to_peak": 0.0013792017598426298,
        "fractional_peak_to_peak": 0.3539479826415766,
        "slope_per_cycle": 1.0750266431710489e-05,
        "fractional_slope_per_cycle": 0.002758867648775007,
        "log_slope_per_cycle": 0.002770086625418899,
        "efolding_cycles": 360.99954088936755
      },
      "period_days": {
        "available": true,
        "window_cycles": 100,
        "window_start_period": 198.0,
        "window_end_period": 297.0,
        "first": 0.5016831207531505,
        "last": 0.4912851657172346,
        "median": 0.5018674242341055,
        "peak_to_peak": 0.030753643585420654,
        "fractional_peak_to_peak": 0.061278421551973536,
        "slope_per_cycle": -7.5015492174229145e-06,
        "fractional_slope_per_cycle": -1.4947272636535334e-05,
        "log_slope_per_cycle": -1.5314153038700205e-05,
        "efolding_cycles": null
      },
      "gamma": {
        "available": true,
        "window_cycles": 100,
        "window_start_period": 198.0,
        "window_end_period": 297.0,
        "first": 0.005505770775641257,
        "last": 0.0039808057661512835,
        "median": 0.005104057065273535,
        "peak_to_peak": 0.005525054268201901,
        "fractional_peak_to_peak": 1.0824828558036124,
        "slope_per_cycle": -9.072411832386528e-07,
        "fractional_slope_per_cycle": -0.00017774902820175115,
        "log_slope_per_cycle": -0.0003914452120608198,
        "efolding_cycles": null
      },
      "max_vsurf_div_cs": {
        "available": true,
        "window_cycles": 100,
        "window_start_period": 198.0,
        "window_end_period": 297.0,
        "first": 0.02201,
        "last": 0.0314,
        "median": 0.026404999999999998,
        "peak_to_peak": 0.011150000000000004,
        "fractional_peak_to_peak": 0.4222685097519411,
        "slope_per_cycle": 7.45983798379838e-05,
        "fractional_slope_per_cycle": 0.002825161137586965,
        "log_slope_per_cycle": 0.0027932974135482973,
        "efolding_cycles": 357.9998302900765
      }
    },
    "250": {
      "delta_r": {
        "available": true,
        "window_cycles": 250,
        "window_start_period": 48.0,
        "window_end_period": 297.0,
        "first": 0.0023689580673948996,
        "last": 0.004511614621156568,
        "median": 0.0031748135237168462,
        "peak_to_peak": 0.0024666364999932355,
        "fractional_peak_to_peak": 0.7769390175412484,
        "slope_per_cycle": 8.732069263736325e-06,
        "fractional_slope_per_cycle": 0.0027504195753561733,
        "log_slope_per_cycle": 0.0027337955675231073,
        "efolding_cycles": 365.791799459982
      },
      "period_days": {
        "available": true,
        "window_cycles": 250,
        "window_start_period": 48.0,
        "window_end_period": 297.0,
        "first": 0.49033248475376306,
        "last": 0.4912851657172346,
        "median": 0.5014151912974678,
        "peak_to_peak": 0.030753643585420654,
        "fractional_peak_to_peak": 0.061333689363982306,
        "slope_per_cycle": -9.236596859096247e-08,
        "fractional_slope_per_cycle": -1.8421055084500972e-07,
        "log_slope_per_cycle": -4.813055751335148e-07,
        "efolding_cycles": null
      },
      "gamma": {
        "available": true,
        "window_cycles": 250,
        "window_start_period": 48.0,
        "window_end_period": 297.0,
        "first": 0.005256176282526504,
        "last": 0.0039808057661512835,
        "median": 0.005071695855244078,
        "peak_to_peak": 0.005525054268201901,
        "fractional_peak_to_peak": 1.0893899054473182,
        "slope_per_cycle": -1.229541963866429e-07,
        "fractional_slope_per_cycle": -2.4243211717735325e-05,
        "log_slope_per_cycle": -0.00011284821087549236,
        "efolding_cycles": null
      },
      "max_vsurf_div_cs": {
        "available": true,
        "window_cycles": 250,
        "window_start_period": 129.0,
        "window_end_period": 297.0,
        "first": 0.01909,
        "last": 0.0314,
        "median": 0.02415,
        "peak_to_peak": 0.015080000000000003,
        "fractional_peak_to_peak": 0.6244306418219463,
        "slope_per_cycle": 6.694888369549003e-05,
        "fractional_slope_per_cycle": 0.002772210504989235,
        "log_slope_per_cycle": 0.0027439112847611317,
        "efolding_cycles": 364.44326955966216
      }
    },
    "500": {
      "delta_r": {
        "available": false,
        "reason": "only 297 rows for 500-cycle window"
      },
      "period_days": {
        "available": false,
        "reason": "only 297 rows for 500-cycle window"
      },
      "gamma": {
        "available": false,
        "reason": "only 297 rows for 500-cycle window"
      },
      "max_vsurf_div_cs": {
        "available": false,
        "reason": "only 297 rows for 500-cycle window"
      }
    }
  },
  "latest_rolling": {
    "window_start_period": 198.0,
    "window_end_period": 297.0,
    "gamma_peak_to_peak": 0.005525054268201901,