{
  "generated_at": "2026-06-20T00:48:06.398252+00:00",
  "workspace": "<local-rre-root>/rsp_batch_runs",
  "model_id": "model_008",
  "run_name": "model_008_M0p6151_Z0p0004406_T6792",
  "source": "cumulative:saturation+continue_saturation+continue_saturation_resume:LOGS_continue_saturation_resume_1620000",
  "source_kind": "history_exact_rsp_columns",
  "cycle_count": 1189,
  "first_period": 1.0,
  "last_period": 1189.0,
  "rolling_window": 100,
  "fits": {
    "50": {
      "delta_r": {
        "available": true,
        "window_cycles": 50,
        "window_start_period": 1140.0,
        "window_end_period": 1189.0,
        "first": 0.08297223402231779,
        "last": 0.09191425190436231,
        "median": 0.08732808880027276,
        "peak_to_peak": 0.008942017882044517,
        "fractional_peak_to_peak": 0.10239566678821657,
        "slope_per_cycle": 0.00018245710570708593,
        "fractional_slope_per_cycle": 0.0020893289686481267,
        "log_slope_per_cycle": 0.0020887518957009824,
        "efolding_cycles": 478.7548018786603
      },
      "period_days": {
        "available": true,
        "window_cycles": 50,
        "window_start_period": 1140.0,
        "window_end_period": 1189.0,
        "first": 0.631620383172434,
        "last": 0.6316186986653203,
        "median": 0.6316180064262719,
        "peak_to_peak": 3.313156776152404e-06,
        "fractional_peak_to_peak": 5.245507161675805e-06,
        "slope_per_cycle": -5.371810157886735e-08,
        "fractional_slope_per_cycle": -8.504840114170781e-08,
        "log_slope_per_cycle": -8.504828937789107e-08,
        "efolding_cycles": null
      },
      "gamma": {
        "available": true,
        "window_cycles": 50,
        "window_start_period": 1140.0,
        "window_end_period": 1189.0,
        "first": 0.0042451534483173405,
        "last": 0.00427479262687693,
        "median": 0.004259365224175928,
        "peak_to_peak": 2.9639178559589564e-05,
        "fractional_peak_to_peak": 0.006958590540994038,
        "slope_per_cycle": 6.113306971887391e-07,
        "fractional_slope_per_cycle": 0.0001435262451125015,
        "log_slope_per_cycle": 0.0001435150613609024,
        "efolding_cycles": 6967.909782550729
      },
      "max_vsurf_div_cs": {
        "available": true,
        "window_cycles": 50,
        "window_start_period": 1140.0,
        "window_end_period": 1189.0,
        "first": 0.48677,
        "last": 0.54499,
        "median": 0.514875,
        "peak_to_peak": 0.058219999999999994,
        "fractional_peak_to_peak": 0.11307598931779557,
        "slope_per_cycle": 0.0011863102040816326,
        "fractional_slope_per_cycle": 0.002304074200692659,
        "log_slope_per_cycle": 0.0023027935678440014,
        "efolding_cycles": 434.25516466777935
      }
    },
    "100": {
      "delta_r": {
        "available": true,
        "window_cycles": 100,
        "window_start_period": 1090.0,
        "window_end_period": 1189.0,
        "first": 0.07476352152450527,
        "last": 0.09191425190436231,
        "median": 0.08288571337243988,
        "peak_to_peak": 0.017150730379857038,
        "fractional_peak_to_peak": 0.20692022402934138,
        "slope_per_cycle": 0.00017315598527022763,
        "fractional_slope_per_cycle": 0.002089093261370219,
        "log_slope_per_cycle": 0.0020866656478816066,
        "efolding_cycles": 479.23346081592183
      },
      "period_days": {
        "available": true,
        "window_cycles": 100,
        "window_start_period": 1090.0,
        "window_end_period": 1189.0,
        "first": 0.6316174309662784,
        "last": 0.6316186986653203,
        "median": 0.6316189507829646,
        "peak_to_peak": 3.6466785672262247e-06,
        "fractional_peak_to_peak": 5.773542042564977e-06,
        "slope_per_cycle": -1.48267755156985e-08,
        "fractional_slope_per_cycle": -2.347424107101125e-08,
        "log_slope_per_cycle": -2.3474245831777835e-08,
        "efolding_cycles": null
      },
      "gamma": {
        "available": true,
        "window_cycles": 100,
        "window_start_period": 1090.0,
        "window_end_period": 1189.0,
        "first": 0.0042184653493820504,
        "last": 0.00427479262687693,
        "median": 0.0042447602369741246,
        "peak_to_peak": 5.632727749487962e-05,
        "fractional_peak_to_peak": 0.013269837246457174,
        "slope_per_cycle": 5.581740523071351e-07,
        "fractional_slope_per_cycle": 0.00013149719210172144,
        "log_slope_per_cycle": 0.0001314540318535831,
        "efolding_cycles": 7607.22197637746
      },
      "max_vsurf_div_cs": {
        "available": true,
        "window_cycles": 100,
        "window_start_period": 1090.0,
        "window_end_period": 1189.0,
        "first": 0.43413,
        "last": 0.54499,
        "median": 0.48621000000000003,
        "peak_to_peak": 0.11085999999999996,
        "fractional_peak_to_peak": 0.22800847370477767,
        "slope_per_cycle": 0.0011174560456045605,
        "fractional_slope_per_cycle": 0.0022982991826670787,
        "log_slope_per_cycle": 0.0022949417604771778,
        "efolding_cycles": 435.74090516008306
      }
    },
    "250": {
      "delta_r": {
        "available": true,
        "window_cycles": 250,
        "window_start_period": 940.0,
        "window_end_period": 1189.0,
        "first": 0.054838274778425955,
        "last": 0.09191425190436231,
        "median": 0.0709124864056001,
        "peak_to_peak": 0.037075977125936355,
        "fractional_peak_to_peak": 0.5228413077193749,
        "slope_per_cycle": 0.0001481863392507368,
        "fractional_slope_per_cycle": 0.002089707282341664,
        "log_slope_per_cycle": 0.0020742189960863805,
        "efolding_cycles": 482.1091706742595
      },
      "period_days": {
        "available": true,
        "window_cycles": 250,
        "window_start_period": 940.0,
        "window_end_period": 1189.0,
        "first": 0.6316220574243063,
        "last": 0.6316186986653203,
        "median": 0.631619624194896,
        "peak_to_peak": 6.033168174268688e-06,
        "fractional_peak_to_peak": 9.55190108597237e-06,
        "slope_per_cycle": -1.7220595798803923e-08,
        "fractional_slope_per_cycle": -2.7264187398791524e-08,
        "log_slope_per_cycle": -2.7264164031217063e-08,
        "efolding_cycles": null
      },
      "gamma": {
        "available": true,
        "window_cycles": 250,
        "window_start_period": 940.0,
        "window_end_period": 1189.0,
        "first": 0.004145791132667503,
        "last": 0.00427479262687693,
        "median": 0.004203975598767502,
        "peak_to_peak": 0.00012900149420942697,
        "fractional_peak_to_peak": 0.03068559537958472,
        "slope_per_cycle": 5.189936758274877e-07,
        "fractional_slope_per_cycle": 0.00012345306570752773,
        "log_slope_per_cycle": 0.00012334937831337962,
        "efolding_cycles": 8107.053425590964
      },
      "max_vsurf_div_cs": {
        "available": true,
        "window_cycles": 250,
        "window_start_period": 1018.0,
        "window_end_period": 1189.0,
        "first": 0.36986,
        "last": 0.54499,
        "median": 0.44769000000000003,
        "peak_to_peak": 0.17512999999999995,
        "fractional_peak_to_peak": 0.3911858652192364,
        "slope_per_cycle": 0.0010217304367923438,
        "fractional_slope_per_cycle": 0.0022822275163446666,
        "log_slope_per_cycle": 0.0022697059001725874,
        "efolding_cycles": 440.58571638024137
      }
    },
    "500": {
      "delta_r": {
        "available": true,
        "window_cycles": 500,
        "window_start_period": 690.0,
        "window_end_period": 1189.0,
        "first": 0.03293042834833759,
        "last": 0.09191425190436231,
        "median": 0.054782020918781704,
        "peak_to_peak": 0.05898382355602472,
        "fractional_peak_to_peak": 1.0767003948881786,
        "slope_per_cycle": 0.00011596190488538613,
        "fractional_slope_per_cycle": 0.0021167876420132075,