{
  "generated_at": "2026-06-18T04:35:28.875538+00:00",
  "workspace": "<local-rre-root>/rsp_batch_runs",
  "model_id": "model_009",
  "run_name": "model_009_M0p6668_Z0p0001120_T6852",
  "source": "cumulative:saturation",
  "source_kind": "history_exact_rsp_columns",
  "cycle_count": 119,
  "first_period": 1.0,
  "last_period": 119.0,
  "rolling_window": 100,
  "fits": {
    "50": {
      "delta_r": {
        "available": true,
        "window_cycles": 50,
        "window_start_period": 70.0,
        "window_end_period": 119.0,
        "first": 0.0022411713636554254,
        "last": 0.0026635762104794125,
        "median": 0.0025516721580491897,
        "peak_to_peak": 0.0006383607973994287,
        "fractional_peak_to_peak": 0.25017351676066013,
        "slope_per_cycle": 7.139747765214287e-06,
        "fractional_slope_per_cycle": 0.0027980662573333023,
        "log_slope_per_cycle": 0.0028051467572190606,
        "efolding_cycles": 356.48758747701686
      },
      "period_days": {
        "available": true,
        "window_cycles": 50,
        "window_start_period": 70.0,
        "window_end_period": 119.0,
        "first": 0.5157035181032767,
        "last": 0.49923524554311166,
        "median": 0.4992224894626485,
        "peak_to_peak": 0.02709812469235018,
        "fractional_peak_to_peak": 0.05428065695020665,
        "slope_per_cycle": -3.0246790747359808e-05,
        "fractional_slope_per_cycle": -6.058779679560661e-05,
        "log_slope_per_cycle": -6.005921265360493e-05,
        "efolding_cycles": null
      },
      "gamma": {
        "available": true,
        "window_cycles": 50,
        "window_start_period": 70.0,
        "window_end_period": 119.0,
        "first": 0.007861073631383678,
        "last": 0.0048908109379854885,
        "median": 0.004946073808725812,
        "peak_to_peak": 0.004415816500496566,
        "fractional_peak_to_peak": 0.8927922775244941,
        "slope_per_cycle": -3.657018271350556e-06,
        "fractional_slope_per_cycle": -0.0007393780224021087,
        "log_slope_per_cycle": -0.0009037812876208864,
        "efolding_cycles": null
      },
      "max_vsurf_div_cs": {
        "available": true,
        "window_cycles": 50,
        "window_start_period": 70.0,
        "window_end_period": 119.0,
        "first": 0.01478,
        "last": 0.0181,
        "median": 0.0176,
        "peak_to_peak": 0.00558,
        "fractional_peak_to_peak": 0.3170454545454545,
        "slope_per_cycle": 4.9839135654261683e-05,
        "fractional_slope_per_cycle": 0.002831769071264868,
        "log_slope_per_cycle": 0.0028546279198662346,
        "efolding_cycles": 350.30835123579226
      }
    },
    "100": {
      "delta_r": {
        "available": true,
        "window_cycles": 100,
        "window_start_period": 20.0,
        "window_end_period": 119.0,
        "first": 0.001973820062022291,
        "last": 0.0026635762104794125,
        "median": 0.0024000649088207204,
        "peak_to_peak": 0.0009057810791190946,
        "fractional_peak_to_peak": 0.3773985760927412,
        "slope_per_cycle": 6.54996286019793e-06,
        "fractional_slope_per_cycle": 0.0027290773829180626,
        "log_slope_per_cycle": 0.0027490193971427793,
        "efolding_cycles": 363.7660763832223
      },
      "period_days": {
        "available": true,
        "window_cycles": 100,
        "window_start_period": 20.0,
        "window_end_period": 119.0,
        "first": 0.5025806692729357,
        "last": 0.49923524554311166,
        "median": 0.5002414634656547,
        "peak_to_peak": 0.02754574066385329,
        "fractional_peak_to_peak": 0.055064889009834174,
        "slope_per_cycle": -4.9595036041948655e-06,
        "fractional_slope_per_cycle": -9.914219364855533e-06,
        "log_slope_per_cycle": -1.0444348279787111e-05,
        "efolding_cycles": null
      },
      "gamma": {
        "available": true,
        "window_cycles": 100,
        "window_start_period": 20.0,
        "window_end_period": 119.0,
        "first": 0.006701498303840745,
        "last": 0.0048908109379854885,
        "median": 0.0049835027188020915,
        "peak_to_peak": 0.004415816500496566,
        "fractional_peak_to_peak": 0.8860869050670483,
        "slope_per_cycle": -4.0584489552111146e-07,
        "fractional_slope_per_cycle": -8.143767916287329e-05,
        "log_slope_per_cycle": -0.00010056099818720471,
        "efolding_cycles": null
      },
      "max_vsurf_div_cs": {
        "available": true,
        "window_cycles": 100,
        "window_start_period": 20.0,
        "window_end_period": 119.0,
        "first": 0.01349,
        "last": 0.0181,
        "median": 0.01634,
        "peak_to_peak": 0.0074199999999999995,
        "fractional_peak_to_peak": 0.45410036719706237,
        "slope_per_cycle": 4.498259825982598e-05,
        "fractional_slope_per_cycle": 0.0027529129901974285,
        "log_slope_per_cycle": 0.0027523280445964646,
        "efolding_cycles": 363.32878341419365
      }
    },
    "250": {
      "delta_r": {
        "available": false,
        "reason": "only 119 rows for 250-cycle window"
      },
      "period_days": {
        "available": false,
        "reason": "only 119 rows for 250-cycle window"
      },
      "gamma": {
        "available": false,
        "reason": "only 119 rows for 250-cycle window"
      },
      "max_vsurf_div_cs": {
        "available": false,
        "reason": "only 119 rows for 250-cycle window"
      }
    },
    "500": {
      "delta_r": {
        "available": false,
        "reason": "only 119 rows for 500-cycle window"
      },
      "period_days": {
        "available": false,
        "reason": "only 119 rows for 500-cycle window"
      },
      "gamma": {
        "available": false,
        "reason": "only 119 rows for 500-cycle window"
      },
      "max_vsurf_div_cs": {
        "available": false,
        "reason": "only 119 rows for 500-cycle window"
      }
    }
  },
  "latest_rolling": {
    "window_start_period": 20.0,
    "window_end_period": 119.0,
    "gamma_peak_to_peak": 0.004415816500496566,
    "period_fractional_peak_to_peak": 0.055064889009834174,
    "delta_r_fractional_peak_to_peak": 0.3773985760927412
  },
  "growth_outlook": {
    "status": "amplitude still growing",
    "tolerance": 0.001,
    "delta_r_fractional_peak_to_peak": 0.3773985760927412,
    "delta_r_criterion_factor": 377.39857609274117,
    "log_slope_per_cycle": 0.0027490193971427793,
    "efolding_cycles": 363.7660763832223,
    "doubling_cycles": 252.14343022838423,
    "fit_window_cycles": 100,
    "max_vsurf_div_cs_latest": 0.0181,
    "max_vsurf_div_cs_log_slope_per_cycle": 0.0027523280445964646,
    "max_vsurf_div_cs_efolding_cycles": 363.32878341419365,
    "max_vsurf_div_cs_fit_window_cycles": 100,
    "cycles_to_vsurf_div_cs_0p8": 1376.5436852029138,
    "cycles_to_vsurf_div_cs_1p0": 1457.6181602286283
  }
}
