{
  "generated_at": "2026-06-19T18:55:02.126606+00:00",
  "workspace": "<local-rre-root>/rsp_batch_runs",
  "model_id": "model_008",
  "run_name": "model_008_M0p6151_Z0p0004406_T6792",
  "source": "cumulative:saturation+continue_saturation+continue_saturation_resume:LOGS_continue_saturation_resume_1620000",
  "source_kind": "history_exact_rsp_columns",
  "cycle_count": 1171,
  "first_period": 1.0,
  "last_period": 1171.0,
  "rolling_window": 100,
  "fits": {
    "50": {
      "delta_r": {
        "available": true,
        "window_cycles": 50,
        "window_start_period": 1122.0,
        "window_end_period": 1171.0,
        "first": 0.07991343647277294,
        "last": 0.08852171019270028,
        "median": 0.08410598166692207,
        "peak_to_peak": 0.00860827371992734,
        "fractional_peak_to_peak": 0.10235031503488029,
        "slope_per_cycle": 0.00017566069665345485,
        "fractional_slope_per_cycle": 0.002088563657090518,
        "log_slope_per_cycle": 0.002087971719128034,
        "efolding_cycles": 478.93368997239764
      },
      "period_days": {
        "available": true,
        "window_cycles": 50,
        "window_start_period": 1122.0,
        "window_end_period": 1171.0,
        "first": 0.6316204201009262,
        "last": 0.6316176209969584,
        "median": 0.631619835064781,
        "peak_to_peak": 3.3916343279427608e-06,
        "fractional_peak_to_peak": 5.369740055099605e-06,
        "slope_per_cycle": -7.507826513904837e-08,
        "fractional_slope_per_cycle": -1.1886622454050719e-07,
        "log_slope_per_cycle": -1.1886633905196675e-07,
        "efolding_cycles": null
      },
      "gamma": {
        "available": true,
        "window_cycles": 50,
        "window_start_period": 1122.0,
        "window_end_period": 1171.0,
        "first": 0.004236105748309617,
        "last": 0.004263442260599939,
        "median": 0.004248538354924072,
        "peak_to_peak": 2.7336512290322343e-05,
        "fractional_peak_to_peak": 0.006434333412252056,
        "slope_per_cycle": 5.585167313354857e-07,
        "fractional_slope_per_cycle": 0.00013146091306629316,
        "log_slope_per_cycle": 0.00013143806982830262,
        "efolding_cycles": 7608.145808184027
      },
      "max_vsurf_div_cs": {
        "available": true,
        "window_cycles": 50,
        "window_start_period": 1122.0,
        "window_end_period": 1171.0,
        "first": 0.46707,
        "last": 0.52264,
        "median": 0.49407500000000004,
        "peak_to_peak": 0.05557000000000001,
        "fractional_peak_to_peak": 0.11247280271213886,
        "slope_per_cycle": 0.0011330362545018007,
        "fractional_slope_per_cycle": 0.0022932474917812086,
        "log_slope_per_cycle": 0.0022925285437880014,
        "efolding_cycles": 436.19958526129204
      }
    },
    "100": {
      "delta_r": {
        "available": true,
        "window_cycles": 100,
        "window_start_period": 1072.0,
        "window_end_period": 1171.0,
        "first": 0.07202330378636557,
        "last": 0.08852171019270028,
        "median": 0.07983019845985018,
        "peak_to_peak": 0.01649840640633471,
        "fractional_peak_to_peak": 0.20666873845531553,
        "slope_per_cycle": 0.00016657397943128243,
        "fractional_slope_per_cycle": 0.0020866035992013624,
        "log_slope_per_cycle": 0.0020840582635866865,
        "efolding_cycles": 479.83303416814715
      },
      "period_days": {
        "available": true,
        "window_cycles": 100,
        "window_start_period": 1072.0,
        "window_end_period": 1171.0,
        "first": 0.6316163314178724,
        "last": 0.6316176209969584,
        "median": 0.6316189507829646,
        "peak_to_peak": 4.385276352603107e-06,
        "fractional_peak_to_peak": 6.942914469502618e-06,
        "slope_per_cycle": 2.1050772519391896e-08,
        "fractional_slope_per_cycle": 3.33282788511919e-08,
        "log_slope_per_cycle": 3.332831864835463e-08,
        "efolding_cycles": 30004513.895553764
      },
      "gamma": {
        "available": true,
        "window_cycles": 100,
        "window_start_period": 1072.0,
        "window_end_period": 1171.0,
        "first": 0.004208394956945204,
        "last": 0.004263442260599939,
        "median": 0.004235644807828415,
        "peak_to_peak": 5.5047303654734946e-05,
        "fractional_peak_to_peak": 0.012996203919883762,
        "slope_per_cycle": 5.438882545572342e-07,
        "fractional_slope_per_cycle": 0.0001284074277314301,
        "log_slope_per_cycle": 0.00012841110749565722,
        "efolding_cycles": 7787.488321707835
      },
      "max_vsurf_div_cs": {
        "available": true,
        "window_cycles": 100,
        "window_start_period": 1072.0,
        "window_end_period": 1171.0,
        "first": 0.41684,
        "last": 0.52264,
        "median": 0.46653500000000003,
        "peak_to_peak": 0.1058,
        "fractional_peak_to_peak": 0.22677826958320382,
        "slope_per_cycle": 0.0010688823282328235,
        "fractional_slope_per_cycle": 0.0022911085518403196,
        "log_slope_per_cycle": 0.0022875785638254366,
        "efolding_cycles": 437.14345632253844
      }
    },
    "250": {
      "delta_r": {
        "available": true,
        "window_cycles": 250,
        "window_start_period": 922.0,
        "window_end_period": 1171.0,
        "first": 0.05284955473751385,
        "last": 0.08852171019270028,
        "median": 0.06831779535024163,
        "peak_to_peak": 0.03567215545518643,
        "fractional_peak_to_peak": 0.5221502724481618,
        "slope_per_cycle": 0.00014256602409393497,
        "fractional_slope_per_cycle": 0.00208680656866997,
        "log_slope_per_cycle": 0.00207144712458192,
        "efolding_cycles": 482.7542968067939
      },
      "period_days": {
        "available": true,
        "window_cycles": 250,
        "window_start_period": 922.0,
        "window_end_period": 1171.0,
        "first": 0.6316225902016999,
        "last": 0.6316176209969584,
        "median": 0.6316202234343142,
        "peak_to_peak": 6.273599444939215e-06,
        "fractional_peak_to_peak": 9.932549991556188e-06,
        "slope_per_cycle": -1.8299433385017473e-08,
        "fractional_slope_per_cycle": -2.8972209416471502e-08,
        "log_slope_per_cycle": -2.897220855205023e-08,
        "efolding_cycles": null
      },
      "gamma": {
        "available": true,
        "window_cycles": 250,
        "window_start_period": 922.0,
        "window_end_period": 1171.0,
        "first": 0.00413731167845615,
        "last": 0.004263442260599939,
        "median": 0.004193784940118045,
        "peak_to_peak": 0.00012613058214378924,
        "fractional_peak_to_peak": 0.03007559613684887,
        "slope_per_cycle": 5.043796660923494e-07,
        "fractional_slope_per_cycle": 0.00012026836695115613,
        "log_slope_per_cycle": 0.00012013642393308024,
        "efolding_cycles": 8323.87020739881
      },
      "max_vsurf_div_cs": {
        "available": true,
        "window_cycles": 250,
        "window_start_period": 1018.0,
        "window_end_period": 1171.0,
        "first": 0.36986,
        "last": 0.52264,
        "median": 0.43859,
        "peak_to_peak": 0.15277999999999997,
        "fractional_peak_to_peak": 0.34834355548462115,
        "slope_per_cycle": 0.0009975649802442972,
        "fractional_slope_per_cycle": 0.0022744818172878937,
        "log_slope_per_cycle": 0.0022639693538703495,
        "efolding_cycles": 441.70209207578654
      }
    },
    "500": {
      "delta_r": {
        "available": true,
        "window_cycles": 500,
        "window_start_period": 672.0,
        "window_end_period": 1171.0,
        "first": 0.03175127124743149,
        "last": 0.08852171019270028,
        "median": 0.05279542394769354,
        "peak_to_peak": 0.056770438945268786,
        "fractional_peak_to_peak": 1.075290900240018,
        "slope_per_cycle": 0.00011160818399712276,
        "fractional_slope_per_cycle": 0.002113974576806075,