{
  "generated_at": "2026-06-17T18:30:57.266571+00:00",
  "workspace": "<local-rre-root>/rsp_batch_runs",
  "model_id": "model_008",
  "run_name": "model_008_M0p6151_Z0p0004406_T6792",
  "source": "cumulative:saturation+continue_saturation",
  "source_kind": "history_exact_rsp_columns",
  "cycle_count": 945,
  "first_period": 1.0,
  "last_period": 945.0,
  "rolling_window": 100,
  "fits": {
    "50": {
      "delta_r": {
        "available": true,
        "window_cycles": 50,
        "window_start_period": 896.0,
        "window_end_period": 945.0,
        "first": 0.050108378710981505,
        "last": 0.05540447108364699,
        "median": 0.05268727679238383,
        "peak_to_peak": 0.005296092372665484,
        "fractional_peak_to_peak": 0.10051937953701674,
        "slope_per_cycle": 0.0001080628861341365,
        "fractional_slope_per_cycle": 0.0020510243214877533,
        "log_slope_per_cycle": 0.0020504221880542324,
        "efolding_cycles": 487.70443756705515
      },
      "period_days": {
        "available": true,
        "window_cycles": 50,
        "window_start_period": 896.0,
        "window_end_period": 945.0,
        "first": 0.6316241218435957,
        "last": 0.631622019504128,
        "median": 0.6316226489814343,
        "peak_to_peak": 2.291936392784244e-06,
        "fractional_peak_to_peak": 3.6286482070905164e-06,
        "slope_per_cycle": -4.649578662492167e-08,
        "fractional_slope_per_cycle": -7.361323521235597e-08,
        "log_slope_per_cycle": -7.361319954772073e-08,
        "efolding_cycles": null
      },
      "gamma": {
        "available": true,
        "window_cycles": 50,
        "window_start_period": 896.0,
        "window_end_period": 945.0,
        "first": 0.0041275605843093125,
        "last": 0.004148424512047335,
        "median": 0.004136935050944059,
        "peak_to_peak": 2.0863927738022127e-05,
        "fractional_peak_to_peak": 0.005043329779436814,
        "slope_per_cycle": 4.379351956886028e-07,
        "fractional_slope_per_cycle": 0.00010585981899538521,
        "log_slope_per_cycle": 0.00010584205415730529,
        "efolding_cycles": 9448.040365068626
      },
      "max_vsurf_div_cs": {
        "available": true,
        "window_cycles": 50,
        "window_start_period": 896.0,
        "window_end_period": 945.0,
        "first": 0.28342,
        "last": 0.31509,
        "median": 0.298775,
        "peak_to_peak": 0.031669999999999976,
        "fractional_peak_to_peak": 0.10599949794996226,
        "slope_per_cycle": 0.0006460499399759903,
        "fractional_slope_per_cycle": 0.0021623293112743376,
        "log_slope_per_cycle": 0.0021614112628178675,
        "efolding_cycles": 462.6606778648333
      }
    },
    "100": {
      "delta_r": {
        "available": true,
        "window_cycles": 100,
        "window_start_period": 846.0,
        "window_end_period": 945.0,
        "first": 0.04523654030743529,
        "last": 0.05540447108364699,
        "median": 0.050057141117833215,
        "peak_to_peak": 0.010167930776211698,
        "fractional_peak_to_peak": 0.20312647804389491,
        "slope_per_cycle": 0.00010261997406063163,
        "fractional_slope_per_cycle": 0.0020500566306626833,
        "log_slope_per_cycle": 0.0020477758237073982,
        "efolding_cycles": 488.33470364424403
      },
      "period_days": {
        "available": true,
        "window_cycles": 100,
        "window_start_period": 846.0,
        "window_end_period": 945.0,
        "first": 0.6316279372446998,
        "last": 0.631622019504128,
        "median": 0.6316243572700424,
        "peak_to_peak": 5.922656747703314e-06,
        "fractional_peak_to_peak": 9.37686566316372e-06,
        "slope_per_cycle": -6.518249298878666e-08,
        "fractional_slope_per_cycle": -1.0319819405083324e-07,
        "log_slope_per_cycle": -1.0319814439100394e-07,
        "efolding_cycles": null
      },
      "gamma": {
        "available": true,
        "window_cycles": 100,
        "window_start_period": 846.0,
        "window_end_period": 945.0,
        "first": 0.004112062333620907,
        "last": 0.004148424512047335,
        "median": 0.004127327968116238,
        "peak_to_peak": 3.671987470992271e-05,
        "fractional_peak_to_peak": 0.00889676686553264,
        "slope_per_cycle": 3.727138814482376e-07,
        "fractional_slope_per_cycle": 9.030391680221834e-05,
        "log_slope_per_cycle": 9.026848738380345e-05,
        "efolding_cycles": 11078.06310909145
      },
      "max_vsurf_div_cs": {
        "available": true,
        "window_cycles": 100,
        "window_start_period": 846.0,
        "window_end_period": 945.0,
        "first": 0.25468,
        "last": 0.31509,
        "median": 0.28312000000000004,
        "peak_to_peak": 0.060409999999999964,
        "fractional_peak_to_peak": 0.21337242158801906,
        "slope_per_cycle": 0.0006091731173117311,
        "fractional_slope_per_cycle": 0.002151642827464436,
        "log_slope_per_cycle": 0.0021484152823829147,
        "efolding_cycles": 465.4593589051601
      }
    },
    "250": {
      "delta_r": {
        "available": true,
        "window_cycles": 250,
        "window_start_period": 696.0,
        "window_end_period": 945.0,
        "first": 0.033333403003896755,
        "last": 0.05540447108364699,
        "median": 0.04293994535939927,
        "peak_to_peak": 0.022071068079750233,
        "fractional_peak_to_peak": 0.5139985133893289,
        "slope_per_cycle": 8.824542737374984e-05,
        "fractional_slope_per_cycle": 0.002055089419307645,
        "log_slope_per_cycle": 0.0020407919764405913,
        "efolding_cycles": 490.0058465263721
      },
      "period_days": {
        "available": true,
        "window_cycles": 250,
        "window_start_period": 696.0,
        "window_end_period": 945.0,
        "first": 0.631630478424227,
        "last": 0.631622019504128,
        "median": 0.6316287413029931,
        "peak_to_peak": 8.463836274952286e-06,
        "fractional_peak_to_peak": 1.340001763930526e-05,
        "slope_per_cycle": -3.448921509458033e-08,
        "fractional_slope_per_cycle": -5.460361892879066e-08,
        "log_slope_per_cycle": -5.4603809353549784e-08,
        "efolding_cycles": null
      },
      "gamma": {
        "available": true,
        "window_cycles": 250,
        "window_start_period": 696.0,
        "window_end_period": 945.0,
        "first": 0.004073708855828995,
        "last": 0.004148424512047335,
        "median": 0.004104583443284524,
        "peak_to_peak": 7.727819697832088e-05,
        "fractional_peak_to_peak": 0.018827293450387788,
        "slope_per_cycle": 2.929594916986938e-07,
        "fractional_slope_per_cycle": 7.137374492361765e-05,
        "log_slope_per_cycle": 7.132215322286389e-05,
        "efolding_cycles": 14020.889090031398
      },
      "max_vsurf_div_cs": {
        "available": true,
        "window_cycles": 250,
        "window_start_period": 696.0,
        "window_end_period": 945.0,
        "first": 0.18531,
        "last": 0.31509,
        "median": 0.2412,
        "peak_to_peak": 0.12977999999999998,
        "fractional_peak_to_peak": 0.5380597014925372,
        "slope_per_cycle": 0.0005181537522200355,
        "fractional_slope_per_cycle": 0.002148232803565653,
        "log_slope_per_cycle": 0.0021310188504357367,
        "efolding_cycles": 469.25910570689064
      }
    },
    "500": {
      "delta_r": {
        "available": true,
        "window_cycles": 500,
        "window_start_period": 446.0,
        "window_end_period": 945.0,
        "first": 0.0059912090277061125,
        "last": 0.05540447108364699,
        "median": 0.03329964887980452,
        "peak_to_peak": 0.049413262055940876,
        "fractional_peak_to_peak": 1.4838973898583325,