{
  "generated_at": "2026-06-19T02:56:26.057437+00:00",
  "workspace": "<local-rre-root>/rsp_batch_runs",
  "model_id": "model_007",
  "run_name": "model_007_M0p6887_Z0p004060_T6669",
  "source": "cumulative:continue_saturation+continue_saturation_resume:LOGS_continue_saturation_resume_2180000+continue_saturation_resume:LOGS_continue_saturation_resume_2270000",
  "source_kind": "history_exact_rsp_columns",
  "cycle_count": 1689,
  "first_period": 1.0,
  "last_period": 1689.0,
  "rolling_window": 100,
  "fits": {
    "50": {
      "delta_r": {
        "available": true,
        "window_cycles": 50,
        "window_start_period": 1640.0,
        "window_end_period": 1689.0,
        "first": 0.6281044446552286,
        "last": 0.6348814272445589,
        "median": 0.6318272358556536,
        "peak_to_peak": 0.006776982589330238,
        "fractional_peak_to_peak": 0.010726005788833228,
        "slope_per_cycle": 0.0001352242943593884,
        "fractional_slope_per_cycle": 0.00021402099606589541,
        "log_slope_per_cycle": 0.00021408438480394643,
        "efolding_cycles": 4671.055298665417
      },
      "period_days": {
        "available": true,
        "window_cycles": 50,
        "window_start_period": 1640.0,
        "window_end_period": 1689.0,
        "first": 0.5572697083826211,
        "last": 0.5572569142792512,
        "median": 0.5572534440335369,
        "peak_to_peak": 7.27829262958668e-05,
        "fractional_peak_to_peak": 0.0001306100968511673,
        "slope_per_cycle": 1.1864142097107475e-07,
        "fractional_slope_per_cycle": 2.1290388106409732e-07,
        "log_slope_per_cycle": 2.1290186680069834e-07,
        "efolding_cycles": 4696999.678899574
      },
      "gamma": {
        "available": true,
        "window_cycles": 50,
        "window_start_period": 1640.0,
        "window_end_period": 1689.0,
        "first": 0.00044816611542246646,
        "last": 0.000267900155871154,
        "median": 0.000341463002393624,
        "peak_to_peak": 0.00019405979777340588,
        "fractional_peak_to_peak": 0.5683186653109259,
        "slope_per_cycle": -3.5747687003369633e-06,
        "fractional_slope_per_cycle": -0.010468978118502344,
        "log_slope_per_cycle": -0.01021752680021552,
        "efolding_cycles": null
      },
      "max_vsurf_div_cs": {
        "available": true,
        "window_cycles": 50,
        "window_start_period": 1640.0,
        "window_end_period": 1689.0,
        "first": 4.86857,
        "last": 4.92293,
        "median": 4.8972549999999995,
        "peak_to_peak": 0.054359999999999964,
        "fractional_peak_to_peak": 0.011100095870033308,
        "slope_per_cycle": 0.0010706703481392552,
        "fractional_slope_per_cycle": 0.00021862662821095803,
        "log_slope_per_cycle": 0.00021865957496633077,
        "efolding_cycles": 4573.319051562138
      }
    },
    "100": {
      "delta_r": {
        "available": true,
        "window_cycles": 100,
        "window_start_period": 1590.0,
        "window_end_period": 1689.0,
        "first": 0.6168682161761145,
        "last": 0.6348814272445589,
        "median": 0.6280926310797774,
        "peak_to_peak": 0.018013211068444335,
        "fractional_peak_to_peak": 0.02867922688008161,
        "slope_per_cycle": 0.00017771394348181654,
        "fractional_slope_per_cycle": 0.0002829422519673601,
        "log_slope_per_cycle": 0.00028357301524217397,
        "efolding_cycles": 3526.4286312503705
      },
      "period_days": {
        "available": true,
        "window_cycles": 100,
        "window_start_period": 1590.0,
        "window_end_period": 1689.0,
        "first": 0.5572300125163532,
        "last": 0.5572569142792512,
        "median": 0.557245795388223,
        "peak_to_peak": 7.348603793178032e-05,
        "fractional_peak_to_peak": 0.00013187365169903872,
        "slope_per_cycle": 2.015827309537794e-07,
        "fractional_slope_per_cycle": 3.61748321157525e-07,
        "log_slope_per_cycle": 3.617430307574075e-07,
        "efolding_cycles": 2764393.2708426416
      },
      "gamma": {
        "available": true,
        "window_cycles": 100,
        "window_start_period": 1590.0,
        "window_end_period": 1689.0,
        "first": 0.0007299789201664402,
        "last": 0.000267900155871154,
        "median": 0.0004501250986524322,
        "peak_to_peak": 0.00046255806827966254,
        "fractional_peak_to_peak": 1.0276211427988613,
        "slope_per_cycle": -4.650302517518039e-06,
        "fractional_slope_per_cycle": -0.010331133570289553,
        "log_slope_per_cycle": -0.010179326566787026,
        "efolding_cycles": null
      },
      "max_vsurf_div_cs": {
        "available": true,
        "window_cycles": 100,
        "window_start_period": 1629.0,
        "window_end_period": 1689.0,
        "first": 4.85518,
        "last": 4.92293,
        "median": 4.89203,
        "peak_to_peak": 0.0677500000000002,
        "fractional_peak_to_peak": 0.013849056526636223,
        "slope_per_cycle": 0.0011242696985721847,
        "fractional_slope_per_cycle": 0.00022981659936103922,
        "log_slope_per_cycle": 0.0002299365271955347,
        "efolding_cycles": 4349.026282151397
      }
    },
    "250": {
      "delta_r": {
        "available": true,
        "window_cycles": 250,
        "window_start_period": 1440.0,
        "window_end_period": 1689.0,
        "first": 0.5374717520522836,
        "last": 0.6348814272445589,
        "median": 0.6089090780624047,
        "peak_to_peak": 0.09740967519227528,
        "fractional_peak_to_peak": 0.15997408923880774,
        "slope_per_cycle": 0.00037777168743444205,
        "fractional_slope_per_cycle": 0.0006204073827188461,
        "log_slope_per_cycle": 0.0006360667454383362,
        "efolding_cycles": 1572.162052444456
      },
      "period_days": {
        "available": true,
        "window_cycles": 250,
        "window_start_period": 1440.0,
        "window_end_period": 1689.0,
        "first": 0.5568479688488016,
        "last": 0.5572569142792512,
        "median": 0.5572246730702722,
        "peak_to_peak": 0.0005674928487106046,
        "fractional_peak_to_peak": 0.0010184273528014388,
        "slope_per_cycle": 1.1072080265503625e-06,
        "fractional_slope_per_cycle": 1.9870046680627353e-06,
        "log_slope_per_cycle": 1.9874419456816204e-06,
        "efolding_cycles": 503159.35123178473
      },
      "gamma": {
        "available": true,
        "window_cycles": 250,
        "window_start_period": 1440.0,
        "window_end_period": 1689.0,
        "first": 0.002343660537504447,
        "last": 0.000267900155871154,
        "median": 0.000916503901377857,
        "peak_to_peak": 0.0020762396856176695,
        "fractional_peak_to_peak": 2.2653909956043665,
        "slope_per_cycle": -8.261416258717844e-06,
        "fractional_slope_per_cycle": -0.009014054655193247,
        "log_slope_per_cycle": -0.008764391459026145,
        "efolding_cycles": null
      },
      "max_vsurf_div_cs": {
        "available": true,
        "window_cycles": 250,
        "window_start_period": 1629.0,
        "window_end_period": 1689.0,
        "first": 4.85518,
        "last": 4.92293,
        "median": 4.89203,
        "peak_to_peak": 0.0677500000000002,
        "fractional_peak_to_peak": 0.013849056526636223,
        "slope_per_cycle": 0.0011242696985721847,
        "fractional_slope_per_cycle": 0.00022981659936103922,
        "log_slope_per_cycle": 0.0002299365271955347,
        "efolding_cycles": 4349.026282151397
      }
    },
    "500": {
      "delta_r": {
        "available": true,
        "window_cycles": 500,
        "window_start_period": 1190.0,
        "window_end_period": 1689.0,
        "first": 0.3115695202049329,
        "last": 0.6348814272445589,
        "median": 0.5370501194096047,
        "peak_to_peak": 0.323311907039626,
        "fractional_peak_to_peak": 0.6020144030412887,
        "slope_per_cycle": 0.0007001284001541782,