{
  "generated_at": "2026-06-18T03:36:50.287137+00:00",
  "workspace": "<local-rre-root>/rsp_batch_runs",
  "model_id": "model_007",
  "run_name": "model_007_M0p6887_Z0p004060_T6669",
  "source": "cumulative:continue_saturation+continue_saturation_resume:LOGS_continue_saturation_resume_2180000",
  "source_kind": "history_exact_rsp_columns",
  "cycle_count": 1617,
  "first_period": 1.0,
  "last_period": 1617.0,
  "rolling_window": 100,
  "fits": {
    "50": {
      "delta_r": {
        "available": true,
        "window_cycles": 50,
        "window_start_period": 1568.0,
        "window_end_period": 1617.0,
        "first": 0.6100831842043446,
        "last": 0.623615862571814,
        "median": 0.6176170769782998,
        "peak_to_peak": 0.013532678367469408,
        "fractional_peak_to_peak": 0.021911114300268746,
        "slope_per_cycle": 0.0002777802961652762,
        "fractional_slope_per_cycle": 0.00044976135945644537,
        "log_slope_per_cycle": 0.00045008915405911153,
        "efolding_cycles": 2221.7820424721167
      },
      "period_days": {
        "available": true,
        "window_cycles": 50,
        "window_start_period": 1568.0,
        "window_end_period": 1617.0,
        "first": 0.5572212251049846,
        "last": 0.5572489370046942,
        "median": 0.5572327438157259,
        "peak_to_peak": 3.908675094999037e-05,
        "fractional_peak_to_peak": 7.014439008436333e-05,
        "slope_per_cycle": 3.593092442822279e-07,
        "fractional_slope_per_cycle": 6.448099977431508e-07,
        "log_slope_per_cycle": 6.448028323278904e-07,
        "efolding_cycles": 1550861.6740868895
      },
      "gamma": {
        "available": true,
        "window_cycles": 50,
        "window_start_period": 1568.0,
        "window_end_period": 1617.0,
        "first": 0.0008820443105714292,
        "last": 0.0005711114797905726,
        "median": 0.000711375709620728,
        "peak_to_peak": 0.00031093283078085653,
        "fractional_peak_to_peak": 0.4370866569883743,
        "slope_per_cycle": -6.368387793660357e-06,
        "fractional_slope_per_cycle": -0.00895221429061119,
        "log_slope_per_cycle": -0.008920414853290417,
        "efolding_cycles": null
      },
      "max_vsurf_div_cs": {
        "available": true,
        "window_cycles": 50,
        "window_start_period": 1568.0,
        "window_end_period": 1617.0,
        "first": 4.73554,
        "last": 4.83425,
        "median": 4.789195,
        "peak_to_peak": 0.09943999999999953,
        "fractional_peak_to_peak": 0.020763405958621337,
        "slope_per_cycle": 0.002056587274909961,
        "fractional_slope_per_cycle": 0.00042942232982995284,
        "log_slope_per_cycle": 0.00042959908758936774,
        "efolding_cycles": 2327.7516849752947
      }
    },
    "100": {
      "delta_r": {
        "available": true,
        "window_cycles": 100,
        "window_start_period": 1518.0,
        "window_end_period": 1617.0,
        "first": 0.5888993973703887,
        "last": 0.623615862571814,
        "median": 0.6099027824823895,
        "peak_to_peak": 0.03471646520142535,
        "fractional_peak_to_peak": 0.05692130975386682,
        "slope_per_cycle": 0.0003492668104779408,
        "fractional_slope_per_cycle": 0.000572659808267108,
        "log_slope_per_cycle": 0.0005748473011966619,
        "efolding_cycles": 1739.5924063978314
      },
      "period_days": {
        "available": true,
        "window_cycles": 100,
        "window_start_period": 1518.0,
        "window_end_period": 1617.0,
        "first": 0.5571900201569898,
        "last": 0.5572489370046942,
        "median": 0.5572270374908113,
        "peak_to_peak": 9.096969608901606e-05,
        "fractional_peak_to_peak": 0.00016325427513110607,
        "slope_per_cycle": 4.781014179642675e-07,
        "fractional_slope_per_cycle": 8.580011122883667e-07,
        "log_slope_per_cycle": 8.58010626737076e-07,
        "efolding_cycles": 1165486.7303950472
      },
      "gamma": {
        "available": true,
        "window_cycles": 100,
        "window_start_period": 1518.0,
        "window_end_period": 1617.0,
        "first": 0.0013493716193881137,
        "last": 0.0005711114797905726,
        "median": 0.0008865736566762263,
        "peak_to_peak": 0.0007782601395975411,
        "fractional_peak_to_peak": 0.8778290824873438,
        "slope_per_cycle": -7.786325827921006e-06,
        "fractional_slope_per_cycle": -0.00878249175270109,
        "log_slope_per_cycle": -0.008685655852616589,
        "efolding_cycles": null
      },
      "max_vsurf_div_cs": {
        "available": true,
        "window_cycles": 100,
        "window_start_period": 1562.0,
        "window_end_period": 1617.0,
        "first": 4.72111,
        "last": 4.83425,
        "median": 4.78319,
        "peak_to_peak": 0.11386999999999947,
        "fractional_peak_to_peak": 0.02380628827205264,
        "slope_per_cycle": 0.0020953988380040976,
        "fractional_slope_per_cycle": 0.00043807560184815937,
        "log_slope_per_cycle": 0.0004383334897001259,
        "efolding_cycles": 2281.3680074596246
      }
    },
    "250": {
      "delta_r": {
        "available": true,
        "window_cycles": 250,
        "window_start_period": 1368.0,
        "window_end_period": 1617.0,
        "first": 0.47383225969750775,
        "last": 0.623615862571814,
        "median": 0.5745573329984728,
        "peak_to_peak": 0.14978360287430625,
        "fractional_peak_to_peak": 0.2606939190778797,
        "slope_per_cycle": 0.0006051913203306171,
        "fractional_slope_per_cycle": 0.0010533175465227693,
        "log_slope_per_cycle": 0.0010879916186393435,
        "efolding_cycles": 919.1247274961668
      },
      "period_days": {
        "available": true,
        "window_cycles": 250,
        "window_start_period": 1368.0,
        "window_end_period": 1617.0,
        "first": 0.55696012800042,
        "last": 0.5572489370046942,
        "median": 0.5571520586624845,
        "peak_to_peak": 0.0005568297119398213,
        "fractional_peak_to_peak": 0.0009994214385145824,
        "slope_per_cycle": 1.4921312292734516e-06,
        "fractional_slope_per_cycle": 2.6781400267200042e-06,
        "log_slope_per_cycle": 2.678422235733494e-06,
        "efolding_cycles": 373354.12865781673
      },
      "gamma": {
        "available": true,
        "window_cycles": 250,
        "window_start_period": 1368.0,
        "window_end_period": 1617.0,
        "first": 0.0033483102806094564,
        "last": 0.0005711114797905726,
        "median": 0.0016445382983268483,
        "peak_to_peak": 0.0027771988008188837,
        "fractional_peak_to_peak": 1.68874072658837,
        "slope_per_cycle": -1.158702561142643e-05,
        "fractional_slope_per_cycle": -0.007045762098222375,
        "log_slope_per_cycle": -0.007248201023239396,
        "efolding_cycles": null
      },
      "max_vsurf_div_cs": {
        "available": true,
        "window_cycles": 250,
        "window_start_period": 1562.0,
        "window_end_period": 1617.0,
        "first": 4.72111,
        "last": 4.83425,
        "median": 4.78319,
        "peak_to_peak": 0.11386999999999947,
        "fractional_peak_to_peak": 0.02380628827205264,
        "slope_per_cycle": 0.0020953988380040976,
        "fractional_slope_per_cycle": 0.00043807560184815937,
        "log_slope_per_cycle": 0.0004383334897001259,
        "efolding_cycles": 2281.3680074596246
      }
    },
    "500": {
      "delta_r": {
        "available": true,
        "window_cycles": 500,
        "window_start_period": 1118.0,
        "window_end_period": 1617.0,
        "first": 0.2590038706281872,
        "last": 0.623615862571814,
        "median": 0.47333504987329444,
        "peak_to_peak": 0.365772907834808,