{
  "generated_at": "2026-06-18T22:28:46.104195+00:00",
  "workspace": "<local-rre-root>/rsp_batch_runs",
  "model_id": "model_009",
  "run_name": "model_009_M0p6668_Z0p0001120_T6852",
  "source": "cumulative:saturation+saturation_resume:LOGS_saturation_resume_130000",
  "source_kind": "history_exact_rsp_columns",
  "cycle_count": 204,
  "first_period": 1.0,
  "last_period": 204.0,
  "rolling_window": 100,
  "fits": {
    "50": {
      "delta_r": {
        "available": true,
        "window_cycles": 50,
        "window_start_period": 155.0,
        "window_end_period": 204.0,
        "first": 0.0028717710113914663,
        "last": 0.0032574474727660174,
        "median": 0.0032579168310236106,
        "peak_to_peak": 0.0007679971163314647,
        "fractional_peak_to_peak": 0.23573257273426662,
        "slope_per_cycle": 8.741427080613909e-06,
        "fractional_slope_per_cycle": 0.002683133896290233,
        "log_slope_per_cycle": 0.002721228884817353,
        "efolding_cycles": 367.4810324039021
      },
      "period_days": {
        "available": true,
        "window_cycles": 50,
        "window_start_period": 155.0,
        "window_end_period": 204.0,
        "first": 0.5166402024434259,
        "last": 0.5066906328372554,
        "median": 0.5016265023563162,
        "peak_to_peak": 0.02877306777312366,
        "fractional_peak_to_peak": 0.05735954467709827,
        "slope_per_cycle": -1.8339023958044236e-05,
        "fractional_slope_per_cycle": -3.655912092343484e-05,
        "log_slope_per_cycle": -3.665022434954564e-05,
        "efolding_cycles": null
      },
      "gamma": {
        "available": true,
        "window_cycles": 50,
        "window_start_period": 155.0,
        "window_end_period": 204.0,
        "first": 0.006673667944050838,
        "last": 0.006781440850978339,
        "median": 0.005248276216781686,
        "peak_to_peak": 0.0049164772507597505,
        "fractional_peak_to_peak": 0.936779439130702,
        "slope_per_cycle": 5.282543092871233e-07,
        "fractional_slope_per_cycle": 0.00010065291678017967,
        "log_slope_per_cycle": 0.00013042964233631206,
        "efolding_cycles": 7666.9688123617325
      },
      "max_vsurf_div_cs": {
        "available": true,
        "window_cycles": 50,
        "window_start_period": 155.0,
        "window_end_period": 204.0,
        "first": 0.01922,
        "last": 0.02168,
        "median": 0.022325,
        "peak_to_peak": 0.00656,
        "fractional_peak_to_peak": 0.29384098544232923,
        "slope_per_cycle": 6.002496998799521e-05,
        "fractional_slope_per_cycle": 0.002688688465307736,
        "log_slope_per_cycle": 0.0027199609975942845,
        "efolding_cycles": 367.65233063432413
      }
    },
    "100": {
      "delta_r": {
        "available": true,
        "window_cycles": 100,
        "window_start_period": 105.0,
        "window_end_period": 204.0,
        "first": 0.0024580710920041327,
        "last": 0.0032574474727660174,
        "median": 0.002973886683683258,
        "peak_to_peak": 0.0011816970357187984,
        "fractional_peak_to_peak": 0.39735778844647407,
        "slope_per_cycle": 8.238608631917834e-06,
        "fractional_slope_per_cycle": 0.002770316931415168,
        "log_slope_per_cycle": 0.002742001230214175,
        "efolding_cycles": 364.6971376164886
      },
      "period_days": {
        "available": true,
        "window_cycles": 100,
        "window_start_period": 105.0,
        "window_end_period": 204.0,
        "first": 0.5152605483581041,
        "last": 0.5066906328372554,
        "median": 0.5010520650552913,
        "peak_to_peak": 0.02877306777312366,
        "fractional_peak_to_peak": 0.05742530523239844,
        "slope_per_cycle": -5.3840256995210995e-06,
        "fractional_slope_per_cycle": -1.0745441591837307e-05,
        "log_slope_per_cycle": -1.0924308781514149e-05,
        "efolding_cycles": null
      },
      "gamma": {
        "available": true,
        "window_cycles": 100,
        "window_start_period": 105.0,
        "window_end_period": 204.0,
        "first": 0.008023866919186764,
        "last": 0.006781440850978339,
        "median": 0.005099037123338658,
        "peak_to_peak": 0.0049164772507597505,
        "fractional_peak_to_peak": 0.9641971870055,
        "slope_per_cycle": -1.5822823880289893e-07,
        "fractional_slope_per_cycle": -3.1031003496459546e-05,
        "log_slope_per_cycle": 2.91344787538882e-05,
        "efolding_cycles": 34323.593308376694
      },
      "max_vsurf_div_cs": {
        "available": true,
        "window_cycles": 100,
        "window_start_period": 129.0,
        "window_end_period": 204.0,
        "first": 0.01909,
        "last": 0.02168,
        "median": 0.02108,
        "peak_to_peak": 0.008150000000000001,
        "fractional_peak_to_peak": 0.38662239089184064,
        "slope_per_cycle": 5.7529323308270676e-05,
        "fractional_slope_per_cycle": 0.002729095033599178,
        "log_slope_per_cycle": 0.002695309255020227,
        "efolding_cycles": 371.0149394313179
      }
    },
    "250": {
      "delta_r": {
        "available": false,
        "reason": "only 204 rows for 250-cycle window"
      },
      "period_days": {
        "available": false,
        "reason": "only 204 rows for 250-cycle window"
      },
      "gamma": {
        "available": false,
        "reason": "only 204 rows for 250-cycle window"
      },
      "max_vsurf_div_cs": {
        "available": false,
        "reason": "only 204 rows for 250-cycle window"
      }
    },
    "500": {
      "delta_r": {
        "available": false,
        "reason": "only 204 rows for 500-cycle window"
      },
      "period_days": {
        "available": false,
        "reason": "only 204 rows for 500-cycle window"
      },
      "gamma": {
        "available": false,
        "reason": "only 204 rows for 500-cycle window"
      },
      "max_vsurf_div_cs": {
        "available": false,
        "reason": "only 204 rows for 500-cycle window"
      }
    }
  },
  "latest_rolling": {
    "window_start_period": 105.0,
    "window_end_period": 204.0,
    "gamma_peak_to_peak": 0.0049164772507597505,
    "period_fractional_peak_to_peak": 0.05742530523239844,
    "delta_r_fractional_peak_to_peak": 0.39735778844647407
  },
  "growth_outlook": {
    "status": "amplitude still growing",
    "tolerance": 0.001,
    "delta_r_fractional_peak_to_peak": 0.39735778844647407,
    "delta_r_criterion_factor": 397.35778844647405,
    "log_slope_per_cycle": 0.002742001230214175,
    "efolding_cycles": 364.6971376164886,
    "doubling_cycles": 252.78879269715142,
    "fit_window_cycles": 100,
    "max_vsurf_div_cs_latest": 0.02168,
    "max_vsurf_div_cs_log_slope_per_cycle": 0.002695309255020227,
    "max_vsurf_div_cs_efolding_cycles": 371.0149394313179,
    "max_vsurf_div_cs_fit_window_cycles": 100,
    "cycles_to_vsurf_div_cs_0p8": 1338.704100234837,
    "cycles_to_vsurf_div_cs_1p0": 1421.4936914101677
  }
}
