{
  "generated_at": "2026-06-18T13:56:23.589975+00:00",
  "workspace": "<local-rre-root>/rsp_batch_runs",
  "model_id": "model_008",
  "run_name": "model_008_M0p6151_Z0p0004406_T6792",
  "source": "cumulative:saturation+continue_saturation+continue_saturation_resume:LOGS_continue_saturation_resume_1620000",
  "source_kind": "history_exact_rsp_columns",
  "cycle_count": 1052,
  "first_period": 1.0,
  "last_period": 1052.0,
  "rolling_window": 100,
  "fits": {
    "50": {
      "delta_r": {
        "available": true,
        "window_cycles": 50,
        "window_start_period": 1003.0,
        "window_end_period": 1052.0,
        "first": 0.062439933837144856,
        "last": 0.06910011172808606,
        "median": 0.06568459610843469,
        "peak_to_peak": 0.006660177890941199,
        "fractional_peak_to_peak": 0.10139634382384445,
        "slope_per_cycle": 0.0001358928108689156,
        "fractional_slope_per_cycle": 0.0020688687899454916,
        "log_slope_per_cycle": 0.002068300492998343,
        "efolding_cycles": 483.48874033788724
      },
      "period_days": {
        "available": true,
        "window_cycles": 50,
        "window_start_period": 1003.0,
        "window_end_period": 1052.0,
        "first": 0.6316217731974191,
        "last": 0.631616998674624,
        "median": 0.6316195783361414,
        "peak_to_peak": 4.774522795125691e-06,
        "fractional_peak_to_peak": 7.55917479268627e-06,
        "slope_per_cycle": -1.0420884114687804e-07,
        "fractional_slope_per_cycle": -1.649867178300467e-07,
        "log_slope_per_cycle": -1.6498675159967528e-07,
        "efolding_cycles": null
      },
      "gamma": {
        "available": true,
        "window_cycles": 50,
        "window_start_period": 1003.0,
        "window_end_period": 1052.0,
        "first": 0.004173007363529185,
        "last": 0.0041968792296853755,
        "median": 0.0041843922690489675,
        "peak_to_peak": 2.3893781617934963e-05,
        "fractional_peak_to_peak": 0.00571021550600598,
        "slope_per_cycle": 4.975508300947452e-07,
        "fractional_slope_per_cycle": 0.00011890635440061862,
        "log_slope_per_cycle": 0.00011890165078523997,
        "efolding_cycles": 8410.312164683053
      },
      "max_vsurf_div_cs": {
        "available": true,
        "window_cycles": 50,
        "window_start_period": 1018.0,
        "window_end_period": 1052.0,
        "first": 0.36986,
        "last": 0.39866,
        "median": 0.38396,
        "peak_to_peak": 0.028799999999999992,
        "fractional_peak_to_peak": 0.07500781331388684,
        "slope_per_cycle": 0.0008468571428571431,
        "fractional_slope_per_cycle": 0.0022055868914916737,
        "log_slope_per_cycle": 0.0022051410968943357,
        "efolding_cycles": 453.4857208948554
      }
    },
    "100": {
      "delta_r": {
        "available": true,
        "window_cycles": 100,
        "window_start_period": 953.0,
        "window_end_period": 1052.0,
        "first": 0.056323204205424915,
        "last": 0.06910011172808606,
        "median": 0.062375483812194155,
        "peak_to_peak": 0.01277690752266114,
        "fractional_peak_to_peak": 0.20483861193174915,
        "slope_per_cycle": 0.00012899341698884888,
        "fractional_slope_per_cycle": 0.0020680146927153963,
        "log_slope_per_cycle": 0.0020656201612206278,
        "efolding_cycles": 484.1161113614782
      },
      "period_days": {
        "available": true,
        "window_cycles": 100,
        "window_start_period": 953.0,
        "window_end_period": 1052.0,
        "first": 0.6316220545215119,
        "last": 0.631616998674624,
        "median": 0.6316218040684342,
        "peak_to_peak": 5.351095805239403e-06,
        "fractional_peak_to_peak": 8.47199347896424e-06,
        "slope_per_cycle": -5.341741445372936e-08,
        "fractional_slope_per_cycle": -8.457183414133968e-08,
        "log_slope_per_cycle": -8.4572050019895e-08,
        "efolding_cycles": null
      },
      "gamma": {
        "available": true,
        "window_cycles": 100,
        "window_start_period": 953.0,
        "window_end_period": 1052.0,
        "first": 0.004151613494512955,
        "last": 0.0041968792296853755,
        "median": 0.004172504550369676,
        "peak_to_peak": 4.52657351724204e-05,
        "fractional_peak_to_peak": 0.010848576586551582,
        "slope_per_cycle": 4.4923701794267196e-07,
        "fractional_slope_per_cycle": 0.00010766603427739113,
        "log_slope_per_cycle": 0.00010763487662055824,
        "efolding_cycles": 9290.668892809417
      },
      "max_vsurf_div_cs": {
        "available": true,
        "window_cycles": 100,
        "window_start_period": 1018.0,
        "window_end_period": 1052.0,
        "first": 0.36986,
        "last": 0.39866,
        "median": 0.38396,
        "peak_to_peak": 0.028799999999999992,
        "fractional_peak_to_peak": 0.07500781331388684,
        "slope_per_cycle": 0.0008468571428571431,
        "fractional_slope_per_cycle": 0.0022055868914916737,
        "log_slope_per_cycle": 0.0022051410968943357,
        "efolding_cycles": 453.4857208948554
      }
    },
    "250": {
      "delta_r": {
        "available": true,
        "window_cycles": 250,
        "window_start_period": 803.0,
        "window_end_period": 1052.0,
        "first": 0.04143319951085811,
        "last": 0.06910011172808606,
        "median": 0.05344915407179718,
        "peak_to_peak": 0.027666912217227946,
        "fractional_peak_to_peak": 0.5176304975765105,
        "slope_per_cycle": 0.00011056307939929812,
        "fractional_slope_per_cycle": 0.002068565561407781,
        "log_slope_per_cycle": 0.002053561041357511,
        "efolding_cycles": 486.9589848368704
      },
      "period_days": {
        "available": true,
        "window_cycles": 250,
        "window_start_period": 803.0,
        "window_end_period": 1052.0,
        "first": 0.6316291661331154,
        "last": 0.631616998674624,
        "median": 0.6316223846065502,
        "peak_to_peak": 1.216745849141887e-05,
        "fractional_peak_to_peak": 1.926381773026967e-05,
        "slope_per_cycle": -4.316513407357953e-08,
        "fractional_slope_per_cycle": -6.834009548358222e-08,
        "log_slope_per_cycle": -6.833993427783104e-08,
        "efolding_cycles": null
      },
      "gamma": {
        "available": true,
        "window_cycles": 250,
        "window_start_period": 803.0,
        "window_end_period": 1052.0,
        "first": 0.004098517639297037,
        "last": 0.0041968792296853755,
        "median": 0.004140787239459837,
        "peak_to_peak": 9.836159038833885e-05,
        "fractional_peak_to_peak": 0.023754321267945668,
        "slope_per_cycle": 3.941556478213512e-07,
        "fractional_slope_per_cycle": 9.518857768523469e-05,
        "log_slope_per_cycle": 9.50963790588613e-05,
        "efolding_cycles": 10515.647492540545
      },
      "max_vsurf_div_cs": {
        "available": true,
        "window_cycles": 250,
        "window_start_period": 1018.0,
        "window_end_period": 1052.0,
        "first": 0.36986,
        "last": 0.39866,
        "median": 0.38396,
        "peak_to_peak": 0.028799999999999992,
        "fractional_peak_to_peak": 0.07500781331388684,
        "slope_per_cycle": 0.0008468571428571431,
        "fractional_slope_per_cycle": 0.0022055868914916737,
        "log_slope_per_cycle": 0.0022051410968943357,
        "efolding_cycles": 453.4857208948554
      }
    },
    "500": {
      "delta_r": {
        "available": true,
        "window_cycles": 500,
        "window_start_period": 553.0,
        "window_end_period": 1052.0,
        "first": 0.007431045015120041,
        "last": 0.06910011172808606,
        "median": 0.04139098016228182,
        "peak_to_peak": 0.061669066712966014,
        "fractional_peak_to_peak": 1.4899155920246343,
        "slope_per_cycle": 0.00010593501297121954,
        "fractional_slope_per_cycle": 0.002559374350543998,