{
  "generated_at": "2026-06-19T22:48:48.654522+00:00",
  "workspace": "<local-rre-root>/rsp_batch_runs",
  "model_id": "model_008",
  "run_name": "model_008_M0p6151_Z0p0004406_T6792",
  "source": "cumulative:saturation+continue_saturation+continue_saturation_resume:LOGS_continue_saturation_resume_1620000",
  "source_kind": "history_exact_rsp_columns",
  "cycle_count": 1183,
  "first_period": 1.0,
  "last_period": 1183.0,
  "rolling_window": 100,
  "fits": {
    "50": {
      "delta_r": {
        "available": true,
        "window_cycles": 50,
        "window_start_period": 1134.0,
        "window_end_period": 1183.0,
        "first": 0.08193949081795537,
        "last": 0.09076888934692384,
        "median": 0.08624055291997035,
        "peak_to_peak": 0.008829398528968468,
        "fractional_peak_to_peak": 0.10238105195315698,
        "slope_per_cycle": 0.00018016559674577642,
        "fractional_slope_per_cycle": 0.0020891053065599753,
        "log_slope_per_cycle": 0.002088528407375791,
        "efolding_cycles": 478.8060322610057
      },
      "period_days": {
        "available": true,
        "window_cycles": 50,
        "window_start_period": 1134.0,
        "window_end_period": 1183.0,
        "first": 0.6316205922938469,
        "last": 0.6316179926365751,
        "median": 0.6316182948941261,
        "peak_to_peak": 3.5416119283926406e-06,
        "fractional_peak_to_peak": 5.6072028898186e-06,
        "slope_per_cycle": -7.59878880926922e-08,
        "fractional_slope_per_cycle": -1.2030666101182128e-07,
        "log_slope_per_cycle": -1.2030654069634398e-07,
        "efolding_cycles": null
      },
      "gamma": {
        "available": true,
        "window_cycles": 50,
        "window_start_period": 1134.0,
        "window_end_period": 1183.0,
        "first": 0.004242042693447498,
        "last": 0.0042709976042122795,
        "median": 0.004255508519377395,
        "peak_to_peak": 2.8954910764781606e-05,
        "fractional_peak_to_peak": 0.006804101233245298,
        "slope_per_cycle": 5.952515333599708e-07,
        "fractional_slope_per_cycle": 0.00013987788548642347,
        "log_slope_per_cycle": 0.00013985643518470213,
        "efolding_cycles": 7150.189397286902
      },
      "max_vsurf_div_cs": {
        "available": true,
        "window_cycles": 50,
        "window_start_period": 1134.0,
        "window_end_period": 1183.0,
        "first": 0.48012,
        "last": 0.53739,
        "median": 0.507835,
        "peak_to_peak": 0.05727000000000004,
        "fractional_peak_to_peak": 0.11277284944913217,
        "slope_per_cycle": 0.0011670943577430971,
        "fractional_slope_per_cycle": 0.0022981762929752715,
        "log_slope_per_cycle": 0.002297107449911772,
        "efolding_cycles": 435.3300930865939
      }
    },
    "100": {
      "delta_r": {
        "available": true,
        "window_cycles": 100,
        "window_start_period": 1084.0,
        "window_end_period": 1183.0,
        "first": 0.07383861603957698,
        "last": 0.09076888934692384,
        "median": 0.08185407101553954,
        "peak_to_peak": 0.016930273307346866,
        "fractional_peak_to_peak": 0.20683483542477377,
        "slope_per_cycle": 0.0001709432905466805,
        "fractional_slope_per_cycle": 0.0020883908207110172,
        "log_slope_per_cycle": 0.0020859271700959378,
        "efolding_cycles": 479.4031231464362
      },
      "period_days": {
        "available": true,
        "window_cycles": 100,
        "window_start_period": 1084.0,
        "window_end_period": 1183.0,
        "first": 0.6316169097274542,
        "last": 0.6316179926365751,
        "median": 0.6316189507829646,
        "peak_to_peak": 3.8069667708251487e-06,
        "fractional_peak_to_peak": 6.027315624564421e-06,
        "slope_per_cycle": -5.250525279754634e-09,
        "fractional_slope_per_cycle": -8.312805170342027e-09,
        "log_slope_per_cycle": -8.312804517018997e-09,
        "efolding_cycles": null
      },
      "gamma": {
        "available": true,
        "window_cycles": 100,
        "window_start_period": 1084.0,
        "window_end_period": 1183.0,
        "first": 0.004215015610307049,
        "last": 0.0042709976042122795,
        "median": 0.004241799205119547,
        "peak_to_peak": 5.598199390523077e-05,
        "fractional_peak_to_peak": 0.013197700126320105,
        "slope_per_cycle": 5.516409042682682e-07,
        "fractional_slope_per_cycle": 0.00013004880183920003,
        "log_slope_per_cycle": 0.00013002441662040084,
        "efolding_cycles": 7690.863193175826
      },
      "max_vsurf_div_cs": {
        "available": true,
        "window_cycles": 100,
        "window_start_period": 1084.0,
        "window_end_period": 1183.0,
        "first": 0.42827,
        "last": 0.53739,
        "median": 0.47957,
        "peak_to_peak": 0.10912000000000005,
        "fractional_peak_to_peak": 0.2275371687136394,
        "slope_per_cycle": 0.0011009104110411042,
        "fractional_slope_per_cycle": 0.0022956198491171347,
        "log_slope_per_cycle": 0.0022923574301684443,
        "efolding_cycles": 436.2321454933488
      }
    },
    "250": {
      "delta_r": {
        "available": true,
        "window_cycles": 250,
        "window_start_period": 934.0,
        "window_end_period": 1183.0,
        "first": 0.05416683681704271,
        "last": 0.09076888934692384,
        "median": 0.07003655433247236,
        "peak_to_peak": 0.036602052529881135,
        "fractional_peak_to_peak": 0.522613553432777,
        "slope_per_cycle": 0.0001462890682129023,
        "fractional_slope_per_cycle": 0.0020887530748364583,
        "log_slope_per_cycle": 0.002073309789601759,
        "efolding_cycles": 482.32058953046266
      },
      "period_days": {
        "available": true,
        "window_cycles": 250,
        "window_start_period": 934.0,
        "window_end_period": 1183.0,
        "first": 0.631622216342086,
        "last": 0.6316179926365751,
        "median": 0.6316198230021702,
        "peak_to_peak": 6.033168174268688e-06,
        "fractional_peak_to_peak": 9.551898079436874e-06,
        "slope_per_cycle": -1.783511056631332e-08,
        "fractional_slope_per_cycle": -2.8237097565337243e-08,
        "log_slope_per_cycle": -2.8237082907436544e-08,
        "efolding_cycles": null
      },
      "gamma": {
        "available": true,
        "window_cycles": 250,
        "window_start_period": 934.0,
        "window_end_period": 1183.0,
        "first": 0.004144105690218586,
        "last": 0.0042709976042122795,
        "median": 0.004200352175617531,
        "peak_to_peak": 0.00012739891567881308,
        "fractional_peak_to_peak": 0.030330531905954538,
        "slope_per_cycle": 5.137952713965517e-07,
        "fractional_slope_per_cycle": 0.00012232195061620375,
        "log_slope_per_cycle": 0.00012220255888476677,
        "efolding_cycles": 8183.134699683082
      },
      "max_vsurf_div_cs": {
        "available": true,
        "window_cycles": 250,
        "window_start_period": 1018.0,
        "window_end_period": 1183.0,
        "first": 0.36986,
        "last": 0.53739,
        "median": 0.44462999999999997,
        "peak_to_peak": 0.16753,
        "fractional_peak_to_peak": 0.376785192182264,
        "slope_per_cycle": 0.0010135456840973038,
        "fractional_slope_per_cycle": 0.0022795260870775787,
        "log_slope_per_cycle": 0.0022677118688454526,
        "efolding_cycles": 440.9731296723884
      }
    },
    "500": {
      "delta_r": {
        "available": true,
        "window_cycles": 500,
        "window_start_period": 684.0,
        "window_end_period": 1183.0,
        "first": 0.03253239009539044,
        "last": 0.09076888934692384,
        "median": 0.05411130129265995,
        "peak_to_peak": 0.0582364992515334,
        "fractional_peak_to_peak": 1.0762354232910125,
        "slope_per_cycle": 0.00011449151855822793,
        "fractional_slope_per_cycle": 0.0021158522494035526,