{
  "generated_at": "2026-06-18T02:25:25.972099+00:00",
  "workspace": "<local-rre-root>/rsp_batch_runs",
  "model_id": "model_007",
  "run_name": "model_007_M0p6887_Z0p004060_T6669",
  "source": "cumulative:continue_saturation+continue_saturation_resume:LOGS_continue_saturation_resume_2180000",
  "source_kind": "history_exact_rsp_columns",
  "cycle_count": 1612,
  "first_period": 1.0,
  "last_period": 1612.0,
  "rolling_window": 100,
  "fits": {
    "50": {
      "delta_r": {
        "available": true,
        "window_cycles": 50,
        "window_start_period": 1563.0,
        "window_end_period": 1612.0,
        "first": 0.6083122953738407,
        "last": 0.6225735555521048,
        "median": 0.6161688034290256,
        "peak_to_peak": 0.014261260178264124,
        "fractional_peak_to_peak": 0.02314505391850276,
        "slope_per_cycle": 0.00028990368071530774,
        "fractional_slope_per_cycle": 0.0004704939281280909,
        "log_slope_per_cycle": 0.0004708298024977408,
        "efolding_cycles": 2123.9097327633554
      },
      "period_days": {
        "available": true,
        "window_cycles": 50,
        "window_start_period": 1563.0,
        "window_end_period": 1612.0,
        "first": 0.5572196581676878,
        "last": 0.5572212114243734,
        "median": 0.5572321256881373,
        "peak_to_peak": 3.6222801060858956e-05,
        "fractional_peak_to_peak": 6.500486851171168e-05,
        "slope_per_cycle": 3.091000411311685e-07,
        "fractional_slope_per_cycle": 5.547060675108323e-07,
        "log_slope_per_cycle": 5.547018745982781e-07,
        "efolding_cycles": 1802770.1830360899
      },
      "gamma": {
        "available": true,
        "window_cycles": 50,
        "window_start_period": 1563.0,
        "window_end_period": 1612.0,
        "first": 0.000925887496959391,
        "last": 0.0006068151797771672,
        "median": 0.000738109947942818,
        "peak_to_peak": 0.00034647540133159855,
        "fractional_peak_to_peak": 0.4694089306034394,
        "slope_per_cycle": -6.713304968966328e-06,
        "fractional_slope_per_cycle": -0.00909526417802245,
        "log_slope_per_cycle": -0.008993616215769789,
        "efolding_cycles": null
      },
      "max_vsurf_div_cs": {
        "available": true,
        "window_cycles": 50,
        "window_start_period": 1563.0,
        "window_end_period": 1612.0,
        "first": 4.72344,
        "last": 4.82745,
        "median": 4.778645,
        "peak_to_peak": 0.10400999999999971,
        "fractional_peak_to_peak": 0.021765584177104537,
        "slope_per_cycle": 0.002125345498199277,
        "fractional_slope_per_cycle": 0.0004447590265021312,
        "log_slope_per_cycle": 0.000444922342359594,
        "efolding_cycles": 2247.5832404743173
      }
    },
    "100": {
      "delta_r": {
        "available": true,
        "window_cycles": 100,
        "window_start_period": 1513.0,
        "window_end_period": 1612.0,
        "first": 0.5862918498432599,
        "last": 0.6225735555521048,
        "median": 0.6081361586286884,
        "peak_to_peak": 0.036281705708844925,
        "fractional_peak_to_peak": 0.059660497396928434,
        "slope_per_cycle": 0.00036401909567086965,
        "fractional_slope_per_cycle": 0.000598581568462746,
        "log_slope_per_cycle": 0.0006009433559597027,
        "efolding_cycles": 1664.0503469798853
      },
      "period_days": {
        "available": true,
        "window_cycles": 100,
        "window_start_period": 1513.0,
        "window_end_period": 1612.0,
        "first": 0.557185903052558,
        "last": 0.5572212114243734,
        "median": 0.5572255572094582,
        "peak_to_peak": 8.810574619988465e-05,
        "fractional_peak_to_peak": 0.00015811504885223014,
        "slope_per_cycle": 5.017127713897473e-07,
        "fractional_slope_per_cycle": 9.003764541997776e-07,
        "log_slope_per_cycle": 9.003901046996062e-07,
        "efolding_cycles": 1110629.709034426
      },
      "gamma": {
        "available": true,
        "window_cycles": 100,
        "window_start_period": 1513.0,
        "window_end_period": 1612.0,
        "first": 0.0014035266356800336,
        "last": 0.0006068151797771672,
        "median": 0.0009331226744545248,
        "peak_to_peak": 0.0008241145400522411,
        "fractional_peak_to_peak": 0.883179203135315,
        "slope_per_cycle": -8.091622942501291e-06,
        "fractional_slope_per_cycle": -0.00867155323090976,
        "log_slope_per_cycle": -0.008649161485676786,
        "efolding_cycles": null
      },
      "max_vsurf_div_cs": {
        "available": true,
        "window_cycles": 100,
        "window_start_period": 1562.0,
        "window_end_period": 1612.0,
        "first": 4.72111,
        "last": 4.82745,
        "median": 4.77758,
        "peak_to_peak": 0.10633999999999943,
        "fractional_peak_to_peak": 0.022258130685409647,
        "slope_per_cycle": 0.002131643438914024,
        "fractional_slope_per_cycle": 0.0004461763987026955,
        "log_slope_per_cycle": 0.0004463494175779736,
        "efolding_cycles": 2240.397232791971
      }
    },
    "250": {
      "delta_r": {
        "available": true,
        "window_cycles": 250,
        "window_start_period": 1363.0,
        "window_end_period": 1612.0,
        "first": 0.46902649318629663,
        "last": 0.6225735555521048,
        "median": 0.5714442594292461,
        "peak_to_peak": 0.15354706236580817,
        "fractional_peak_to_peak": 0.2686999822505343,
        "slope_per_cycle": 0.0006212965727332413,
        "fractional_slope_per_cycle": 0.001087239153218176,
        "log_slope_per_cycle": 0.0011232400719433675,
        "efolding_cycles": 890.2816281027578
      },
      "period_days": {
        "available": true,
        "window_cycles": 250,
        "window_start_period": 1363.0,
        "window_end_period": 1612.0,
        "first": 0.5569363822701766,
        "last": 0.5572212114243734,
        "median": 0.5571427691125966,
        "peak_to_peak": 0.0005568297119398213,
        "fractional_peak_to_peak": 0.0009994381024216218,
        "slope_per_cycle": 1.485663468079424e-06,
        "fractional_slope_per_cycle": 2.666575876854244e-06,
        "log_slope_per_cycle": 2.6668169895027256e-06,
        "efolding_cycles": 374978.8620427483
      },
      "gamma": {
        "available": true,
        "window_cycles": 250,
        "window_start_period": 1363.0,
        "window_end_period": 1612.0,
        "first": 0.0034146699018248313,
        "last": 0.0006068151797771672,
        "median": 0.0017079357915192393,
        "peak_to_peak": 0.0028352578061970387,
        "fractional_peak_to_peak": 1.6600494118546614,
        "slope_per_cycle": -1.1779133109258523e-05,
        "fractional_slope_per_cycle": -0.006896707222688257,
        "log_slope_per_cycle": -0.007139400610242792,
        "efolding_cycles": null
      },
      "max_vsurf_div_cs": {
        "available": true,
        "window_cycles": 250,
        "window_start_period": 1562.0,
        "window_end_period": 1612.0,
        "first": 4.72111,
        "last": 4.82745,
        "median": 4.77758,
        "peak_to_peak": 0.10633999999999943,
        "fractional_peak_to_peak": 0.022258130685409647,
        "slope_per_cycle": 0.002131643438914024,
        "fractional_slope_per_cycle": 0.0004461763987026955,
        "log_slope_per_cycle": 0.0004463494175779736,
        "efolding_cycles": 2240.397232791971
      }
    },
    "500": {
      "delta_r": {
        "available": true,
        "window_cycles": 500,
        "window_start_period": 1113.0,
        "window_end_period": 1612.0,
        "first": 0.25420805894796406,
        "last": 0.6225735555521048,
        "median": 0.46850981926622204,
        "peak_to_peak": 0.36836549660414075,