{
  "generated_at": "2026-06-17T20:29:47.210535+00:00",
  "workspace": "<local-rre-root>/rsp_batch_runs",
  "model_id": "model_008",
  "run_name": "model_008_M0p6151_Z0p0004406_T6792",
  "source": "cumulative:saturation+continue_saturation",
  "source_kind": "history_exact_rsp_columns",
  "cycle_count": 957,
  "first_period": 1.0,
  "last_period": 957.0,
  "rolling_window": 100,
  "fits": {
    "50": {
      "delta_r": {
        "available": true,
        "window_cycles": 50,
        "window_start_period": 908.0,
        "window_end_period": 957.0,
        "first": 0.05135453311085847,
        "last": 0.056788571791138054,
        "median": 0.054000352948239794,
        "peak_to_peak": 0.005434038680279585,
        "fractional_peak_to_peak": 0.1006296882075604,
        "slope_per_cycle": 0.00011087325694474328,
        "fractional_slope_per_cycle": 0.002053195042095689,
        "log_slope_per_cycle": 0.0020525864766923227,
        "efolding_cycles": 487.19019215768583
      },
      "period_days": {
        "available": true,
        "window_cycles": 50,
        "window_start_period": 908.0,
        "window_end_period": 957.0,
        "first": 0.6316234307739608,
        "last": 0.6316220980220371,
        "median": 0.6316222244410569,
        "peak_to_peak": 1.4699657482353246e-06,
        "fractional_peak_to_peak": 2.327286297653863e-06,
        "slope_per_cycle": -2.6322154236063356e-08,
        "fractional_slope_per_cycle": -4.167388862758382e-08,
        "log_slope_per_cycle": -4.167386709686114e-08,
        "efolding_cycles": null
      },
      "gamma": {
        "available": true,
        "window_cycles": 50,
        "window_start_period": 908.0,
        "window_end_period": 957.0,
        "first": 0.004132627146337387,
        "last": 0.004154102754170525,
        "median": 0.004142604675191382,
        "peak_to_peak": 2.243824616950888e-05,
        "fractional_peak_to_peak": 0.005416458467273918,
        "slope_per_cycle": 4.489553652264417e-07,
        "fractional_slope_per_cycle": 0.00010837514086610271,
        "log_slope_per_cycle": 0.00010837563310768914,
        "efolding_cycles": 9227.166396401435
      },
      "max_vsurf_div_cs": {
        "available": true,
        "window_cycles": 50,
        "window_start_period": 908.0,
        "window_end_period": 957.0,
        "first": 0.29083,
        "last": 0.32346,
        "median": 0.30664,
        "peak_to_peak": 0.03263000000000005,
        "fractional_peak_to_peak": 0.10641142708061585,
        "slope_per_cycle": 0.0006659284513805523,
        "fractional_slope_per_cycle": 0.0021716946627333427,
        "log_slope_per_cycle": 0.002170736471367915,
        "efolding_cycles": 460.6731462754842
      }
    },
    "100": {
      "delta_r": {
        "available": true,
        "window_cycles": 100,
        "window_start_period": 858.0,
        "window_end_period": 957.0,
        "first": 0.04635980851265664,
        "last": 0.056788571791138054,
        "median": 0.05130197749458709,
        "peak_to_peak": 0.010428763278481412,
        "fractional_peak_to_peak": 0.20328189648404407,
        "slope_per_cycle": 0.00010524313095087472,
        "fractional_slope_per_cycle": 0.002051443942136129,
        "log_slope_per_cycle": 0.00204909420540904,
        "efolding_cycles": 488.0205104090761
      },
      "period_days": {
        "available": true,
        "window_cycles": 100,
        "window_start_period": 858.0,
        "window_end_period": 957.0,
        "first": 0.6316271335326342,
        "last": 0.6316220980220371,
        "median": 0.6316233818484815,
        "peak_to_peak": 5.172724421687036e-06,
        "fractional_peak_to_peak": 8.189570827078576e-06,
        "slope_per_cycle": -5.6524803723293615e-08,
        "fractional_slope_per_cycle": -8.949130977050054e-08,
        "log_slope_per_cycle": -8.949119956192065e-08,
        "efolding_cycles": null
      },
      "gamma": {
        "available": true,
        "window_cycles": 100,
        "window_start_period": 858.0,
        "window_end_period": 957.0,
        "first": 0.0041159150026952645,
        "last": 0.004154102754170525,
        "median": 0.0041315056857374735,
        "peak_to_peak": 3.942321182777257e-05,
        "fractional_peak_to_peak": 0.009542093083368354,
        "slope_per_cycle": 3.9673744194634065e-07,
        "fractional_slope_per_cycle": 9.60273256590044e-05,
        "log_slope_per_cycle": 9.598365669207517e-05,
        "efolding_cycles": 10418.440331025275
      },
      "max_vsurf_div_cs": {
        "available": true,
        "window_cycles": 100,
        "window_start_period": 858.0,
        "window_end_period": 957.0,
        "first": 0.26129,
        "last": 0.32346,
        "median": 0.29051499999999997,
        "peak_to_peak": 0.06217,
        "fractional_peak_to_peak": 0.21399927714575842,
        "slope_per_cycle": 0.0006269722772277228,
        "fractional_slope_per_cycle": 0.002158140809347961,
        "log_slope_per_cycle": 0.002154690723979683,
        "efolding_cycles": 464.1037290739407
      }
    },
    "250": {
      "delta_r": {
        "available": true,
        "window_cycles": 250,
        "window_start_period": 708.0,
        "window_end_period": 957.0,
        "first": 0.03415444422958558,
        "last": 0.056788571791138054,
        "median": 0.04400550599139885,
        "peak_to_peak": 0.022634127561552475,
        "fractional_peak_to_peak": 0.5143476265441977,
        "slope_per_cycle": 9.049056834719935e-05,
        "fractional_slope_per_cycle": 0.0020563465027509577,
        "log_slope_per_cycle": 0.002042067297364126,
        "efolding_cycles": 489.6998259023036
      },
      "period_days": {
        "available": true,
        "window_cycles": 250,
        "window_start_period": 708.0,
        "window_end_period": 957.0,
        "first": 0.6316300908396779,
        "last": 0.6316220980220371,
        "median": 0.6316283872762385,
        "peak_to_peak": 8.130031465380938e-06,
        "fractional_peak_to_peak": 1.287154223773879e-05,
        "slope_per_cycle": -3.683491604761597e-08,
        "fractional_slope_per_cycle": -5.8317385332313226e-08,
        "log_slope_per_cycle": -5.831758231262818e-08,
        "efolding_cycles": null
      },
      "gamma": {
        "available": true,
        "window_cycles": 250,
        "window_start_period": 708.0,
        "window_end_period": 957.0,
        "first": 0.0040754345033426976,
        "last": 0.004154102754170525,
        "median": 0.004107794868288683,
        "peak_to_peak": 8.016142778761483e-05,
        "fractional_peak_to_peak": 0.019514467094363518,
        "slope_per_cycle": 3.0383519582064336e-07,
        "fractional_slope_per_cycle": 7.396552300266684e-05,
        "log_slope_per_cycle": 7.389881903883063e-05,
        "efolding_cycles": 13532.01597815174
      },
      "max_vsurf_div_cs": {
        "available": true,
        "window_cycles": 250,
        "window_start_period": 708.0,
        "window_end_period": 957.0,
        "first": 0.19004,
        "last": 0.32346,
        "median": 0.24745,
        "peak_to_peak": 0.13342000000000004,
        "fractional_peak_to_peak": 0.5391796322489393,
        "slope_per_cycle": 0.0005324314769836318,
        "fractional_slope_per_cycle": 0.0021516729722514927,
        "log_slope_per_cycle": 0.00213425591380868,
        "efolding_cycles": 468.54737219186285
      }
    },
    "500": {
      "delta_r": {
        "available": true,
        "window_cycles": 500,
        "window_start_period": 458.0,
        "window_end_period": 957.0,
        "first": 0.006137932933559576,
        "last": 0.056788571791138054,
        "median": 0.03411984469532969,
        "peak_to_peak": 0.05065063885757848,
        "fractional_peak_to_peak": 1.4844920693473003,