{
  "generated_at": "2026-06-18T20:01:10.060721+00:00",
  "workspace": "<local-rre-root>/rsp_batch_runs",
  "model_id": "model_007",
  "run_name": "model_007_M0p6887_Z0p004060_T6669",
  "source": "cumulative:continue_saturation+continue_saturation_resume:LOGS_continue_saturation_resume_2180000+continue_saturation_resume:LOGS_continue_saturation_resume_2270000",
  "source_kind": "history_exact_rsp_columns",
  "cycle_count": 1669,
  "first_period": 1.0,
  "last_period": 1669.0,
  "rolling_window": 100,
  "fits": {
    "50": {
      "delta_r": {
        "available": true,
        "window_cycles": 50,
        "window_start_period": 1620.0,
        "window_end_period": 1669.0,
        "first": 0.6242441775383929,
        "last": 0.6324818959665528,
        "median": 0.628858291521619,
        "peak_to_peak": 0.008237718428159901,
        "fractional_peak_to_peak": 0.013099482887038794,
        "slope_per_cycle": 0.00016499364361547,
        "fractional_slope_per_cycle": 0.0002623701489507956,
        "log_slope_per_cycle": 0.00026247931897569994,
        "efolding_cycles": 3809.8239659505475
      },
      "period_days": {
        "available": true,
        "window_cycles": 50,
        "window_start_period": 1620.0,
        "window_end_period": 1669.0,
        "first": 0.5572410932592012,
        "last": 0.557254455352754,
        "median": 0.5572480103132935,
        "peak_to_peak": 6.489789837760274e-05,
        "fractional_peak_to_peak": 0.00011646142682701752,
        "slope_per_cycle": 1.751064755653863e-07,
        "fractional_slope_per_cycle": 3.142343666098309e-07,
        "log_slope_per_cycle": 3.1422689201295376e-07,
        "efolding_cycles": 3182413.808041534
      },
      "gamma": {
        "available": true,
        "window_cycles": 50,
        "window_start_period": 1620.0,
        "window_end_period": 1669.0,
        "first": 0.0005336426774123421,
        "last": 0.0003395787298471135,
        "median": 0.00042040290097253736,
        "peak_to_peak": 0.00022058511336716334,
        "fractional_peak_to_peak": 0.524699313103867,
        "slope_per_cycle": -4.480519141307928e-06,
        "fractional_slope_per_cycle": -0.01065767893357286,
        "log_slope_per_cycle": -0.010518302746229299,
        "efolding_cycles": null
      },
      "max_vsurf_div_cs": {
        "available": true,
        "window_cycles": 50,
        "window_start_period": 1629.0,
        "window_end_period": 1669.0,
        "first": 4.85518,
        "last": 4.90376,
        "median": 4.88081,
        "peak_to_peak": 0.04858000000000029,
        "fractional_peak_to_peak": 0.009953265953806906,
        "slope_per_cycle": 0.0012154076655052316,
        "fractional_slope_per_cycle": 0.0002490176150075974,
        "log_slope_per_cycle": 0.00024910690580193955,
        "efolding_cycles": 4014.3407376874657
      }
    },
    "100": {
      "delta_r": {
        "available": true,
        "window_cycles": 100,
        "window_start_period": 1570.0,
        "window_end_period": 1669.0,
        "first": 0.6107629474707945,
        "last": 0.6324818959665528,
        "median": 0.6241416470252559,
        "peak_to_peak": 0.021718948495758283,
        "fractional_peak_to_peak": 0.03479810808856251,
        "slope_per_cycle": 0.00021699057494383873,
        "fractional_slope_per_cycle": 0.0003476623871809314,
        "log_slope_per_cycle": 0.0003485337092619206,
        "efolding_cycles": 2869.1629343906793
      },
      "period_days": {
        "available": true,
        "window_cycles": 100,
        "window_start_period": 1570.0,
        "window_end_period": 1669.0,
        "first": 0.5572306876250164,
        "last": 0.557254455352754,
        "median": 0.5572394625814976,
        "peak_to_peak": 6.560101001351626e-05,
        "fractional_peak_to_peak": 0.00011772498973710419,
        "slope_per_cycle": 2.461082958609416e-07,
        "fractional_slope_per_cycle": 4.416562580130399e-07,
        "log_slope_per_cycle": 4.416495461160287e-07,
        "efolding_cycles": 2264238.7132382183
      },
      "gamma": {
        "available": true,
        "window_cycles": 100,
        "window_start_period": 1570.0,
        "window_end_period": 1669.0,
        "first": 0.0008669988929266375,
        "last": 0.0003395787298471135,
        "median": 0.0005409037718955541,
        "peak_to_peak": 0.0005458115904780163,
        "fractional_peak_to_peak": 1.0090733672742993,
        "slope_per_cycle": -5.439985484380622e-06,
        "fractional_slope_per_cycle": -0.01005721491886926,
        "log_slope_per_cycle": -0.009860481199212234,
        "efolding_cycles": null
      },
      "max_vsurf_div_cs": {
        "available": true,
        "window_cycles": 100,
        "window_start_period": 1629.0,
        "window_end_period": 1669.0,
        "first": 4.85518,
        "last": 4.90376,
        "median": 4.88081,
        "peak_to_peak": 0.04858000000000029,
        "fractional_peak_to_peak": 0.009953265953806906,
        "slope_per_cycle": 0.0012154076655052316,
        "fractional_slope_per_cycle": 0.0002490176150075974,
        "log_slope_per_cycle": 0.00024910690580193955,
        "efolding_cycles": 4014.3407376874657
      }
    },
    "250": {
      "delta_r": {
        "available": true,
        "window_cycles": 250,
        "window_start_period": 1420.0,
        "window_end_period": 1669.0,
        "first": 0.5209009529470539,
        "last": 0.6324818959665528,
        "median": 0.6010529172058918,
        "peak_to_peak": 0.11158094301949895,
        "fractional_peak_to_peak": 0.18564246146280108,
        "slope_per_cycle": 0.00043798934600323513,
        "fractional_slope_per_cycle": 0.0007287034693040198,
        "log_slope_per_cycle": 0.0007489467012696427,
        "efolding_cycles": 1335.2084978874495
      },
      "period_days": {
        "available": true,
        "window_cycles": 250,
        "window_start_period": 1420.0,
        "window_end_period": 1669.0,
        "first": 0.5570580206654483,
        "last": 0.557254455352754,
        "median": 0.5572143804003415,
        "peak_to_peak": 0.0005596078207923405,
        "fractional_peak_to_peak": 0.001004295367234204,
        "slope_per_cycle": 1.3407871361267986e-06,
        "fractional_slope_per_cycle": 2.406232113326802e-06,
        "log_slope_per_cycle": 2.406753382747617e-06,
        "efolding_cycles": 415497.4943292162
      },
      "gamma": {
        "available": true,
        "window_cycles": 250,
        "window_start_period": 1420.0,
        "window_end_period": 1669.0,
        "first": 0.0026322367733214638,
        "last": 0.0003395787298471135,
        "median": 0.0010736975191804631,
        "peak_to_peak": 0.0023110494708728424,
        "fractional_peak_to_peak": 2.152421356656231,
        "slope_per_cycle": -9.25919924595523e-06,
        "fractional_slope_per_cycle": -0.008623657110638231,
        "log_slope_per_cycle": -0.0083899092822283,
        "efolding_cycles": null
      },
      "max_vsurf_div_cs": {
        "available": true,
        "window_cycles": 250,
        "window_start_period": 1629.0,
        "window_end_period": 1669.0,
        "first": 4.85518,
        "last": 4.90376,
        "median": 4.88081,
        "peak_to_peak": 0.04858000000000029,
        "fractional_peak_to_peak": 0.009953265953806906,
        "slope_per_cycle": 0.0012154076655052316,
        "fractional_slope_per_cycle": 0.0002490176150075974,
        "log_slope_per_cycle": 0.00024910690580193955,
        "efolding_cycles": 4014.3407376874657
      }
    },
    "500": {
      "delta_r": {
        "available": true,
        "window_cycles": 500,
        "window_start_period": 1170.0,
        "window_end_period": 1669.0,
        "first": 0.2946779535004378,
        "last": 0.6324818959665528,
        "median": 0.5205042322102913,
        "peak_to_peak": 0.337803942466115,
        "fractional_peak_to_peak": 0.6489936518511098,
        "slope_per_cycle": 0.0007355068506291053,