{
  "generated_at": "2026-06-20T02:23:27.997428+00:00",
  "workspace": "<local-rre-root>/rsp_batch_runs",
  "model_id": "model_009",
  "run_name": "model_009_M0p6668_Z0p0001120_T6852",
  "source": "cumulative:saturation+saturation_resume:LOGS_saturation_resume_130000",
  "source_kind": "history_exact_rsp_columns",
  "cycle_count": 321,
  "first_period": 1.0,
  "last_period": 321.0,
  "rolling_window": 100,
  "fits": {
    "50": {
      "delta_r": {
        "available": true,
        "window_cycles": 50,
        "window_start_period": 272.0,
        "window_end_period": 321.0,
        "first": 0.003985546737476753,
        "last": 0.004424895673881046,
        "median": 0.004455998090550306,
        "peak_to_peak": 0.0010282025694241526,
        "fractional_peak_to_peak": 0.23074573833517326,
        "slope_per_cycle": 1.1876537566689316e-05,
        "fractional_slope_per_cycle": 0.0026652923375069465,
        "log_slope_per_cycle": 0.002683725689261228,
        "efolding_cycles": 372.616323643449
      },
      "period_days": {
        "available": true,
        "window_cycles": 50,
        "window_start_period": 272.0,
        "window_end_period": 321.0,
        "first": 0.5166622538274344,
        "last": 0.5102508679520839,
        "median": 0.5024611152855774,
        "peak_to_peak": 0.031644735691090164,
        "fractional_peak_to_peak": 0.0629794719002378,
        "slope_per_cycle": -1.1918672854762892e-05,
        "fractional_slope_per_cycle": -2.372058750852557e-05,
        "log_slope_per_cycle": -2.39909168590355e-05,
        "efolding_cycles": null
      },
      "gamma": {
        "available": true,
        "window_cycles": 50,
        "window_start_period": 272.0,
        "window_end_period": 321.0,
        "first": 0.005937823532186028,
        "last": 0.007730364738598522,
        "median": 0.005266067750640659,
        "peak_to_peak": 0.005525054268201901,
        "fractional_peak_to_peak": 1.049180247924029,
        "slope_per_cycle": 2.7653093425603697e-06,
        "fractional_slope_per_cycle": 0.0005251184514714889,
        "log_slope_per_cycle": 0.0007438175547937371,
        "efolding_cycles": 1344.4157018817646
      },
      "max_vsurf_div_cs": {
        "available": true,
        "window_cycles": 50,
        "window_start_period": 272.0,
        "window_end_period": 321.0,
        "first": 0.02686,
        "last": 0.02918,
        "median": 0.03062,
        "peak_to_peak": 0.009210000000000003,
        "fractional_peak_to_peak": 0.30078380143696937,
        "slope_per_cycle": 8.100456182472987e-05,
        "fractional_slope_per_cycle": 0.0026454788316371608,
        "log_slope_per_cycle": 0.00266157871078609,
        "efolding_cycles": 375.71686155569404
      }
    },
    "100": {
      "delta_r": {
        "available": true,
        "window_cycles": 100,
        "window_start_period": 222.0,
        "window_end_period": 321.0,
        "first": 0.0033762734955082863,
        "last": 0.004424895673881046,
        "median": 0.00407436573388642,
        "peak_to_peak": 0.001637475811392619,
        "fractional_peak_to_peak": 0.4018971094749214,
        "slope_per_cycle": 1.1322571608227884e-05,
        "fractional_slope_per_cycle": 0.0027789777226080313,
        "log_slope_per_cycle": 0.0027363429775644804,
        "efolding_cycles": 365.4512640407613
      },
      "period_days": {
        "available": true,
        "window_cycles": 100,
        "window_start_period": 222.0,
        "window_end_period": 321.0,
        "first": 0.5176416641074293,
        "last": 0.5102508679520839,
        "median": 0.5011432955379779,
        "peak_to_peak": 0.031644735691090164,
        "fractional_peak_to_peak": 0.06314508439571062,
        "slope_per_cycle": -4.582651841341331e-06,
        "fractional_slope_per_cycle": -9.144394192527008e-06,
        "log_slope_per_cycle": -9.327783255297991e-06,
        "efolding_cycles": null
      },
      "gamma": {
        "available": true,
        "window_cycles": 100,
        "window_start_period": 222.0,
        "window_end_period": 321.0,
        "first": 0.008310364061940984,
        "last": 0.007730364738598522,
        "median": 0.00515302125651625,
        "peak_to_peak": 0.005525054268201901,
        "fractional_peak_to_peak": 1.0721970652100838,
        "slope_per_cycle": 5.127589715101743e-08,
        "fractional_slope_per_cycle": 9.950647319022123e-06,
        "log_slope_per_cycle": 9.005352335212842e-06,
        "efolding_cycles": 111045.07217222222
      },
      "max_vsurf_div_cs": {
        "available": true,
        "window_cycles": 100,
        "window_start_period": 222.0,
        "window_end_period": 321.0,
        "first": 0.02224,
        "last": 0.02918,
        "median": 0.028335,
        "peak_to_peak": 0.013320000000000002,
        "fractional_peak_to_peak": 0.47008999470619384,
        "slope_per_cycle": 7.806444644464448e-05,
        "fractional_slope_per_cycle": 0.002755053694887753,
        "log_slope_per_cycle": 0.0027443222971959354,
        "efolding_cycles": 364.3886875174135
      }
    },
    "250": {
      "delta_r": {
        "available": true,
        "window_cycles": 250,
        "window_start_period": 72.0,
        "window_end_period": 321.0,
        "first": 0.0024166347913361363,
        "last": 0.004424895673881046,
        "median": 0.003309027296814815,
        "peak_to_peak": 0.002745366188656284,
        "fractional_peak_to_peak": 0.8296595773926989,
        "slope_per_cycle": 9.310790974187033e-06,
        "fractional_slope_per_cycle": 0.0028137546593070906,
        "log_slope_per_cycle": 0.002732634734437403,
        "efolding_cycles": 365.94718913498724
      },
      "period_days": {
        "available": true,
        "window_cycles": 250,
        "window_start_period": 72.0,
        "window_end_period": 321.0,
        "first": 0.4941130797633539,
        "last": 0.5102508679520839,
        "median": 0.5013299327587959,
        "peak_to_peak": 0.031644735691090164,
        "fractional_peak_to_peak": 0.06312157647749182,
        "slope_per_cycle": 1.6200538964118672e-07,
        "fractional_slope_per_cycle": 3.231512404409575e-07,
        "log_slope_per_cycle": 2.4005516955104377e-08,
        "efolding_cycles": 41657090.820840105
      },
      "gamma": {
        "available": true,
        "window_cycles": 250,
        "window_start_period": 72.0,
        "window_end_period": 321.0,
        "first": 0.004520321939622378,
        "last": 0.007730364738598522,
        "median": 0.005099037123338658,
        "peak_to_peak": 0.005525054268201901,
        "fractional_peak_to_peak": 1.0835485474136544,
        "slope_per_cycle": 1.5174182994076776e-07,
        "fractional_slope_per_cycle": 2.9758918452708363e-05,
        "log_slope_per_cycle": -3.3390465947945596e-05,
        "efolding_cycles": null
      },
      "max_vsurf_div_cs": {
        "available": true,
        "window_cycles": 250,
        "window_start_period": 129.0,
        "window_end_period": 321.0,
        "first": 0.01909,
        "last": 0.02918,
        "median": 0.02491,
        "peak_to_peak": 0.01793,
        "fractional_peak_to_peak": 0.7197912484945805,
        "slope_per_cycle": 6.886249065220876e-05,
        "fractional_slope_per_cycle": 0.0027644516520356783,
        "log_slope_per_cycle": 0.0027304979856718533,
        "efolding_cycles": 366.2335607817505
      }
    },
    "500": {
      "delta_r": {
        "available": false,
        "reason": "only 321 rows for 500-cycle window"
      },
      "period_days": {
        "available": false,
        "reason": "only 321 rows for 500-cycle window"
      },
      "gamma": {
        "available": false,
        "reason": "only 321 rows for 500-cycle window"
      },
      "max_vsurf_div_cs": {
        "available": false,
        "reason": "only 321 rows for 500-cycle window"
      }
    }
  },
  "latest_rolling": {
    "window_start_period": 222.0,
    "window_end_period": 321.0,
    "gamma_peak_to_peak": 0.005525054268201901,