{
  "generated_at": "2026-06-20T03:09:03.914561+00:00",
  "workspace": "<local-rre-root>/rsp_batch_runs",
  "model_id": "model_009",
  "run_name": "model_009_M0p6668_Z0p0001120_T6852",
  "source": "cumulative:saturation+saturation_resume:LOGS_saturation_resume_130000",
  "source_kind": "history_exact_rsp_columns",
  "cycle_count": 324,
  "first_period": 1.0,
  "last_period": 324.0,
  "rolling_window": 100,
  "fits": {
    "50": {
      "delta_r": {
        "available": true,
        "window_cycles": 50,
        "window_start_period": 275.0,
        "window_end_period": 324.0,
        "first": 0.004062531219912735,
        "last": 0.004437107569359,
        "median": 0.004473781584039216,
        "peak_to_peak": 0.0010322548335102155,
        "fractional_peak_to_peak": 0.2307342935991591,
        "slope_per_cycle": 1.1844080502824229e-05,
        "fractional_slope_per_cycle": 0.002647442723864636,
        "log_slope_per_cycle": 0.002653669599298726,
        "efolding_cycles": 376.8366643173158
      },
      "period_days": {
        "available": true,
        "window_cycles": 50,
        "window_start_period": 275.0,
        "window_end_period": 324.0,
        "first": 0.5150585517827292,
        "last": 0.5127702040695672,
        "median": 0.5037157213451724,
        "peak_to_peak": 0.031644735691090164,
        "fractional_peak_to_peak": 0.0628226087654817,
        "slope_per_cycle": -4.515078197685271e-06,
        "fractional_slope_per_cycle": -8.963544329384356e-06,
        "log_slope_per_cycle": -9.295964855016037e-06,
        "efolding_cycles": null
      },
      "gamma": {
        "available": true,
        "window_cycles": 50,
        "window_start_period": 275.0,
        "window_end_period": 324.0,
        "first": 0.0051488533535964266,
        "last": 0.008281211112929752,
        "median": 0.005159797370256555,
        "peak_to_peak": 0.005525054268201901,
        "fractional_peak_to_peak": 1.0707890003686684,
        "slope_per_cycle": 4.594619377137752e-06,
        "fractional_slope_per_cycle": 0.0008904650798155855,
        "log_slope_per_cycle": 0.0011513302532847654,
        "efolding_cycles": 868.5605169732859
      },
      "max_vsurf_div_cs": {
        "available": true,
        "window_cycles": 50,
        "window_start_period": 275.0,
        "window_end_period": 324.0,
        "first": 0.02758,
        "last": 0.02912,
        "median": 0.03072,
        "peak_to_peak": 0.009210000000000003,
        "fractional_peak_to_peak": 0.2998046875000001,
        "slope_per_cycle": 8.02516206482593e-05,
        "fractional_slope_per_cycle": 0.0026123574429771906,
        "log_slope_per_cycle": 0.0026140200966216806,
        "efolding_cycles": 382.55252945162306
      }
    },
    "100": {
      "delta_r": {
        "available": true,
        "window_cycles": 100,
        "window_start_period": 225.0,
        "window_end_period": 324.0,
        "first": 0.003420765858574981,
        "last": 0.004437107569359,
        "median": 0.004087099911934899,
        "peak_to_peak": 0.0016049505267270447,
        "fractional_peak_to_peak": 0.39268688344035,
        "slope_per_cycle": 1.1389897135958257e-05,
        "fractional_slope_per_cycle": 0.0027867919506196007,
        "log_slope_per_cycle": 0.002729955121931316,
        "efolding_cycles": 366.30638795723013
      },
      "period_days": {
        "available": true,
        "window_cycles": 100,
        "window_start_period": 225.0,
        "window_end_period": 324.0,
        "first": 0.5180734212465231,
        "last": 0.5127702040695672,
        "median": 0.5018674242341055,
        "peak_to_peak": 0.031644735691090164,
        "fractional_peak_to_peak": 0.06305397434269192,
        "slope_per_cycle": -3.345457640769465e-06,
        "fractional_slope_per_cycle": -6.666018711764232e-06,
        "log_slope_per_cycle": -6.867099806561974e-06,
        "efolding_cycles": null
      },
      "gamma": {
        "available": true,
        "window_cycles": 100,
        "window_start_period": 225.0,
        "window_end_period": 324.0,
        "first": 0.007869585058725648,
        "last": 0.008281211112929752,
        "median": 0.00515302125651625,
        "peak_to_peak": 0.005525054268201901,
        "fractional_peak_to_peak": 1.0721970652100838,
        "slope_per_cycle": 2.910367057454774e-07,
        "fractional_slope_per_cycle": 5.647884828292667e-05,
        "log_slope_per_cycle": -3.753741856874587e-05,
        "efolding_cycles": null
      },
      "max_vsurf_div_cs": {
        "available": true,
        "window_cycles": 100,
        "window_start_period": 225.0,
        "window_end_period": 324.0,
        "first": 0.02262,
        "last": 0.02912,
        "median": 0.02858,
        "peak_to_peak": 0.01294,
        "fractional_peak_to_peak": 0.45276417074877534,
        "slope_per_cycle": 7.83916591659166e-05,
        "fractional_slope_per_cycle": 0.0027428852052455072,
        "log_slope_per_cycle": 0.0027323627259015684,
        "efolding_cycles": 365.98361942228615
      }
    },
    "250": {
      "delta_r": {
        "available": true,
        "window_cycles": 250,
        "window_start_period": 75.0,
        "window_end_period": 324.0,
        "first": 0.0024129859177151047,
        "last": 0.004437107569359,
        "median": 0.0033306960051366907,
        "peak_to_peak": 0.002725789679378643,
        "fractional_peak_to_peak": 0.8183844082963007,
        "slope_per_cycle": 9.386302161009502e-06,
        "fractional_slope_per_cycle": 0.002818120340773727,
        "log_slope_per_cycle": 0.0027325761341080025,
        "efolding_cycles": 365.955036903823
      },
      "period_days": {
        "available": true,
        "window_cycles": 250,
        "window_start_period": 75.0,
        "window_end_period": 324.0,
        "first": 0.4955796023045884,
        "last": 0.5127702040695672,
        "median": 0.5014029844478851,
        "peak_to_peak": 0.031644735691090164,
        "fractional_peak_to_peak": 0.06311238000694282,
        "slope_per_cycle": 2.2776222320215274e-07,
        "fractional_slope_per_cycle": 4.5424983549499776e-07,
        "log_slope_per_cycle": 1.48705398153715e-07,
        "efolding_cycles": 6724705.440526859
      },
      "gamma": {
        "available": true,
        "window_cycles": 250,
        "window_start_period": 75.0,
        "window_end_period": 324.0,
        "first": 0.004495431472433766,
        "last": 0.008281211112929752,
        "median": 0.005099037123338658,
        "peak_to_peak": 0.005525054268201901,
        "fractional_peak_to_peak": 1.0835485474136544,
        "slope_per_cycle": 1.8587116113141604e-07,
        "fractional_slope_per_cycle": 3.645220786502425e-05,
        "log_slope_per_cycle": -3.617939378633304e-05,
        "efolding_cycles": null
      },
      "max_vsurf_div_cs": {
        "available": true,
        "window_cycles": 250,
        "window_start_period": 129.0,
        "window_end_period": 324.0,
        "first": 0.01909,
        "last": 0.02912,
        "median": 0.02506,
        "peak_to_peak": 0.01793,
        "fractional_peak_to_peak": 0.7154828411811653,
        "slope_per_cycle": 6.912041692897385e-05,
        "fractional_slope_per_cycle": 0.0027581970043485176,
        "log_slope_per_cycle": 0.0027291457673363183,
        "efolding_cycles": 366.415019662366
      }
    },
    "500": {
      "delta_r": {
        "available": false,
        "reason": "only 324 rows for 500-cycle window"
      },
      "period_days": {
        "available": false,
        "reason": "only 324 rows for 500-cycle window"
      },
      "gamma": {
        "available": false,
        "reason": "only 324 rows for 500-cycle window"
      },
      "max_vsurf_div_cs": {
        "available": false,
        "reason": "only 324 rows for 500-cycle window"
      }
    }
  },
  "latest_rolling": {
    "window_start_period": 225.0,
    "window_end_period": 324.0,
    "gamma_peak_to_peak": 0.005525054268201901,