{
  "generated_at": "2026-06-17T22:58:15.620651+00:00",
  "workspace": "<local-rre-root>/rsp_batch_runs",
  "model_id": "model_008",
  "run_name": "model_008_M0p6151_Z0p0004406_T6792",
  "source": "cumulative:saturation+continue_saturation",
  "source_kind": "history_exact_rsp_columns",
  "cycle_count": 972,
  "first_period": 1.0,
  "last_period": 972.0,
  "rolling_window": 100,
  "fits": {
    "50": {
      "delta_r": {
        "available": true,
        "window_cycles": 50,
        "window_start_period": 923.0,
        "window_end_period": 972.0,
        "first": 0.05295804608324417,
        "last": 0.0585696500926165,
        "median": 0.05568990055001333,
        "peak_to_peak": 0.0056116040093723285,
        "fractional_peak_to_peak": 0.10076520076261809,
        "slope_per_cycle": 0.00011449484169821246,
        "fractional_slope_per_cycle": 0.002055935467067108,
        "log_slope_per_cycle": 0.0020553202398842707,
        "efolding_cycles": 486.54218481121325
      },
      "period_days": {
        "available": true,
        "window_cycles": 50,
        "window_start_period": 923.0,
        "window_end_period": 972.0,
        "first": 0.6316225328815549,
        "last": 0.6316223015237806,
        "median": 0.631622134865848,
        "peak_to_peak": 5.720733423641988e-07,
        "fractional_peak_to_peak": 9.057208586993284e-07,
        "slope_per_cycle": -2.8966473322130405e-09,
        "fractional_slope_per_cycle": -4.586044681331929e-09,
        "log_slope_per_cycle": -4.5860432055075e-09,
        "efolding_cycles": null
      },
      "gamma": {
        "available": true,
        "window_cycles": 50,
        "window_start_period": 923.0,
        "window_end_period": 972.0,
        "first": 0.004138299091996156,
        "last": 0.004160044309817127,
        "median": 0.004149087604902484,
        "peak_to_peak": 2.174521782097056e-05,
        "fractional_peak_to_peak": 0.005240963771234143,
        "slope_per_cycle": 4.3338958382309713e-07,
        "fractional_slope_per_cycle": 0.00010445418971414634,
        "log_slope_per_cycle": 0.00010445106798134471,
        "efolding_cycles": 9573.860941073413
      },
      "max_vsurf_div_cs": {
        "available": true,
        "window_cycles": 50,
        "window_start_period": 923.0,
        "window_end_period": 972.0,
        "first": 0.30039,
        "last": 0.33428,
        "median": 0.31681499999999996,
        "peak_to_peak": 0.03389000000000003,
        "fractional_peak_to_peak": 0.10697094518883271,
        "slope_per_cycle": 0.000691466506602641,
        "fractional_slope_per_cycle": 0.0021825560866835254,
        "log_slope_per_cycle": 0.002181625000620705,
        "efolding_cycles": 458.37391839362175
      }
    },
    "100": {
      "delta_r": {
        "available": true,
        "window_cycles": 100,
        "window_start_period": 873.0,
        "window_end_period": 972.0,
        "first": 0.04780437251428982,
        "last": 0.0585696500926165,
        "median": 0.05290380041037901,
        "peak_to_peak": 0.010765277578326682,
        "fractional_peak_to_peak": 0.2034877928394475,
        "slope_per_cycle": 0.00010863961876776951,
        "fractional_slope_per_cycle": 0.002053531465131868,
        "log_slope_per_cycle": 0.0020511292420983232,
        "efolding_cycles": 487.53631876311766
      },
      "period_days": {
        "available": true,
        "window_cycles": 100,
        "window_start_period": 873.0,
        "window_end_period": 972.0,
        "first": 0.6316260629766448,
        "last": 0.6316223015237806,
        "median": 0.6316225615416273,
        "peak_to_peak": 4.102168432273956e-06,
        "fractional_peak_to_peak": 6.494651524577627e-06,
        "slope_per_cycle": -4.005652373112787e-08,
        "fractional_slope_per_cycle": -6.34184498307981e-08,
        "log_slope_per_cycle": -6.341834321833143e-08,
        "efolding_cycles": null
      },
      "gamma": {
        "available": true,
        "window_cycles": 100,
        "window_start_period": 873.0,
        "window_end_period": 972.0,
        "first": 0.004120178096943438,
        "last": 0.004160044309817127,
        "median": 0.004137822878006988,
        "peak_to_peak": 4.019225519480505e-05,
        "fractional_peak_to_peak": 0.00971338222533197,
        "slope_per_cycle": 4.187609777808777e-07,
        "fractional_slope_per_cycle": 0.000101203214861284,
        "log_slope_per_cycle": 0.00010117280924824959,
        "efolding_cycles": 9884.078611934967
      },
      "max_vsurf_div_cs": {
        "available": true,
        "window_cycles": 100,
        "window_start_period": 873.0,
        "window_end_period": 972.0,
        "first": 0.2698,
        "last": 0.33428,
        "median": 0.300065,
        "peak_to_peak": 0.06448000000000004,
        "fractional_peak_to_peak": 0.2148867745321848,
        "slope_per_cycle": 0.000650386198619862,
        "fractional_slope_per_cycle": 0.0021674843737852197,
        "log_slope_per_cycle": 0.0021637998512117644,
        "efolding_cycles": 462.1499532130863
      }
    },
    "250": {
      "delta_r": {
        "available": true,
        "window_cycles": 250,
        "window_start_period": 723.0,
        "window_end_period": 972.0,
        "first": 0.03520980557318687,
        "last": 0.0585696500926165,
        "median": 0.04537500056018251,
        "peak_to_peak": 0.02335984451942963,
        "fractional_peak_to_peak": 0.5148175037143332,
        "slope_per_cycle": 9.33812651608128e-05,
        "fractional_slope_per_cycle": 0.0020579892894316957,
        "log_slope_per_cycle": 0.0020436884835148177,
        "efolding_cycles": 489.3113642643617
      },
      "period_days": {
        "available": true,
        "window_cycles": 250,
        "window_start_period": 723.0,
        "window_end_period": 972.0,
        "first": 0.631629726067013,
        "last": 0.6316223015237806,
        "median": 0.6316276698649206,
        "peak_to_peak": 7.76525880041845e-06,
        "fractional_peak_to_peak": 1.2294044689459415e-05,
        "slope_per_cycle": -3.887289319398346e-08,
        "fractional_slope_per_cycle": -6.15439998097246e-08,
        "log_slope_per_cycle": -6.154416063902031e-08,
        "efolding_cycles": null
      },
      "gamma": {
        "available": true,
        "window_cycles": 250,
        "window_start_period": 723.0,
        "window_end_period": 972.0,
        "first": 0.004078698581534329,
        "last": 0.004160044309817127,
        "median": 0.0041120249497053375,
        "peak_to_peak": 8.243971273571866e-05,
        "fractional_peak_to_peak": 0.020048446627646602,
        "slope_per_cycle": 3.1785446288668334e-07,
        "fractional_slope_per_cycle": 7.729876807033002e-05,
        "log_slope_per_cycle": 7.721400431379552e-05,
        "efolding_cycles": 12951.018521666463
      },
      "max_vsurf_div_cs": {
        "available": true,
        "window_cycles": 250,
        "window_start_period": 723.0,
        "window_end_period": 972.0,
        "first": 0.19613,
        "last": 0.33428,
        "median": 0.2555,
        "peak_to_peak": 0.13815000000000002,
        "fractional_peak_to_peak": 0.5407045009784737,
        "slope_per_cycle": 0.0005509735938175011,
        "fractional_slope_per_cycle": 0.002156452421986306,
        "log_slope_per_cycle": 0.0021386431745240423,
        "efolding_cycles": 467.58618357293346
      }
    },
    "500": {
      "delta_r": {
        "available": true,
        "window_cycles": 500,
        "window_start_period": 473.0,
        "window_end_period": 972.0,
        "first": 0.006326072497192747,
        "last": 0.0585696500926165,
        "median": 0.03517411392421321,
        "peak_to_peak": 0.05224357759542375,
        "fractional_peak_to_peak": 1.4852848236060392,