{
  "generated_at": "2026-06-18T15:02:23.836596+00:00",
  "workspace": "<local-rre-root>/rsp_batch_runs",
  "model_id": "model_009",
  "run_name": "model_009_M0p6668_Z0p0001120_T6852",
  "source": "cumulative:saturation+saturation_resume:LOGS_saturation_resume_130000",
  "source_kind": "history_exact_rsp_columns",
  "cycle_count": 164,
  "first_period": 1.0,
  "last_period": 164.0,
  "rolling_window": 100,
  "fits": {
    "50": {
      "delta_r": {
        "available": true,
        "window_cycles": 50,
        "window_start_period": 115.0,
        "window_end_period": 164.0,
        "first": 0.0028484348837283235,
        "last": 0.003030534835823495,
        "median": 0.0029254979960295913,
        "peak_to_peak": 0.00066537093857022,
        "fractional_peak_to_peak": 0.2274385213981496,
        "slope_per_cycle": 7.476202817136493e-06,
        "fractional_slope_per_cycle": 0.0025555316829076616,
        "log_slope_per_cycle": 0.002592489712418824,
        "efolding_cycles": 385.72959237203224
      },
      "period_days": {
        "available": true,
        "window_cycles": 50,
        "window_start_period": 115.0,
        "window_end_period": 164.0,
        "first": 0.4935226931208335,
        "last": 0.512566947925672,
        "median": 0.501309117961829,
        "peak_to_peak": 0.02787633754667629,
        "fractional_peak_to_peak": 0.05560708263199567,
        "slope_per_cycle": 3.595446195431169e-05,
        "fractional_slope_per_cycle": 7.172114104066497e-05,
        "log_slope_per_cycle": 7.100120747536918e-05,
        "efolding_cycles": 14084.267515406791
      },
      "gamma": {
        "available": true,
        "window_cycles": 50,
        "window_start_period": 115.0,
        "window_end_period": 164.0,
        "first": 0.0046703141251731965,
        "last": 0.004720133685926868,
        "median": 0.0051153951052743335,
        "peak_to_peak": 0.004702758101273996,
        "fractional_peak_to_peak": 0.9193342849362935,
        "slope_per_cycle": 1.2598680730472224e-06,
        "fractional_slope_per_cycle": 0.0002462894941874987,
        "log_slope_per_cycle": 0.00011935976018064732,
        "efolding_cycles": 8378.03291902171
      },
      "max_vsurf_div_cs": {
        "available": true,
        "window_cycles": 50,
        "window_start_period": 129.0,
        "window_end_period": 164.0,
        "first": 0.01909,
        "last": 0.02068,
        "median": 0.02031,
        "peak_to_peak": 0.005420000000000001,
        "fractional_peak_to_peak": 0.26686361398325953,
        "slope_per_cycle": 5.024967824967826e-05,
        "fractional_slope_per_cycle": 0.0024741348227315736,
        "log_slope_per_cycle": 0.0025068702152654682,
        "efolding_cycles": 398.9037780697808
      }
    },
    "100": {
      "delta_r": {
        "available": true,
        "window_cycles": 100,
        "window_start_period": 65.0,
        "window_end_period": 164.0,
        "first": 0.002424862967147945,
        "last": 0.003030534835823495,
        "median": 0.002678577736783261,
        "peak_to_peak": 0.0010370337793359496,
        "fractional_peak_to_peak": 0.3871583658353471,
        "slope_per_cycle": 7.283575665400389e-06,
        "fractional_slope_per_cycle": 0.002719195177866046,
        "log_slope_per_cycle": 0.0027007329731483383,
        "efolding_cycles": 370.26985264458233
      },
      "period_days": {
        "available": true,
        "window_cycles": 100,
        "window_start_period": 65.0,
        "window_end_period": 164.0,
        "first": 0.5013702223637935,
        "last": 0.512566947925672,
        "median": 0.5012360662727399,
        "peak_to_peak": 0.02787633754667629,
        "fractional_peak_to_peak": 0.05561518697959737,
        "slope_per_cycle": 6.8136413621473865e-06,
        "fractional_slope_per_cycle": 1.3593677352099896e-05,
        "log_slope_per_cycle": 1.3279468242190589e-05,
        "efolding_cycles": 75304.22015114059
      },
      "gamma": {
        "available": true,
        "window_cycles": 100,
        "window_start_period": 65.0,
        "window_end_period": 164.0,
        "first": 0.003884901270338393,
        "last": 0.004720133685926868,
        "median": 0.005077144385201057,
        "peak_to_peak": 0.004702758101273996,
        "fractional_peak_to_peak": 0.926260461487302,
        "slope_per_cycle": 6.577686425989331e-07,
        "fractional_slope_per_cycle": 0.00012955484278056142,
        "log_slope_per_cycle": 0.0001658564480856681,
        "efolding_cycles": 6029.310355684696
      },
      "max_vsurf_div_cs": {
        "available": true,
        "window_cycles": 100,
        "window_start_period": 129.0,
        "window_end_period": 164.0,
        "first": 0.01909,
        "last": 0.02068,
        "median": 0.02031,
        "peak_to_peak": 0.005420000000000001,
        "fractional_peak_to_peak": 0.26686361398325953,
        "slope_per_cycle": 5.024967824967826e-05,
        "fractional_slope_per_cycle": 0.0024741348227315736,
        "log_slope_per_cycle": 0.0025068702152654682,
        "efolding_cycles": 398.9037780697808
      }
    },
    "250": {
      "delta_r": {
        "available": false,
        "reason": "only 164 rows for 250-cycle window"
      },
      "period_days": {
        "available": false,
        "reason": "only 164 rows for 250-cycle window"
      },
      "gamma": {
        "available": false,
        "reason": "only 164 rows for 250-cycle window"
      },
      "max_vsurf_div_cs": {
        "available": false,
        "reason": "only 164 rows for 250-cycle window"
      }
    },
    "500": {
      "delta_r": {
        "available": false,
        "reason": "only 164 rows for 500-cycle window"
      },
      "period_days": {
        "available": false,
        "reason": "only 164 rows for 500-cycle window"
      },
      "gamma": {
        "available": false,
        "reason": "only 164 rows for 500-cycle window"
      },
      "max_vsurf_div_cs": {
        "available": false,
        "reason": "only 164 rows for 500-cycle window"
      }
    }
  },
  "latest_rolling": {
    "window_start_period": 65.0,
    "window_end_period": 164.0,
    "gamma_peak_to_peak": 0.004702758101273996,
    "period_fractional_peak_to_peak": 0.05561518697959737,
    "delta_r_fractional_peak_to_peak": 0.3871583658353471
  },
  "growth_outlook": {
    "status": "amplitude still growing",
    "tolerance": 0.001,
    "delta_r_fractional_peak_to_peak": 0.3871583658353471,
    "delta_r_criterion_factor": 387.15836583534707,
    "log_slope_per_cycle": 0.0027007329731483383,
    "efolding_cycles": 370.26985264458233,
    "doubling_cycles": 256.65150440693867,
    "fit_window_cycles": 100,
    "max_vsurf_div_cs_latest": 0.02068,
    "max_vsurf_div_cs_log_slope_per_cycle": 0.0025068702152654682,
    "max_vsurf_div_cs_efolding_cycles": 398.9037780697808,
    "max_vsurf_div_cs_fit_window_cycles": 100,
    "cycles_to_vsurf_div_cs_0p8": 1458.1706925903227,
    "cycles_to_vsurf_div_cs_1p0": 1547.183498261469
  }
}
