{
  "generated_at": "2026-06-19T11:38:27.290196+00:00",
  "workspace": "<local-rre-root>/rsp_batch_runs",
  "model_id": "model_009",
  "run_name": "model_009_M0p6668_Z0p0001120_T6852",
  "source": "cumulative:saturation+saturation_resume:LOGS_saturation_resume_130000",
  "source_kind": "history_exact_rsp_columns",
  "cycle_count": 267,
  "first_period": 1.0,
  "last_period": 267.0,
  "rolling_window": 100,
  "fits": {
    "50": {
      "delta_r": {
        "available": true,
        "window_cycles": 50,
        "window_start_period": 218.0,
        "window_end_period": 267.0,
        "first": 0.003672083406736526,
        "last": 0.004347645030062353,
        "median": 0.003798548140008684,
        "peak_to_peak": 0.0010086358840242227,
        "fractional_peak_to_peak": 0.2655319471670344,
        "slope_per_cycle": 1.0732205313823844e-05,
        "fractional_slope_per_cycle": 0.002825344030995829,
        "log_slope_per_cycle": 0.0028007670125810543,
        "efolding_cycles": 357.045050697897
      },
      "period_days": {
        "available": true,
        "window_cycles": 50,
        "window_start_period": 218.0,
        "window_end_period": 267.0,
        "first": 0.4904726235493716,
        "last": 0.492071336387523,
        "median": 0.4988498374480319,
        "peak_to_peak": 0.030376256475962315,
        "fractional_peak_to_peak": 0.060892585695443445,
        "slope_per_cycle": 4.013000023333511e-06,
        "fractional_slope_per_cycle": 8.044505023521369e-06,
        "log_slope_per_cycle": 7.811465292523508e-06,
        "efolding_cycles": 128016.95489284421
      },
      "gamma": {
        "available": true,
        "window_cycles": 50,
        "window_start_period": 218.0,
        "window_end_period": 267.0,
        "first": 0.004362994861096183,
        "last": 0.00488239617278169,
        "median": 0.0049484073190844795,
        "peak_to_peak": 0.005295484819423992,
        "fractional_peak_to_peak": 1.0701392342948288,
        "slope_per_cycle": -1.7347706286914297e-07,
        "fractional_slope_per_cycle": -3.5057151055471015e-05,
        "log_slope_per_cycle": -0.0005236176842233578,
        "efolding_cycles": null
      },
      "max_vsurf_div_cs": {
        "available": true,
        "window_cycles": 50,
        "window_start_period": 218.0,
        "window_end_period": 267.0,
        "first": 0.02566,
        "last": 0.03084,
        "median": 0.02592,
        "peak_to_peak": 0.008909999999999998,
        "fractional_peak_to_peak": 0.34374999999999994,
        "slope_per_cycle": 7.479375750300119e-05,
        "fractional_slope_per_cycle": 0.0028855616320602314,
        "log_slope_per_cycle": 0.0028303200175738056,
        "efolding_cycles": 353.3169372335555
      }
    },
    "100": {
      "delta_r": {
        "available": true,
        "window_cycles": 100,
        "window_start_period": 168.0,
        "window_end_period": 267.0,
        "first": 0.0032914493465527883,
        "last": 0.004347645030062353,
        "median": 0.0036095809442588944,
        "peak_to_peak": 0.001402152935698453,
        "fractional_peak_to_peak": 0.3884531078125851,
        "slope_per_cycle": 9.800771161979554e-06,
        "fractional_slope_per_cycle": 0.002715210245546055,
        "log_slope_per_cycle": 0.0027375747862299644,
        "efolding_cycles": 365.28682431983685
      },
      "period_days": {
        "available": true,
        "window_cycles": 100,
        "window_start_period": 168.0,
        "window_end_period": 267.0,
        "first": 0.488915046204843,
        "last": 0.492071336387523,
        "median": 0.5008335506871959,
        "peak_to_peak": 0.030376256475962315,
        "fractional_peak_to_peak": 0.06065140091809528,
        "slope_per_cycle": 3.150533661489564e-06,
        "fractional_slope_per_cycle": 6.290580287935388e-06,
        "log_slope_per_cycle": 5.858561759840877e-06,
        "efolding_cycles": 170690.35729123402
      },
      "gamma": {
        "available": true,
        "window_cycles": 100,
        "window_start_period": 168.0,
        "window_end_period": 267.0,
        "first": 0.0052185781684085785,
        "last": 0.00488239617278169,
        "median": 0.005024979931761238,
        "peak_to_peak": 0.005295484819423992,
        "fractional_peak_to_peak": 1.0538320334282296,
        "slope_per_cycle": -1.0365563393200507e-07,
        "fractional_slope_per_cycle": -2.0628069234034558e-05,
        "log_slope_per_cycle": -9.686644087094308e-05,
        "efolding_cycles": null
      },
      "max_vsurf_div_cs": {
        "available": true,
        "window_cycles": 100,
        "window_start_period": 168.0,
        "window_end_period": 267.0,
        "first": 0.02326,
        "last": 0.03084,
        "median": 0.02431,
        "peak_to_peak": 0.01134,
        "fractional_peak_to_peak": 0.46647470176881944,
        "slope_per_cycle": 6.76210621062106e-05,
        "fractional_slope_per_cycle": 0.0027816150599017115,
        "log_slope_per_cycle": 0.002744601580466034,
        "efolding_cycles": 364.3516083052753
      }
    },
    "250": {
      "delta_r": {
        "available": true,
        "window_cycles": 250,
        "window_start_period": 18.0,
        "window_end_period": 267.0,
        "first": 0.0020913168241412095,
        "last": 0.004347645030062353,
        "median": 0.0029419148922400495,
        "peak_to_peak": 0.002373893948126593,
        "fractional_peak_to_peak": 0.8069213539753521,
        "slope_per_cycle": 8.043387524618324e-06,
        "fractional_slope_per_cycle": 0.0027340653347364113,
        "log_slope_per_cycle": 0.0027337035421580087,
        "efolding_cycles": 365.804113203362
      },
      "period_days": {
        "available": true,
        "window_cycles": 250,
        "window_start_period": 18.0,
        "window_end_period": 267.0,
        "first": 0.5108609304418699,
        "last": 0.492071336387523,
        "median": 0.5012360662727399,
        "peak_to_peak": 0.030376256475962315,
        "fractional_peak_to_peak": 0.06060269505713012,
        "slope_per_cycle": -5.9923361923682e-07,
        "fractional_slope_per_cycle": -1.1955117749063898e-06,
        "log_slope_per_cycle": -1.5480996121060779e-06,
        "efolding_cycles": null
      },
      "gamma": {
        "available": true,
        "window_cycles": 250,
        "window_start_period": 18.0,
        "window_end_period": 267.0,
        "first": 0.004497964900147719,
        "last": 0.00488239617278169,
        "median": 0.005056107745992952,
        "peak_to_peak": 0.005295484819423992,
        "fractional_peak_to_peak": 1.047344140088935,
        "slope_per_cycle": 1.0979408043444142e-07,
        "fractional_slope_per_cycle": 2.1715138590836996e-05,
        "log_slope_per_cycle": -5.886730450500555e-05,
        "efolding_cycles": null
      },
      "max_vsurf_div_cs": {
        "available": true,
        "window_cycles": 250,
        "window_start_period": 129.0,
        "window_end_period": 267.0,
        "first": 0.01909,
        "last": 0.03084,
        "median": 0.02311,
        "peak_to_peak": 0.01321,
        "fractional_peak_to_peak": 0.5716140199048031,
        "slope_per_cycle": 6.414643192278475e-05,
        "fractional_slope_per_cycle": 0.0027757002130153505,
        "log_slope_per_cycle": 0.00274309707387849,
        "efolding_cycles": 364.5514442498715
      }
    },
    "500": {
      "delta_r": {
        "available": false,
        "reason": "only 267 rows for 500-cycle window"
      },
      "period_days": {
        "available": false,
        "reason": "only 267 rows for 500-cycle window"
      },
      "gamma": {
        "available": false,
        "reason": "only 267 rows for 500-cycle window"
      },
      "max_vsurf_div_cs": {
        "available": false,
        "reason": "only 267 rows for 500-cycle window"
      }
    }
  },
  "latest_rolling": {
    "window_start_period": 168.0,
    "window_end_period": 267.0,
    "gamma_peak_to_peak": 0.005295484819423992,