{
  "generated_at": "2026-06-17T17:50:04.327459+00:00",
  "workspace": "<local-rre-root>/rsp_batch_runs",
  "model_id": "model_007",
  "run_name": "model_007_M0p6887_Z0p004060_T6669",
  "source": "cumulative:continue_saturation+continue_saturation_resume:LOGS_continue_saturation_resume_2180000",
  "source_kind": "history_exact_rsp_columns",
  "cycle_count": 1583,
  "first_period": 1.0,
  "last_period": 3143.0,
  "rolling_window": 100,
  "fits": {
    "50": {
      "delta_r": {
        "available": true,
        "window_cycles": 50,
        "window_start_period": 1534.0,
        "window_end_period": 3143.0,
        "first": 0.5965940328944948,
        "last": 0.6136581741488225,
        "median": 0.6066660803646102,
        "peak_to_peak": 0.017064141254327758,
        "fractional_peak_to_peak": 0.028127732547816253,
        "slope_per_cycle": 5.008182705349187e-06,
        "fractional_slope_per_cycle": 8.255254195750052e-06,
        "log_slope_per_cycle": 8.262589417721133e-06,
        "efolding_cycles": 121027.4345540221
      },
      "period_days": {
        "available": true,
        "window_cycles": 50,
        "window_start_period": 1534.0,
        "window_end_period": 3143.0,
        "first": 0.5572093932889401,
        "last": 0.5572295458061207,
        "median": 0.5572218683136075,
        "peak_to_peak": 3.955523724907817e-05,
        "fractional_peak_to_peak": 7.098651273107656e-05,
        "slope_per_cycle": 7.306400425270782e-09,
        "fractional_slope_per_cycle": 1.3112192540797231e-08,
        "log_slope_per_cycle": 1.3112267652732828e-08,
        "efolding_cycles": 76264459.0916036
      },
      "gamma": {
        "available": true,
        "window_cycles": 50,
        "window_start_period": 1534.0,
        "window_end_period": 3143.0,
        "first": 0.0011796830129590695,
        "last": 0.0007948930335179019,
        "median": 0.0009675867791507656,
        "peak_to_peak": 0.0003847899794411677,
        "fractional_peak_to_peak": 0.3976800714235588,
        "slope_per_cycle": -1.0846512174722039e-07,
        "fractional_slope_per_cycle": -0.0001120985983731799,
        "log_slope_per_cycle": -0.0001128119368181848,
        "efolding_cycles": null
      },
      "max_vsurf_div_cs": {
        "available": true,
        "window_cycles": 50,
        "window_start_period": 1562.0,
        "window_end_period": 1564.0,
        "first": 4.72111,
        "last": 4.72559,
        "median": 4.72344,
        "peak_to_peak": 0.0044800000000000395,
        "fractional_peak_to_peak": 0.0009484612909235725,
        "slope_per_cycle": 0.0022400000000000198,
        "fractional_slope_per_cycle": 0.00047423064546178625,
        "log_slope_per_cycle": 0.00047423971713456137,
        "efolding_cycles": 2108.6382347774947
      }
    },
    "100": {
      "delta_r": {
        "available": true,
        "window_cycles": 100,
        "window_start_period": 1484.0,
        "window_end_period": 3143.0,
        "first": 0.569221179431751,
        "last": 0.6136581741488225,
        "median": 0.5963607191791893,
        "peak_to_peak": 0.04443699471707152,
        "fractional_peak_to_peak": 0.07451361782887561,
        "slope_per_cycle": 1.286732788525012e-05,
        "fractional_slope_per_cycle": 2.157641754634724e-05,
        "log_slope_per_cycle": 2.155121401063249e-05,
        "efolding_cycles": 46401.09830966556
      },
      "period_days": {
        "available": true,
        "window_cycles": 100,
        "window_start_period": 1484.0,
        "window_end_period": 3143.0,
        "first": 0.557116603013128,
        "last": 0.5572295458061207,
        "median": 0.5572046729498887,
        "peak_to_peak": 0.00011674496121016897,
        "fractional_peak_to_peak": 0.0002095189916339202,
        "slope_per_cycle": 2.430575178576889e-08,
        "fractional_slope_per_cycle": 4.362086853488177e-08,
        "log_slope_per_cycle": 4.3621478723449044e-08,
        "efolding_cycles": 22924486.497575853
      },
      "gamma": {
        "available": true,
        "window_cycles": 100,
        "window_start_period": 1484.0,
        "window_end_period": 3143.0,
        "first": 0.0017483774623577705,
        "last": 0.0007948930335179019,
        "median": 0.0011841112680743688,
        "peak_to_peak": 0.0009534844288398687,
        "fractional_peak_to_peak": 0.8052321218008919,
        "slope_per_cycle": -2.7761447955665476e-07,
        "fractional_slope_per_cycle": -0.0002344496560767624,
        "log_slope_per_cycle": -0.0002469347120491338,
        "efolding_cycles": null
      },
      "max_vsurf_div_cs": {
        "available": true,
        "window_cycles": 100,
        "window_start_period": 1562.0,
        "window_end_period": 1564.0,
        "first": 4.72111,
        "last": 4.72559,
        "median": 4.72344,
        "peak_to_peak": 0.0044800000000000395,
        "fractional_peak_to_peak": 0.0009484612909235725,
        "slope_per_cycle": 0.0022400000000000198,
        "fractional_slope_per_cycle": 0.00047423064546178625,
        "log_slope_per_cycle": 0.00047423971713456137,
        "efolding_cycles": 2108.6382347774947
      }
    },
    "250": {
      "delta_r": {
        "available": true,
        "window_cycles": 250,
        "window_start_period": 1334.0,
        "window_end_period": 3143.0,
        "first": 0.44068453389237483,
        "last": 0.6136581741488225,
        "median": 0.5515080765394145,
        "peak_to_peak": 0.17297364025644768,
        "fractional_peak_to_peak": 0.31363754696362245,
        "slope_per_cycle": 5.752812013987067e-05,
        "fractional_slope_per_cycle": 0.00010431056694735334,
        "log_slope_per_cycle": 0.00010507737062164627,
        "efolding_cycles": 9516.79694765789
      },
      "period_days": {
        "available": true,
        "window_cycles": 250,
        "window_start_period": 1334.0,
        "window_end_period": 3143.0,
        "first": 0.5569321041612851,
        "last": 0.5572295458061207,
        "median": 0.5570243975007907,
        "peak_to_peak": 0.0005568297119398213,
        "fractional_peak_to_peak": 0.0009996504900649903,
        "slope_per_cycle": 1.3145553526176528e-07,
        "fractional_slope_per_cycle": 2.359960099621645e-07,
        "log_slope_per_cycle": 2.359669016222031e-07,
        "efolding_cycles": 4237882.4874391025
      },
      "gamma": {
        "available": true,
        "window_cycles": 250,
        "window_start_period": 1334.0,
        "window_end_period": 3143.0,
        "first": 0.003795460979346353,
        "last": 0.0007948930335179019,
        "median": 0.0020835477129007105,
        "peak_to_peak": 0.003000567945828451,
        "fractional_peak_to_peak": 1.440124422037385,
        "slope_per_cycle": -1.0729327000812698e-06,
        "fractional_slope_per_cycle": -0.0005149547060707985,
        "log_slope_per_cycle": -0.0006339633690368085,
        "efolding_cycles": null
      },
      "max_vsurf_div_cs": {
        "available": true,
        "window_cycles": 250,
        "window_start_period": 1562.0,
        "window_end_period": 1564.0,
        "first": 4.72111,
        "last": 4.72559,
        "median": 4.72344,
        "peak_to_peak": 0.0044800000000000395,
        "fractional_peak_to_peak": 0.0009484612909235725,
        "slope_per_cycle": 0.0022400000000000198,
        "fractional_slope_per_cycle": 0.00047423064546178625,
        "log_slope_per_cycle": 0.00047423971713456137,
        "efolding_cycles": 2108.6382347774947
      }
    },
    "500": {
      "delta_r": {
        "available": true,
        "window_cycles": 500,
        "window_start_period": 1084.0,
        "window_end_period": 3143.0,
        "first": 0.23498723616118955,
        "last": 0.6136581741488225,
        "median": 0.44022296787037307,