{
  "generated_at": "2026-06-19T12:06:07.143810+00:00",
  "workspace": "<local-rre-root>/rsp_batch_runs",
  "model_id": "model_008",
  "run_name": "model_008_M0p6151_Z0p0004406_T6792",
  "source": "cumulative:saturation+continue_saturation+continue_saturation_resume:LOGS_continue_saturation_resume_1620000",
  "source_kind": "history_exact_rsp_columns",
  "cycle_count": 1148,
  "first_period": 1.0,
  "last_period": 1148.0,
  "rolling_window": 100,
  "fits": {
    "50": {
      "delta_r": {
        "available": true,
        "window_cycles": 50,
        "window_start_period": 1099.0,
        "window_end_period": 1148.0,
        "first": 0.07617541810399775,
        "last": 0.08436977639663645,
        "median": 0.08016387278996895,
        "peak_to_peak": 0.008194358292638704,
        "fractional_peak_to_peak": 0.10222009001621088,
        "slope_per_cycle": 0.0001672194327778078,
        "fractional_slope_per_cycle": 0.0020859699882006233,
        "log_slope_per_cycle": 0.0020853371093810785,
        "efolding_cycles": 479.53877361190627
      },
      "period_days": {
        "available": true,
        "window_cycles": 50,
        "window_start_period": 1099.0,
        "window_end_period": 1148.0,
        "first": 0.6316183795128018,
        "last": 0.6316197421876024,
        "median": 0.6316201937224508,
        "peak_to_peak": 2.337181423284207e-06,
        "fractional_peak_to_peak": 3.7002955993380112e-06,
        "slope_per_cycle": 3.3491189993598826e-08,
        "fractional_slope_per_cycle": 5.3024254649330706e-08,
        "log_slope_per_cycle": 5.302430394870016e-08,
        "efolding_cycles": 18859276.32293821
      },
      "gamma": {
        "available": true,
        "window_cycles": 50,
        "window_start_period": 1099.0,
        "window_end_period": 1148.0,
        "first": 0.004223685342777745,
        "last": 0.004249318098801517,
        "median": 0.004236494846155757,
        "peak_to_peak": 2.5632756023771623e-05,
        "fractional_peak_to_peak": 0.006050463166981325,
        "slope_per_cycle": 5.217049720208467e-07,
        "fractional_slope_per_cycle": 0.00012314542822924657,
        "log_slope_per_cycle": 0.0001231446778290755,
        "efolding_cycles": 8120.529588684275
      },
      "max_vsurf_div_cs": {
        "available": true,
        "window_cycles": 50,
        "window_start_period": 1099.0,
        "window_end_period": 1148.0,
        "first": 0.44311,
        "last": 0.49577,
        "median": 0.468685,
        "peak_to_peak": 0.052659999999999985,
        "fractional_peak_to_peak": 0.11235691349200419,
        "slope_per_cycle": 0.001075038655462185,
        "fractional_slope_per_cycle": 0.0022937338627482956,
        "log_slope_per_cycle": 0.0022929309511364356,
        "efolding_cycles": 436.12303262092314
      }
    },
    "100": {
      "delta_r": {
        "available": true,
        "window_cycles": 100,
        "window_start_period": 1049.0,
        "window_end_period": 1148.0,
        "first": 0.06867224878533218,
        "last": 0.08436977639663645,
        "median": 0.07609628690657333,
        "peak_to_peak": 0.015697527611304274,
        "fractional_peak_to_peak": 0.20628506658382426,
        "slope_per_cycle": 0.00015843927826516513,
        "fractional_slope_per_cycle": 0.00208208947776503,
        "log_slope_per_cycle": 0.0020794630127428672,
        "efolding_cycles": 480.89338154708184
      },
      "period_days": {
        "available": true,
        "window_cycles": 100,
        "window_start_period": 1049.0,
        "window_end_period": 1148.0,
        "first": 0.6316172341060721,
        "last": 0.6316197421876024,
        "median": 0.6316183194270599,
        "peak_to_peak": 4.4000919701137065e-06,
        "fractional_peak_to_peak": 6.966378008327915e-06,
        "slope_per_cycle": 5.328753360726417e-08,
        "fractional_slope_per_cycle": 8.436666886989792e-08,
        "log_slope_per_cycle": 8.436664798286182e-08,
        "efolding_cycles": 11853025.145708518
      },
      "gamma": {
        "available": true,
        "window_cycles": 100,
        "window_start_period": 1049.0,
        "window_end_period": 1148.0,
        "first": 0.00419535245619671,
        "last": 0.004249318098801517,
        "median": 0.004223366009406732,
        "peak_to_peak": 5.396564260480661e-05,
        "fractional_peak_to_peak": 0.01277787491887006,
        "slope_per_cycle": 5.486809098644034e-07,
        "fractional_slope_per_cycle": 0.00012991554808234064,
        "log_slope_per_cycle": 0.00012994251335247522,
        "efolding_cycles": 7695.710773943957
      },
      "max_vsurf_div_cs": {
        "available": true,
        "window_cycles": 100,
        "window_start_period": 1049.0,
        "window_end_period": 1148.0,
        "first": 0.39602,
        "last": 0.49577,
        "median": 0.442605,
        "peak_to_peak": 0.09975,
        "fractional_peak_to_peak": 0.22537025112685125,
        "slope_per_cycle": 0.0010081117311731174,
        "fractional_slope_per_cycle": 0.0022776781355229093,
        "log_slope_per_cycle": 0.0022731198987366594,
        "efolding_cycles": 439.9240007338697
      }
    },
    "250": {
      "delta_r": {
        "available": true,
        "window_cycles": 250,
        "window_start_period": 899.0,
        "window_end_period": 1148.0,
        "first": 0.05041710945286848,
        "last": 0.08436977639663645,
        "median": 0.06514338513536488,
        "peak_to_peak": 0.03395266694376797,
        "fractional_peak_to_peak": 0.5211989962329395,
        "slope_per_cycle": 0.0001356929196668197,
        "fractional_slope_per_cycle": 0.002082988462832507,
        "log_slope_per_cycle": 0.0020677604893260793,
        "efolding_cycles": 483.6150052977935
      },
      "period_days": {
        "available": true,
        "window_cycles": 250,
        "window_start_period": 899.0,
        "window_end_period": 1148.0,
        "first": 0.6316240665647719,
        "last": 0.6316197421876024,
        "median": 0.6316206130419892,
        "peak_to_peak": 7.749962516956366e-06,
        "fractional_peak_to_peak": 1.22699645276478e-05,
        "slope_per_cycle": -2.1395883833008432e-08,
        "fractional_slope_per_cycle": -3.387458134078671e-08,
        "log_slope_per_cycle": -3.3874588725031865e-08,
        "efolding_cycles": null
      },
      "gamma": {
        "available": true,
        "window_cycles": 250,
        "window_start_period": 899.0,
        "window_end_period": 1148.0,
        "first": 0.00412770209711536,
        "last": 0.004249318098801517,
        "median": 0.004181828181717574,
        "peak_to_peak": 0.00012161600168615703,
        "fractional_peak_to_peak": 0.029082017816477217,
        "slope_per_cycle": 4.888341287361413e-07,
        "fractional_slope_per_cycle": 0.00011689483821292861,
        "log_slope_per_cycle": 0.00011674887186300577,
        "efolding_cycles": 8565.393258561071
      },
      "max_vsurf_div_cs": {
        "available": true,
        "window_cycles": 250,
        "window_start_period": 1018.0,
        "window_end_period": 1148.0,
        "first": 0.36986,
        "last": 0.49577,
        "median": 0.4273,
        "peak_to_peak": 0.12590999999999997,
        "fractional_peak_to_peak": 0.2946641703721038,
        "slope_per_cycle": 0.0009674673036886777,
        "fractional_slope_per_cycle": 0.002264140659229295,
        "log_slope_per_cycle": 0.0022559779464209864,
        "efolding_cycles": 443.26674451160204
      }
    },
    "500": {
      "delta_r": {
        "available": true,
        "window_cycles": 500,
        "window_start_period": 649.0,
        "window_end_period": 1148.0,
        "first": 0.030306026542639586,
        "last": 0.08436977639663645,
        "median": 0.050365545990311844,
        "peak_to_peak": 0.05406374985399687,
        "fractional_peak_to_peak": 1.0734272564899108,
        "slope_per_cycle": 0.00010629087232522564,
        "fractional_slope_per_cycle": 0.0021103885649461918,