{
  "generated_at": "2026-06-19T09:47:12.859967+00:00",
  "workspace": "<local-rre-root>/rsp_batch_runs",
  "model_id": "model_007",
  "run_name": "model_007_M0p6887_Z0p004060_T6669",
  "source": "cumulative:continue_saturation+continue_saturation_resume:LOGS_continue_saturation_resume_2180000+continue_saturation_resume:LOGS_continue_saturation_resume_2270000",
  "source_kind": "history_exact_rsp_columns",
  "cycle_count": 1707,
  "first_period": 1.0,
  "last_period": 1707.0,
  "rolling_window": 100,
  "fits": {
    "50": {
      "delta_r": {
        "available": true,
        "window_cycles": 50,
        "window_start_period": 1658.0,
        "window_end_period": 1707.0,
        "first": 0.631034619236198,
        "last": 0.6364204990783016,
        "median": 0.6340976072901325,
        "peak_to_peak": 0.005385879842103591,
        "fractional_peak_to_peak": 0.00849377095920703,
        "slope_per_cycle": 0.00011204790412018087,
        "fractional_slope_per_cycle": 0.0001767045054767304,
        "log_slope_per_cycle": 0.00017677305791831288,
        "efolding_cycles": 5656.970647993778
      },
      "period_days": {
        "available": true,
        "window_cycles": 50,
        "window_start_period": 1658.0,
        "window_end_period": 1707.0,
        "first": 0.5572781535129373,
        "last": 0.5572575202915404,
        "median": 0.5572546947732809,
        "peak_to_peak": 7.364367203854805e-05,
        "fractional_peak_to_peak": 0.000132154421899505,
        "slope_per_cycle": 1.0387857576803944e-07,
        "fractional_slope_per_cycle": 1.8641130661142736e-07,
        "log_slope_per_cycle": 1.8641053448630723e-07,
        "efolding_cycles": 5364503.689427783
      },
      "gamma": {
        "available": true,
        "window_cycles": 50,
        "window_start_period": 1658.0,
        "window_end_period": 1707.0,
        "first": 0.0003540225688268141,
        "last": 0.0002263671099987622,
        "median": 0.00028926375863307997,
        "peak_to_peak": 0.00018924655928506199,
        "fractional_peak_to_peak": 0.6542352909308422,
        "slope_per_cycle": -2.9601717613435168e-06,
        "fractional_slope_per_cycle": -0.010233469188576719,
        "log_slope_per_cycle": -0.010390314499036817,
        "efolding_cycles": null
      },
      "max_vsurf_div_cs": {
        "available": true,
        "window_cycles": 50,
        "window_start_period": 1658.0,
        "window_end_period": 1707.0,
        "first": 4.89203,
        "last": 4.93429,
        "median": 4.916285,
        "peak_to_peak": 0.0432699999999997,
        "fractional_peak_to_peak": 0.00880136119041099,
        "slope_per_cycle": 0.0008988585834333717,
        "fractional_slope_per_cycle": 0.00018283288772586855,
        "log_slope_per_cycle": 0.00018292615733167466,
        "efolding_cycles": 5466.686747192959
      }
    },
    "100": {
      "delta_r": {
        "available": true,
        "window_cycles": 100,
        "window_start_period": 1608.0,
        "window_end_period": 1707.0,
        "first": 0.6215299377316672,
        "last": 0.6364204990783016,
        "median": 0.6309835980376501,
        "peak_to_peak": 0.014890561346634357,
        "fractional_peak_to_peak": 0.023598967378777813,
        "slope_per_cycle": 0.00014753225407719054,
        "fractional_slope_per_cycle": 0.0002338131364048348,
        "log_slope_per_cycle": 0.00023426562270886087,
        "efolding_cycles": 4268.658749144656
      },
      "period_days": {
        "available": true,
        "window_cycles": 100,
        "window_start_period": 1608.0,
        "window_end_period": 1707.0,
        "first": 0.5572546231229272,
        "last": 0.5572575202915404,
        "median": 0.5572499091259239,
        "peak_to_peak": 7.466691114976776e-05,
        "fractional_peak_to_peak": 0.00013399178703660407,
        "slope_per_cycle": 1.6261020225566693e-07,
        "fractional_slope_per_cycle": 2.918083961839127e-07,
        "log_slope_per_cycle": 2.9180378085326643e-07,
        "efolding_cycles": 3426960.3946730564
      },
      "gamma": {
        "available": true,
        "window_cycles": 100,
        "window_start_period": 1608.0,
        "window_end_period": 1707.0,
        "first": 0.0006306022459408241,
        "last": 0.0002263671099987622,
        "median": 0.0003728729454502506,
        "peak_to_peak": 0.0004269255875421806,
        "fractional_peak_to_peak": 1.144962628025105,
        "slope_per_cycle": -3.9629831985489005e-06,
        "fractional_slope_per_cycle": -0.010628240120139392,
        "log_slope_per_cycle": -0.010425885577623322,
        "efolding_cycles": null
      },
      "max_vsurf_div_cs": {
        "available": true,
        "window_cycles": 100,
        "window_start_period": 1629.0,
        "window_end_period": 1707.0,
        "first": 4.85518,
        "last": 4.93429,
        "median": 4.90222,
        "peak_to_peak": 0.07955999999999985,
        "fractional_peak_to_peak": 0.0162293817902909,
        "slope_per_cycle": 0.0010332388023369039,
        "fractional_slope_per_cycle": 0.0002107695701818572,
        "log_slope_per_cycle": 0.00021098603909448373,
        "efolding_cycles": 4739.650093872705
      }
    },
    "250": {
      "delta_r": {
        "available": true,
        "window_cycles": 250,
        "window_start_period": 1458.0,
        "window_end_period": 1707.0,
        "first": 0.5511239216065604,
        "last": 0.6364204990783016,
        "median": 0.6147076455658707,
        "peak_to_peak": 0.08529657747174113,
        "fractional_peak_to_peak": 0.13875958447404887,
        "slope_per_cycle": 0.0003273384813156116,
        "fractional_slope_per_cycle": 0.0005325108345029275,
        "log_slope_per_cycle": 0.0005444561067216729,
        "efolding_cycles": 1836.695350927898
      },
      "period_days": {
        "available": true,
        "window_cycles": 250,
        "window_start_period": 1458.0,
        "window_end_period": 1707.0,
        "first": 0.5572812232230273,
        "last": 0.5572575202915404,
        "median": 0.5572300822587029,
        "peak_to_peak": 0.0005562382789880971,
        "fractional_peak_to_peak": 0.00099822011893797,
        "slope_per_cycle": 7.632629848108884e-07,
        "fractional_slope_per_cycle": 1.3697447591433722e-06,
        "log_slope_per_cycle": 1.3699554800346679e-06,
        "efolding_cycles": 729950.7280154054
      },
      "gamma": {
        "available": true,
        "window_cycles": 250,
        "window_start_period": 1458.0,
        "window_end_period": 1707.0,
        "first": 0.0021000663047157126,
        "last": 0.0002263671099987622,
        "median": 0.0007779532486544849,
        "peak_to_peak": 0.0018963896463170692,
        "fractional_peak_to_peak": 2.4376653090619325,
        "slope_per_cycle": -7.371323043457773e-06,
        "fractional_slope_per_cycle": -0.009475277667657924,
        "log_slope_per_cycle": -0.0090905016087701,
        "efolding_cycles": null
      },
      "max_vsurf_div_cs": {
        "available": true,
        "window_cycles": 250,
        "window_start_period": 1629.0,
        "window_end_period": 1707.0,
        "first": 4.85518,
        "last": 4.93429,
        "median": 4.90222,
        "peak_to_peak": 0.07955999999999985,
        "fractional_peak_to_peak": 0.0162293817902909,
        "slope_per_cycle": 0.0010332388023369039,
        "fractional_slope_per_cycle": 0.0002107695701818572,
        "log_slope_per_cycle": 0.00021098603909448373,
        "efolding_cycles": 4739.650093872705
      }
    },
    "500": {
      "delta_r": {
        "available": true,
        "window_cycles": 500,
        "window_start_period": 1208.0,
        "window_end_period": 1707.0,
        "first": 0.32444690461824344,
        "last": 0.6364204990783016,
        "median": 0.5508058099001651,
        "peak_to_peak": 0.3119735944600581,
        "fractional_peak_to_peak": 0.5663948870049211,
        "slope_per_cycle": 0.0006648724806756185,