{
  "generated_at": "2026-06-19T10:56:50.482018+00:00",
  "workspace": "<local-rre-root>/rsp_batch_runs",
  "model_id": "model_009",
  "run_name": "model_009_M0p6668_Z0p0001120_T6852",
  "source": "cumulative:saturation+saturation_resume:LOGS_saturation_resume_130000",
  "source_kind": "history_exact_rsp_columns",
  "cycle_count": 264,
  "first_period": 1.0,
  "last_period": 264.0,
  "rolling_window": 100,
  "fits": {
    "50": {
      "delta_r": {
        "available": true,
        "window_cycles": 50,
        "window_start_period": 215.0,
        "window_end_period": 264.0,
        "first": 0.0036750021599338822,
        "last": 0.004294416375513421,
        "median": 0.0037363843213364945,
        "peak_to_peak": 0.0009853007581828166,
        "fractional_peak_to_peak": 0.26370433912707814,
        "slope_per_cycle": 1.0543366564206412e-05,
        "fractional_slope_per_cycle": 0.002821809979235508,
        "log_slope_per_cycle": 0.0027747354308686133,
        "efolding_cycles": 360.3947204750099
      },
      "period_days": {
        "available": true,
        "window_cycles": 50,
        "window_start_period": 215.0,
        "window_end_period": 264.0,
        "first": 0.48954236356039205,
        "last": 0.49381244500402655,
        "median": 0.4999168411883228,
        "peak_to_peak": 0.030376256475962315,
        "fractional_peak_to_peak": 0.06076261884627993,
        "slope_per_cycle": 9.610554158634707e-06,
        "fractional_slope_per_cycle": 1.9224305658097107e-05,
        "log_slope_per_cycle": 1.922078500761937e-05,
        "efolding_cycles": 52027.01136314604
      },
      "gamma": {
        "available": true,
        "window_cycles": 50,
        "window_start_period": 215.0,
        "window_end_period": 264.0,
        "first": 0.004552500379603404,
        "last": 0.004414042954420136,
        "median": 0.0048981384075522695,
        "peak_to_peak": 0.005295484819423992,
        "fractional_peak_to_peak": 1.0811219240475254,
        "slope_per_cycle": -6.418295674369277e-07,
        "fractional_slope_per_cycle": -0.00013103540856406037,
        "log_slope_per_cycle": -0.0005344305682943169,
        "efolding_cycles": null
      },
      "max_vsurf_div_cs": {
        "available": true,
        "window_cycles": 50,
        "window_start_period": 215.0,
        "window_end_period": 264.0,
        "first": 0.02578,
        "last": 0.03042,
        "median": 0.02572,
        "peak_to_peak": 0.0087,
        "fractional_peak_to_peak": 0.338258164852255,
        "slope_per_cycle": 7.31779111644658e-05,
        "fractional_slope_per_cycle": 0.0028451753951969595,
        "log_slope_per_cycle": 0.002794280857617276,
        "efolding_cycles": 357.87383264426563
      }
    },
    "100": {
      "delta_r": {
        "available": true,
        "window_cycles": 100,
        "window_start_period": 165.0,
        "window_end_period": 264.0,
        "first": 0.0032759190806856964,
        "last": 0.004294416375513421,
        "median": 0.0035916935701392205,
        "peak_to_peak": 0.0013526720987693253,
        "fractional_peak_to_peak": 0.3766112204045551,
        "slope_per_cycle": 9.699649941393748e-06,
        "fractional_slope_per_cycle": 0.0027005783628189003,
        "log_slope_per_cycle": 0.0027316515942697292,
        "efolding_cycles": 366.07889604140263
      },
      "period_days": {
        "available": true,
        "window_cycles": 100,
        "window_start_period": 165.0,
        "window_end_period": 264.0,
        "first": 0.48919862935147074,
        "last": 0.49381244500402655,
        "median": 0.5013145875856087,
        "peak_to_peak": 0.030376256475962315,
        "fractional_peak_to_peak": 0.06059320280755846,
        "slope_per_cycle": 4.238968512206022e-06,
        "fractional_slope_per_cycle": 8.455705493473477e-06,
        "log_slope_per_cycle": 8.04546094469567e-06,
        "efolding_cycles": 124293.68644928849
      },
      "gamma": {
        "available": true,
        "window_cycles": 100,
        "window_start_period": 165.0,
        "window_end_period": 264.0,
        "first": 0.0053565422623961,
        "last": 0.004414042954420136,
        "median": 0.005044994219685182,
        "peak_to_peak": 0.005295484819423992,
        "fractional_peak_to_peak": 1.0496513155082348,
        "slope_per_cycle": -8.084993267858238e-08,
        "fractional_slope_per_cycle": -1.6025773104578023e-05,
        "log_slope_per_cycle": -0.00015892286421729485,
        "efolding_cycles": null
      },
      "max_vsurf_div_cs": {
        "available": true,
        "window_cycles": 100,
        "window_start_period": 165.0,
        "window_end_period": 264.0,
        "first": 0.02318,
        "last": 0.03042,
        "median": 0.024165,
        "peak_to_peak": 0.01092,
        "fractional_peak_to_peak": 0.451893234016139,
        "slope_per_cycle": 6.682388238823883e-05,
        "fractional_slope_per_cycle": 0.0027653168792981103,
        "log_slope_per_cycle": 0.0027341797366217625,
        "efolding_cycles": 365.7404034584639
      }
    },
    "250": {
      "delta_r": {
        "available": true,
        "window_cycles": 250,
        "window_start_period": 15.0,
        "window_end_period": 264.0,
        "first": 0.002052335391978133,
        "last": 0.004294416375513421,
        "median": 0.0029254979960295913,
        "peak_to_peak": 0.0023206652935776617,
        "fractional_peak_to_peak": 0.7932547883222643,
        "slope_per_cycle": 7.97638789247905e-06,
        "fractional_slope_per_cycle": 0.002726506018224724,
        "log_slope_per_cycle": 0.0027334832104815984,
        "efolding_cycles": 365.8335987451758
      },
      "period_days": {
        "available": true,
        "window_cycles": 250,
        "window_start_period": 15.0,
        "window_end_period": 264.0,
        "first": 0.5174547343741802,
        "last": 0.49381244500402655,
        "median": 0.5012360662727399,
        "peak_to_peak": 0.030376256475962315,
        "fractional_peak_to_peak": 0.06060269505713012,
        "slope_per_cycle": -6.593941169828244e-07,
        "fractional_slope_per_cycle": -1.31553605447064e-06,
        "log_slope_per_cycle": -1.6323560386284915e-06,
        "efolding_cycles": null
      },
      "gamma": {
        "available": true,
        "window_cycles": 250,
        "window_start_period": 15.0,
        "window_end_period": 264.0,
        "first": 0.005080280127950435,
        "last": 0.004414042954420136,
        "median": 0.005071695855244078,
        "peak_to_peak": 0.005295484819423992,
        "fractional_peak_to_peak": 1.0441250758261693,
        "slope_per_cycle": 7.064381490779357e-08,
        "fractional_slope_per_cycle": 1.3929032206209415e-05,
        "log_slope_per_cycle": -7.669798949026817e-05,
        "efolding_cycles": null
      },
      "max_vsurf_div_cs": {
        "available": true,
        "window_cycles": 250,
        "window_start_period": 129.0,
        "window_end_period": 264.0,
        "first": 0.01909,
        "last": 0.03042,
        "median": 0.02307,
        "peak_to_peak": 0.01279,
        "fractional_peak_to_peak": 0.5543996532293021,
        "slope_per_cycle": 6.38030628309718e-05,
        "fractional_slope_per_cycle": 0.002765629078065531,
        "log_slope_per_cycle": 0.002740373646365567,
        "efolding_cycles": 364.913741352846
      }
    },
    "500": {
      "delta_r": {
        "available": false,
        "reason": "only 264 rows for 500-cycle window"
      },
      "period_days": {
        "available": false,
        "reason": "only 264 rows for 500-cycle window"
      },
      "gamma": {
        "available": false,
        "reason": "only 264 rows for 500-cycle window"
      },
      "max_vsurf_div_cs": {
        "available": false,
        "reason": "only 264 rows for 500-cycle window"
      }
    }
  },
  "latest_rolling": {
    "window_start_period": 165.0,
    "window_end_period": 264.0,
    "gamma_peak_to_peak": 0.005295484819423992,