{
  "generated_at": "2026-06-18T07:08:49.949829+00:00",
  "workspace": "<local-rre-root>/rsp_batch_runs",
  "model_id": "model_008",
  "run_name": "model_008_M0p6151_Z0p0004406_T6792",
  "source": "cumulative:saturation+continue_saturation",
  "source_kind": "history_exact_rsp_columns",
  "cycle_count": 1021,
  "first_period": 1.0,
  "last_period": 1021.0,
  "rolling_window": 100,
  "fits": {
    "50": {
      "delta_r": {
        "available": true,
        "window_cycles": 50,
        "window_start_period": 972.0,
        "window_end_period": 1021.0,
        "first": 0.0585696500926165,
        "last": 0.0648073884548479,
        "median": 0.06160700015427922,
        "peak_to_peak": 0.006237738362231404,
        "fractional_peak_to_peak": 0.10125048040986509,
        "slope_per_cycle": 0.00012728636237576766,
        "fractional_slope_per_cycle": 0.0020661022620320907,
        "log_slope_per_cycle": 0.002065497277388524,
        "efolding_cycles": 484.144913163155
      },
      "period_days": {
        "available": true,
        "window_cycles": 50,
        "window_start_period": 972.0,
        "window_end_period": 1021.0,
        "first": 0.6316223015237806,
        "last": 0.6316203084958856,
        "median": 0.6316220729882587,
        "peak_to_peak": 2.0412745436182433e-06,
        "fractional_peak_to_peak": 3.2317973530608214e-06,
        "slope_per_cycle": -3.8692787693792117e-08,
        "fractional_slope_per_cycle": -6.125939758680881e-08,
        "log_slope_per_cycle": -6.125944602357467e-08,
        "efolding_cycles": null
      },
      "gamma": {
        "available": true,
        "window_cycles": 50,
        "window_start_period": 972.0,
        "window_end_period": 1021.0,
        "first": 0.004160044309817127,
        "last": 0.004180504429937654,
        "median": 0.004170117503873718,
        "peak_to_peak": 2.0460120120527163e-05,
        "fractional_peak_to_peak": 0.004906365372563551,
        "slope_per_cycle": 4.218407963846094e-07,
        "fractional_slope_per_cycle": 0.0001011580119727446,
        "log_slope_per_cycle": 0.00010115765730592359,
        "efolding_cycles": 9885.559102814868
      },
      "max_vsurf_div_cs": {
        "available": true,
        "window_cycles": 50,
        "window_start_period": 972.0,
        "window_end_period": 1021.0,
        "first": 0.33428,
        "last": 0.37231,
        "median": 0.35277499999999995,
        "peak_to_peak": 0.03802999999999995,
        "fractional_peak_to_peak": 0.10780242364113092,
        "slope_per_cycle": 0.0007760744297719088,
        "fractional_slope_per_cycle": 0.002199913343552998,
        "log_slope_per_cycle": 0.002199231363350031,
        "efolding_cycles": 454.7043192748609
      }
    },
    "100": {
      "delta_r": {
        "available": true,
        "window_cycles": 100,
        "window_start_period": 922.0,
        "window_end_period": 1021.0,
        "first": 0.05284955473751385,
        "last": 0.0648073884548479,
        "median": 0.05850935197869456,
        "peak_to_peak": 0.011957833717334054,
        "fractional_peak_to_peak": 0.2043747420359116,
        "slope_per_cycle": 0.00012070479990219617,
        "fractional_slope_per_cycle": 0.0020630001157105502,
        "log_slope_per_cycle": 0.002060486775276119,
        "efolding_cycles": 485.3222122068671
      },
      "period_days": {
        "available": true,
        "window_cycles": 100,
        "window_start_period": 922.0,
        "window_end_period": 1021.0,
        "first": 0.6316225902016999,
        "last": 0.6316203084958856,
        "median": 0.6316221258757395,
        "peak_to_peak": 2.2817058142887703e-06,
        "fractional_peak_to_peak": 3.6124539037089648e-06,
        "slope_per_cycle": -1.0980228131653384e-08,
        "fractional_slope_per_cycle": -1.7384172722621738e-08,
        "log_slope_per_cycle": -1.7384187737639776e-08,
        "efolding_cycles": null
      },
      "gamma": {
        "available": true,
        "window_cycles": 100,
        "window_start_period": 922.0,
        "window_end_period": 1021.0,
        "first": 0.00413731167845615,
        "last": 0.004180504429937654,
        "median": 0.004159587485736525,
        "peak_to_peak": 4.319275148150382e-05,
        "fractional_peak_to_peak": 0.010383902641695687,
        "slope_per_cycle": 4.259901025831027e-07,
        "fractional_slope_per_cycle": 0.0001024116223168399,
        "log_slope_per_cycle": 0.00010241745229856535,
        "efolding_cycles": 9763.960902726029
      },
      "max_vsurf_div_cs": {
        "available": true,
        "window_cycles": 100,
        "window_start_period": 922.0,
        "window_end_period": 1021.0,
        "first": 0.29974,
        "last": 0.37231,
        "median": 0.33391000000000004,
        "peak_to_peak": 0.07256999999999997,
        "fractional_peak_to_peak": 0.21733401215896486,
        "slope_per_cycle": 0.0007329527752775279,
        "fractional_slope_per_cycle": 0.0021950608705265722,
        "log_slope_per_cycle": 0.0021918319504788068,
        "efolding_cycles": 456.2393571193036
      }
    },
    "250": {
      "delta_r": {
        "available": true,
        "window_cycles": 250,
        "window_start_period": 772.0,
        "window_end_period": 1021.0,
        "first": 0.03889647840718702,
        "last": 0.0648073884548479,
        "median": 0.050159728941438164,
        "peak_to_peak": 0.025910910047660884,
        "fractional_peak_to_peak": 0.5165679838085261,
        "slope_per_cycle": 0.00010353616629876077,
        "fractional_slope_per_cycle": 0.0020641293022065563,
        "log_slope_per_cycle": 0.0020495024085472133,
        "efolding_cycles": 487.92331047263735
      },
      "period_days": {
        "available": true,
        "window_cycles": 250,
        "window_start_period": 772.0,
        "window_end_period": 1021.0,
        "first": 0.6316294070262531,
        "last": 0.6316203084958856,
        "median": 0.6316242141839703,
        "peak_to_peak": 9.098530367568358e-06,
        "fractional_peak_to_peak": 1.4404973975425e-05,
        "slope_per_cycle": -4.041610670721261e-08,
        "fractional_slope_per_cycle": -6.398758280574848e-08,
        "log_slope_per_cycle": -6.398747053190891e-08,
        "efolding_cycles": null
      },
      "gamma": {
        "available": true,
        "window_cycles": 250,
        "window_start_period": 772.0,
        "window_end_period": 1021.0,
        "first": 0.004091658512492698,
        "last": 0.004180504429937654,
        "median": 0.0041276313407123365,
        "peak_to_peak": 8.999109400997709e-05,
        "fractional_peak_to_peak": 0.021802115204030467,
        "slope_per_cycle": 3.6319726913154153e-07,
        "fractional_slope_per_cycle": 8.799169285037502e-05,
        "log_slope_per_cycle": 8.786953559251837e-05,
        "efolding_cycles": 11380.508537536241
      },
      "max_vsurf_div_cs": {
        "available": true,
        "window_cycles": 250,
        "window_start_period": 772.0,
        "window_end_period": 1021.0,
        "first": 0.21755,
        "last": 0.37231,
        "median": 0.283725,
        "peak_to_peak": 0.15475999999999998,
        "fractional_peak_to_peak": 0.5454577495814609,
        "slope_per_cycle": 0.0006172818470695531,
        "fractional_slope_per_cycle": 0.0021756343186872962,
        "log_slope_per_cycle": 0.002155592634054191,
        "efolding_cycles": 463.90954589560926
      }
    },
    "500": {
      "delta_r": {
        "available": true,
        "window_cycles": 500,
        "window_start_period": 522.0,
        "window_end_period": 1021.0,
        "first": 0.006981486113801338,
        "last": 0.0648073884548479,
        "median": 0.03885692601035018,
        "peak_to_peak": 0.057825902341046564,