{
  "generated_at": "2026-06-17T14:33:06.117923+00:00",
  "workspace": "<local-rre-root>/rsp_batch_runs",
  "model_id": "model_008",
  "run_name": "model_008_M0p6151_Z0p0004406_T6792",
  "source": "cumulative:saturation+continue_saturation",
  "source_kind": "history_exact_rsp_columns",
  "cycle_count": 1521,
  "first_period": 1.0,
  "last_period": 1521.0,
  "rolling_window": 100,
  "fits": {
    "50": {
      "delta_r": {
        "available": true,
        "window_cycles": 50,
        "window_start_period": 1472.0,
        "window_end_period": 1521.0,
        "first": 0.047706667439076256,
        "last": 0.05274129315787324,
        "median": 0.050159728941438164,
        "peak_to_peak": 0.005034625718796981,
        "fractional_peak_to_peak": 0.10037186852973114,
        "slope_per_cycle": 0.00010272067215499584,
        "fractional_slope_per_cycle": 0.0020478713566200275,
        "log_slope_per_cycle": 0.0020473110407532033,
        "efolding_cycles": 488.44556596153615
      },
      "period_days": {
        "available": true,
        "window_cycles": 50,
        "window_start_period": 1472.0,
        "window_end_period": 1521.0,
        "first": 0.6316261467211707,
        "last": 0.6316226388912441,
        "median": 0.6316242141839703,
        "peak_to_peak": 3.5078299265300927e-06,
        "fractional_peak_to_peak": 5.553666005446054e-06,
        "slope_per_cycle": -7.347287666893258e-08,
        "fractional_slope_per_cycle": -1.163237175190571e-07,
        "log_slope_per_cycle": -1.163236981311602e-07,
        "efolding_cycles": null
      },
      "gamma": {
        "available": true,
        "window_cycles": 50,
        "window_start_period": 1472.0,
        "window_end_period": 1521.0,
        "first": 0.004118229338340593,
        "last": 0.004136558423431968,
        "median": 0.0041276313407123365,
        "peak_to_peak": 1.9117325677227293e-05,
        "fractional_peak_to_peak": 0.004631548725940256,
        "slope_per_cycle": 3.683951991984747e-07,
        "fractional_slope_per_cycle": 8.925099379996905e-05,
        "log_slope_per_cycle": 8.924656679660384e-05,
        "efolding_cycles": 11204.912815067008
      },
      "max_vsurf_div_cs": {
        "available": true,
        "window_cycles": 50,
        "window_start_period": 1472.0,
        "window_end_period": 1521.0,
        "first": 0.26922,
        "last": 0.2991,
        "median": 0.283725,
        "peak_to_peak": 0.029879999999999962,
        "fractional_peak_to_peak": 0.10531324345757322,
        "slope_per_cycle": 0.0006093354141656663,
        "fractional_slope_per_cycle": 0.0021476268011830692,
        "log_slope_per_cycle": 0.002146798167362043,
        "efolding_cycles": 465.8099746883922
      }
    },
    "100": {
      "delta_r": {
        "available": true,
        "window_cycles": 100,
        "window_start_period": 1422.0,
        "window_end_period": 1521.0,
        "first": 0.043071659232469806,
        "last": 0.05274129315787324,
        "median": 0.0476579155460235,
        "peak_to_peak": 0.009669633925403431,
        "fractional_peak_to_peak": 0.2028967027747031,
        "slope_per_cycle": 9.760179402282235e-05,
        "fractional_slope_per_cycle": 0.0020479660703701524,
        "log_slope_per_cycle": 0.0020457280244966483,
        "efolding_cycles": 488.82353275971286
      },
      "period_days": {
        "available": true,
        "window_cycles": 100,
        "window_start_period": 1422.0,
        "window_end_period": 1521.0,
        "first": 0.6316287118782876,
        "last": 0.6316226388912441,
        "median": 0.6316261830518919,
        "peak_to_peak": 6.082698840725875e-06,
        "fractional_peak_to_peak": 9.630219588642584e-06,
        "slope_per_cycle": -6.647565387931831e-08,
        "fractional_slope_per_cycle": -1.0524524736786749e-07,
        "log_slope_per_cycle": -1.0524530560279666e-07,
        "efolding_cycles": null
      },
      "gamma": {
        "available": true,
        "window_cycles": 100,
        "window_start_period": 1422.0,
        "window_end_period": 1521.0,
        "first": 0.004104092597185031,
        "last": 0.004136558423431968,
        "median": 0.004118895512661042,
        "peak_to_peak": 3.3254066832789225e-05,
        "fractional_peak_to_peak": 0.008073539794969258,
        "slope_per_cycle": 3.2081941652216684e-07,
        "fractional_slope_per_cycle": 7.788967103826801e-05,
        "log_slope_per_cycle": 7.786406623710968e-05,
        "efolding_cycles": 12842.894653803789
      },
      "max_vsurf_div_cs": {
        "available": true,
        "window_cycles": 100,
        "window_start_period": 1422.0,
        "window_end_period": 1521.0,
        "first": 0.24197,
        "last": 0.2991,
        "median": 0.26893500000000004,
        "peak_to_peak": 0.057129999999999986,
        "fractional_peak_to_peak": 0.21243051294922558,
        "slope_per_cycle": 0.0005762316231623162,
        "fractional_slope_per_cycle": 0.0021426427321186016,
        "log_slope_per_cycle": 0.0021397832986676155,
        "efolding_cycles": 467.33704325231093
      }
    },
    "250": {
      "delta_r": {
        "available": true,
        "window_cycles": 250,
        "window_start_period": 1272.0,
        "window_end_period": 1521.0,
        "first": 0.03175127124743149,
        "last": 0.05274129315787324,
        "median": 0.040887530136960226,
        "peak_to_peak": 0.020990021910441747,
        "fractional_peak_to_peak": 0.5133599862875514,
        "slope_per_cycle": 8.392650569269668e-05,
        "fractional_slope_per_cycle": 0.0020526186201898127,
        "log_slope_per_cycle": 0.0020382741914836437,
        "efolding_cycles": 490.61112787387447
      },
      "period_days": {
        "available": true,
        "window_cycles": 250,
        "window_start_period": 1272.0,
        "window_end_period": 1521.0,
        "first": 0.6316314388884025,
        "last": 0.6316226388912441,
        "median": 0.6316292521374782,
        "peak_to_peak": 8.799997158304151e-06,
        "fractional_peak_to_peak": 1.3932219143626322e-05,
        "slope_per_cycle": -2.889100068642896e-08,
        "fractional_slope_per_cycle": -4.574044122981917e-08,
        "log_slope_per_cycle": -4.57405724397053e-08,
        "efolding_cycles": null
      },
      "gamma": {
        "available": true,
        "window_cycles": 250,
        "window_start_period": 1272.0,
        "window_end_period": 1521.0,
        "first": 0.004069475460400397,
        "last": 0.004136558423431968,
        "median": 0.0040978041216685746,
        "peak_to_peak": 7.03559519853016e-05,
        "fractional_peak_to_peak": 0.01716918376192504,
        "slope_per_cycle": 2.734281387035589e-07,
        "fractional_slope_per_cycle": 6.672552679072966e-05,
        "log_slope_per_cycle": 6.668917963931982e-05,
        "efolding_cycles": 14994.936291140128
      },
      "max_vsurf_div_cs": {
        "available": true,
        "window_cycles": 250,
        "window_start_period": 1272.0,
        "window_end_period": 1521.0,
        "first": 0.17622,
        "last": 0.2991,
        "median": 0.22917500000000002,
        "peak_to_peak": 0.12287999999999999,
        "fractional_peak_to_peak": 0.5361841387585905,
        "slope_per_cycle": 0.0004909710632170115,
        "fractional_slope_per_cycle": 0.002142341281627627,
        "log_slope_per_cycle": 0.0021251436975713014,
        "efolding_cycles": 470.55641514634505
      }
    },
    "500": {
      "delta_r": {
        "available": true,
        "window_cycles": 500,
        "window_start_period": 1022.0,
        "window_end_period": 1521.0,
        "first": 0.019151667563446217,
        "last": 0.05274129315787324,
        "median": 0.03171914241115248,
        "peak_to_peak": 0.03358962559442702,