{
  "generated_at": "2026-06-19T07:28:46.284795+00:00",
  "workspace": "<local-rre-root>/rsp_batch_runs",
  "model_id": "model_007",
  "run_name": "model_007_M0p6887_Z0p004060_T6669",
  "source": "cumulative:continue_saturation+continue_saturation_resume:LOGS_continue_saturation_resume_2180000+continue_saturation_resume:LOGS_continue_saturation_resume_2270000",
  "source_kind": "history_exact_rsp_columns",
  "cycle_count": 1702,
  "first_period": 1.0,
  "last_period": 1702.0,
  "rolling_window": 100,
  "fits": {
    "50": {
      "delta_r": {
        "available": true,
        "window_cycles": 50,
        "window_start_period": 1653.0,
        "window_end_period": 1702.0,
        "first": 0.6303553436989588,
        "last": 0.6359645207697984,
        "median": 0.6335520491007962,
        "peak_to_peak": 0.00568166051849861,
        "fractional_peak_to_peak": 0.008967945927351385,
        "slope_per_cycle": 0.00011764009455943087,
        "fractional_slope_per_cycle": 0.0001856833936949586,
        "log_slope_per_cycle": 0.0001857590791534132,
        "efolding_cycles": 5383.316953106384
      },
      "period_days": {
        "available": true,
        "window_cycles": 50,
        "window_start_period": 1653.0,
        "window_end_period": 1702.0,
        "first": 0.5572840013318798,
        "last": 0.5572366406076967,
        "median": 0.5572538576060388,
        "peak_to_peak": 7.364367203854805e-05,
        "fractional_peak_to_peak": 0.00013215462043622466,
        "slope_per_cycle": 9.525436556071695e-08,
        "fractional_slope_per_cycle": 1.7093531836626393e-07,
        "log_slope_per_cycle": 1.7093437857046243e-07,
        "efolding_cycles": 5850198.2360896515
      },
      "gamma": {
        "available": true,
        "window_cycles": 50,
        "window_start_period": 1653.0,
        "window_end_period": 1702.0,
        "first": 0.00038158005398068555,
        "last": 0.00024005487863471519,
        "median": 0.0003030761247110056,
        "peak_to_peak": 0.00019004275041014005,
        "fractional_peak_to_peak": 0.6270462597189168,
        "slope_per_cycle": -3.1585556759850057e-06,
        "fractional_slope_per_cycle": -0.010421657855750948,
        "log_slope_per_cycle": -0.010419776413019489,
        "efolding_cycles": null
      },
      "max_vsurf_div_cs": {
        "available": true,
        "window_cycles": 50,
        "window_start_period": 1653.0,
        "window_end_period": 1702.0,
        "first": 4.88566,
        "last": 4.93032,
        "median": 4.911515,
        "peak_to_peak": 0.04609000000000041,
        "fractional_peak_to_peak": 0.009384069884750513,
        "slope_per_cycle": 0.0009452302521008412,
        "fractional_slope_per_cycle": 0.00019245187118452071,
        "log_slope_per_cycle": 0.00019253120541093432,
        "efolding_cycles": 5193.963222043005
      }
    },
    "100": {
      "delta_r": {
        "available": true,
        "window_cycles": 100,
        "window_start_period": 1603.0,
        "window_end_period": 1702.0,
        "first": 0.6204150390010144,
        "last": 0.6359645207697984,
        "median": 0.6302354414561839,
        "peak_to_peak": 0.015621965216443101,
        "fractional_peak_to_peak": 0.02478750668218203,
        "slope_per_cycle": 0.00015537516238964903,
        "fractional_slope_per_cycle": 0.00024653510762683955,
        "log_slope_per_cycle": 0.00024703061962450077,
        "efolding_cycles": 4048.081171152189
      },
      "period_days": {
        "available": true,
        "window_cycles": 100,
        "window_start_period": 1603.0,
        "window_end_period": 1702.0,
        "first": 0.557248404632426,
        "last": 0.5572366406076967,
        "median": 0.5572483571176416,
        "peak_to_peak": 7.466691114976776e-05,
        "fractional_peak_to_peak": 0.0001339921602209492,
        "slope_per_cycle": 1.6414267169090298e-07,
        "fractional_slope_per_cycle": 2.9455927432416017e-07,
        "log_slope_per_cycle": 2.94553058485738e-07,
        "efolding_cycles": 3394974.084264751
      },
      "gamma": {
        "available": true,
        "window_cycles": 100,
        "window_start_period": 1603.0,
        "window_end_period": 1702.0,
        "first": 0.0006438226804893395,
        "last": 0.00024005487863471519,
        "median": 0.00040007055677184167,
        "peak_to_peak": 0.000426963896759416,
        "fractional_peak_to_peak": 1.0672214926401382,
        "slope_per_cycle": -4.150010853952238e-06,
        "fractional_slope_per_cycle": -0.010373197386577411,
        "log_slope_per_cycle": -0.010358953160302149,
        "efolding_cycles": null
      },
      "max_vsurf_div_cs": {
        "available": true,
        "window_cycles": 100,
        "window_start_period": 1629.0,
        "window_end_period": 1702.0,
        "first": 4.85518,
        "last": 4.93032,
        "median": 4.897774999999999,
        "peak_to_peak": 0.07657000000000025,
        "fractional_peak_to_peak": 0.01563362955627816,
        "slope_per_cycle": 0.0010596482784154034,
        "fractional_slope_per_cycle": 0.0002163529926171381,
        "log_slope_per_cycle": 0.00021646641123066243,
        "efolding_cycles": 4619.654357989144
      }
    },
    "250": {
      "delta_r": {
        "available": true,
        "window_cycles": 250,
        "window_start_period": 1453.0,
        "window_end_period": 1702.0,
        "first": 0.5475187098780792,
        "last": 0.6359645207697984,
        "median": 0.6131751285982192,
        "peak_to_peak": 0.0885182943393783,
        "fractional_peak_to_peak": 0.14436054270782336,
        "slope_per_cycle": 0.00034094614239543356,
        "fractional_slope_per_cycle": 0.0005560338743270151,
        "log_slope_per_cycle": 0.0005689290930580089,
        "efolding_cycles": 1757.6882817241312
      },
      "period_days": {
        "available": true,
        "window_cycles": 250,
        "window_start_period": 1453.0,
        "window_end_period": 1702.0,
        "first": 0.5567539964009214,
        "last": 0.5572366406076967,
        "median": 0.557229065810313,
        "peak_to_peak": 0.0005562382789880971,
        "fractional_peak_to_peak": 0.0009982219398035617,
        "slope_per_cycle": 8.768262872705641e-07,
        "fractional_slope_per_cycle": 1.5735472915353013e-06,
        "log_slope_per_cycle": 1.573836388024688e-06,
        "efolding_cycles": 635390.061895248
      },
      "gamma": {
        "available": true,
        "window_cycles": 250,
        "window_start_period": 1453.0,
        "window_end_period": 1702.0,
        "first": 0.002158121394512188,
        "last": 0.00024005487863471519,
        "median": 0.0008094211309287351,
        "peak_to_peak": 0.0019412626107822644,
        "fractional_peak_to_peak": 2.3983344844912153,
        "slope_per_cycle": -7.615452313519175e-06,
        "fractional_slope_per_cycle": -0.009408516806055155,
        "log_slope_per_cycle": -0.008999498037985469,
        "efolding_cycles": null
      },
      "max_vsurf_div_cs": {
        "available": true,
        "window_cycles": 250,
        "window_start_period": 1629.0,
        "window_end_period": 1702.0,
        "first": 4.85518,
        "last": 4.93032,
        "median": 4.897774999999999,
        "peak_to_peak": 0.07657000000000025,
        "fractional_peak_to_peak": 0.01563362955627816,
        "slope_per_cycle": 0.0010596482784154034,
        "fractional_slope_per_cycle": 0.0002163529926171381,
        "log_slope_per_cycle": 0.00021646641123066243,
        "efolding_cycles": 4619.654357989144
      }
    },
    "500": {
      "delta_r": {
        "available": true,
        "window_cycles": 500,
        "window_start_period": 1203.0,
        "window_end_period": 1702.0,
        "first": 0.3208714471241194,
        "last": 0.6359645207697984,
        "median": 0.547101994238552,
        "peak_to_peak": 0.31516555709333804,
        "fractional_peak_to_peak": 0.5760636232590973,
        "slope_per_cycle": 0.0006749699294182918,