{
  "generated_at": "2026-06-17T16:59:13.681429+00:00",
  "workspace": "<local-rre-root>/rsp_batch_runs",
  "model_id": "model_007",
  "run_name": "model_007_M0p6887_Z0p004060_T6669",
  "source": "cumulative:continue_saturation+continue_saturation_resume:LOGS_continue_saturation_resume_2180000",
  "source_kind": "history_exact_rsp_columns",
  "cycle_count": 1580,
  "first_period": 1.0,
  "last_period": 3140.0,
  "rolling_window": 100,
  "fits": {
    "50": {
      "delta_r": {
        "available": true,
        "window_cycles": 50,
        "window_start_period": 1531.0,
        "window_end_period": 3140.0,
        "first": 0.5952215706207316,
        "last": 0.6127028180410363,
        "median": 0.605548060045769,
        "peak_to_peak": 0.01748124742030477,
        "fractional_peak_to_peak": 0.028868472337246837,
        "slope_per_cycle": 5.110680364141078e-06,
        "fractional_slope_per_cycle": 8.439760113763388e-06,
        "log_slope_per_cycle": 8.44290824499828e-06,
        "efolding_cycles": 118442.59951449985
      },
      "period_days": {
        "available": true,
        "window_cycles": 50,
        "window_start_period": 1531.0,
        "window_end_period": 3140.0,
        "first": 0.5572013413142068,
        "last": 0.557232787542528,
        "median": 0.5572202745113626,
        "peak_to_peak": 3.955523724907817e-05,
        "fractional_peak_to_peak": 7.098671577189996e-05,
        "slope_per_cycle": 7.83921955857267e-09,
        "fractional_slope_per_cycle": 1.4068439210053934e-08,
        "log_slope_per_cycle": 1.4068495148580115e-08,
        "efolding_cycles": 71080807.82193159
      },
      "gamma": {
        "available": true,
        "window_cycles": 50,
        "window_start_period": 1531.0,
        "window_end_period": 3140.0,
        "first": 0.00120889407920823,
        "last": 0.0008225461752034918,
        "median": 0.0009878439355196938,
        "peak_to_peak": 0.00038634790400473836,
        "fractional_peak_to_peak": 0.39110216716721047,
        "slope_per_cycle": -1.0952785857671443e-07,
        "fractional_slope_per_cycle": -0.00011087567037509121,
        "log_slope_per_cycle": -0.00011168209386085395,
        "efolding_cycles": null
      },
      "max_vsurf_div_cs": {
        "available": true,
        "window_cycles": 50,
        "window_start_period": 1562.0,
        "window_end_period": 1564.0,
        "first": 4.72111,
        "last": 4.72559,
        "median": 4.72344,
        "peak_to_peak": 0.0044800000000000395,
        "fractional_peak_to_peak": 0.0009484612909235725,
        "slope_per_cycle": 0.0022400000000000198,
        "fractional_slope_per_cycle": 0.00047423064546178625,
        "log_slope_per_cycle": 0.00047423971713456137,
        "efolding_cycles": 2108.6382347774947
      }
    },
    "100": {
      "delta_r": {
        "available": true,
        "window_cycles": 100,
        "window_start_period": 1481.0,
        "window_end_period": 3140.0,
        "first": 0.5672696794445384,
        "last": 0.6127028180410363,
        "median": 0.5949832205855237,
        "peak_to_peak": 0.04543313859649789,
        "fractional_peak_to_peak": 0.07636036954418157,
        "slope_per_cycle": 1.322529983170899e-05,
        "fractional_slope_per_cycle": 2.2228021520832064e-05,
        "log_slope_per_cycle": 2.2189677604623982e-05,
        "efolding_cycles": 45065.99950742933
      },
      "period_days": {
        "available": true,
        "window_cycles": 100,
        "window_start_period": 1481.0,
        "window_end_period": 3140.0,
        "first": 0.5570985998999741,
        "last": 0.557232787542528,
        "median": 0.5572012633794954,
        "peak_to_peak": 0.0001347480743640883,
        "fractional_peak_to_peak": 0.00024183016662027,
        "slope_per_cycle": 2.6472436314488497e-08,
        "fractional_slope_per_cycle": 4.75096487648464e-08,
        "log_slope_per_cycle": 4.751034516946243e-08,
        "efolding_cycles": 21048047.46067718
      },
      "gamma": {
        "available": true,
        "window_cycles": 100,
        "window_start_period": 1481.0,
        "window_end_period": 3140.0,
        "first": 0.0017878642699428108,
        "last": 0.0008225461752034918,
        "median": 0.0012153129095625389,
        "peak_to_peak": 0.0009653180947393191,
        "fractional_peak_to_peak": 0.7942959275293082,
        "slope_per_cycle": -2.8360475808299756e-07,
        "fractional_slope_per_cycle": -0.0002333594548790593,
        "log_slope_per_cycle": -0.00024744984179393725,
        "efolding_cycles": null
      },
      "max_vsurf_div_cs": {
        "available": true,
        "window_cycles": 100,
        "window_start_period": 1562.0,
        "window_end_period": 1564.0,
        "first": 4.72111,
        "last": 4.72559,
        "median": 4.72344,
        "peak_to_peak": 0.0044800000000000395,
        "fractional_peak_to_peak": 0.0009484612909235725,
        "slope_per_cycle": 0.0022400000000000198,
        "fractional_slope_per_cycle": 0.00047423064546178625,
        "log_slope_per_cycle": 0.00047423971713456137,
        "efolding_cycles": 2108.6382347774947
      }
    },
    "250": {
      "delta_r": {
        "available": true,
        "window_cycles": 250,
        "window_start_period": 1331.0,
        "window_end_period": 3140.0,
        "first": 0.4377801090430724,
        "last": 0.6127028180410363,
        "median": 0.5493660248491521,
        "peak_to_peak": 0.17492270899796392,
        "fractional_peak_to_peak": 0.3184083126472831,
        "slope_per_cycle": 6.108495259496341e-05,
        "fractional_slope_per_cycle": 0.00011119171887583775,
        "log_slope_per_cycle": 0.00011206837164268758,
        "efolding_cycles": 8923.12420839256
      },
      "period_days": {
        "available": true,
        "window_cycles": 250,
        "window_start_period": 1331.0,
        "window_end_period": 3140.0,
        "first": 0.5568877811326335,
        "last": 0.557232787542528,
        "median": 0.5570189787339661,
        "peak_to_peak": 0.0005568297119398213,
        "fractional_peak_to_peak": 0.000999660214819655,
        "slope_per_cycle": 1.3776333507854135e-07,
        "fractional_slope_per_cycle": 2.4732251563790526e-07,
        "log_slope_per_cycle": 2.4729028637925775e-07,
        "efolding_cycles": 4043830.4902374772
      },
      "gamma": {
        "available": true,
        "window_cycles": 250,
        "window_start_period": 1331.0,
        "window_end_period": 3140.0,
        "first": 0.0038234797971017534,
        "last": 0.0008225461752034918,
        "median": 0.002127616079478766,
        "peak_to_peak": 0.0030009336218982615,
        "fractional_peak_to_peak": 1.4104676359813209,
        "slope_per_cycle": -1.1297727180007328e-06,
        "fractional_slope_per_cycle": -0.0005310040325872655,
        "log_slope_per_cycle": -0.0006534220002962335,
        "efolding_cycles": null
      },
      "max_vsurf_div_cs": {
        "available": true,
        "window_cycles": 250,
        "window_start_period": 1562.0,
        "window_end_period": 1564.0,
        "first": 4.72111,
        "last": 4.72559,
        "median": 4.72344,
        "peak_to_peak": 0.0044800000000000395,
        "fractional_peak_to_peak": 0.0009484612909235725,
        "slope_per_cycle": 0.0022400000000000198,
        "fractional_slope_per_cycle": 0.00047423064546178625,
        "log_slope_per_cycle": 0.00047423971713456137,
        "efolding_cycles": 2108.6382347774947
      }
    },
    "500": {
      "delta_r": {
        "available": true,
        "window_cycles": 500,
        "window_start_period": 1081.0,
        "window_end_period": 3140.0,
        "first": 0.23264869290449397,
        "last": 0.6127028180410363,
        "median": 0.4372830921184412,
        "peak_to_peak": 0.38005412513654235,