{
  "generated_at": "2026-06-20T04:24:02.808243+00:00",
  "workspace": "<local-rre-root>/rsp_batch_runs",
  "model_id": "model_008",
  "run_name": "model_008_M0p6151_Z0p0004406_T6792",
  "source": "cumulative:saturation+continue_saturation+continue_saturation_resume:LOGS_continue_saturation_resume_1620000",
  "source_kind": "history_exact_rsp_columns",
  "cycle_count": 1199,
  "first_period": 1.0,
  "last_period": 1199.0,
  "rolling_window": 100,
  "fits": {
    "50": {
      "delta_r": {
        "available": true,
        "window_cycles": 50,
        "window_start_period": 1150.0,
        "window_end_period": 1199.0,
        "first": 0.08472285770653709,
        "last": 0.0938566410936632,
        "median": 0.08917129388035239,
        "peak_to_peak": 0.009133783387126115,
        "fractional_peak_to_peak": 0.10242963839216662,
        "slope_per_cycle": 0.00018635399130135404,
        "fractional_slope_per_cycle": 0.002089842854039987,
        "log_slope_per_cycle": 0.0020892521370568995,
        "efolding_cycles": 478.6401709315402
      },
      "period_days": {
        "available": true,
        "window_cycles": 50,
        "window_start_period": 1150.0,
        "window_end_period": 1199.0,
        "first": 0.6316195224301406,
        "last": 0.6316204684431216,
        "median": 0.6316180064262719,
        "peak_to_peak": 3.5039390678948124e-06,
        "fractional_peak_to_peak": 5.5475604435666504e-06,
        "slope_per_cycle": 1.532154246435386e-08,
        "fractional_slope_per_cycle": 2.425760872626789e-08,
        "log_slope_per_cycle": 2.4257565757248158e-08,
        "efolding_cycles": 41224251.84815587
      },
      "gamma": {
        "available": true,
        "window_cycles": 50,
        "window_start_period": 1150.0,
        "window_end_period": 1199.0,
        "first": 0.004250586897911656,
        "last": 0.004281230186601393,
        "median": 0.004265560983361041,
        "peak_to_peak": 3.0643288689736516e-05,
        "fractional_peak_to_peak": 0.007183882450460524,
        "slope_per_cycle": 6.278303980918898e-07,
        "fractional_slope_per_cycle": 0.00014718589197081224,
        "log_slope_per_cycle": 0.00014718007007492992,
        "efolding_cycles": 6794.398178305638
      },
      "max_vsurf_div_cs": {
        "available": true,
        "window_cycles": 50,
        "window_start_period": 1150.0,
        "window_end_period": 1199.0,
        "first": 0.49805,
        "last": 0.55799,
        "median": 0.52688,
        "peak_to_peak": 0.05993999999999999,
        "fractional_peak_to_peak": 0.11376404494382021,
        "slope_per_cycle": 0.0012219015606242496,
        "fractional_slope_per_cycle": 0.0023191268611908776,
        "log_slope_per_cycle": 0.0023175311443548174,
        "efolding_cycles": 431.49366188060105
      }
    },
    "100": {
      "delta_r": {
        "available": true,
        "window_cycles": 100,
        "window_start_period": 1100.0,
        "window_end_period": 1199.0,
        "first": 0.07633402857886828,
        "last": 0.0938566410936632,
        "median": 0.08463449330379635,
        "peak_to_peak": 0.017522612514794922,
        "fractional_peak_to_peak": 0.20703866509718832,
        "slope_per_cycle": 0.00017689150027711665,
        "fractional_slope_per_cycle": 0.00209006391332861,
        "log_slope_per_cycle": 0.002087676435670304,
        "efolding_cycles": 479.0014309276444
      },
      "period_days": {
        "available": true,
        "window_cycles": 100,
        "window_start_period": 1100.0,
        "window_end_period": 1199.0,
        "first": 0.6316184246479706,
        "last": 0.6316204684431216,
        "median": 0.6316193316579383,
        "peak_to_peak": 3.6466785672262247e-06,
        "fractional_peak_to_peak": 5.773538561041275e-06,
        "slope_per_cycle": -1.9578835782512284e-08,
        "fractional_slope_per_cycle": -3.099784126480071e-08,
        "log_slope_per_cycle": -3.0997861008625624e-08,
        "efolding_cycles": null
      },
      "gamma": {
        "available": true,
        "window_cycles": 100,
        "window_start_period": 1100.0,
        "window_end_period": 1199.0,
        "first": 0.004224330938722974,
        "last": 0.004281230186601393,
        "median": 0.0042503707522457005,
        "peak_to_peak": 5.691873019977346e-05,
        "fractional_peak_to_peak": 0.013391474183681558,
        "slope_per_cycle": 5.7228102751767e-07,
        "fractional_slope_per_cycle": 0.00013464261375676536,
        "log_slope_per_cycle": 0.00013459071506377818,
        "efolding_cycles": 7429.933034579186
      },
      "max_vsurf_div_cs": {
        "available": true,
        "window_cycles": 100,
        "window_start_period": 1100.0,
        "window_end_period": 1199.0,
        "first": 0.44412,
        "last": 0.55799,
        "median": 0.49748000000000003,
        "peak_to_peak": 0.11386999999999997,
        "fractional_peak_to_peak": 0.2288936238642759,
        "slope_per_cycle": 0.0011462964296429644,
        "fractional_slope_per_cycle": 0.0023042060578173282,
        "log_slope_per_cycle": 0.0023004140757483713,
        "efolding_cycles": 434.7043475964994
      }
    },
    "250": {
      "delta_r": {
        "available": true,
        "window_cycles": 250,
        "window_start_period": 950.0,
        "window_end_period": 1199.0,
        "first": 0.055976817826855374,
        "last": 0.0938566410936632,
        "median": 0.07239763867730842,
        "peak_to_peak": 0.03787982326680783,
        "fractional_peak_to_peak": 0.52321904358851,
        "slope_per_cycle": 0.0001514026335892436,
        "fractional_slope_per_cycle": 0.0020912648030425017,
        "log_slope_per_cycle": 0.0020757036704083403,
        "efolding_cycles": 481.7643357557277
      },
      "period_days": {
        "available": true,
        "window_cycles": 250,
        "window_start_period": 950.0,
        "window_end_period": 1199.0,
        "first": 0.631622071380865,
        "last": 0.6316204684431216,
        "median": 0.6316194845883487,
        "peak_to_peak": 6.033168174268688e-06,
        "fractional_peak_to_peak": 9.55190319722442e-06,
        "slope_per_cycle": -1.476355814021181e-08,
        "fractional_slope_per_cycle": -2.3374133478218775e-08,
        "log_slope_per_cycle": -2.3374102842297534e-08,
        "efolding_cycles": null
      },
      "gamma": {
        "available": true,
        "window_cycles": 250,
        "window_start_period": 950.0,
        "window_end_period": 1199.0,
        "first": 0.004150626147466005,
        "last": 0.004281230186601393,
        "median": 0.004209521554479009,
        "peak_to_peak": 0.0001307724415334898,
        "fractional_peak_to_peak": 0.031065868137519218,
        "slope_per_cycle": 5.277463783044817e-07,
        "fractional_slope_per_cycle": 0.0001253696819162144,
        "log_slope_per_cycle": 0.00012527607094554126,
        "efolding_cycles": 7982.370395657682
      },
      "max_vsurf_div_cs": {
        "available": true,
        "window_cycles": 250,
        "window_start_period": 1018.0,
        "window_end_period": 1199.0,
        "first": 0.36986,
        "last": 0.55799,
        "median": 0.45284,
        "peak_to_peak": 0.18812999999999996,
        "fractional_peak_to_peak": 0.41544474869711145,
        "slope_per_cycle": 0.0010357411685316766,
        "fractional_slope_per_cycle": 0.002287212190909983,
        "log_slope_per_cycle": 0.002273346122821462,
        "efolding_cycles": 439.880223236264
      }
    },
    "500": {
      "delta_r": {
        "available": true,
        "window_cycles": 500,
        "window_start_period": 700.0,
        "window_end_period": 1199.0,
        "first": 0.033604829715805806,
        "last": 0.0938566410936632,
        "median": 0.055919333808386096,
        "peak_to_peak": 0.0602518113778574,
        "fractional_peak_to_peak": 1.0774772743952392,
        "slope_per_cycle": 0.00011845601825219238,
        "fractional_slope_per_cycle": 0.0021183374368889175,