{
  "generated_at": "2026-06-18T14:36:04.631147+00:00",
  "workspace": "<local-rre-root>/rsp_batch_runs",
  "model_id": "model_009",
  "run_name": "model_009_M0p6668_Z0p0001120_T6852",
  "source": "cumulative:saturation+saturation_resume:LOGS_saturation_resume_130000",
  "source_kind": "history_exact_rsp_columns",
  "cycle_count": 162,
  "first_period": 1.0,
  "last_period": 162.0,
  "rolling_window": 100,
  "fits": {
    "50": {
      "delta_r": {
        "available": true,
        "window_cycles": 50,
        "window_start_period": 113.0,
        "window_end_period": 162.0,
        "first": 0.002675056745496285,
        "last": 0.0032555134945742026,
        "median": 0.0028970074776166754,
        "peak_to_peak": 0.0007052708584396328,
        "fractional_peak_to_peak": 0.24344806283339265,
        "slope_per_cycle": 8.201513377614186e-06,
        "fractional_slope_per_cycle": 0.002831029412585931,
        "log_slope_per_cycle": 0.002854380149928581,
        "efolding_cycles": 350.33875919611506
      },
      "period_days": {
        "available": true,
        "window_cycles": 50,
        "window_start_period": 113.0,
        "window_end_period": 162.0,
        "first": 0.49532172481047587,
        "last": 0.4897732806035546,
        "median": 0.5002127800799024,
        "peak_to_peak": 0.02787633754667629,
        "fractional_peak_to_peak": 0.05572895906862557,
        "slope_per_cycle": -1.1050974603804155e-05,
        "fractional_slope_per_cycle": -2.20925474995639e-05,
        "log_slope_per_cycle": -2.2745165193894645e-05,
        "efolding_cycles": null
      },
      "gamma": {
        "available": true,
        "window_cycles": 50,
        "window_start_period": 113.0,
        "window_end_period": 162.0,
        "first": 0.0044962621217244795,
        "last": 0.005379929173467099,
        "median": 0.0051153951052743335,
        "peak_to_peak": 0.004702758101273996,
        "fractional_peak_to_peak": 0.9193342849362935,
        "slope_per_cycle": -4.2614819386112143e-07,
        "fractional_slope_per_cycle": -8.330699488329504e-05,
        "log_slope_per_cycle": -0.00025592978811160864,
        "efolding_cycles": null
      },
      "max_vsurf_div_cs": {
        "available": true,
        "window_cycles": 50,
        "window_start_period": 129.0,
        "window_end_period": 162.0,
        "first": 0.01909,
        "last": 0.02305,
        "median": 0.02031,
        "peak_to_peak": 0.005420000000000001,
        "fractional_peak_to_peak": 0.26686361398325953,
        "slope_per_cycle": 5.910007639419405e-05,
        "fractional_slope_per_cycle": 0.0029099003640666687,
        "log_slope_per_cycle": 0.002921262357172493,
        "efolding_cycles": 342.3177646282705
      }
    },
    "100": {
      "delta_r": {
        "available": true,
        "window_cycles": 100,
        "window_start_period": 63.0,
        "window_end_period": 162.0,
        "first": 0.0024177804410268067,
        "last": 0.0032555134945742026,
        "median": 0.0026721330415084843,
        "peak_to_peak": 0.001055134599309504,
        "fractional_peak_to_peak": 0.39486604256570057,
        "slope_per_cycle": 7.388406862692594e-06,
        "fractional_slope_per_cycle": 0.002764984657545965,
        "log_slope_per_cycle": 0.002751434857921754,
        "efolding_cycles": 363.4467293023
      },
      "period_days": {
        "available": true,
        "window_cycles": 100,
        "window_start_period": 63.0,
        "window_end_period": 162.0,
        "first": 0.4911791306418039,
        "last": 0.4897732806035546,
        "median": 0.5002127800799024,
        "peak_to_peak": 0.02787633754667629,
        "fractional_peak_to_peak": 0.05572895906862557,
        "slope_per_cycle": -3.412458501693015e-07,
        "fractional_slope_per_cycle": -6.822013826092008e-07,
        "log_slope_per_cycle": -1.0024690511742084e-06,
        "efolding_cycles": null
      },
      "gamma": {
        "available": true,
        "window_cycles": 100,
        "window_start_period": 63.0,
        "window_end_period": 162.0,
        "first": 0.0045523870959979,
        "last": 0.005379929173467099,
        "median": 0.005077144385201057,
        "peak_to_peak": 0.004702758101273996,
        "fractional_peak_to_peak": 0.926260461487302,
        "slope_per_cycle": -2.4031568021740193e-07,
        "fractional_slope_per_cycle": -4.7332843422353314e-05,
        "log_slope_per_cycle": -2.0678049219110664e-06,
        "efolding_cycles": null
      },
      "max_vsurf_div_cs": {
        "available": true,
        "window_cycles": 100,
        "window_start_period": 129.0,
        "window_end_period": 162.0,
        "first": 0.01909,
        "last": 0.02305,
        "median": 0.02031,
        "peak_to_peak": 0.005420000000000001,
        "fractional_peak_to_peak": 0.26686361398325953,
        "slope_per_cycle": 5.910007639419405e-05,
        "fractional_slope_per_cycle": 0.0029099003640666687,
        "log_slope_per_cycle": 0.002921262357172493,
        "efolding_cycles": 342.3177646282705
      }
    },
    "250": {
      "delta_r": {
        "available": false,
        "reason": "only 162 rows for 250-cycle window"
      },
      "period_days": {
        "available": false,
        "reason": "only 162 rows for 250-cycle window"
      },
      "gamma": {
        "available": false,
        "reason": "only 162 rows for 250-cycle window"
      },
      "max_vsurf_div_cs": {
        "available": false,
        "reason": "only 162 rows for 250-cycle window"
      }
    },
    "500": {
      "delta_r": {
        "available": false,
        "reason": "only 162 rows for 500-cycle window"
      },
      "period_days": {
        "available": false,
        "reason": "only 162 rows for 500-cycle window"
      },
      "gamma": {
        "available": false,
        "reason": "only 162 rows for 500-cycle window"
      },
      "max_vsurf_div_cs": {
        "available": false,
        "reason": "only 162 rows for 500-cycle window"
      }
    }
  },
  "latest_rolling": {
    "window_start_period": 63.0,
    "window_end_period": 162.0,
    "gamma_peak_to_peak": 0.004702758101273996,
    "period_fractional_peak_to_peak": 0.05572895906862557,
    "delta_r_fractional_peak_to_peak": 0.39486604256570057
  },
  "growth_outlook": {
    "status": "amplitude still growing",
    "tolerance": 0.001,
    "delta_r_fractional_peak_to_peak": 0.39486604256570057,
    "delta_r_criterion_factor": 394.8660425657006,
    "log_slope_per_cycle": 0.002751434857921754,
    "efolding_cycles": 363.4467293023,
    "doubling_cycles": 251.9220756996229,
    "fit_window_cycles": 100,
    "max_vsurf_div_cs_latest": 0.02305,
    "max_vsurf_div_cs_log_slope_per_cycle": 0.002921262357172493,
    "max_vsurf_div_cs_efolding_cycles": 342.3177646282705,
    "max_vsurf_div_cs_fit_window_cycles": 100,
    "cycles_to_vsurf_div_cs_0p8": 1214.1826116769532,
    "cycles_to_vsurf_div_cs_1p0": 1290.568613354047
  }
}
