{
  "generated_at": "2026-06-17T18:01:40.925148+00:00",
  "workspace": "<local-rre-root>/rsp_batch_runs",
  "model_id": "model_007",
  "run_name": "model_007_M0p6887_Z0p004060_T6669",
  "source": "cumulative:continue_saturation+continue_saturation_resume:LOGS_continue_saturation_resume_2180000",
  "source_kind": "history_exact_rsp_columns",
  "cycle_count": 1584,
  "first_period": 1.0,
  "last_period": 3144.0,
  "rolling_window": 100,
  "fits": {
    "50": {
      "delta_r": {
        "available": true,
        "window_cycles": 50,
        "window_start_period": 1535.0,
        "window_end_period": 3144.0,
        "first": 0.597038566167523,
        "last": 0.6140671241481401,
        "median": 0.6071080871671688,
        "peak_to_peak": 0.017028557980617087,
        "fractional_peak_to_peak": 0.028048642969119648,
        "slope_per_cycle": 4.979370307553665e-06,
        "fractional_slope_per_cycle": 8.201785502130171e-06,
        "log_slope_per_cycle": 8.211406431334527e-06,
        "efolding_cycles": 121781.81756830649
      },
      "period_days": {
        "available": true,
        "window_cycles": 50,
        "window_start_period": 1535.0,
        "window_end_period": 3144.0,
        "first": 0.5572055897235664,
        "last": 0.557232605511909,
        "median": 0.5572226768177589,
        "peak_to_peak": 3.955523724907817e-05,
        "fractional_peak_to_peak": 7.098640973295278e-05,
        "slope_per_cycle": 7.3177248200042015e-09,
        "fractional_slope_per_cycle": 1.3132496440731684e-08,
        "log_slope_per_cycle": 1.3132585843726049e-08,
        "efolding_cycles": 76146465.890245
      },
      "gamma": {
        "available": true,
        "window_cycles": 50,
        "window_start_period": 1535.0,
        "window_end_period": 3144.0,
        "first": 0.0011723245183008321,
        "last": 0.0007939684656703282,
        "median": 0.000956611604194206,
        "peak_to_peak": 0.00037835605263050395,
        "fractional_peak_to_peak": 0.3955168962739158,
        "slope_per_cycle": -1.0795660644218164e-07,
        "fractional_slope_per_cycle": -0.00011285312238410281,
        "log_slope_per_cycle": -0.00011299366828577114,
        "efolding_cycles": null
      },
      "max_vsurf_div_cs": {
        "available": true,
        "window_cycles": 50,
        "window_start_period": 1562.0,
        "window_end_period": 1564.0,
        "first": 4.72111,
        "last": 4.72559,
        "median": 4.72344,
        "peak_to_peak": 0.0044800000000000395,
        "fractional_peak_to_peak": 0.0009484612909235725,
        "slope_per_cycle": 0.0022400000000000198,
        "fractional_slope_per_cycle": 0.00047423064546178625,
        "log_slope_per_cycle": 0.00047423971713456137,
        "efolding_cycles": 2108.6382347774947
      }
    },
    "100": {
      "delta_r": {
        "available": true,
        "window_cycles": 100,
        "window_start_period": 1485.0,
        "window_end_period": 3144.0,
        "first": 0.5698524462192696,
        "last": 0.6140671241481401,
        "median": 0.5968162995310089,
        "peak_to_peak": 0.04421467792887057,
        "fractional_peak_to_peak": 0.07408423322824027,
        "slope_per_cycle": 1.27629549255098e-05,
        "fractional_slope_per_cycle": 2.1385064274449616e-05,
        "log_slope_per_cycle": 2.1364086832283003e-05,
        "efolding_cycles": 46807.52366578629
      },
      "period_days": {
        "available": true,
        "window_cycles": 100,
        "window_start_period": 1485.0,
        "window_end_period": 3144.0,
        "first": 0.5571233950655355,
        "last": 0.557232605511909,
        "median": 0.557206849165485,
        "peak_to_peak": 0.0001099529088026685,
        "fractional_peak_to_peak": 0.00019732871009633544,
        "slope_per_cycle": 2.3768059302467254e-08,
        "fractional_slope_per_cycle": 4.265571993248843e-08,
        "log_slope_per_cycle": 4.2656387178160876e-08,
        "efolding_cycles": 23443148.052444015
      },
      "gamma": {
        "available": true,
        "window_cycles": 100,
        "window_start_period": 1485.0,
        "window_end_period": 3144.0,
        "first": 0.0017403200024587516,
        "last": 0.0007939684656703282,
        "median": 0.0011760037656299508,
        "peak_to_peak": 0.0009463515367884234,
        "fractional_peak_to_peak": 0.8047181177872255,
        "slope_per_cycle": -2.7569796758117794e-07,
        "fractional_slope_per_cycle": -0.00023443629658234522,
        "log_slope_per_cycle": -0.00024673004037886124,
        "efolding_cycles": null
      },
      "max_vsurf_div_cs": {
        "available": true,
        "window_cycles": 100,
        "window_start_period": 1562.0,
        "window_end_period": 1564.0,
        "first": 4.72111,
        "last": 4.72559,
        "median": 4.72344,
        "peak_to_peak": 0.0044800000000000395,
        "fractional_peak_to_peak": 0.0009484612909235725,
        "slope_per_cycle": 0.0022400000000000198,
        "fractional_slope_per_cycle": 0.00047423064546178625,
        "log_slope_per_cycle": 0.00047423971713456137,
        "efolding_cycles": 2108.6382347774947
      }
    },
    "250": {
      "delta_r": {
        "available": true,
        "window_cycles": 250,
        "window_start_period": 1335.0,
        "window_end_period": 3144.0,
        "first": 0.4416408973894548,
        "last": 0.6140671241481401,
        "median": 0.5522617095794575,
        "peak_to_peak": 0.17242622675868535,
        "fractional_peak_to_peak": 0.3122183265068049,
        "slope_per_cycle": 5.654872851532709e-05,
        "fractional_slope_per_cycle": 0.00010239480220055172,
        "log_slope_per_cycle": 0.00010314536158700364,
        "efolding_cycles": 9695.055450035868
      },
      "period_days": {
        "available": true,
        "window_cycles": 250,
        "window_start_period": 1335.0,
        "window_end_period": 3144.0,
        "first": 0.556956706638448,
        "last": 0.557232605511909,
        "median": 0.5570258295760249,
        "peak_to_peak": 0.0005568297119398213,
        "fractional_peak_to_peak": 0.0009996479200320876,
        "slope_per_cycle": 1.2987884064607382e-07,
        "fractional_slope_per_cycle": 2.3316484398026914e-07,
        "log_slope_per_cycle": 2.3313649967990328e-07,
        "efolding_cycles": 4289332.650069814
      },
      "gamma": {
        "available": true,
        "window_cycles": 250,
        "window_start_period": 1335.0,
        "window_end_period": 3144.0,
        "first": 0.0037765762775003975,
        "last": 0.0007939684656703282,
        "median": 0.002065182148055477,
        "peak_to_peak": 0.0029826078118300693,
        "fractional_peak_to_peak": 1.444234744445383,
        "slope_per_cycle": -1.0571946900867044e-06,
        "fractional_slope_per_cycle": -0.0005119135331874392,
        "log_slope_per_cycle": -0.0006288108981279175,
        "efolding_cycles": null
      },
      "max_vsurf_div_cs": {
        "available": true,
        "window_cycles": 250,
        "window_start_period": 1562.0,
        "window_end_period": 1564.0,
        "first": 4.72111,
        "last": 4.72559,
        "median": 4.72344,
        "peak_to_peak": 0.0044800000000000395,
        "fractional_peak_to_peak": 0.0009484612909235725,
        "slope_per_cycle": 0.0022400000000000198,
        "fractional_slope_per_cycle": 0.00047423064546178625,
        "log_slope_per_cycle": 0.00047423971713456137,
        "efolding_cycles": 2108.6382347774947
      }
    },
    "500": {
      "delta_r": {
        "available": true,
        "window_cycles": 500,
        "window_start_period": 1085.0,
        "window_end_period": 3144.0,
        "first": 0.23886622142331948,
        "last": 0.6140671241481401,
        "median": 0.4411627156409148,