{
  "generated_at": "2026-06-18T06:03:06.671391+00:00",
  "workspace": "<local-rre-root>/rsp_batch_runs",
  "model_id": "model_008",
  "run_name": "model_008_M0p6151_Z0p0004406_T6792",
  "source": "cumulative:saturation+continue_saturation",
  "source_kind": "history_exact_rsp_columns",
  "cycle_count": 1014,
  "first_period": 1.0,
  "last_period": 1014.0,
  "rolling_window": 100,
  "fits": {
    "50": {
      "delta_r": {
        "available": true,
        "window_cycles": 50,
        "window_start_period": 965.0,
        "window_end_period": 1014.0,
        "first": 0.057730951536736796,
        "last": 0.06387601983582503,
        "median": 0.0607228011573433,
        "peak_to_peak": 0.00614506829908823,
        "fractional_peak_to_peak": 0.10119869607407098,
        "slope_per_cycle": 0.00012539421761707356,
        "fractional_slope_per_cycle": 0.0020650268964396983,
        "log_slope_per_cycle": 0.002064413861125858,
        "efolding_cycles": 484.3989951969396
      },
      "period_days": {
        "available": true,
        "window_cycles": 50,
        "window_start_period": 965.0,
        "window_end_period": 1014.0,
        "first": 0.6316221983358264,
        "last": 0.6316209840560677,
        "median": 0.6316222115312875,
        "peak_to_peak": 1.3657143614898004e-06,
        "fractional_peak_to_peak": 2.162232955960811e-06,
        "slope_per_cycle": -2.2084151651241096e-08,
        "fractional_slope_per_cycle": -3.496417834594652e-08,
        "log_slope_per_cycle": -3.4964199998275585e-08,
        "efolding_cycles": null
      },
      "gamma": {
        "available": true,
        "window_cycles": 50,
        "window_start_period": 965.0,
        "window_end_period": 1014.0,
        "first": 0.00415718074081384,
        "last": 0.004177761030655881,
        "median": 0.004166985052408303,
        "peak_to_peak": 2.0607423130554643e-05,
        "fractional_peak_to_peak": 0.004945403660290217,
        "slope_per_cycle": 4.20020046157218e-07,
        "fractional_slope_per_cycle": 0.00010079710891078622,
        "log_slope_per_cycle": 0.00010079307062766377,
        "efolding_cycles": 9921.316949396905
      },
      "max_vsurf_div_cs": {
        "available": true,
        "window_cycles": 50,
        "window_start_period": 965.0,
        "window_end_period": 1014.0,
        "first": 0.32918,
        "last": 0.36662,
        "median": 0.347385,
        "peak_to_peak": 0.03744000000000003,
        "fractional_peak_to_peak": 0.10777667429509054,
        "slope_per_cycle": 0.0007640297719087636,
        "fractional_slope_per_cycle": 0.002199374676249014,
        "log_slope_per_cycle": 0.002198675496428139,
        "efolding_cycles": 454.8192771623422
      }
    },
    "100": {
      "delta_r": {
        "available": true,
        "window_cycles": 100,
        "window_start_period": 915.0,
        "window_end_period": 1014.0,
        "first": 0.05209652226974715,
        "last": 0.06387601983582503,
        "median": 0.05767156214533031,
        "peak_to_peak": 0.011779497566077879,
        "fractional_peak_to_peak": 0.20425140446853093,
        "slope_per_cycle": 0.0001188969840619638,
        "fractional_slope_per_cycle": 0.0020616223948008825,
        "log_slope_per_cycle": 0.0020591003298849205,
        "efolding_cycles": 485.6489921770292
      },
      "period_days": {
        "available": true,
        "window_cycles": 100,
        "window_start_period": 915.0,
        "window_end_period": 1014.0,
        "first": 0.6316230174331684,
        "last": 0.6316209840560677,
        "median": 0.631622166232275,
        "peak_to_peak": 2.0333771006963985e-06,
        "fractional_peak_to_peak": 3.2192934469444146e-06,
        "slope_per_cycle": -7.955233315202292e-09,
        "fractional_slope_per_cycle": -1.2594924213405149e-08,
        "log_slope_per_cycle": -1.259492727133784e-08,
        "efolding_cycles": null
      },
      "gamma": {
        "available": true,
        "window_cycles": 100,
        "window_start_period": 915.0,
        "window_end_period": 1014.0,
        "first": 0.004135215788136021,
        "last": 0.004177761030655881,
        "median": 0.004156919161988735,
        "peak_to_peak": 4.257633875731897e-05,
        "fractional_peak_to_peak": 0.010242282108019099,
        "slope_per_cycle": 4.28972534144521e-07,
        "fractional_slope_per_cycle": 0.00010319482227777887,
        "log_slope_per_cycle": 0.00010321149584292223,
        "efolding_cycles": 9688.843203298806
      },
      "max_vsurf_div_cs": {
        "available": true,
        "window_cycles": 100,
        "window_start_period": 915.0,
        "window_end_period": 1014.0,
        "first": 0.29525,
        "last": 0.36662,
        "median": 0.32882,
        "peak_to_peak": 0.07136999999999999,
        "fractional_peak_to_peak": 0.2170488413113557,
        "slope_per_cycle": 0.0007208807080708071,
        "fractional_slope_per_cycle": 0.0021923262212481206,
        "log_slope_per_cycle": 0.002188952319122794,
        "efolding_cycles": 456.8395534539293
      }
    },
    "250": {
      "delta_r": {
        "available": true,
        "window_cycles": 250,
        "window_start_period": 765.0,
        "window_end_period": 1014.0,
        "first": 0.03834622559170864,
        "last": 0.06387601983582503,
        "median": 0.04944608425953989,
        "peak_to_peak": 0.02552979424411639,
        "fractional_peak_to_peak": 0.5163157937868618,
        "slope_per_cycle": 0.00010201559859354752,
        "fractional_slope_per_cycle": 0.0020631684009207486,
        "log_slope_per_cycle": 0.0020486211943422533,
        "efolding_cycles": 488.1331906365774
      },
      "period_days": {
        "available": true,
        "window_cycles": 250,
        "window_start_period": 765.0,
        "window_end_period": 1014.0,
        "first": 0.6316294148719559,
        "last": 0.6316209840560677,
        "median": 0.6316247597033227,
        "peak_to_peak": 8.430815888194054e-06,
        "fractional_peak_to_peak": 1.3347823622611076e-05,
        "slope_per_cycle": -4.023954896765618e-08,
        "fractional_slope_per_cycle": -6.370799806289561e-08,
        "log_slope_per_cycle": -6.370792391102246e-08,
        "efolding_cycles": null
      },
      "gamma": {
        "available": true,
        "window_cycles": 250,
        "window_start_period": 765.0,
        "window_end_period": 1014.0,
        "first": 0.004089729108725744,
        "last": 0.004177761030655881,
        "median": 0.004124988092886098,
        "peak_to_peak": 8.94890001295473e-05,
        "fractional_peak_to_peak": 0.02169436568408013,
        "slope_per_cycle": 3.5686898148980157e-07,
        "fractional_slope_per_cycle": 8.651394221119167e-05,
        "log_slope_per_cycle": 8.638933927592668e-05,
        "efolding_cycles": 11575.50235227532
      },
      "max_vsurf_div_cs": {
        "available": true,
        "window_cycles": 250,
        "window_start_period": 765.0,
        "window_end_period": 1014.0,
        "first": 0.21434,
        "last": 0.36662,
        "median": 0.27949999999999997,
        "peak_to_peak": 0.15228,
        "fractional_peak_to_peak": 0.544830053667263,
        "slope_per_cycle": 0.0006072678078049249,
        "fractional_slope_per_cycle": 0.0021726934089621648,
        "log_slope_per_cycle": 0.0021529895698847346,
        "efolding_cycles": 464.4704340363049
      }
    },
    "500": {
      "delta_r": {
        "available": true,
        "window_cycles": 500,
        "window_start_period": 515.0,
        "window_end_period": 1014.0,
        "first": 0.00688392864329046,
        "last": 0.06387601983582503,
        "median": 0.03830725164062665,
        "peak_to_peak": 0.056992091192534566,
        "fractional_peak_to_peak": 1.4877624666785483,