{
  "generated_at": "2026-06-17T12:50:23.433121+00:00",
  "workspace": "<local-rre-root>/rsp_batch_runs",
  "model_id": "model_008",
  "run_name": "model_008_M0p6151_Z0p0004406_T6792",
  "source": "cumulative:saturation+continue_saturation",
  "source_kind": "history_exact_rsp_columns",
  "cycle_count": 1509,
  "first_period": 1.0,
  "last_period": 1509.0,
  "rolling_window": 100,
  "fits": {
    "50": {
      "delta_r": {
        "available": true,
        "window_cycles": 50,
        "window_start_period": 1460.0,
        "window_end_period": 1509.0,
        "first": 0.0465498365225816,
        "last": 0.05145986208553399,
        "median": 0.04894266109578238,
        "peak_to_peak": 0.0049100255629523915,
        "fractional_peak_to_peak": 0.10032199829394874,
        "slope_per_cycle": 0.0001001884004483148,
        "fractional_slope_per_cycle": 0.002047056661922057,
        "log_slope_per_cycle": 0.0020465051907855255,
        "efolding_cycles": 488.6379006036933
      },
      "period_days": {
        "available": true,
        "window_cycles": 50,
        "window_start_period": 1460.0,
        "window_end_period": 1509.0,
        "first": 0.6316269946065559,
        "last": 0.6316233234586953,
        "median": 0.6316251628370784,
        "peak_to_peak": 3.671147860595525e-06,
        "fractional_peak_to_peak": 5.8122254726296615e-06,
        "slope_per_cycle": -7.66009360493463e-08,
        "fractional_slope_per_cycle": -1.2127594110607778e-07,
        "log_slope_per_cycle": -1.2127594268663456e-07,
        "efolding_cycles": null
      },
      "gamma": {
        "available": true,
        "window_cycles": 50,
        "window_start_period": 1460.0,
        "window_end_period": 1509.0,
        "first": 0.004114679542342753,
        "last": 0.004131664508001016,
        "median": 0.00412287278614978,
        "peak_to_peak": 1.7947603994634617e-05,
        "fractional_peak_to_peak": 0.004353179184894355,
        "slope_per_cycle": 3.432605058645167e-07,
        "fractional_slope_per_cycle": 8.325760305233109e-05,
        "log_slope_per_cycle": 8.324397010751078e-05,
        "efolding_cycles": 12012.882118770713
      },
      "max_vsurf_div_cs": {
        "available": true,
        "window_cycles": 50,
        "window_start_period": 1460.0,
        "window_end_period": 1509.0,
        "first": 0.26241,
        "last": 0.29145,
        "median": 0.276525,
        "peak_to_peak": 0.02904000000000001,
        "fractional_peak_to_peak": 0.10501762950908601,
        "slope_per_cycle": 0.0005925517406962787,
        "fractional_slope_per_cycle": 0.002142850522362458,
        "log_slope_per_cycle": 0.0021421204237415782,
        "efolding_cycles": 466.8271628974666
      }
    },
    "100": {
      "delta_r": {
        "available": true,
        "window_cycles": 100,
        "window_start_period": 1410.0,
        "window_end_period": 1509.0,
        "first": 0.04202926098020843,
        "last": 0.05145986208553399,
        "median": 0.04650228037647919,
        "peak_to_peak": 0.009430601105325565,
        "fractional_peak_to_peak": 0.2027986806018131,
        "slope_per_cycle": 9.519696649545667e-05,
        "fractional_slope_per_cycle": 0.002047146198525077,
        "log_slope_per_cycle": 0.0020449027872153774,
        "efolding_cycles": 489.0208015031063
      },
      "period_days": {
        "available": true,
        "window_cycles": 100,
        "window_start_period": 1410.0,
        "window_end_period": 1509.0,
        "first": 0.6316290365606202,
        "last": 0.6316233234586953,
        "median": 0.6316270102057779,
        "peak_to_peak": 5.722907199356975e-06,
        "fractional_peak_to_peak": 9.060580226758363e-06,
        "slope_per_cycle": -6.054057108133698e-08,
        "fractional_slope_per_cycle": -9.584861018152698e-08,
        "log_slope_per_cycle": -9.584869398598293e-08,
        "efolding_cycles": null
      },
      "gamma": {
        "available": true,
        "window_cycles": 100,
        "window_start_period": 1410.0,
        "window_end_period": 1509.0,
        "first": 0.0041013847270368305,
        "last": 0.004131664508001016,
        "median": 0.004115423786458464,
        "peak_to_peak": 3.2135649766912126e-05,
        "fractional_peak_to_peak": 0.007808588236441749,
        "slope_per_cycle": 3.039999205902962e-07,
        "fractional_slope_per_cycle": 7.386843648777758e-05,
        "log_slope_per_cycle": 7.38533185007499e-05,
        "efolding_cycles": 13540.352963148785
      },
      "max_vsurf_div_cs": {
        "available": true,
        "window_cycles": 100,
        "window_start_period": 1410.0,
        "window_end_period": 1509.0,
        "first": 0.23586,
        "last": 0.29145,
        "median": 0.26213,
        "peak_to_peak": 0.05559,
        "fractional_peak_to_peak": 0.21207034677450123,
        "slope_per_cycle": 0.0005608952895289531,
        "fractional_slope_per_cycle": 0.002139760002780884,
        "log_slope_per_cycle": 0.0021370477796208687,
        "efolding_cycles": 467.93525607434424
      }
    },
    "250": {
      "delta_r": {
        "available": true,
        "window_cycles": 250,
        "window_start_period": 1260.0,
        "window_end_period": 1509.0,
        "first": 0.030988776218401348,
        "last": 0.05145986208553399,
        "median": 0.03989949626235134,
        "peak_to_peak": 0.020471085867132643,
        "fractional_peak_to_peak": 0.5130662736323541,
        "slope_per_cycle": 8.184877753721484e-05,
        "fractional_slope_per_cycle": 0.0020513737065509345,
        "log_slope_per_cycle": 0.00203701789360865,
        "efolding_cycles": 490.91370436047777
      },
      "period_days": {
        "available": true,
        "window_cycles": 250,
        "window_start_period": 1260.0,
        "window_end_period": 1509.0,
        "first": 0.631631975587009,
        "last": 0.6316233234586953,
        "median": 0.6316293622496434,
        "peak_to_peak": 8.652128313690888e-06,
        "fractional_peak_to_peak": 1.3698109731433362e-05,
        "slope_per_cycle": -2.6326969750985398e-08,
        "fractional_slope_per_cycle": -4.1681041643184414e-08,
        "log_slope_per_cycle": -4.1681128807338795e-08,
        "efolding_cycles": null
      },
      "gamma": {
        "available": true,
        "window_cycles": 250,
        "window_start_period": 1260.0,
        "window_end_period": 1509.0,
        "first": 0.0040639859589829816,
        "last": 0.004131664508001016,
        "median": 0.004094467159251707,
        "peak_to_peak": 6.930237697289066e-05,
        "fractional_peak_to_peak": 0.01692585977061693,
        "slope_per_cycle": 2.6548395691196583e-07,
        "fractional_slope_per_cycle": 6.48396840385172e-05,
        "log_slope_per_cycle": 6.480487282783916e-05,
        "efolding_cycles": 15430.938390336838
      },
      "max_vsurf_div_cs": {
        "available": true,
        "window_cycles": 250,
        "window_start_period": 1260.0,
        "window_end_period": 1509.0,
        "first": 0.17185,
        "last": 0.29145,
        "median": 0.22340500000000002,
        "peak_to_peak": 0.11959999999999998,
        "fractional_peak_to_peak": 0.5353505964503926,
        "slope_per_cycle": 0.00047799068017088275,
        "fractional_slope_per_cycle": 0.0021395701983880516,
        "log_slope_per_cycle": 0.002122350595660296,
        "efolding_cycles": 471.1756870164444
      }
    },
    "500": {
      "delta_r": {
        "available": true,
        "window_cycles": 500,
        "window_start_period": 1010.0,
        "window_end_period": 1509.0,
        "first": 0.018693693354928875,
        "last": 0.05145986208553399,
        "median": 0.030957424999006555,
        "peak_to_peak": 0.032766168730605116,
        "fractional_peak_to_peak": 1.0584268146222304,