{
  "generated_at": "2026-06-19T22:34:11.346015+00:00",
  "workspace": "<local-rre-root>/rsp_batch_runs",
  "model_id": "model_009",
  "run_name": "model_009_M0p6668_Z0p0001120_T6852",
  "source": "cumulative:saturation+saturation_resume:LOGS_saturation_resume_130000",
  "source_kind": "history_exact_rsp_columns",
  "cycle_count": 309,
  "first_period": 1.0,
  "last_period": 309.0,
  "rolling_window": 100,
  "fits": {
    "50": {
      "delta_r": {
        "available": true,
        "window_cycles": 50,
        "window_start_period": 260.0,
        "window_end_period": 309.0,
        "first": 0.0037397481253540477,
        "last": 0.004447929868669931,
        "median": 0.004303076429539754,
        "peak_to_peak": 0.001145621525669327,
        "fractional_peak_to_peak": 0.26623313446279173,
        "slope_per_cycle": 1.2019474773117406e-05,
        "fractional_slope_per_cycle": 0.002793228279796782,
        "log_slope_per_cycle": 0.00280839006208504,
        "efolding_cycles": 356.0758932673218
      },
      "period_days": {
        "available": true,
        "window_cycles": 50,
        "window_start_period": 260.0,
        "window_end_period": 309.0,
        "first": 0.518150847114351,
        "last": 0.49945399180382355,
        "median": 0.49942672764189344,
        "peak_to_peak": 0.03125811988177396,
        "fractional_peak_to_peak": 0.06258799970390679,
        "slope_per_cycle": -3.445746020865964e-05,
        "fractional_slope_per_cycle": -6.899402515230793e-05,
        "log_slope_per_cycle": -6.853581924267364e-05,
        "efolding_cycles": null
      },
      "gamma": {
        "available": true,
        "window_cycles": 50,
        "window_start_period": 260.0,
        "window_end_period": 309.0,
        "first": 0.008353044383331116,
        "last": 0.005003680609714756,
        "median": 0.004997437723221062,
        "peak_to_peak": 0.005525054268201901,
        "fractional_peak_to_peak": 1.1055774127067597,
        "slope_per_cycle": -4.259552587775965e-06,
        "fractional_slope_per_cycle": -0.0008523473074979115,
        "log_slope_per_cycle": -0.0012057453902815161,
        "efolding_cycles": null
      },
      "max_vsurf_div_cs": {
        "available": true,
        "window_cycles": 50,
        "window_start_period": 260.0,
        "window_end_period": 309.0,
        "first": 0.02461,
        "last": 0.03016,
        "median": 0.029894999999999998,
        "peak_to_peak": 0.010119999999999997,
        "fractional_peak_to_peak": 0.3385181468472988,
        "slope_per_cycle": 8.397743097238893e-05,
        "fractional_slope_per_cycle": 0.0028090794772500064,
        "log_slope_per_cycle": 0.002853901293706378,
        "efolding_cycles": 350.39754255175876
      }
    },
    "100": {
      "delta_r": {
        "available": true,
        "window_cycles": 100,
        "window_start_period": 210.0,
        "window_end_period": 309.0,
        "first": 0.0032706901109342823,
        "last": 0.004447929868669931,
        "median": 0.004017500485022474,
        "peak_to_peak": 0.0016146795400890923,
        "fractional_peak_to_peak": 0.4019114735912869,
        "slope_per_cycle": 1.1052278942373586e-05,
        "fractional_slope_per_cycle": 0.002751033629884368,
        "log_slope_per_cycle": 0.0027590413935681493,
        "efolding_cycles": 362.4447253061119
      },
      "period_days": {
        "available": true,
        "window_cycles": 100,
        "window_start_period": 210.0,
        "window_end_period": 309.0,
        "first": 0.5114863284447023,
        "last": 0.49945399180382355,
        "median": 0.5003573177962378,
        "peak_to_peak": 0.03125811988177396,
        "fractional_peak_to_peak": 0.06247159533800065,
        "slope_per_cycle": -7.856572284816247e-06,
        "fractional_slope_per_cycle": -1.5701923416288886e-05,
        "log_slope_per_cycle": -1.6034163931735776e-05,
        "efolding_cycles": null
      },
      "gamma": {
        "available": true,
        "window_cycles": 100,
        "window_start_period": 210.0,
        "window_end_period": 309.0,
        "first": 0.007847040482837228,
        "last": 0.005003680609714756,
        "median": 0.004997437723221062,
        "peak_to_peak": 0.005525054268201901,
        "fractional_peak_to_peak": 1.1055774127067597,
        "slope_per_cycle": -7.037417408503953e-07,
        "fractional_slope_per_cycle": -0.0001408205123958611,
        "log_slope_per_cycle": -0.00010525998785772638,
        "efolding_cycles": null
      },
      "max_vsurf_div_cs": {
        "available": true,
        "window_cycles": 100,
        "window_start_period": 210.0,
        "window_end_period": 309.0,
        "first": 0.02156,
        "last": 0.03016,
        "median": 0.027424999999999998,
        "peak_to_peak": 0.013169999999999998,
        "fractional_peak_to_peak": 0.48021877848678207,
        "slope_per_cycle": 7.657383738373836e-05,
        "fractional_slope_per_cycle": 0.0027921180449859023,
        "log_slope_per_cycle": 0.002781339119830505,
        "efolding_cycles": 359.5390410576543
      }
    },
    "250": {
      "delta_r": {
        "available": true,
        "window_cycles": 250,
        "window_start_period": 60.0,
        "window_end_period": 309.0,
        "first": 0.002413491496474407,
        "last": 0.004447929868669931,
        "median": 0.0032704978924105177,
        "peak_to_peak": 0.002698580575350107,
        "fractional_peak_to_peak": 0.8251283639755292,
        "slope_per_cycle": 9.016853607560388e-06,
        "fractional_slope_per_cycle": 0.002757027799493405,
        "log_slope_per_cycle": 0.00273324899089695,
        "efolding_cycles": 365.8649480272331
      },
      "period_days": {
        "available": true,
        "window_cycles": 250,
        "window_start_period": 60.0,
        "window_end_period": 309.0,
        "first": 0.4906530855936257,
        "last": 0.49945399180382355,
        "median": 0.5010520650552913,
        "peak_to_peak": 0.03125811988177396,
        "fractional_peak_to_peak": 0.06238497366201776,
        "slope_per_cycle": -7.888033747381473e-08,
        "fractional_slope_per_cycle": -1.5742942295849083e-07,
        "log_slope_per_cycle": -4.631139727208842e-07,
        "efolding_cycles": null
      },
      "gamma": {
        "available": true,
        "window_cycles": 250,
        "window_start_period": 60.0,
        "window_end_period": 309.0,
        "first": 0.004949801124144253,
        "last": 0.005003680609714756,
        "median": 0.005044994219685182,
        "peak_to_peak": 0.005525054268201901,
        "fractional_peak_to_peak": 1.0951557182451392,
        "slope_per_cycle": -4.702285653447167e-08,
        "fractional_slope_per_cycle": -9.320695819827123e-06,
        "log_slope_per_cycle": -7.837639852752798e-05,
        "efolding_cycles": null
      },
      "max_vsurf_div_cs": {
        "available": true,
        "window_cycles": 250,
        "window_start_period": 129.0,
        "window_end_period": 309.0,
        "first": 0.01909,
        "last": 0.03016,
        "median": 0.02456,
        "peak_to_peak": 0.017099999999999997,
        "fractional_peak_to_peak": 0.6962540716612378,
        "slope_per_cycle": 6.7875194786797e-05,
        "fractional_slope_per_cycle": 0.00276364799620509,
        "log_slope_per_cycle": 0.002736342889873139,
        "efolding_cycles": 365.4512757523461
      }
    },
    "500": {
      "delta_r": {
        "available": false,
        "reason": "only 309 rows for 500-cycle window"
      },
      "period_days": {
        "available": false,
        "reason": "only 309 rows for 500-cycle window"
      },
      "gamma": {
        "available": false,
        "reason": "only 309 rows for 500-cycle window"
      },
      "max_vsurf_div_cs": {
        "available": false,
        "reason": "only 309 rows for 500-cycle window"
      }
    }
  },
  "latest_rolling": {
    "window_start_period": 210.0,
    "window_end_period": 309.0,
    "gamma_peak_to_peak": 0.005525054268201901,