{
  "generated_at": "2026-06-17T18:59:35.784107+00:00",
  "workspace": "<local-rre-root>/rsp_batch_runs",
  "model_id": "model_008",
  "run_name": "model_008_M0p6151_Z0p0004406_T6792",
  "source": "cumulative:saturation+continue_saturation",
  "source_kind": "history_exact_rsp_columns",
  "cycle_count": 948,
  "first_period": 1.0,
  "last_period": 948.0,
  "rolling_window": 100,
  "fits": {
    "50": {
      "delta_r": {
        "available": true,
        "window_cycles": 50,
        "window_start_period": 899.0,
        "window_end_period": 948.0,
        "first": 0.05041710945286848,
        "last": 0.05574713453628011,
        "median": 0.05301240732148482,
        "peak_to_peak": 0.005330025083411627,
        "fractional_peak_to_peak": 0.10054297385682916,
        "slope_per_cycle": 0.00010875772915004022,
        "fractional_slope_per_cycle": 0.0020515523562342165,
        "log_slope_per_cycle": 0.0020509493665769227,
        "efolding_cycles": 487.57907742452994
      },
      "period_days": {
        "available": true,
        "window_cycles": 50,
        "window_start_period": 899.0,
        "window_end_period": 948.0,
        "first": 0.6316240665647719,
        "last": 0.6316220237457849,
        "median": 0.6316225098256298,
        "peak_to_peak": 2.051976819794632e-06,
        "fractional_peak_to_peak": 3.248739219824694e-06,
        "slope_per_cycle": -4.187447801222108e-08,
        "fractional_slope_per_cycle": -6.629668411244755e-08,
        "log_slope_per_cycle": -6.62966493988256e-08,
        "efolding_cycles": null
      },
      "gamma": {
        "available": true,
        "window_cycles": 50,
        "window_start_period": 899.0,
        "window_end_period": 948.0,
        "first": 0.00412770209711536,
        "last": 0.004148902735365034,
        "median": 0.0041383629995099605,
        "peak_to_peak": 2.1534923208901824e-05,
        "fractional_peak_to_peak": 0.005203729883398788,
        "slope_per_cycle": 4.4317690457589677e-07,
        "fractional_slope_per_cycle": 0.00010708990599142102,
        "log_slope_per_cycle": 0.00010707873326084714,
        "efolding_cycles": 9338.92258105042
      },
      "max_vsurf_div_cs": {
        "available": true,
        "window_cycles": 50,
        "window_start_period": 899.0,
        "window_end_period": 948.0,
        "first": 0.28526,
        "last": 0.31716,
        "median": 0.30071499999999995,
        "peak_to_peak": 0.031899999999999984,
        "fractional_peak_to_peak": 0.10608050812230846,
        "slope_per_cycle": 0.0006508969987995196,
        "fractional_slope_per_cycle": 0.0021644979425686104,
        "log_slope_per_cycle": 0.0021635351777609317,
        "efolding_cycles": 462.20648976686016
      }
    },
    "100": {
      "delta_r": {
        "available": true,
        "window_cycles": 100,
        "window_start_period": 849.0,
        "window_end_period": 948.0,
        "first": 0.045514357213025214,
        "last": 0.05574713453628011,
        "median": 0.050365545990311844,
        "peak_to_peak": 0.010232777323254894,
        "fractional_peak_to_peak": 0.20317018553165767,
        "slope_per_cycle": 0.00010326818477465528,
        "fractional_slope_per_cycle": 0.002050373578686502,
        "log_slope_per_cycle": 0.0020480818645794677,
        "efolding_cycles": 488.26173274344666
      },
      "period_days": {
        "available": true,
        "window_cycles": 100,
        "window_start_period": 849.0,
        "window_end_period": 948.0,
        "first": 0.6316276601600219,
        "last": 0.6316220237457849,
        "median": 0.6316240242296933,
        "peak_to_peak": 5.645572069834515e-06,
        "fractional_peak_to_peak": 8.938184510507906e-06,
        "slope_per_cycle": -6.351405128459216e-08,
        "fractional_slope_per_cycle": -1.0055673762892677e-07,
        "log_slope_per_cycle": -1.0055665711672568e-07,
        "efolding_cycles": null
      },
      "gamma": {
        "available": true,
        "window_cycles": 100,
        "window_start_period": 849.0,
        "window_end_period": 948.0,
        "first": 0.004111704637337412,
        "last": 0.004148902735365034,
        "median": 0.004127967184369806,
        "peak_to_peak": 3.753238298684954e-05,
        "fractional_peak_to_peak": 0.009092219320192926,
        "slope_per_cycle": 3.7940218740503243e-07,
        "fractional_slope_per_cycle": 9.191017526534764e-05,
        "log_slope_per_cycle": 9.186460920212085e-05,
        "efolding_cycles": 10885.584869792418
      },
      "max_vsurf_div_cs": {
        "available": true,
        "window_cycles": 100,
        "window_start_period": 849.0,
        "window_end_period": 948.0,
        "first": 0.25632,
        "last": 0.31716,
        "median": 0.28495000000000004,
        "peak_to_peak": 0.060840000000000005,
        "fractional_peak_to_peak": 0.21351114230566764,
        "slope_per_cycle": 0.0006135347734773476,
        "fractional_slope_per_cycle": 0.0021531313334877964,
        "log_slope_per_cycle": 0.0021498569281964398,
        "efolding_cycles": 465.1472323039287
      }
    },
    "250": {
      "delta_r": {
        "available": true,
        "window_cycles": 250,
        "window_start_period": 699.0,
        "window_end_period": 948.0,
        "first": 0.03353676329821109,
        "last": 0.05574713453628011,
        "median": 0.04320383412288553,
        "peak_to_peak": 0.022210371238069015,
        "fractional_peak_to_peak": 0.5140833374856411,
        "slope_per_cycle": 8.88011960770365e-05,
        "fractional_slope_per_cycle": 0.0020554008198544944,
        "log_slope_per_cycle": 0.002041108886713495,
        "efolding_cycles": 489.92976636839626
      },
      "period_days": {
        "available": true,
        "window_cycles": 250,
        "window_start_period": 699.0,
        "window_end_period": 948.0,
        "first": 0.6316303741226524,
        "last": 0.6316220237457849,
        "median": 0.6316286959756959,
        "peak_to_peak": 8.359534700352889e-06,
        "fractional_peak_to_peak": 1.323488744829692e-05,
        "slope_per_cycle": -3.512531081839328e-08,
        "fractional_slope_per_cycle": -5.561069508429181e-08,
        "log_slope_per_cycle": -5.561089215996156e-08,
        "efolding_cycles": null
      },
      "gamma": {
        "available": true,
        "window_cycles": 250,
        "window_start_period": 699.0,
        "window_end_period": 948.0,
        "first": 0.004074844686780427,
        "last": 0.004148902735365034,
        "median": 0.004105198749309487,
        "peak_to_peak": 7.670694025680054e-05,
        "fractional_peak_to_peak": 0.01868531706770665,
        "slope_per_cycle": 2.955850476407098e-07,
        "fractional_slope_per_cycle": 7.200261563229516e-05,
        "log_slope_per_cycle": 7.19442637362094e-05,
        "efolding_cycles": 13899.648812400064
      },
      "max_vsurf_div_cs": {
        "available": true,
        "window_cycles": 250,
        "window_start_period": 699.0,
        "window_end_period": 948.0,
        "first": 0.18648,
        "last": 0.31716,
        "median": 0.242745,
        "peak_to_peak": 0.13068,
        "fractional_peak_to_peak": 0.5383427053080393,
        "slope_per_cycle": 0.0005216773964383429,
        "fractional_slope_per_cycle": 0.002149075764437343,
        "log_slope_per_cycle": 0.002131803886747221,
        "efolding_cycles": 469.08630114463017
      }
    },
    "500": {
      "delta_r": {
        "available": true,
        "window_cycles": 500,
        "window_start_period": 449.0,
        "window_end_period": 948.0,
        "first": 0.006027550624990496,
        "last": 0.05574713453628011,
        "median": 0.03350280015024065,
        "peak_to_peak": 0.04971958391128961,
        "fractional_peak_to_peak": 1.4840426378788065,