{
  "generated_at": "2026-06-19T17:29:48.509947+00:00",
  "workspace": "<local-rre-root>/rsp_batch_runs",
  "model_id": "model_008",
  "run_name": "model_008_M0p6151_Z0p0004406_T6792",
  "source": "cumulative:saturation+continue_saturation+continue_saturation_resume:LOGS_continue_saturation_resume_1620000",
  "source_kind": "history_exact_rsp_columns",
  "cycle_count": 1166,
  "first_period": 1.0,
  "last_period": 1166.0,
  "rolling_window": 100,
  "fits": {
    "50": {
      "delta_r": {
        "available": true,
        "window_cycles": 50,
        "window_start_period": 1117.0,
        "window_end_period": 1166.0,
        "first": 0.07908467955395881,
        "last": 0.08760207110544371,
        "median": 0.08323252243931822,
        "peak_to_peak": 0.008517391551484899,
        "fractional_peak_to_peak": 0.10233249337955144,
        "slope_per_cycle": 0.00017380677672963922,
        "fractional_slope_per_cycle": 0.0020882074895225643,
        "log_slope_per_cycle": 0.0020876096342557393,
        "efolding_cycles": 479.016758493028
      },
      "period_days": {
        "available": true,
        "window_cycles": 50,
        "window_start_period": 1117.0,
        "window_end_period": 1166.0,
        "first": 0.6316201367493098,
        "last": 0.6316177621038838,
        "median": 0.6316201937224508,
        "peak_to_peak": 3.3916343279427608e-06,
        "fractional_peak_to_peak": 5.369737005959513e-06,
        "slope_per_cycle": -5.973107780855189e-08,
        "fractional_slope_per_cycle": -9.456803060162951e-08,
        "log_slope_per_cycle": -9.45681614735537e-08,
        "efolding_cycles": null
      },
      "gamma": {
        "available": true,
        "window_cycles": 50,
        "window_start_period": 1117.0,
        "window_end_period": 1166.0,
        "first": 0.00423315392174224,
        "last": 0.004260001881032474,
        "median": 0.004246008751295695,
        "peak_to_peak": 2.6847959290234036e-05,
        "fractional_peak_to_peak": 0.006323105029409377,
        "slope_per_cycle": 5.447666466048287e-07,
        "fractional_slope_per_cycle": 0.00012830087701505325,
        "log_slope_per_cycle": 0.00012828742856040772,
        "efolding_cycles": 7794.996058628785
      },
      "max_vsurf_div_cs": {
        "available": true,
        "window_cycles": 50,
        "window_start_period": 1117.0,
        "window_end_period": 1166.0,
        "first": 0.46175,
        "last": 0.51665,
        "median": 0.48844,
        "peak_to_peak": 0.05490000000000006,
        "fractional_peak_to_peak": 0.11239865694865298,
        "slope_per_cycle": 0.0011200249699879954,
        "fractional_slope_per_cycle": 0.002293065617042002,
        "log_slope_per_cycle": 0.002292369454213437,
        "efolding_cycles": 436.2298573478079
      }
    },
    "100": {
      "delta_r": {
        "available": true,
        "window_cycles": 100,
        "window_start_period": 1067.0,
        "window_end_period": 1166.0,
        "first": 0.07128074563703723,
        "last": 0.08760207110544371,
        "median": 0.07900234451157706,
        "peak_to_peak": 0.016321325468406478,
        "fractional_peak_to_peak": 0.20659292542912747,
        "slope_per_cycle": 0.00016477708891451888,
        "fractional_slope_per_cycle": 0.0020857240368401006,
        "log_slope_per_cycle": 0.0020831492562972584,
        "efolding_cycles": 480.0424150967814
      },
      "period_days": {
        "available": true,
        "window_cycles": 100,
        "window_start_period": 1067.0,
        "window_end_period": 1166.0,
        "first": 0.6316163166427847,
        "last": 0.6316177621038838,
        "median": 0.6316189507829646,
        "peak_to_peak": 4.4000919701137065e-06,
        "fractional_peak_to_peak": 6.966371044851147e-06,
        "slope_per_cycle": 3.183919231540949e-08,
        "fractional_slope_per_cycle": 5.040886166563106e-08,
        "log_slope_per_cycle": 5.040891805800234e-08,
        "efolding_cycles": 19837759.637081746
      },
      "gamma": {
        "available": true,
        "window_cycles": 100,
        "window_start_period": 1067.0,
        "window_end_period": 1166.0,
        "first": 0.004205104052994081,
        "last": 0.004260001881032474,
        "median": 0.004232849902514086,
        "peak_to_peak": 5.489782803839299e-05,
        "fractional_peak_to_peak": 0.012969471940355509,
        "slope_per_cycle": 5.43126057783353e-07,
        "fractional_slope_per_cycle": 0.00012831214673139372,
        "log_slope_per_cycle": 0.0001283195422997651,
        "efolding_cycles": 7793.045253106631
      },
      "max_vsurf_div_cs": {
        "available": true,
        "window_cycles": 100,
        "window_start_period": 1067.0,
        "window_end_period": 1166.0,
        "first": 0.4122,
        "last": 0.51665,
        "median": 0.46121999999999996,
        "peak_to_peak": 0.10445000000000004,
        "fractional_peak_to_peak": 0.2264645939031266,
        "slope_per_cycle": 0.0010557077707770777,
        "fractional_slope_per_cycle": 0.0022889462095682708,
        "log_slope_per_cycle": 0.002285249660525937,
        "efolding_cycles": 437.58895024618704
      }
    },
    "250": {
      "delta_r": {
        "available": true,
        "window_cycles": 250,
        "window_start_period": 917.0,
        "window_end_period": 1166.0,
        "first": 0.05231053591449086,
        "last": 0.08760207110544371,
        "median": 0.06761438175905887,
        "peak_to_peak": 0.03529153519095285,
        "fractional_peak_to_peak": 0.5219530856129516,
        "slope_per_cycle": 0.00014104258661517413,
        "fractional_slope_per_cycle": 0.0020859850071213207,
        "log_slope_per_cycle": 0.0020706554487225715,
        "efolding_cycles": 482.9388687610582
      },
      "period_days": {
        "available": true,
        "window_cycles": 250,
        "window_start_period": 917.0,
        "window_end_period": 1166.0,
        "first": 0.6316228839580866,
        "last": 0.6316177621038838,
        "median": 0.6316202890383149,
        "peak_to_peak": 6.567355831710309e-06,
        "fractional_peak_to_peak": 1.0397632795662021e-05,
        "slope_per_cycle": -1.8555381102311765e-08,
        "fractional_slope_per_cycle": -2.9377430434610647e-08,
        "log_slope_per_cycle": -2.9377430098853397e-08,
        "efolding_cycles": null
      },
      "gamma": {
        "available": true,
        "window_cycles": 250,
        "window_start_period": 917.0,
        "window_end_period": 1166.0,
        "first": 0.004135184691898562,
        "last": 0.004260001881032474,
        "median": 0.004191481237126003,
        "peak_to_peak": 0.00012481718913391181,
        "fractional_peak_to_peak": 0.029778777971936222,
        "slope_per_cycle": 5.009433589466567e-07,
        "fractional_slope_per_cycle": 0.00011951463709524831,
        "log_slope_per_cycle": 0.00011938960258912674,
        "efolding_cycles": 8375.938761111796
      },
      "max_vsurf_div_cs": {
        "available": true,
        "window_cycles": 250,
        "window_start_period": 1018.0,
        "window_end_period": 1166.0,
        "first": 0.36986,
        "last": 0.51665,
        "median": 0.43611,
        "peak_to_peak": 0.14679000000000003,
        "fractional_peak_to_peak": 0.33658939258443976,
        "slope_per_cycle": 0.0009910015236713225,
        "fractional_slope_per_cycle": 0.0022723659711341693,
        "log_slope_per_cycle": 0.0022624006675976568,
        "efolding_cycles": 442.00835613342343
      }
    },
    "500": {
      "delta_r": {
        "available": true,
        "window_cycles": 500,
        "window_start_period": 667.0,
        "window_end_period": 1166.0,
        "first": 0.03143129294411917,
        "last": 0.08760207110544371,
        "median": 0.05225697398069462,
        "peak_to_peak": 0.05617077816132454,
        "fractional_peak_to_peak": 1.0748953466397768,
        "slope_per_cycle": 0.00011042908488602946,
        "fractional_slope_per_cycle": 0.002113193253915266,