{
  "generated_at": "2026-06-17T21:31:24.874835+00:00",
  "workspace": "<local-rre-root>/rsp_batch_runs",
  "model_id": "model_008",
  "run_name": "model_008_M0p6151_Z0p0004406_T6792",
  "source": "cumulative:saturation+continue_saturation",
  "source_kind": "history_exact_rsp_columns",
  "cycle_count": 963,
  "first_period": 1.0,
  "last_period": 963.0,
  "rolling_window": 100,
  "fits": {
    "50": {
      "delta_r": {
        "available": true,
        "window_cycles": 50,
        "window_start_period": 914.0,
        "window_end_period": 963.0,
        "first": 0.05198984900655912,
        "last": 0.05749365086867808,
        "median": 0.05466963196901631,
        "peak_to_peak": 0.005503801862118962,
        "fractional_peak_to_peak": 0.10067384147085917,
        "slope_per_cycle": 0.0001123026130331432,
        "fractional_slope_per_cycle": 0.002054204665156518,
        "log_slope_per_cycle": 0.0020535945129693443,
        "efolding_cycles": 486.95104787462384
      },
      "period_days": {
        "available": true,
        "window_cycles": 50,
        "window_start_period": 914.0,
        "window_end_period": 963.0,
        "first": 0.6316230074195536,
        "last": 0.6316221478214074,
        "median": 0.631622134865848,
        "peak_to_peak": 1.056624955864116e-06,
        "fractional_peak_to_peak": 1.6728751219089809e-06,
        "slope_per_cycle": -1.610997541873196e-08,
        "fractional_slope_per_cycle": -2.550571699352114e-08,
        "log_slope_per_cycle": -2.5505705729256975e-08,
        "efolding_cycles": null
      },
      "gamma": {
        "available": true,
        "window_cycles": 50,
        "window_start_period": 914.0,
        "window_end_period": 963.0,
        "first": 0.004133327600657737,
        "last": 0.004155264545720547,
        "median": 0.004145593605562848,
        "peak_to_peak": 2.261900069048823e-05,
        "fractional_peak_to_peak": 0.00545615485804891,
        "slope_per_cycle": 4.466006478792258e-07,
        "fractional_slope_per_cycle": 0.00010772899863603268,
        "log_slope_per_cycle": 0.00010774215130397526,
        "efolding_cycles": 9281.418533946648
      },
      "max_vsurf_div_cs": {
        "available": true,
        "window_cycles": 50,
        "window_start_period": 914.0,
        "window_end_period": 963.0,
        "first": 0.29461,
        "last": 0.32774,
        "median": 0.31066499999999997,
        "peak_to_peak": 0.03312999999999999,
        "fractional_peak_to_peak": 0.10664220301611059,
        "slope_per_cycle": 0.0006760557022809124,
        "fractional_slope_per_cycle": 0.0021761566390836188,
        "log_slope_per_cycle": 0.002175213539611663,
        "efolding_cycles": 459.72497954317083
      }
    },
    "100": {
      "delta_r": {
        "available": true,
        "window_cycles": 100,
        "window_start_period": 864.0,
        "window_end_period": 963.0,
        "first": 0.0469322606147875,
        "last": 0.05749365086867808,
        "median": 0.05193662683551681,
        "peak_to_peak": 0.010561390253890579,
        "fractional_peak_to_peak": 0.20335148617445797,
        "slope_per_cycle": 0.0001065848906495019,
        "fractional_slope_per_cycle": 0.0020522104946679737,
        "log_slope_per_cycle": 0.00204984103929415,
        "efolding_cycles": 487.8427062541121
      },
      "period_days": {
        "available": true,
        "window_cycles": 100,
        "window_start_period": 864.0,
        "window_end_period": 963.0,
        "first": 0.6316267011393966,
        "last": 0.6316221478214074,
        "median": 0.631623044946162,
        "peak_to_peak": 4.8125881908500645e-06,
        "fractional_peak_to_peak": 7.6193993068449205e-06,
        "slope_per_cycle": -5.047689138948025e-08,
        "fractional_slope_per_cycle": -7.991616486029699e-08,
        "log_slope_per_cycle": -7.991605269349281e-08,
        "efolding_cycles": null
      },
      "gamma": {
        "available": true,
        "window_cycles": 100,
        "window_start_period": 864.0,
        "window_end_period": 963.0,
        "first": 0.0041157422094737295,
        "last": 0.004155264545720547,
        "median": 0.004133934267791418,
        "peak_to_peak": 4.020439187449581e-05,
        "fractional_peak_to_peak": 0.00972545504357409,
        "slope_per_cycle": 4.0703630338460056e-07,
        "fractional_slope_per_cycle": 9.846220985077792e-05,
        "log_slope_per_cycle": 9.842277125700833e-05,
        "efolding_cycles": 10160.250389503166
      },
      "max_vsurf_div_cs": {
        "available": true,
        "window_cycles": 100,
        "window_start_period": 864.0,
        "window_end_period": 963.0,
        "first": 0.26466,
        "last": 0.32774,
        "median": 0.294295,
        "peak_to_peak": 0.06307999999999997,
        "fractional_peak_to_peak": 0.21434275132095337,
        "slope_per_cycle": 0.0006361878787878787,
        "fractional_slope_per_cycle": 0.0021617352615160936,
        "log_slope_per_cycle": 0.002158198923927775,
        "efolding_cycles": 463.34931822691675
      }
    },
    "250": {
      "delta_r": {
        "available": true,
        "window_cycles": 250,
        "window_start_period": 714.0,
        "window_end_period": 963.0,
        "first": 0.034572657457289324,
        "last": 0.05749365086867808,
        "median": 0.04454837700304681,
        "peak_to_peak": 0.022920993411388757,
        "fractional_peak_to_peak": 0.5145191576748377,
        "slope_per_cycle": 9.163528174298665e-05,
        "fractional_slope_per_cycle": 0.0020569836188806473,
        "log_slope_per_cycle": 0.0020427092626271915,
        "efolding_cycles": 489.5459272132879
      },
      "period_days": {
        "available": true,
        "window_cycles": 250,
        "window_start_period": 714.0,
        "window_end_period": 963.0,
        "first": 0.6316299296758586,
        "last": 0.6316221478214074,
        "median": 0.6316281399073045,
        "peak_to_peak": 7.968867646090949e-06,
        "fractional_peak_to_peak": 1.2616391105153156e-05,
        "slope_per_cycle": -3.778285221948505e-08,
        "fractional_slope_per_cycle": -5.981819021715835e-08,
        "log_slope_per_cycle": -5.981837902890479e-08,
        "efolding_cycles": null
      },
      "gamma": {
        "available": true,
        "window_cycles": 250,
        "window_start_period": 714.0,
        "window_end_period": 963.0,
        "first": 0.004077399612807713,
        "last": 0.004155264545720547,
        "median": 0.004109537250128296,
        "peak_to_peak": 7.94331884092156e-05,
        "fractional_peak_to_peak": 0.019328986105853103,
        "slope_per_cycle": 3.093217401736874e-07,
        "fractional_slope_per_cycle": 7.526923868716136e-05,
        "log_slope_per_cycle": 7.519665948173413e-05,
        "efolding_cycles": 13298.463081899376
      },
      "max_vsurf_div_cs": {
        "available": true,
        "window_cycles": 250,
        "window_start_period": 714.0,
        "window_end_period": 963.0,
        "first": 0.19245,
        "last": 0.32774,
        "median": 0.25064,
        "peak_to_peak": 0.13528999999999997,
        "fractional_peak_to_peak": 0.539778167890201,
        "slope_per_cycle": 0.0005397523621177939,
        "fractional_slope_per_cycle": 0.002153496497437735,
        "log_slope_per_cycle": 0.002135959242849448,
        "efolding_cycles": 468.17372725987195
      }
    },
    "500": {
      "delta_r": {
        "available": true,
        "window_cycles": 500,
        "window_start_period": 464.0,
        "window_end_period": 963.0,
        "first": 0.006212575278878418,
        "last": 0.05749365086867808,
        "median": 0.0345376258855401,
        "peak_to_peak": 0.05128107558979966,
        "fractional_peak_to_peak": 1.4847886696019126,