{
  "generated_at": "2026-06-18T11:00:19.829201+00:00",
  "workspace": "<local-rre-root>/rsp_batch_runs",
  "model_id": "model_009",
  "run_name": "model_009_M0p6668_Z0p0001120_T6852",
  "source": "cumulative:saturation+saturation_resume:LOGS_saturation_resume_130000",
  "source_kind": "history_exact_rsp_columns",
  "cycle_count": 143,
  "first_period": 1.0,
  "last_period": 143.0,
  "rolling_window": 100,
  "fits": {
    "50": {
      "delta_r": {
        "available": true,
        "window_cycles": 50,
        "window_start_period": 94.0,
        "window_end_period": 143.0,
        "first": 0.0025531016799638095,
        "last": 0.002722470510550856,
        "median": 0.002683793936784973,
        "peak_to_peak": 0.0005801423912537018,
        "fractional_peak_to_peak": 0.2161650279114492,
        "slope_per_cycle": 7.091613154823697e-06,
        "fractional_slope_per_cycle": 0.00264238362626269,
        "log_slope_per_cycle": 0.0026052142387071784,
        "efolding_cycles": 383.8455913308089
      },
      "period_days": {
        "available": true,
        "window_cycles": 50,
        "window_start_period": 94.0,
        "window_end_period": 143.0,
        "first": 0.5082951600966367,
        "last": 0.5157457293881237,
        "median": 0.5024904439275862,
        "peak_to_peak": 0.027459660644192474,
        "fractional_peak_to_peak": 0.0546471300619394,
        "slope_per_cycle": 1.3068549709282296e-05,
        "fractional_slope_per_cycle": 2.6007558685365965e-05,
        "log_slope_per_cycle": 2.5613573131966714e-05,
        "efolding_cycles": 39041.80001937965
      },
      "gamma": {
        "available": true,
        "window_cycles": 50,
        "window_start_period": 94.0,
        "window_end_period": 143.0,
        "first": 0.003989085132556848,
        "last": 0.008286352693088195,
        "median": 0.004946073808725812,
        "peak_to_peak": 0.004702758101273996,
        "fractional_peak_to_peak": 0.9508062926552853,
        "slope_per_cycle": 6.342253190745763e-06,
        "fractional_slope_per_cycle": 0.0012822803370942072,
        "log_slope_per_cycle": 0.0011629447912158764,
        "efolding_cycles": 859.8860475177715
      },
      "max_vsurf_div_cs": {
        "available": true,
        "window_cycles": 50,
        "window_start_period": 129.0,
        "window_end_period": 143.0,
        "first": 0.01909,
        "last": 0.01792,
        "median": 0.02003,
        "peak_to_peak": 0.00332,
        "fractional_peak_to_peak": 0.16575137294058911,
        "slope_per_cycle": 1.2892857142857162e-05,
        "fractional_slope_per_cycle": 0.0006436773411311613,
        "log_slope_per_cycle": 0.0005792125171961704,
        "efolding_cycles": 1726.4820257006209
      }
    },
    "100": {
      "delta_r": {
        "available": true,
        "window_cycles": 100,
        "window_start_period": 44.0,
        "window_end_period": 143.0,
        "first": 0.002136970287575757,
        "last": 0.002722470510550856,
        "median": 0.0025415180853585184,
        "peak_to_peak": 0.0008530717743298055,
        "fractional_peak_to_peak": 0.335654418217318,
        "slope_per_cycle": 6.908592167907091e-06,
        "fractional_slope_per_cycle": 0.00271829353003897,
        "log_slope_per_cycle": 0.002715826462914213,
        "efolding_cycles": 368.2120391915438
      },
      "period_days": {
        "available": true,
        "window_cycles": 100,
        "window_start_period": 44.0,
        "window_end_period": 143.0,
        "first": 0.516246523549977,
        "last": 0.5157457293881237,
        "median": 0.5020411631036404,
        "peak_to_peak": 0.027459660644192474,
        "fractional_peak_to_peak": 0.05469603423439554,
        "slope_per_cycle": -9.75998674823485e-08,
        "fractional_slope_per_cycle": -1.9440610582403612e-07,
        "log_slope_per_cycle": -3.6533226055111367e-07,
        "efolding_cycles": null
      },
      "gamma": {
        "available": true,
        "window_cycles": 100,
        "window_start_period": 44.0,
        "window_end_period": 143.0,
        "first": 0.00636461660741767,
        "last": 0.008286352693088195,
        "median": 0.005100663613413701,
        "peak_to_peak": 0.004702758101273996,
        "fractional_peak_to_peak": 0.9219894620979718,
        "slope_per_cycle": 6.463868891701423e-07,
        "fractional_slope_per_cycle": 0.00012672603766111475,
        "log_slope_per_cycle": -7.170381366629302e-05,
        "efolding_cycles": null
      },
      "max_vsurf_div_cs": {
        "available": true,
        "window_cycles": 100,
        "window_start_period": 129.0,
        "window_end_period": 143.0,
        "first": 0.01909,
        "last": 0.01792,
        "median": 0.02003,
        "peak_to_peak": 0.00332,
        "fractional_peak_to_peak": 0.16575137294058911,
        "slope_per_cycle": 1.2892857142857162e-05,
        "fractional_slope_per_cycle": 0.0006436773411311613,
        "log_slope_per_cycle": 0.0005792125171961704,
        "efolding_cycles": 1726.4820257006209
      }
    },
    "250": {
      "delta_r": {
        "available": false,
        "reason": "only 143 rows for 250-cycle window"
      },
      "period_days": {
        "available": false,
        "reason": "only 143 rows for 250-cycle window"
      },
      "gamma": {
        "available": false,
        "reason": "only 143 rows for 250-cycle window"
      },
      "max_vsurf_div_cs": {
        "available": false,
        "reason": "only 143 rows for 250-cycle window"
      }
    },
    "500": {
      "delta_r": {
        "available": false,
        "reason": "only 143 rows for 500-cycle window"
      },
      "period_days": {
        "available": false,
        "reason": "only 143 rows for 500-cycle window"
      },
      "gamma": {
        "available": false,
        "reason": "only 143 rows for 500-cycle window"
      },
      "max_vsurf_div_cs": {
        "available": false,
        "reason": "only 143 rows for 500-cycle window"
      }
    }
  },
  "latest_rolling": {
    "window_start_period": 44.0,
    "window_end_period": 143.0,
    "gamma_peak_to_peak": 0.004702758101273996,
    "period_fractional_peak_to_peak": 0.05469603423439554,
    "delta_r_fractional_peak_to_peak": 0.335654418217318
  },
  "growth_outlook": {
    "status": "amplitude still growing",
    "tolerance": 0.001,
    "delta_r_fractional_peak_to_peak": 0.335654418217318,
    "delta_r_criterion_factor": 335.654418217318,
    "log_slope_per_cycle": 0.002715826462914213,
    "efolding_cycles": 368.2120391915438,
    "doubling_cycles": 255.22513681384666,
    "fit_window_cycles": 100,
    "max_vsurf_div_cs_latest": 0.01792,
    "max_vsurf_div_cs_log_slope_per_cycle": 0.0005792125171961704,
    "max_vsurf_div_cs_efolding_cycles": 1726.4820257006209,
    "max_vsurf_div_cs_fit_window_cycles": 100,
    "cycles_to_vsurf_div_cs_0p8": 6558.377464820194,
    "cycles_to_vsurf_div_cs_1p0": 6943.630795315182
  }
}
