{
  "generated_at": "2026-06-18T02:49:41.597386+00:00",
  "workspace": "<local-rre-root>/rsp_batch_runs",
  "model_id": "model_007",
  "run_name": "model_007_M0p6887_Z0p004060_T6669",
  "source": "cumulative:continue_saturation+continue_saturation_resume:LOGS_continue_saturation_resume_2180000",
  "source_kind": "history_exact_rsp_columns",
  "cycle_count": 1614,
  "first_period": 1.0,
  "last_period": 1614.0,
  "rolling_window": 100,
  "fits": {
    "50": {
      "delta_r": {
        "available": true,
        "window_cycles": 50,
        "window_start_period": 1565.0,
        "window_end_period": 1614.0,
        "first": 0.6091621113287591,
        "last": 0.6231471524343997,
        "median": 0.6167921065943198,
        "peak_to_peak": 0.013985041105640583,
        "fractional_peak_to_peak": 0.022673832813555943,
        "slope_per_cycle": 0.0002848567256696293,
        "fractional_slope_per_cycle": 0.0004618358805570561,
        "log_slope_per_cycle": 0.00046219173433498034,
        "efolding_cycles": 2163.6042484378036
      },
      "period_days": {
        "available": true,
        "window_cycles": 50,
        "window_start_period": 1565.0,
        "window_end_period": 1614.0,
        "first": 0.5572219129427578,
        "last": 0.5572390103152159,
        "median": 0.5572324358817639,
        "peak_to_peak": 3.908675094999037e-05,
        "fractional_peak_to_peak": 7.014442884707447e-05,
        "slope_per_cycle": 3.3177468659118e-07,
        "fractional_slope_per_cycle": 5.95397297837087e-07,
        "log_slope_per_cycle": 5.953911618305145e-07,
        "efolding_cycles": 1679568.0959145015
      },
      "gamma": {
        "available": true,
        "window_cycles": 50,
        "window_start_period": 1565.0,
        "window_end_period": 1614.0,
        "first": 0.0009054665966340614,
        "last": 0.0005758193307930584,
        "median": 0.0007288532456251797,
        "peak_to_peak": 0.0003392744152206272,
        "fractional_peak_to_peak": 0.46549071058826363,
        "slope_per_cycle": -6.615727667910978e-06,
        "fractional_slope_per_cycle": -0.009076899509772073,
        "log_slope_per_cycle": -0.009031779380373152,
        "efolding_cycles": null
      },
      "max_vsurf_div_cs": {
        "available": true,
        "window_cycles": 50,
        "window_start_period": 1565.0,
        "window_end_period": 1614.0,
        "first": 4.72925,
        "last": 4.83178,
        "median": 4.78319,
        "peak_to_peak": 0.10252999999999979,
        "fractional_peak_to_peak": 0.021435485523259537,
        "slope_per_cycle": 0.00209839807923169,
        "fractional_slope_per_cycle": 0.0004387026397094177,
        "log_slope_per_cycle": 0.000438890759218175,
        "efolding_cycles": 2278.4713029305194
      }
    },
    "100": {
      "delta_r": {
        "available": true,
        "window_cycles": 100,
        "window_start_period": 1515.0,
        "window_end_period": 1614.0,
        "first": 0.587344274790599,
        "last": 0.6231471524343997,
        "median": 0.6089090780624047,
        "peak_to_peak": 0.035802877643800635,
        "fractional_peak_to_peak": 0.05879839689322441,
        "slope_per_cycle": 0.0003580596200268423,
        "fractional_slope_per_cycle": 0.0005880346227818042,
        "log_slope_per_cycle": 0.0005903800945620273,
        "efolding_cycles": 1693.8240452396158
      },
      "period_days": {
        "available": true,
        "window_cycles": 100,
        "window_start_period": 1515.0,
        "window_end_period": 1614.0,
        "first": 0.5571970336834244,
        "last": 0.5572390103152159,
        "median": 0.5572261575198112,
        "peak_to_peak": 9.096969608901606e-05,
        "fractional_peak_to_peak": 0.00016325453294209683,
        "slope_per_cycle": 4.868016632224917e-07,
        "fractional_slope_per_cycle": 8.736159576377824e-07,
        "log_slope_per_cycle": 8.736268204370008e-07,
        "efolding_cycles": 1144653.5026245937
      },
      "gamma": {
        "available": true,
        "window_cycles": 100,
        "window_start_period": 1515.0,
        "window_end_period": 1614.0,
        "first": 0.0013827105293448346,
        "last": 0.0005758193307930584,
        "median": 0.000916503901377857,
        "peak_to_peak": 0.0008068911985517762,
        "fractional_peak_to_peak": 0.8804012698022443,
        "slope_per_cycle": -7.977947640226669e-06,
        "fractional_slope_per_cycle": -0.008704761243495803,
        "log_slope_per_cycle": -0.008679498864968136,
        "efolding_cycles": null
      },
      "max_vsurf_div_cs": {
        "available": true,
        "window_cycles": 100,
        "window_start_period": 1562.0,
        "window_end_period": 1614.0,
        "first": 4.72111,
        "last": 4.83178,
        "median": 4.77971,
        "peak_to_peak": 0.11066999999999982,
        "fractional_peak_to_peak": 0.023154124413405797,
        "slope_per_cycle": 0.0021185760361232026,
        "fractional_slope_per_cycle": 0.00044324363530908833,
        "log_slope_per_cycle": 0.00044343559891827706,
        "efolding_cycles": 2255.118899879518
      }
    },
    "250": {
      "delta_r": {
        "available": true,
        "window_cycles": 250,
        "window_start_period": 1365.0,
        "window_end_period": 1614.0,
        "first": 0.47094808689153833,
        "last": 0.6231471524343997,
        "median": 0.5727030044305721,
        "peak_to_peak": 0.15219906554286133,
        "fractional_peak_to_peak": 0.26575566107635495,
        "slope_per_cycle": 0.000614863407523312,
        "fractional_slope_per_cycle": 0.0010736165215942234,
        "log_slope_per_cycle": 0.001109093698714399,
        "efolding_cycles": 901.6370764337995
      },
      "period_days": {
        "available": true,
        "window_cycles": 250,
        "window_start_period": 1365.0,
        "window_end_period": 1614.0,
        "first": 0.5569707831850759,
        "last": 0.5572390103152159,
        "median": 0.5571485612967431,
        "peak_to_peak": 0.0005568297119398213,
        "fractional_peak_to_peak": 0.00099942771214166,
        "slope_per_cycle": 1.4866128418155297e-06,
        "fractional_slope_per_cycle": 2.668252141503322e-06,
        "log_slope_per_cycle": 2.6685181167169334e-06,
        "efolding_cycles": 374739.82047770236
      },
      "gamma": {
        "available": true,
        "window_cycles": 250,
        "window_start_period": 1365.0,
        "window_end_period": 1614.0,
        "first": 0.003390237161968434,
        "last": 0.0005758193307930584,
        "median": 0.0016817130456684044,
        "peak_to_peak": 0.0028144178311753755,
        "fractional_peak_to_peak": 1.6735422481406586,
        "slope_per_cycle": -1.1704803186681359e-05,
        "fractional_slope_per_cycle": -0.006960047801751595,
        "log_slope_per_cycle": -0.007185675356164613,
        "efolding_cycles": null
      },
      "max_vsurf_div_cs": {
        "available": true,
        "window_cycles": 250,
        "window_start_period": 1562.0,
        "window_end_period": 1614.0,
        "first": 4.72111,
        "last": 4.83178,
        "median": 4.77971,
        "peak_to_peak": 0.11066999999999982,
        "fractional_peak_to_peak": 0.023154124413405797,
        "slope_per_cycle": 0.0021185760361232026,
        "fractional_slope_per_cycle": 0.00044324363530908833,
        "log_slope_per_cycle": 0.00044343559891827706,
        "efolding_cycles": 2255.118899879518
      }
    },
    "500": {
      "delta_r": {
        "available": true,
        "window_cycles": 500,
        "window_start_period": 1115.0,
        "window_end_period": 1614.0,
        "first": 0.25783246675546856,
        "last": 0.6231471524343997,
        "median": 0.4704542104277971,
        "peak_to_peak": 0.3674952249573167,