{
  "generated_at": "2026-06-19T07:56:28.888537+00:00",
  "workspace": "<local-rre-root>/rsp_batch_runs",
  "model_id": "model_007",
  "run_name": "model_007_M0p6887_Z0p004060_T6669",
  "source": "cumulative:continue_saturation+continue_saturation_resume:LOGS_continue_saturation_resume_2180000+continue_saturation_resume:LOGS_continue_saturation_resume_2270000",
  "source_kind": "history_exact_rsp_columns",
  "cycle_count": 1703,
  "first_period": 1.0,
  "last_period": 1703.0,
  "rolling_window": 100,
  "fits": {
    "50": {
      "delta_r": {
        "available": true,
        "window_cycles": 50,
        "window_start_period": 1654.0,
        "window_end_period": 1703.0,
        "first": 0.6305712926535305,
        "last": 0.6359968707267232,
        "median": 0.6336791168338154,
        "peak_to_peak": 0.005627656498165656,
        "fractional_peak_to_peak": 0.008880924664654097,
        "slope_per_cycle": 0.0001163160316877058,
        "fractional_slope_per_cycle": 0.0001835566749759407,
        "log_slope_per_cycle": 0.00018363795228440243,
        "efolding_cycles": 5445.497445164751
      },
      "period_days": {
        "available": true,
        "window_cycles": 50,
        "window_start_period": 1654.0,
        "window_end_period": 1703.0,
        "first": 0.5572238198019288,
        "last": 0.5572778116235578,
        "median": 0.5572538576060388,
        "peak_to_peak": 7.364367203854805e-05,
        "fractional_peak_to_peak": 0.00013215462043622466,
        "slope_per_cycle": 2.2661590517329296e-07,
        "fractional_slope_per_cycle": 4.066654758512293e-07,
        "log_slope_per_cycle": 4.066614482134625e-07,
        "efolding_cycles": 2459047.9485901142
      },
      "gamma": {
        "available": true,
        "window_cycles": 50,
        "window_start_period": 1654.0,
        "window_end_period": 1703.0,
        "first": 0.000393406333396495,
        "last": 0.00022803826063583064,
        "median": 0.00030114395462299407,
        "peak_to_peak": 0.00019004275041014005,
        "fractional_peak_to_peak": 0.6310694519770685,
        "slope_per_cycle": -3.153783509224257e-06,
        "fractional_slope_per_cycle": -0.010472677471385798,
        "log_slope_per_cycle": -0.010502554322479592,
        "efolding_cycles": null
      },
      "max_vsurf_div_cs": {
        "available": true,
        "window_cycles": 50,
        "window_start_period": 1654.0,
        "window_end_period": 1703.0,
        "first": 4.8882,
        "last": 4.92918,
        "median": 4.9120349999999995,
        "peak_to_peak": 0.04560999999999993,
        "fractional_peak_to_peak": 0.009285357290817337,
        "slope_per_cycle": 0.0009297027611044409,
        "fractional_slope_per_cycle": 0.00018927038612396715,
        "log_slope_per_cycle": 0.00018933944618424971,
        "efolding_cycles": 5281.519620728591
      }
    },
    "100": {
      "delta_r": {
        "available": true,
        "window_cycles": 100,
        "window_start_period": 1604.0,
        "window_end_period": 1703.0,
        "first": 0.6206622536545288,
        "last": 0.6359968707267232,
        "median": 0.6303823457091253,
        "peak_to_peak": 0.015374750562928696,
        "fractional_peak_to_peak": 0.02438956399648762,
        "slope_per_cycle": 0.00015369473173853688,
        "fractional_slope_per_cycle": 0.0002438119226921618,
        "log_slope_per_cycle": 0.000244297064106212,
        "efolding_cycles": 4093.3770680323614
      },
      "period_days": {
        "available": true,
        "window_cycles": 100,
        "window_start_period": 1604.0,
        "window_end_period": 1703.0,
        "first": 0.5572385236365651,
        "last": 0.5572778116235578,
        "median": 0.5572486233037759,
        "peak_to_peak": 7.466691114976776e-05,
        "fractional_peak_to_peak": 0.00013399209621566742,
        "slope_per_cycle": 1.8066777436921503e-07,
        "fractional_slope_per_cycle": 3.242139447524963e-07,
        "log_slope_per_cycle": 3.242075574876367e-07,
        "efolding_cycles": 3084443.828975621
      },
      "gamma": {
        "available": true,
        "window_cycles": 100,
        "window_start_period": 1604.0,
        "window_end_period": 1703.0,
        "first": 0.0006407864557942388,
        "last": 0.00022803826063583064,
        "median": 0.00039628225040781154,
        "peak_to_peak": 0.0004239276720643153,
        "fractional_peak_to_peak": 1.069761947773472,
        "slope_per_cycle": -4.115205583213299e-06,
        "fractional_slope_per_cycle": -0.010384531679070578,
        "log_slope_per_cycle": -0.010377340101680744,
        "efolding_cycles": null
      },
      "max_vsurf_div_cs": {
        "available": true,
        "window_cycles": 100,
        "window_start_period": 1629.0,
        "window_end_period": 1703.0,
        "first": 4.85518,
        "last": 4.92918,
        "median": 4.89809,
        "peak_to_peak": 0.07657000000000025,
        "fractional_peak_to_peak": 0.01563262414533017,
        "slope_per_cycle": 0.001051671692745378,
        "fractional_slope_per_cycle": 0.00021471056937405768,
        "log_slope_per_cycle": 0.00021482315625533205,
        "efolding_cycles": 4654.991656539258
      }
    },
    "250": {
      "delta_r": {
        "available": true,
        "window_cycles": 250,
        "window_start_period": 1454.0,
        "window_end_period": 1703.0,
        "first": 0.5482307650952283,
        "last": 0.6359968707267232,
        "median": 0.6134913988684385,
        "peak_to_peak": 0.08780623912222918,
        "fractional_peak_to_peak": 0.1431254607386256,
        "slope_per_cycle": 0.0003381891779651551,
        "fractional_slope_per_cycle": 0.0005512533323025101,
        "log_slope_per_cycle": 0.0005639593240753991,
        "efolding_cycles": 1773.177527722379
      },
      "period_days": {
        "available": true,
        "window_cycles": 250,
        "window_start_period": 1454.0,
        "window_end_period": 1703.0,
        "first": 0.5570808359656345,
        "last": 0.5572778116235578,
        "median": 0.5572293535879538,
        "peak_to_peak": 0.0005562382789880971,
        "fractional_peak_to_peak": 0.0009982214242780368,
        "slope_per_cycle": 8.416621989563627e-07,
        "fractional_slope_per_cycle": 1.5104412456683577e-06,
        "log_slope_per_cycle": 1.5106984503086966e-06,
        "efolding_cycles": 661945.472834542
      },
      "gamma": {
        "available": true,
        "window_cycles": 250,
        "window_start_period": 1454.0,
        "window_end_period": 1703.0,
        "first": 0.002157614371095182,
        "last": 0.00022803826063583064,
        "median": 0.0008004717389263846,
        "peak_to_peak": 0.0019407555873652584,
        "fractional_peak_to_peak": 2.424514811688736,
        "slope_per_cycle": -7.567157712955017e-06,
        "fractional_slope_per_cycle": -0.009453372736312094,
        "log_slope_per_cycle": -0.009018148959329448,
        "efolding_cycles": null
      },
      "max_vsurf_div_cs": {
        "available": true,
        "window_cycles": 250,
        "window_start_period": 1629.0,
        "window_end_period": 1703.0,
        "first": 4.85518,
        "last": 4.92918,
        "median": 4.89809,
        "peak_to_peak": 0.07657000000000025,
        "fractional_peak_to_peak": 0.01563262414533017,
        "slope_per_cycle": 0.001051671692745378,
        "fractional_slope_per_cycle": 0.00021471056937405768,
        "log_slope_per_cycle": 0.00021482315625533205,
        "efolding_cycles": 4654.991656539258
      }
    },
    "500": {
      "delta_r": {
        "available": true,
        "window_cycles": 500,
        "window_start_period": 1204.0,
        "window_end_period": 1703.0,
        "first": 0.3226101616351631,
        "last": 0.6359968707267232,
        "median": 0.5478747374866537,
        "peak_to_peak": 0.3139367216149074,
        "fractional_peak_to_peak": 0.573008208144576,
        "slope_per_cycle": 0.0006729574588048608,