{
  "generated_at": "2026-06-19T06:05:50.931532+00:00",
  "workspace": "<local-rre-root>/rsp_batch_runs",
  "model_id": "model_009",
  "run_name": "model_009_M0p6668_Z0p0001120_T6852",
  "source": "cumulative:saturation+saturation_resume:LOGS_saturation_resume_130000",
  "source_kind": "history_exact_rsp_columns",
  "cycle_count": 244,
  "first_period": 1.0,
  "last_period": 244.0,
  "rolling_window": 100,
  "fits": {
    "50": {
      "delta_r": {
        "available": true,
        "window_cycles": 50,
        "window_start_period": 195.0,
        "window_end_period": 244.0,
        "first": 0.003270305673886753,
        "last": 0.004061997941252393,
        "median": 0.003620582120752669,
        "peak_to_peak": 0.0008220866976804686,
        "fractional_peak_to_peak": 0.22705926015829966,
        "slope_per_cycle": 1.0399004024413593e-05,
        "fractional_slope_per_cycle": 0.0028721911774374515,
        "log_slope_per_cycle": 0.0028942565682607804,
        "efolding_cycles": 345.51187029038033
      },
      "period_days": {
        "available": true,
        "window_cycles": 50,
        "window_start_period": 195.0,
        "window_end_period": 244.0,
        "first": 0.49930651714061647,
        "last": 0.4881866037780721,
        "median": 0.5017432852078088,
        "peak_to_peak": 0.02988681746845101,
        "fractional_peak_to_peak": 0.05956595404375503,
        "slope_per_cycle": -2.243986434617338e-05,
        "fractional_slope_per_cycle": -4.472379602824058e-05,
        "log_slope_per_cycle": -4.5647229140918186e-05,
        "efolding_cycles": null
      },
      "gamma": {
        "available": true,
        "window_cycles": 50,
        "window_start_period": 195.0,
        "window_end_period": 244.0,
        "first": 0.005035541398135208,
        "last": 0.005237992379558395,
        "median": 0.005251832975905602,
        "peak_to_peak": 0.005084203462958899,
        "fractional_peak_to_peak": 0.9680817128580147,
        "slope_per_cycle": -1.4148149960603794e-06,
        "fractional_slope_per_cycle": -0.00026939451474395287,
        "log_slope_per_cycle": -7.680030724022085e-05,
        "efolding_cycles": null
      },
      "max_vsurf_div_cs": {
        "available": true,
        "window_cycles": 50,
        "window_start_period": 195.0,
        "window_end_period": 244.0,
        "first": 0.02221,
        "last": 0.02875,
        "median": 0.02484,
        "peak_to_peak": 0.007190000000000002,
        "fractional_peak_to_peak": 0.28945249597423517,
        "slope_per_cycle": 7.38564225690276e-05,
        "fractional_slope_per_cycle": 0.0029732859327305794,
        "log_slope_per_cycle": 0.0029874270742993327,
        "efolding_cycles": 334.736204476067
      }
    },
    "100": {
      "delta_r": {
        "available": true,
        "window_cycles": 100,
        "window_start_period": 145.0,
        "window_end_period": 244.0,
        "first": 0.002978283095255385,
        "last": 0.004061997941252393,
        "median": 0.003306337079598265,
        "peak_to_peak": 0.0013103166426695623,
        "fractional_peak_to_peak": 0.39630461478197854,
        "slope_per_cycle": 9.2795596354259e-06,
        "fractional_slope_per_cycle": 0.0028065981816207952,
        "log_slope_per_cycle": 0.002761591771600332,
        "efolding_cycles": 362.1100012984554
      },
      "period_days": {
        "available": true,
        "window_cycles": 100,
        "window_start_period": 145.0,
        "window_end_period": 244.0,
        "first": 0.49210792341034565,
        "last": 0.4881866037780721,
        "median": 0.5008335506871959,
        "peak_to_peak": 0.02988681746845101,
        "fractional_peak_to_peak": 0.05967415207596052,
        "slope_per_cycle": -2.766638043985868e-06,
        "fractional_slope_per_cycle": -5.524066908436449e-06,
        "log_slope_per_cycle": -5.764740185582213e-06,
        "efolding_cycles": null
      },
      "gamma": {
        "available": true,
        "window_cycles": 100,
        "window_start_period": 145.0,
        "window_end_period": 244.0,
        "first": 0.0044523823052772735,
        "last": 0.005237992379558395,
        "median": 0.005104057065273535,
        "peak_to_peak": 0.005084203462958899,
        "fractional_peak_to_peak": 0.9961102311238419,
        "slope_per_cycle": -5.201823641224908e-07,
        "fractional_slope_per_cycle": -0.00010191546792485036,
        "log_slope_per_cycle": -7.356095278921098e-05,
        "efolding_cycles": null
      },
      "max_vsurf_div_cs": {
        "available": true,
        "window_cycles": 100,
        "window_start_period": 145.0,
        "window_end_period": 244.0,
        "first": 0.0207,
        "last": 0.02875,
        "median": 0.022965,
        "peak_to_peak": 0.010600000000000002,
        "fractional_peak_to_peak": 0.4615719573263663,
        "slope_per_cycle": 6.433219321932195e-05,
        "fractional_slope_per_cycle": 0.0028013147493717375,
        "log_slope_per_cycle": 0.002782903559307394,
        "efolding_cycles": 359.33692227871484
      }
    },
    "250": {
      "delta_r": {
        "available": false,
        "reason": "only 244 rows for 250-cycle window"
      },
      "period_days": {
        "available": false,
        "reason": "only 244 rows for 250-cycle window"
      },
      "gamma": {
        "available": false,
        "reason": "only 244 rows for 250-cycle window"
      },
      "max_vsurf_div_cs": {
        "available": false,
        "reason": "only 244 rows for 250-cycle window"
      }
    },
    "500": {
      "delta_r": {
        "available": false,
        "reason": "only 244 rows for 500-cycle window"
      },
      "period_days": {
        "available": false,
        "reason": "only 244 rows for 500-cycle window"
      },
      "gamma": {
        "available": false,
        "reason": "only 244 rows for 500-cycle window"
      },
      "max_vsurf_div_cs": {
        "available": false,
        "reason": "only 244 rows for 500-cycle window"
      }
    }
  },
  "latest_rolling": {
    "window_start_period": 145.0,
    "window_end_period": 244.0,
    "gamma_peak_to_peak": 0.005084203462958899,
    "period_fractional_peak_to_peak": 0.05967415207596052,
    "delta_r_fractional_peak_to_peak": 0.39630461478197854
  },
  "growth_outlook": {
    "status": "amplitude still growing",
    "tolerance": 0.001,
    "delta_r_fractional_peak_to_peak": 0.39630461478197854,
    "delta_r_criterion_factor": 396.3046147819785,
    "log_slope_per_cycle": 0.002761591771600332,
    "efolding_cycles": 362.1100012984554,
    "doubling_cycles": 250.99552645258248,
    "fit_window_cycles": 100,
    "max_vsurf_div_cs_latest": 0.02875,
    "max_vsurf_div_cs_log_slope_per_cycle": 0.002782903559307394,
    "max_vsurf_div_cs_efolding_cycles": 359.33692227871484,
    "max_vsurf_div_cs_fit_window_cycles": 100,
    "cycles_to_vsurf_div_cs_0p8": 1195.1452465181123,
    "cycles_to_vsurf_div_cs_1p0": 1275.328963473703
  }
}
