{
  "generated_at": "2026-06-18T23:22:02.979951+00:00",
  "workspace": "<local-rre-root>/rsp_batch_runs",
  "model_id": "model_008",
  "run_name": "model_008_M0p6151_Z0p0004406_T6792",
  "source": "cumulative:saturation+continue_saturation+continue_saturation_resume:LOGS_continue_saturation_resume_1620000",
  "source_kind": "history_exact_rsp_columns",
  "cycle_count": 1096,
  "first_period": 1.0,
  "last_period": 1096.0,
  "rolling_window": 100,
  "fits": {
    "50": {
      "delta_r": {
        "available": true,
        "window_cycles": 50,
        "window_start_period": 1047.0,
        "window_end_period": 1096.0,
        "first": 0.0683885073817212,
        "last": 0.07570167521513937,
        "median": 0.07194872782831307,
        "peak_to_peak": 0.007313167833418177,
        "fractional_peak_to_peak": 0.10164415764055133,
        "slope_per_cycle": 0.0001492056433426289,
        "fractional_slope_per_cycle": 0.002073777366830854,
        "log_slope_per_cycle": 0.0020731610312008145,
        "efolding_cycles": 482.3551981491669
      },
      "period_days": {
        "available": true,
        "window_cycles": 50,
        "window_start_period": 1047.0,
        "window_end_period": 1096.0,
        "first": 0.6316174263115627,
        "last": 0.6316179757339327,
        "median": 0.631616722720727,
        "peak_to_peak": 1.6591316778225007e-06,
        "fractional_peak_to_peak": 2.6268013783354108e-06,
        "slope_per_cycle": 1.2821867399305171e-08,
        "fractional_slope_per_cycle": 2.030007588157927e-08,
        "log_slope_per_cycle": 2.0300060745728216e-08,
        "efolding_cycles": 49260936.335396536
      },
      "gamma": {
        "available": true,
        "window_cycles": 50,
        "window_start_period": 1047.0,
        "window_end_period": 1096.0,
        "first": 0.0041938547505544505,
        "last": 0.004221908338763517,
        "median": 0.004207951138809061,
        "peak_to_peak": 2.805358820906663e-05,
        "fractional_peak_to_peak": 0.006666804647595405,
        "slope_per_cycle": 5.690515253839863e-07,
        "fractional_slope_per_cycle": 0.0001352324460556925,
        "log_slope_per_cycle": 0.0001352310022837602,
        "efolding_cycles": 7394.754036516442
      },
      "max_vsurf_div_cs": {
        "available": true,
        "window_cycles": 50,
        "window_start_period": 1047.0,
        "window_end_period": 1096.0,
        "first": 0.39427,
        "last": 0.44009,
        "median": 0.416375,
        "peak_to_peak": 0.04581999999999997,
        "fractional_peak_to_peak": 0.11004503152206538,
        "slope_per_cycle": 0.0009347390156062423,
        "fractional_slope_per_cycle": 0.0022449450990242987,
        "log_slope_per_cycle": 0.0022436300676606322,
        "efolding_cycles": 445.70627502896275
      }
    },
    "100": {
      "delta_r": {
        "available": true,
        "window_cycles": 100,
        "window_start_period": 997.0,
        "window_end_period": 1096.0,
        "first": 0.06167063164457787,
        "last": 0.07570167521513937,
        "median": 0.06831779535024163,
        "peak_to_peak": 0.014031043570561508,
        "fractional_peak_to_peak": 0.2053790450735305,
        "slope_per_cycle": 0.0001416012072084986,
        "fractional_slope_per_cycle": 0.00207268408593337,
        "log_slope_per_cycle": 0.002070301897218159,
        "efolding_cycles": 483.0213416428245
      },
      "period_days": {
        "available": true,
        "window_cycles": 100,
        "window_start_period": 997.0,
        "window_end_period": 1096.0,
        "first": 0.6316220638000717,
        "last": 0.6316179757339327,
        "median": 0.6316177488195158,
        "peak_to_peak": 5.747197816763361e-06,
        "fractional_peak_to_peak": 9.099170863239338e-06,
        "slope_per_cycle": -5.9165566232264914e-08,
        "fractional_slope_per_cycle": -9.36730583376488e-08,
        "log_slope_per_cycle": -9.367286865317428e-08,
        "efolding_cycles": null
      },
      "gamma": {
        "available": true,
        "window_cycles": 100,
        "window_start_period": 997.0,
        "window_end_period": 1096.0,
        "first": 0.004169980374323856,
        "last": 0.004221908338763517,
        "median": 0.004193784940118045,
        "peak_to_peak": 5.192796443966117e-05,
        "fractional_peak_to_peak": 0.012382123828743475,
        "slope_per_cycle": 5.290515577001368e-07,
        "fractional_slope_per_cycle": 0.0001261513323297034,
        "log_slope_per_cycle": 0.0001261078010876913,
        "efolding_cycles": 7929.7235490184485
      },
      "max_vsurf_div_cs": {
        "available": true,
        "window_cycles": 100,
        "window_start_period": 1018.0,
        "window_end_period": 1096.0,
        "first": 0.36986,
        "last": 0.44009,
        "median": 0.40311,
        "peak_to_peak": 0.07022999999999996,
        "fractional_peak_to_peak": 0.17422043610925048,
        "slope_per_cycle": 0.0008988641674780915,
        "fractional_slope_per_cycle": 0.0022298235406665464,
        "log_slope_per_cycle": 0.002226902872849663,
        "efolding_cycles": 449.05416046293345
      }
    },
    "250": {
      "delta_r": {
        "available": true,
        "window_cycles": 250,
        "window_start_period": 847.0,
        "window_end_period": 1096.0,
        "first": 0.04532861212807848,
        "last": 0.07570167521513937,
        "median": 0.05850935197869456,
        "peak_to_peak": 0.030373063087060892,
        "fractional_peak_to_peak": 0.5191146724393881,
        "slope_per_cycle": 0.00012140441698359433,
        "fractional_slope_per_cycle": 0.0020749574705220156,
        "log_slope_per_cycle": 0.002059697234630195,
        "efolding_cycles": 485.5082500411976
      },
      "period_days": {
        "available": true,
        "window_cycles": 250,
        "window_start_period": 847.0,
        "window_end_period": 1096.0,
        "first": 0.6316275926838043,
        "last": 0.6316179757339327,
        "median": 0.6316221258757395,
        "peak_to_peak": 1.136296756421018e-05,
        "fractional_peak_to_peak": 1.7990135396944032e-05,
        "slope_per_cycle": -4.2370858128293923e-08,
        "fractional_slope_per_cycle": -6.708260586905031e-08,
        "log_slope_per_cycle": -6.708266926484433e-08,
        "efolding_cycles": null
      },
      "gamma": {
        "available": true,
        "window_cycles": 250,
        "window_start_period": 847.0,
        "window_end_period": 1096.0,
        "first": 0.0041119875657897684,
        "last": 0.004221908338763517,
        "median": 0.004159587485736525,
        "peak_to_peak": 0.00011020370142610526,
        "fractional_peak_to_peak": 0.026493901571730455,
        "slope_per_cycle": 4.426382110401208e-07,
        "fractional_slope_per_cycle": 0.00010641396834612898,
        "log_slope_per_cycle": 0.00010632656608765825,
        "efolding_cycles": 9404.987265135369
      },
      "max_vsurf_div_cs": {
        "available": true,
        "window_cycles": 250,
        "window_start_period": 1018.0,
        "window_end_period": 1096.0,
        "first": 0.36986,
        "last": 0.44009,
        "median": 0.40311,
        "peak_to_peak": 0.07022999999999996,
        "fractional_peak_to_peak": 0.17422043610925048,
        "slope_per_cycle": 0.0008988641674780915,
        "fractional_slope_per_cycle": 0.0022298235406665464,
        "log_slope_per_cycle": 0.002226902872849663,
        "efolding_cycles": 449.05416046293345
      }
    },
    "500": {
      "delta_r": {
        "available": true,
        "window_cycles": 500,
        "window_start_period": 597.0,
        "window_end_period": 1096.0,
        "first": 0.008119328990541241,
        "last": 0.07570167521513937,
        "median": 0.04528257621775689,
        "peak_to_peak": 0.06758234622459813,
        "fractional_peak_to_peak": 1.4924580681895196,
        "slope_per_cycle": 9.70608315924358e-05,
        "fractional_slope_per_cycle": 0.0021434476502769037,