{
  "generated_at": "2026-06-18T23:35:16.610863+00:00",
  "workspace": "<local-rre-root>/rsp_batch_runs",
  "model_id": "model_007",
  "run_name": "model_007_M0p6887_Z0p004060_T6669",
  "source": "cumulative:continue_saturation+continue_saturation_resume:LOGS_continue_saturation_resume_2180000+continue_saturation_resume:LOGS_continue_saturation_resume_2270000",
  "source_kind": "history_exact_rsp_columns",
  "cycle_count": 1679,
  "first_period": 1.0,
  "last_period": 1679.0,
  "rolling_window": 100,
  "fits": {
    "50": {
      "delta_r": {
        "available": true,
        "window_cycles": 50,
        "window_start_period": 1630.0,
        "window_end_period": 1679.0,
        "first": 0.6265093193682478,
        "last": 0.6337214580470523,
        "median": 0.6304903201864112,
        "peak_to_peak": 0.007287407079922481,
        "fractional_peak_to_peak": 0.011558317148735736,
        "slope_per_cycle": 0.00014907812613131855,
        "fractional_slope_per_cycle": 0.0002364479221302589,
        "log_slope_per_cycle": 0.0002365608896423104,
        "efolding_cycles": 4227.241457842167
      },
      "period_days": {
        "available": true,
        "window_cycles": 50,
        "window_start_period": 1630.0,
        "window_end_period": 1679.0,
        "first": 0.5572525706511267,
        "last": 0.5572581335524511,
        "median": 0.5572514633168639,
        "peak_to_peak": 6.505127565037405e-05,
        "fractional_peak_to_peak": 0.00011673594406226735,
        "slope_per_cycle": 1.5607532923777051e-07,
        "fractional_slope_per_cycle": 2.8008060904637425e-07,
        "log_slope_per_cycle": 2.800774096488991e-07,
        "efolding_cycles": 3570441.476353217
      },
      "gamma": {
        "available": true,
        "window_cycles": 50,
        "window_start_period": 1630.0,
        "window_end_period": 1679.0,
        "first": 0.000501777946757465,
        "last": 0.0003121812640985186,
        "median": 0.00039316477554010023,
        "peak_to_peak": 0.00021497190790448076,
        "fractional_peak_to_peak": 0.546773061267171,
        "slope_per_cycle": -4.006205132014981e-06,
        "fractional_slope_per_cycle": -0.010189633917513484,
        "log_slope_per_cycle": -0.010357725638703241,
        "efolding_cycles": null
      },
      "max_vsurf_div_cs": {
        "available": true,
        "window_cycles": 50,
        "window_start_period": 1630.0,
        "window_end_period": 1679.0,
        "first": 4.85726,
        "last": 4.91191,
        "median": 4.88717,
        "peak_to_peak": 0.05742000000000047,
        "fractional_peak_to_peak": 0.011749130887609899,
        "slope_per_cycle": 0.001164343817527013,
        "fractional_slope_per_cycle": 0.00023824500017945212,
        "log_slope_per_cycle": 0.00023835073603813793,
        "efolding_cycles": 4195.497847508188
      }
    },
    "100": {
      "delta_r": {
        "available": true,
        "window_cycles": 100,
        "window_start_period": 1580.0,
        "window_end_period": 1679.0,
        "first": 0.6140671241481401,
        "last": 0.6337214580470523,
        "median": 0.6263554785621634,
        "peak_to_peak": 0.019654333898912135,
        "fractional_peak_to_peak": 0.03137888079789745,
        "slope_per_cycle": 0.000196514062363864,
        "fractional_slope_per_cycle": 0.00031374206674933825,
        "log_slope_per_cycle": 0.0003145585433753144,
        "efolding_cycles": 3179.058464823998
      },
      "period_days": {
        "available": true,
        "window_cycles": 100,
        "window_start_period": 1580.0,
        "window_end_period": 1679.0,
        "first": 0.557232605511909,
        "last": 0.5572581335524511,
        "median": 0.5572413074638246,
        "peak_to_peak": 6.575438728628757e-05,
        "fractional_peak_to_peak": 0.00011799984388371328,
        "slope_per_cycle": 2.2583530779983017e-07,
        "fractional_slope_per_cycle": 4.0527381006206383e-07,
        "log_slope_per_cycle": 4.0526702695625783e-07,
        "efolding_cycles": 2467508.9101387323
      },
      "gamma": {
        "available": true,
        "window_cycles": 100,
        "window_start_period": 1580.0,
        "window_end_period": 1679.0,
        "first": 0.0007939684656703282,
        "last": 0.0003121812640985186,
        "median": 0.000505028625057232,
        "peak_to_peak": 0.0005006610702178099,
        "fractional_peak_to_peak": 0.9913518667601718,
        "slope_per_cycle": -5.031881430791619e-06,
        "fractional_slope_per_cycle": -0.00996355687803119,
        "log_slope_per_cycle": -0.01002442806918814,
        "efolding_cycles": null
      },
      "max_vsurf_div_cs": {
        "available": true,
        "window_cycles": 100,
        "window_start_period": 1629.0,
        "window_end_period": 1679.0,
        "first": 4.85518,
        "last": 4.91191,
        "median": 4.88614,
        "peak_to_peak": 0.0576800000000004,
        "fractional_peak_to_peak": 0.011804819346150621,
        "slope_per_cycle": 0.0011667411764705907,
        "fractional_slope_per_cycle": 0.0002387858670587807,
        "log_slope_per_cycle": 0.00023887027119224704,
        "efolding_cycles": 4186.372774681459
      }
    },
    "250": {
      "delta_r": {
        "available": true,
        "window_cycles": 250,
        "window_start_period": 1430.0,
        "window_end_period": 1679.0,
        "first": 0.5293198539954789,
        "last": 0.6337214580470523,
        "median": 0.6051697913855882,
        "peak_to_peak": 0.1044016040515734,
        "fractional_peak_to_peak": 0.17251621865086317,
        "slope_per_cycle": 0.0004073757124807774,
        "fractional_slope_per_cycle": 0.000673159364990866,
        "log_slope_per_cycle": 0.0006910611007489796,
        "efolding_cycles": 1447.0500494329503
      },
      "period_days": {
        "available": true,
        "window_cycles": 250,
        "window_start_period": 1430.0,
        "window_end_period": 1679.0,
        "first": 0.55696960592263,
        "last": 0.5572581335524511,
        "median": 0.557220527809027,
        "peak_to_peak": 0.0005597611980651118,
        "fractional_peak_to_peak": 0.0010045595417420723,
        "slope_per_cycle": 1.2440312926573557e-06,
        "fractional_slope_per_cycle": 2.232565439663263e-06,
        "log_slope_per_cycle": 2.233065476810772e-06,
        "efolding_cycles": 447814.90304896206
      },
      "gamma": {
        "available": true,
        "window_cycles": 250,
        "window_start_period": 1430.0,
        "window_end_period": 1679.0,
        "first": 0.0024900702348259348,
        "last": 0.0003121812640985186,
        "median": 0.0009933459340468686,
        "peak_to_peak": 0.0021967628393734164,
        "fractional_peak_to_peak": 2.2114781609100214,
        "slope_per_cycle": -8.762363849509466e-06,
        "fractional_slope_per_cycle": -0.008821059762948641,
        "log_slope_per_cycle": -0.00858227720420543,
        "efolding_cycles": null
      },
      "max_vsurf_div_cs": {
        "available": true,
        "window_cycles": 250,
        "window_start_period": 1629.0,
        "window_end_period": 1679.0,
        "first": 4.85518,
        "last": 4.91191,
        "median": 4.88614,
        "peak_to_peak": 0.0576800000000004,
        "fractional_peak_to_peak": 0.011804819346150621,
        "slope_per_cycle": 0.0011667411764705907,
        "fractional_slope_per_cycle": 0.0002387858670587807,
        "log_slope_per_cycle": 0.00023887027119224704,
        "efolding_cycles": 4186.372774681459
      }
    },
    "500": {
      "delta_r": {
        "available": true,
        "window_cycles": 500,
        "window_start_period": 1180.0,
        "window_end_period": 1679.0,
        "first": 0.3037494348035539,
        "last": 0.6337214580470523,
        "median": 0.5289139924290347,
        "peak_to_peak": 0.3305796278101889,
        "fractional_peak_to_peak": 0.6250158485919491,
        "slope_per_cycle": 0.0007183434116220823,
        "fractional_slope_per_cycle": 0.0013581478688493266,