{
  "generated_at": "2026-06-20T03:08:47.468354+00:00",
  "workspace": "<local-rre-root>/rsp_batch_runs",
  "model_id": "model_007",
  "run_name": "model_007_M0p6887_Z0p004060_T6669",
  "source": "cumulative:continue_saturation+continue_saturation_resume:LOGS_continue_saturation_resume_2180000+continue_saturation_resume:LOGS_continue_saturation_resume_2270000",
  "source_kind": "history_exact_rsp_columns",
  "cycle_count": 1743,
  "first_period": 1.0,
  "last_period": 1743.0,
  "rolling_window": 100,
  "fits": {
    "50": {
      "delta_r": {
        "available": true,
        "window_cycles": 50,
        "window_start_period": 1694.0,
        "window_end_period": 1743.0,
        "first": 0.6353944122368436,
        "last": 0.6391085660471347,
        "median": 0.6374562795691463,
        "peak_to_peak": 0.0037141538102911653,
        "fractional_peak_to_peak": 0.005826523213170861,
        "slope_per_cycle": 7.520520565256541e-05,
        "fractional_slope_per_cycle": 0.00011797704103471419,
        "log_slope_per_cycle": 0.00011801785066930093,
        "efolding_cycles": 8473.294457819866
      },
      "period_days": {
        "available": true,
        "window_cycles": 50,
        "window_start_period": 1694.0,
        "window_end_period": 1743.0,
        "first": 0.557268788311113,
        "last": 0.5572773358481073,
        "median": 0.5572576523996475,
        "peak_to_peak": 6.16109157326461e-05,
        "fractional_peak_to_peak": 0.00011056091462780075,
        "slope_per_cycle": 1.3434224625402623e-07,
        "fractional_slope_per_cycle": 2.410774363986306e-07,
        "log_slope_per_cycle": 2.4107832347342947e-07,
        "efolding_cycles": 4148029.5100451675
      },
      "gamma": {
        "available": true,
        "window_cycles": 50,
        "window_start_period": 1694.0,
        "window_end_period": 1743.0,
        "first": 0.00023929655452962725,
        "last": 0.00013895265184818217,
        "median": 0.00019199828536940115,
        "peak_to_peak": 0.00011991340627224049,
        "fractional_peak_to_peak": 0.6245545685031995,
        "slope_per_cycle": -2.088069493379948e-06,
        "fractional_slope_per_cycle": -0.010875459066535625,
        "log_slope_per_cycle": -0.0108093078451003,
        "efolding_cycles": null
      },
      "max_vsurf_div_cs": {
        "available": true,
        "window_cycles": 50,
        "window_start_period": 1694.0,
        "window_end_period": 1743.0,
        "first": 4.9252,
        "last": 4.9557,
        "median": 4.942545,
        "peak_to_peak": 0.03049999999999997,
        "fractional_peak_to_peak": 0.006170909925959192,
        "slope_per_cycle": 0.0006123567827130825,
        "fractional_slope_per_cycle": 0.0001238950343827082,
        "log_slope_per_cycle": 0.00012393252525963832,
        "efolding_cycles": 8068.906833819472
      }
    },
    "100": {
      "delta_r": {
        "available": true,
        "window_cycles": 100,
        "window_start_period": 1644.0,
        "window_end_period": 1743.0,
        "first": 0.6287600792005676,
        "last": 0.6391085660471347,
        "median": 0.6352735759692294,
        "peak_to_peak": 0.010348486846567084,
        "fractional_peak_to_peak": 0.016289811567840706,
        "slope_per_cycle": 0.0001009855029897486,
        "fractional_slope_per_cycle": 0.0001589638020685438,
        "log_slope_per_cycle": 0.00015917812001850723,
        "efolding_cycles": 6282.27045201773
      },
      "period_days": {
        "available": true,
        "window_cycles": 100,
        "window_start_period": 1644.0,
        "window_end_period": 1743.0,
        "first": 0.5572361732222554,
        "last": 0.5572773358481073,
        "median": 0.5572551576851832,
        "peak_to_peak": 7.466691114976776e-05,
        "fractional_peak_to_peak": 0.00013399052502256108,
        "slope_per_cycle": 1.3086576958954762e-07,
        "fractional_slope_per_cycle": 2.3483994321947432e-07,
        "log_slope_per_cycle": 2.3484174650122654e-07,
        "efolding_cycles": 4258186.693373008
      },
      "gamma": {
        "available": true,
        "window_cycles": 100,
        "window_start_period": 1644.0,
        "window_end_period": 1743.0,
        "first": 0.00043641506261151737,
        "last": 0.00013895265184818217,
        "median": 0.00026048471808936565,
        "peak_to_peak": 0.0002974624107633352,
        "fractional_peak_to_peak": 1.1419572439611734,
        "slope_per_cycle": -2.8023774223325147e-06,
        "fractional_slope_per_cycle": -0.010758317965398227,
        "log_slope_per_cycle": -0.010811741436195807,
        "efolding_cycles": null
      },
      "max_vsurf_div_cs": {
        "available": true,
        "window_cycles": 100,
        "window_start_period": 1644.0,
        "window_end_period": 1743.0,
        "first": 4.87344,
        "last": 4.9557,
        "median": 4.925175,
        "peak_to_peak": 0.08225999999999978,
        "fractional_peak_to_peak": 0.01670194460095322,
        "slope_per_cycle": 0.0008065893189318918,
        "fractional_slope_per_cycle": 0.00016376866181037054,
        "log_slope_per_cycle": 0.00016399068188616657,
        "efolding_cycles": 6097.907445095849
      }
    },
    "250": {
      "delta_r": {
        "available": true,
        "window_cycles": 250,
        "window_start_period": 1494.0,
        "window_end_period": 1743.0,
        "first": 0.575465586655171,
        "last": 0.6391085660471347,
        "median": 0.6239175464647344,
        "peak_to_peak": 0.06364297939196373,
        "fractional_peak_to_peak": 0.10200543285339549,
        "slope_per_cycle": 0.00023961045284249478,
        "fractional_slope_per_cycle": 0.0003840418564923919,
        "log_slope_per_cycle": 0.0003906411228594087,
        "efolding_cycles": 2559.8943415895797
      },
      "period_days": {
        "available": true,
        "window_cycles": 250,
        "window_start_period": 1494.0,
        "window_end_period": 1743.0,
        "first": 0.5571494746430673,
        "last": 0.5572773358481073,
        "median": 0.5572360404934389,
        "peak_to_peak": 0.00014429570158469573,
        "fractional_peak_to_peak": 0.00025894897511819274,
        "slope_per_cycle": 3.318896273101321e-07,
        "fractional_slope_per_cycle": 5.955997157259247e-07,
        "log_slope_per_cycle": 5.956109081707831e-07,
        "efolding_cycles": 1678948.4314032476
      },
      "gamma": {
        "available": true,
        "window_cycles": 250,
        "window_start_period": 1494.0,
        "window_end_period": 1743.0,
        "first": 0.001628531336082616,
        "last": 0.00013895265184818217,
        "median": 0.0005452014086027066,
        "peak_to_peak": 0.001489578684234434,
        "fractional_peak_to_peak": 2.7321622078197967,
        "slope_per_cycle": -5.718359711089913e-06,
        "fractional_slope_per_cycle": -0.010488527030305117,
        "log_slope_per_cycle": -0.009695064868882948,
        "efolding_cycles": null
      },
      "max_vsurf_div_cs": {
        "available": true,
        "window_cycles": 250,
        "window_start_period": 1629.0,
        "window_end_period": 1743.0,
        "first": 4.85518,
        "last": 4.9557,
        "median": 4.91908,
        "peak_to_peak": 0.10052000000000039,
        "fractional_peak_to_peak": 0.020434715434593537,
        "slope_per_cycle": 0.0008746301586049075,
        "fractional_slope_per_cycle": 0.0001778036052686493,
        "log_slope_per_cycle": 0.00017813731006905304,
        "efolding_cycles": 5613.647133283648
      }
    },
    "500": {
      "delta_r": {
        "available": true,
        "window_cycles": 500,
        "window_start_period": 1244.0,
        "window_end_period": 1743.0,
        "first": 0.35526424081697705,
        "last": 0.6391085660471347,
        "median": 0.5751594785741427,
        "peak_to_peak": 0.2838443252301577,
        "fractional_peak_to_peak": 0.4935054290226182,
        "slope_per_cycle": 0.000586262165982173,