{
  "generated_at": "2026-06-19T23:03:51.549031+00:00",
  "workspace": "<local-rre-root>/rsp_batch_runs",
  "model_id": "model_008",
  "run_name": "model_008_M0p6151_Z0p0004406_T6792",
  "source": "cumulative:saturation+continue_saturation+continue_saturation_resume:LOGS_continue_saturation_resume_1620000",
  "source_kind": "history_exact_rsp_columns",
  "cycle_count": 1184,
  "first_period": 1.0,
  "last_period": 1184.0,
  "rolling_window": 100,
  "fits": {
    "50": {
      "delta_r": {
        "available": true,
        "window_cycles": 50,
        "window_start_period": 1135.0,
        "window_end_period": 1184.0,
        "first": 0.08211070143568033,
        "last": 0.09095876206023323,
        "median": 0.0864208593699991,
        "peak_to_peak": 0.0088480606245529,
        "fractional_peak_to_peak": 0.10238339087408443,
        "slope_per_cycle": 0.00018054543043387626,
        "fractional_slope_per_cycle": 0.0020891418084712124,
        "log_slope_per_cycle": 0.0020885651656289534,
        "efolding_cycles": 478.79760538803134
      },
      "period_days": {
        "available": true,
        "window_cycles": 50,
        "window_start_period": 1135.0,
        "window_end_period": 1184.0,
        "first": 0.631620595715595,
        "last": 0.6316177924877654,
        "median": 0.6316181596960113,
        "peak_to_peak": 3.5416119283926406e-06,
        "fractional_peak_to_peak": 5.6072040900425775e-06,
        "slope_per_cycle": -7.356214279673416e-08,
        "fractional_slope_per_cycle": -1.1646616182178575e-07,
        "log_slope_per_cycle": -1.1646602396511435e-07,
        "efolding_cycles": null
      },
      "gamma": {
        "available": true,
        "window_cycles": 50,
        "window_start_period": 1135.0,
        "window_end_period": 1184.0,
        "first": 0.004242623367422323,
        "last": 0.004271813207771949,
        "median": 0.004256353383933131,
        "peak_to_peak": 2.9189840349626468e-05,
        "fractional_peak_to_peak": 0.006857945691213559,
        "slope_per_cycle": 5.986634381048505e-07,
        "fractional_slope_per_cycle": 0.00014065172322502248,
        "log_slope_per_cycle": 0.00014063850078287294,
        "efolding_cycles": 7110.428470393512
      },
      "max_vsurf_div_cs": {
        "available": true,
        "window_cycles": 50,
        "window_start_period": 1135.0,
        "window_end_period": 1184.0,
        "first": 0.48122,
        "last": 0.53865,
        "median": 0.509,
        "peak_to_peak": 0.05742999999999998,
        "fractional_peak_to_peak": 0.11282907662082511,
        "slope_per_cycle": 0.0011702026410564223,
        "fractional_slope_per_cycle": 0.0022990228704448377,
        "log_slope_per_cycle": 0.002297917779518799,
        "efolding_cycles": 435.1765798206268
      }
    },
    "100": {
      "delta_r": {
        "available": true,
        "window_cycles": 100,
        "window_start_period": 1085.0,
        "window_end_period": 1184.0,
        "first": 0.0739920503668774,
        "last": 0.09095876206023323,
        "median": 0.08202509612681785,
        "peak_to_peak": 0.01696671169335584,
        "fractional_peak_to_peak": 0.20684781237103148,
        "slope_per_cycle": 0.00017131099030982173,
        "fractional_slope_per_cycle": 0.0020885192264201704,
        "log_slope_per_cycle": 0.0020860623452639182,
        "efolding_cycles": 479.37205820830104
      },
      "period_days": {
        "available": true,
        "window_cycles": 100,
        "window_start_period": 1085.0,
        "window_end_period": 1184.0,
        "first": 0.6316170085656146,
        "last": 0.6316177924877654,
        "median": 0.6316189507829646,
        "peak_to_peak": 3.7081286103912703e-06,
        "fractional_peak_to_peak": 5.8708317820334824e-06,
        "slope_per_cycle": -7.1498564661126926e-09,
        "fractional_slope_per_cycle": -1.131988908383705e-08,
        "log_slope_per_cycle": -1.1319890288468026e-08,
        "efolding_cycles": null
      },
      "gamma": {
        "available": true,
        "window_cycles": 100,
        "window_start_period": 1085.0,
        "window_end_period": 1184.0,
        "first": 0.004215653253472856,
        "last": 0.004271813207771949,
        "median": 0.004242333030434911,
        "peak_to_peak": 5.615995429909294e-05,
        "fractional_peak_to_peak": 0.013237988129690893,
        "slope_per_cycle": 5.526944144779513e-07,
        "fractional_slope_per_cycle": 0.00013028077015945418,
        "log_slope_per_cycle": 0.00013025431710149386,
        "efolding_cycles": 7677.28872449427
      },
      "max_vsurf_div_cs": {
        "available": true,
        "window_cycles": 100,
        "window_start_period": 1085.0,
        "window_end_period": 1184.0,
        "first": 0.42924,
        "last": 0.53865,
        "median": 0.48067,
        "peak_to_peak": 0.10940999999999995,
        "fractional_peak_to_peak": 0.22761978072274108,
        "slope_per_cycle": 0.0011036384038403842,
        "fractional_slope_per_cycle": 0.002296041783012013,
        "log_slope_per_cycle": 0.0022927699842874532,
        "efolding_cycles": 436.1536511961883
      }
    },
    "250": {
      "delta_r": {
        "available": true,
        "window_cycles": 250,
        "window_start_period": 935.0,
        "window_end_period": 1184.0,
        "first": 0.05427814168399436,
        "last": 0.09095876206023323,
        "median": 0.07018176644471863,
        "peak_to_peak": 0.03668062037623887,
        "fractional_peak_to_peak": 0.5226517118963053,
        "slope_per_cycle": 0.00014660361146664515,
        "fractional_slope_per_cycle": 0.0020889131022674263,
        "log_slope_per_cycle": 0.00207346236629358,
        "efolding_cycles": 482.28509774573394
      },
      "period_days": {
        "available": true,
        "window_cycles": 250,
        "window_start_period": 935.0,
        "window_end_period": 1184.0,
        "first": 0.6316221348924079,
        "last": 0.6316177924877654,
        "median": 0.6316197910077905,
        "peak_to_peak": 6.033168174268688e-06,
        "fractional_peak_to_peak": 9.55189856328342e-06,
        "slope_per_cycle": -1.776278399930102e-08,
        "fractional_slope_per_cycle": -2.8122589336473043e-08,
        "log_slope_per_cycle": -2.8122573414312034e-08,
        "efolding_cycles": null
      },
      "gamma": {
        "available": true,
        "window_cycles": 250,
        "window_start_period": 935.0,
        "window_end_period": 1184.0,
        "first": 0.004144193333006495,
        "last": 0.004271813207771949,
        "median": 0.004200973318980766,
        "peak_to_peak": 0.0001282145192384827,
        "fractional_peak_to_peak": 0.03052019365588114,
        "slope_per_cycle": 5.147118970472206e-07,
        "fractional_slope_per_cycle": 0.00012252205809583654,
        "log_slope_per_cycle": 0.00012240590884779131,
        "efolding_cycles": 8169.540256781844
      },
      "max_vsurf_div_cs": {
        "available": true,
        "window_cycles": 250,
        "window_start_period": 1018.0,
        "window_end_period": 1184.0,
        "first": 0.36986,
        "last": 0.53865,
        "median": 0.44514,
        "peak_to_peak": 0.16878999999999994,
        "fractional_peak_to_peak": 0.3791840769196207,
        "slope_per_cycle": 0.0010148998732311624,
        "fractional_slope_per_cycle": 0.0022799565827181616,
        "log_slope_per_cycle": 0.0022680369543075004,
        "efolding_cycles": 440.9099234916699
      }
    },
    "500": {
      "delta_r": {
        "available": true,
        "window_cycles": 500,
        "window_start_period": 685.0,
        "window_end_period": 1184.0,
        "first": 0.032598389764177504,
        "last": 0.09095876206023323,
        "median": 0.054222489250518535,
        "peak_to_peak": 0.05836037229605573,
        "fractional_peak_to_peak": 1.076313041004432,
        "slope_per_cycle": 0.00011473523985814176,
        "fractional_slope_per_cycle": 0.002116008347164632,