{
  "generated_at": "2026-06-19T18:40:27.266559+00:00",
  "workspace": "<local-rre-root>/rsp_batch_runs",
  "model_id": "model_008",
  "run_name": "model_008_M0p6151_Z0p0004406_T6792",
  "source": "cumulative:saturation+continue_saturation+continue_saturation_resume:LOGS_continue_saturation_resume_1620000",
  "source_kind": "history_exact_rsp_columns",
  "cycle_count": 1170,
  "first_period": 1.0,
  "last_period": 1170.0,
  "rolling_window": 100,
  "fits": {
    "50": {
      "delta_r": {
        "available": true,
        "window_cycles": 50,
        "window_start_period": 1121.0,
        "window_end_period": 1170.0,
        "first": 0.07974696044692742,
        "last": 0.08833700970859848,
        "median": 0.08393055497654567,
        "peak_to_peak": 0.008590049261671062,
        "fractional_peak_to_peak": 0.10234710427056684,
        "slope_per_cycle": 0.00017528899253092993,
        "fractional_slope_per_cycle": 0.002088500339118624,
        "log_slope_per_cycle": 0.0020879074384038557,
        "efolding_cycles": 478.9484349768258
      },
      "period_days": {
        "available": true,
        "window_cycles": 50,
        "window_start_period": 1121.0,
        "window_end_period": 1170.0,
        "first": 0.631620461782268,
        "last": 0.6316176698017106,
        "median": 0.631619991829912,
        "peak_to_peak": 3.3916343279427608e-06,
        "fractional_peak_to_peak": 5.369738722355211e-06,
        "slope_per_cycle": -7.299273037709382e-08,
        "fractional_slope_per_cycle": -1.1556431291166275e-07,
        "log_slope_per_cycle": -1.1556444907356988e-07,
        "efolding_cycles": null
      },
      "gamma": {
        "available": true,
        "window_cycles": 50,
        "window_start_period": 1121.0,
        "window_end_period": 1170.0,
        "first": 0.004235183867347212,
        "last": 0.004262513222932401,
        "median": 0.004248150573968178,
        "peak_to_peak": 2.7329355585188446e-05,
        "fractional_peak_to_peak": 0.006433236089289609,
        "slope_per_cycle": 5.556922291108072e-07,
        "fractional_slope_per_cycle": 0.00013080803503434616,
        "log_slope_per_cycle": 0.0001307912501452533,
        "efolding_cycles": 7645.7714020580615
      },
      "max_vsurf_div_cs": {
        "available": true,
        "window_cycles": 50,
        "window_start_period": 1121.0,
        "window_end_period": 1170.0,
        "first": 0.466,
        "last": 0.52144,
        "median": 0.49294499999999997,
        "peak_to_peak": 0.05543999999999999,
        "fractional_peak_to_peak": 0.11246690807290873,
        "slope_per_cycle": 0.0011304028811524609,
        "fractional_slope_per_cycle": 0.0022931622821054294,
        "log_slope_per_cycle": 0.0022924611727015956,
        "efolding_cycles": 436.21240433988703
      }
    },
    "100": {
      "delta_r": {
        "available": true,
        "window_cycles": 100,
        "window_start_period": 1071.0,
        "window_end_period": 1170.0,
        "first": 0.07187415187026058,
        "last": 0.08833700970859848,
        "median": 0.07966390258800704,
        "peak_to_peak": 0.016462857838337897,
        "fractional_peak_to_peak": 0.20665392107988806,
        "slope_per_cycle": 0.00016621346043857357,
        "fractional_slope_per_cycle": 0.0020864338180639932,
        "log_slope_per_cycle": 0.002083882181768394,
        "efolding_cycles": 479.8735786259252
      },
      "period_days": {
        "available": true,
        "window_cycles": 100,
        "window_start_period": 1071.0,
        "window_end_period": 1170.0,
        "first": 0.6316163422952027,
        "last": 0.6316176698017106,
        "median": 0.6316189507829646,
        "peak_to_peak": 4.385276352603107e-06,
        "fractional_peak_to_peak": 6.942914469502618e-06,
        "slope_per_cycle": 2.323886482001045e-08,
        "fractional_slope_per_cycle": 3.6792538905305474e-08,
        "log_slope_per_cycle": 3.6792582133599744e-08,
        "efolding_cycles": 27179391.66022217
      },
      "gamma": {
        "available": true,
        "window_cycles": 100,
        "window_start_period": 1071.0,
        "window_end_period": 1170.0,
        "first": 0.004207507320672917,
        "last": 0.004262513222932401,
        "median": 0.004234959032743644,
        "peak_to_peak": 5.5005902259483604e-05,
        "fractional_peak_to_peak": 0.012988532317359325,
        "slope_per_cycle": 5.43606734769671e-07,
        "fractional_slope_per_cycle": 0.00012836174578470294,
        "log_slope_per_cycle": 0.0001283625537852035,
        "efolding_cycles": 7790.433974018296
      },
      "max_vsurf_div_cs": {
        "available": true,
        "window_cycles": 100,
        "window_start_period": 1071.0,
        "window_end_period": 1170.0,
        "first": 0.41591,
        "last": 0.52144,
        "median": 0.465465,
        "peak_to_peak": 0.10553000000000001,
        "fractional_peak_to_peak": 0.2267195170420977,
        "slope_per_cycle": 0.0010662444044404443,
        "fractional_slope_per_cycle": 0.002290708011215546,
        "log_slope_per_cycle": 0.002287138575006829,
        "efolding_cycles": 437.2275518972497
      }
    },
    "250": {
      "delta_r": {
        "available": true,
        "window_cycles": 250,
        "window_start_period": 921.0,
        "window_end_period": 1170.0,
        "first": 0.05274129315787324,
        "last": 0.08833700970859848,
        "median": 0.06817652032106336,
        "peak_to_peak": 0.03559571655072524,
        "fractional_peak_to_peak": 0.5221110784635898,
        "slope_per_cycle": 0.00014226003197884726,
        "fractional_slope_per_cycle": 0.0020866426052386184,
        "log_slope_per_cycle": 0.0020712894332253744,
        "efolding_cycles": 482.7910498451286
      },
      "period_days": {
        "available": true,
        "window_cycles": 250,
        "window_start_period": 921.0,
        "window_end_period": 1170.0,
        "first": 0.6316226388912441,
        "last": 0.6316176698017106,
        "median": 0.6316202391289105,
        "peak_to_peak": 6.322288989224489e-06,
        "fractional_peak_to_peak": 1.00096364833777e-05,
        "slope_per_cycle": -1.8347753436832467e-08,
        "fractional_slope_per_cycle": -2.9048710443693974e-08,
        "log_slope_per_cycle": -2.9048709853253644e-08,
        "efolding_cycles": null
      },
      "gamma": {
        "available": true,
        "window_cycles": 250,
        "window_start_period": 921.0,
        "window_end_period": 1170.0,
        "first": 0.004136558423431968,
        "last": 0.004262513222932401,
        "median": 0.004193609626963439,
        "peak_to_peak": 0.00012595479950043304,
        "fractional_peak_to_peak": 0.030034936654710985,
        "slope_per_cycle": 5.037228511820697e-07,
        "fractional_slope_per_cycle": 0.00012011677194350863,
        "log_slope_per_cycle": 0.00011999464997613116,
        "efolding_cycles": 8333.704879333502
      },
      "max_vsurf_div_cs": {
        "available": true,
        "window_cycles": 250,
        "window_start_period": 1018.0,
        "window_end_period": 1170.0,
        "first": 0.36986,
        "last": 0.52144,
        "median": 0.43809,
        "peak_to_peak": 0.15158,
        "fractional_peak_to_peak": 0.3460019630669497,
        "slope_per_cycle": 0.0009962494806535055,
        "fractional_slope_per_cycle": 0.002274074917604843,
        "log_slope_per_cycle": 0.0022636592251038382,
        "efolding_cycles": 441.7626067166219
      }
    },
    "500": {
      "delta_r": {
        "available": true,
        "window_cycles": 500,
        "window_start_period": 671.0,
        "window_end_period": 1170.0,
        "first": 0.03168701357487347,
        "last": 0.08833700970859848,
        "median": 0.05268727679238383,
        "peak_to_peak": 0.05664999613372501,
        "fractional_peak_to_peak": 1.0752120736274988,
        "slope_per_cycle": 0.00011137132281485529,
        "fractional_slope_per_cycle": 0.0021138181662665565,