{
  "generated_at": "2026-06-19T06:19:39.251954+00:00",
  "workspace": "<local-rre-root>/rsp_batch_runs",
  "model_id": "model_009",
  "run_name": "model_009_M0p6668_Z0p0001120_T6852",
  "source": "cumulative:saturation+saturation_resume:LOGS_saturation_resume_130000",
  "source_kind": "history_exact_rsp_columns",
  "cycle_count": 245,
  "first_period": 1.0,
  "last_period": 245.0,
  "rolling_window": 100,
  "fits": {
    "50": {
      "delta_r": {
        "available": true,
        "window_cycles": 50,
        "window_start_period": 196.0,
        "window_end_period": 245.0,
        "first": 0.0032399112435719246,
        "last": 0.0036106515458911304,
        "median": 0.003620582120752669,
        "peak_to_peak": 0.0008220866976804686,
        "fractional_peak_to_peak": 0.22705926015829966,
        "slope_per_cycle": 9.666980035616784e-06,
        "fractional_slope_per_cycle": 0.002670007118525778,
        "log_slope_per_cycle": 0.002689475903741483,
        "efolding_cycles": 371.81965401097034
      },
      "period_days": {
        "available": true,
        "window_cycles": 50,
        "window_start_period": 196.0,
        "window_end_period": 245.0,
        "first": 0.5160077164506678,
        "last": 0.5095076408055481,
        "median": 0.502506780609967,
        "peak_to_peak": 0.02988681746845101,
        "fractional_peak_to_peak": 0.05947545112162058,
        "slope_per_cycle": -1.2086691544714365e-05,
        "fractional_slope_per_cycle": -2.405279293951607e-05,
        "log_slope_per_cycle": -2.4280815034293678e-05,
        "efolding_cycles": null
      },
      "gamma": {
        "available": true,
        "window_cycles": 50,
        "window_start_period": 196.0,
        "window_end_period": 245.0,
        "first": 0.005921752636016056,
        "last": 0.007516581541058662,
        "median": 0.005278306783941214,
        "peak_to_peak": 0.005084203462958899,
        "fractional_peak_to_peak": 0.9632262145935024,
        "slope_per_cycle": 2.4432519517547142e-06,
        "fractional_slope_per_cycle": 0.0004628855524631676,
        "log_slope_per_cycle": 0.000634364852466819,
        "efolding_cycles": 1576.3798957514057
      },
      "max_vsurf_div_cs": {
        "available": true,
        "window_cycles": 50,
        "window_start_period": 196.0,
        "window_end_period": 245.0,
        "first": 0.02182,
        "last": 0.02387,
        "median": 0.02484,
        "peak_to_peak": 0.007190000000000002,
        "fractional_peak_to_peak": 0.28945249597423517,
        "slope_per_cycle": 6.593421368547419e-05,
        "fractional_slope_per_cycle": 0.002654356428561763,
        "log_slope_per_cycle": 0.0026692860259252224,
        "efolding_cycles": 374.63201406203075
      }
    },
    "100": {
      "delta_r": {
        "available": true,
        "window_cycles": 100,
        "window_start_period": 146.0,
        "window_end_period": 245.0,
        "first": 0.002751681298582831,
        "last": 0.0036106515458911304,
        "median": 0.0033087206998092533,
        "peak_to_peak": 0.0013103166426695623,
        "fractional_peak_to_peak": 0.3960191148032234,
        "slope_per_cycle": 9.196685811788838e-06,
        "fractional_slope_per_cycle": 0.0027795292036342095,
        "log_slope_per_cycle": 0.002736231564590601,
        "efolding_cycles": 365.46614436473016
      },
      "period_days": {
        "available": true,
        "window_cycles": 100,
        "window_start_period": 146.0,
        "window_end_period": 245.0,
        "first": 0.5166694886146515,
        "last": 0.5095076408055481,
        "median": 0.5012579691887744,
        "peak_to_peak": 0.02988681746845101,
        "fractional_peak_to_peak": 0.05962362556912406,
        "slope_per_cycle": -4.474727329741871e-06,
        "fractional_slope_per_cycle": -8.926994890442696e-06,
        "log_slope_per_cycle": -9.096284902866023e-06,
        "efolding_cycles": null
      },
      "gamma": {
        "available": true,
        "window_cycles": 100,
        "window_start_period": 146.0,
        "window_end_period": 245.0,
        "first": 0.007967679515869632,
        "last": 0.007516581541058662,
        "median": 0.005141914685564195,
        "peak_to_peak": 0.005084203462958899,
        "fractional_peak_to_peak": 0.9887763165796355,
        "slope_per_cycle": 9.280856575674543e-08,
        "fractional_slope_per_cycle": 1.804941766484444e-05,
        "log_slope_per_cycle": 3.171403907712246e-05,
        "efolding_cycles": 31531.7767493504
      },
      "max_vsurf_div_cs": {
        "available": true,
        "window_cycles": 100,
        "window_start_period": 146.0,
        "window_end_period": 245.0,
        "first": 0.01815,
        "last": 0.02387,
        "median": 0.023010000000000003,
        "peak_to_peak": 0.010600000000000002,
        "fractional_peak_to_peak": 0.46066927422859627,
        "slope_per_cycle": 6.334251425142513e-05,
        "fractional_slope_per_cycle": 0.002752825478114955,
        "log_slope_per_cycle": 0.002743261389959739,
        "efolding_cycles": 364.5296083194888
      }
    },
    "250": {
      "delta_r": {
        "available": false,
        "reason": "only 245 rows for 250-cycle window"
      },
      "period_days": {
        "available": false,
        "reason": "only 245 rows for 250-cycle window"
      },
      "gamma": {
        "available": false,
        "reason": "only 245 rows for 250-cycle window"
      },
      "max_vsurf_div_cs": {
        "available": false,
        "reason": "only 245 rows for 250-cycle window"
      }
    },
    "500": {
      "delta_r": {
        "available": false,
        "reason": "only 245 rows for 500-cycle window"
      },
      "period_days": {
        "available": false,
        "reason": "only 245 rows for 500-cycle window"
      },
      "gamma": {
        "available": false,
        "reason": "only 245 rows for 500-cycle window"
      },
      "max_vsurf_div_cs": {
        "available": false,
        "reason": "only 245 rows for 500-cycle window"
      }
    }
  },
  "latest_rolling": {
    "window_start_period": 146.0,
    "window_end_period": 245.0,
    "gamma_peak_to_peak": 0.005084203462958899,
    "period_fractional_peak_to_peak": 0.05962362556912406,
    "delta_r_fractional_peak_to_peak": 0.3960191148032234
  },
  "growth_outlook": {
    "status": "amplitude still growing",
    "tolerance": 0.001,
    "delta_r_fractional_peak_to_peak": 0.3960191148032234,
    "delta_r_criterion_factor": 396.0191148032234,
    "log_slope_per_cycle": 0.002736231564590601,
    "efolding_cycles": 365.46614436473016,
    "doubling_cycles": 253.32182755652664,
    "fit_window_cycles": 100,
    "max_vsurf_div_cs_latest": 0.02387,
    "max_vsurf_div_cs_log_slope_per_cycle": 0.002743261389959739,
    "max_vsurf_div_cs_efolding_cycles": 364.5296083194888,
    "max_vsurf_div_cs_fit_window_cycles": 100,
    "cycles_to_vsurf_div_cs_0p8": 1280.2240793279752,
    "cycles_to_vsurf_div_cs_1p0": 1361.566510687564
  }
}
