{
  "generated_at": "2026-06-19T03:10:05.614398+00:00",
  "workspace": "<local-rre-root>/rsp_batch_runs",
  "model_id": "model_009",
  "run_name": "model_009_M0p6668_Z0p0001120_T6852",
  "source": "cumulative:saturation+saturation_resume:LOGS_saturation_resume_130000",
  "source_kind": "history_exact_rsp_columns",
  "cycle_count": 229,
  "first_period": 1.0,
  "last_period": 229.0,
  "rolling_window": 100,
  "fits": {
    "50": {
      "delta_r": {
        "available": true,
        "window_cycles": 50,
        "window_start_period": 180.0,
        "window_end_period": 229.0,
        "first": 0.003308938976299025,
        "last": 0.003911099366143311,
        "median": 0.0034244371263514317,
        "peak_to_peak": 0.0008960182996800015,
        "fractional_peak_to_peak": 0.2616541833357194,
        "slope_per_cycle": 9.658618867909428e-06,
        "fractional_slope_per_cycle": 0.0028204982341726356,
        "log_slope_per_cycle": 0.0027971124357599048,
        "efolding_cycles": 357.5115491302463
      },
      "period_days": {
        "available": true,
        "window_cycles": 50,
        "window_start_period": 180.0,
        "window_end_period": 229.0,
        "first": 0.49071985951721825,
        "last": 0.492460366263921,
        "median": 0.4989673395826928,
        "peak_to_peak": 0.029518323426126314,
        "fractional_peak_to_peak": 0.05915882881395347,
        "slope_per_cycle": 4.2771977544968894e-06,
        "fractional_slope_per_cycle": 8.57209964498696e-06,
        "log_slope_per_cycle": 8.3645393172334e-06,
        "efolding_cycles": 119552.31030353426
      },
      "gamma": {
        "available": true,
        "window_cycles": 50,
        "window_start_period": 180.0,
        "window_end_period": 229.0,
        "first": 0.004366356407908149,
        "last": 0.004757206523548689,
        "median": 0.0049193333863006726,
        "peak_to_peak": 0.005084203462958899,
        "fractional_peak_to_peak": 1.033514719111609,
        "slope_per_cycle": -2.432784046743074e-07,
        "fractional_slope_per_cycle": -4.9453530706373245e-05,
        "log_slope_per_cycle": -0.00048724670996368126,
        "efolding_cycles": null
      },
      "max_vsurf_div_cs": {
        "available": true,
        "window_cycles": 50,
        "window_start_period": 180.0,
        "window_end_period": 229.0,
        "first": 0.02311,
        "last": 0.02772,
        "median": 0.023335,
        "peak_to_peak": 0.007890000000000001,
        "fractional_peak_to_peak": 0.3381187058067281,
        "slope_per_cycle": 6.722545018007202e-05,
        "fractional_slope_per_cycle": 0.00288088494450705,
        "log_slope_per_cycle": 0.0028243639469009833,
        "efolding_cycles": 354.0620184934892
      }
    },
    "100": {
      "delta_r": {
        "available": true,
        "window_cycles": 100,
        "window_start_period": 130.0,
        "window_end_period": 229.0,
        "first": 0.0029629517423446217,
        "last": 0.003911099366143311,
        "median": 0.0032579168310236106,
        "peak_to_peak": 0.0012508651171936336,
        "fractional_peak_to_peak": 0.3839463012935852,
        "slope_per_cycle": 8.830003716910696e-06,
        "fractional_slope_per_cycle": 0.0027103220170713754,
        "log_slope_per_cycle": 0.002736791441590716,
        "efolding_cycles": 365.3913794098852
      },
      "period_days": {
        "available": true,
        "window_cycles": 100,
        "window_start_period": 130.0,
        "window_end_period": 229.0,
        "first": 0.48926701773661924,
        "last": 0.492460366263921,
        "median": 0.5010520650552913,
        "peak_to_peak": 0.029518323426126314,
        "fractional_peak_to_peak": 0.05891268689386392,
        "slope_per_cycle": 3.141981539164875e-06,
        "fractional_slope_per_cycle": 6.27076856537485e-06,
        "log_slope_per_cycle": 5.867413266584621e-06,
        "efolding_cycles": 170432.8559392737
      },
      "gamma": {
        "available": true,
        "window_cycles": 100,
        "window_start_period": 130.0,
        "window_end_period": 229.0,
        "first": 0.005212405085044138,
        "last": 0.004757206523548689,
        "median": 0.0050254137462187945,
        "peak_to_peak": 0.005084203462958899,
        "fractional_peak_to_peak": 1.0116984828929438,
        "slope_per_cycle": -1.3562709134016302e-07,
        "fractional_slope_per_cycle": -2.6988243792306875e-05,
        "log_slope_per_cycle": -0.0001040165132929233,
        "efolding_cycles": null
      },
      "max_vsurf_div_cs": {
        "available": true,
        "window_cycles": 100,
        "window_start_period": 130.0,
        "window_end_period": 229.0,
        "first": 0.02092,
        "last": 0.02772,
        "median": 0.02197,
        "peak_to_peak": 0.010090000000000002,
        "fractional_peak_to_peak": 0.4592626308602641,
        "slope_per_cycle": 6.089018901890191e-05,
        "fractional_slope_per_cycle": 0.002771515203409281,
        "log_slope_per_cycle": 0.002743308491912718,
        "efolding_cycles": 364.5233494329942
      }
    },
    "250": {
      "delta_r": {
        "available": false,
        "reason": "only 229 rows for 250-cycle window"
      },
      "period_days": {
        "available": false,
        "reason": "only 229 rows for 250-cycle window"
      },
      "gamma": {
        "available": false,
        "reason": "only 229 rows for 250-cycle window"
      },
      "max_vsurf_div_cs": {
        "available": false,
        "reason": "only 229 rows for 250-cycle window"
      }
    },
    "500": {
      "delta_r": {
        "available": false,
        "reason": "only 229 rows for 500-cycle window"
      },
      "period_days": {
        "available": false,
        "reason": "only 229 rows for 500-cycle window"
      },
      "gamma": {
        "available": false,
        "reason": "only 229 rows for 500-cycle window"
      },
      "max_vsurf_div_cs": {
        "available": false,
        "reason": "only 229 rows for 500-cycle window"
      }
    }
  },
  "latest_rolling": {
    "window_start_period": 130.0,
    "window_end_period": 229.0,
    "gamma_peak_to_peak": 0.005084203462958899,
    "period_fractional_peak_to_peak": 0.05891268689386392,
    "delta_r_fractional_peak_to_peak": 0.3839463012935852
  },
  "growth_outlook": {
    "status": "amplitude still growing",
    "tolerance": 0.001,
    "delta_r_fractional_peak_to_peak": 0.3839463012935852,
    "delta_r_criterion_factor": 383.9463012935852,
    "log_slope_per_cycle": 0.002736791441590716,
    "efolding_cycles": 365.3913794098852,
    "doubling_cycles": 253.27000443887118,
    "fit_window_cycles": 100,
    "max_vsurf_div_cs_latest": 0.02772,
    "max_vsurf_div_cs_log_slope_per_cycle": 0.002743308491912718,
    "max_vsurf_div_cs_efolding_cycles": 364.5233494329942,
    "max_vsurf_div_cs_fit_window_cycles": 100,
    "cycles_to_vsurf_div_cs_0p8": 1225.6942896720366,
    "cycles_to_vsurf_div_cs_1p0": 1307.0353244014657
  }
}
