{
  "generated_at": "2026-06-20T03:53:47.416138+00:00",
  "workspace": "<local-rre-root>/rsp_batch_runs",
  "model_id": "model_008",
  "run_name": "model_008_M0p6151_Z0p0004406_T6792",
  "source": "cumulative:saturation+continue_saturation+continue_saturation_resume:LOGS_continue_saturation_resume_1620000",
  "source_kind": "history_exact_rsp_columns",
  "cycle_count": 1197,
  "first_period": 1.0,
  "last_period": 1197.0,
  "rolling_window": 100,
  "fits": {
    "50": {
      "delta_r": {
        "available": true,
        "window_cycles": 50,
        "window_start_period": 1148.0,
        "window_end_period": 1197.0,
        "first": 0.08436977639663645,
        "last": 0.09346475722090819,
        "median": 0.0887995425619259,
        "peak_to_peak": 0.009094980824271737,
        "fractional_peak_to_peak": 0.102421482835108,
        "slope_per_cycle": 0.00018556586381575593,
        "fractional_slope_per_cycle": 0.0020897164384191323,
        "log_slope_per_cycle": 0.0020891297260501266,
        "efolding_cycles": 478.6682164973445
      },
      "period_days": {
        "available": true,
        "window_cycles": 50,
        "window_start_period": 1148.0,
        "window_end_period": 1197.0,
        "first": 0.6316197421876024,
        "last": 0.6316200867126247,
        "median": 0.6316180064262719,
        "peak_to_peak": 3.016696966895438e-06,
        "fractional_peak_to_peak": 4.776141490905348e-06,
        "slope_per_cycle": -1.8604366424641359e-09,
        "fractional_slope_per_cycle": -2.9455091899462858e-09,
        "log_slope_per_cycle": -2.9455071997028346e-09,
        "efolding_cycles": null
      },
      "gamma": {
        "available": true,
        "window_cycles": 50,
        "window_start_period": 1148.0,
        "window_end_period": 1197.0,
        "first": 0.004249318098801517,
        "last": 0.0042797214418505555,
        "median": 0.004264230987335556,
        "peak_to_peak": 3.0403343049038856e-05,
        "fractional_peak_to_peak": 0.007129853692104037,
        "slope_per_cycle": 6.253481549784852e-07,
        "fractional_slope_per_cycle": 0.0001466496906090974,
        "log_slope_per_cycle": 0.00014664043567010816,
        "efolding_cycles": 6819.401452472937
      },
      "max_vsurf_div_cs": {
        "available": true,
        "window_cycles": 50,
        "window_start_period": 1148.0,
        "window_end_period": 1197.0,
        "first": 0.49577,
        "last": 0.55536,
        "median": 0.524455,
        "peak_to_peak": 0.059589999999999976,
        "fractional_peak_to_peak": 0.11362271310217269,
        "slope_per_cycle": 0.0012144557022809124,
        "fractional_slope_per_cycle": 0.002315652824896154,
        "log_slope_per_cycle": 0.0023141336303609213,
        "efolding_cycles": 432.1271627879312
      }
    },
    "100": {
      "delta_r": {
        "available": true,
        "window_cycles": 100,
        "window_start_period": 1098.0,
        "window_end_period": 1197.0,
        "first": 0.07601715570914891,
        "last": 0.09346475722090819,
        "median": 0.08428178399376662,
        "peak_to_peak": 0.01744760151175928,
        "fractional_peak_to_peak": 0.20701509489938755,
        "slope_per_cycle": 0.0001761390538393022,
        "fractional_slope_per_cycle": 0.0020898828369879927,
        "log_slope_per_cycle": 0.0020874896143814763,
        "efolding_cycles": 479.04429948328163
      },
      "period_days": {
        "available": true,
        "window_cycles": 100,
        "window_start_period": 1098.0,
        "window_end_period": 1197.0,
        "first": 0.631618259341318,
        "last": 0.6316200867126247,
        "median": 0.6316192065185384,
        "peak_to_peak": 3.6466785672262247e-06,
        "fractional_peak_to_peak": 5.773539704922182e-06,
        "slope_per_cycle": -2.0272004727458195e-08,
        "fractional_slope_per_cycle": -3.2095294947088024e-08,
        "log_slope_per_cycle": -3.209530859813454e-08,
        "efolding_cycles": null
      },
      "gamma": {
        "available": true,
        "window_cycles": 100,
        "window_start_period": 1098.0,
        "window_end_period": 1197.0,
        "first": 0.004223046676035719,
        "last": 0.0042797214418505555,
        "median": 0.004249051419640373,
        "peak_to_peak": 5.6674765814836506e-05,
        "fractional_peak_to_peak": 0.013338216043437122,
        "slope_per_cycle": 5.691343516712935e-07,
        "fractional_slope_per_cycle": 0.00013394386074985727,
        "log_slope_per_cycle": 0.00013388737396249036,
        "efolding_cycles": 7468.964177907905
      },
      "max_vsurf_div_cs": {
        "available": true,
        "window_cycles": 100,
        "window_start_period": 1098.0,
        "window_end_period": 1197.0,
        "first": 0.4421,
        "last": 0.55536,
        "median": 0.495205,
        "peak_to_peak": 0.11325999999999997,
        "fractional_peak_to_peak": 0.22871336113326798,
        "slope_per_cycle": 0.0011403824182418243,
        "fractional_slope_per_cycle": 0.002302849159927352,
        "log_slope_per_cycle": 0.0022991695799493765,
        "efolding_cycles": 434.9396446094325
      }
    },
    "250": {
      "delta_r": {
        "available": true,
        "window_cycles": 250,
        "window_start_period": 948.0,
        "window_end_period": 1197.0,
        "first": 0.05574713453628011,
        "last": 0.09346475722090819,
        "median": 0.0720980411627914,
        "peak_to_peak": 0.03771762268462808,
        "fractional_peak_to_peak": 0.5231435150847555,
        "slope_per_cycle": 0.00015075387452457705,
        "fractional_slope_per_cycle": 0.002090956593178271,
        "log_slope_per_cycle": 0.002075409443969996,
        "efolding_cycles": 481.8326344738638
      },
      "period_days": {
        "available": true,
        "window_cycles": 250,
        "window_start_period": 948.0,
        "window_end_period": 1197.0,
        "first": 0.6316220237457849,
        "last": 0.6316200867126247,
        "median": 0.6316194845883487,
        "peak_to_peak": 6.033168174268688e-06,
        "fractional_peak_to_peak": 9.55190319722442e-06,
        "slope_per_cycle": -1.5466259216676607e-08,
        "fractional_slope_per_cycle": -2.4486672108851388e-08,
        "log_slope_per_cycle": -2.4486641539879204e-08,
        "efolding_cycles": null
      },
      "gamma": {
        "available": true,
        "window_cycles": 250,
        "window_start_period": 948.0,
        "window_end_period": 1197.0,
        "first": 0.004148902735365034,
        "last": 0.0042797214418505555,
        "median": 0.0042086368328822996,
        "peak_to_peak": 0.00013081870648552155,
        "fractional_peak_to_peak": 0.031083391530347348,
        "slope_per_cycle": 5.259932489153384e-07,
        "fractional_slope_per_cycle": 0.00012497948143344793,
        "log_slope_per_cycle": 0.0001248907637736378,
        "efolding_cycles": 8006.997233298065
      },
      "max_vsurf_div_cs": {
        "available": true,
        "window_cycles": 250,
        "window_start_period": 1018.0,
        "window_end_period": 1197.0,
        "first": 0.36986,
        "last": 0.55536,
        "median": 0.451805,
        "peak_to_peak": 0.18549999999999994,
        "fractional_peak_to_peak": 0.4105753588384368,
        "slope_per_cycle": 0.0010328998425877343,
        "fractional_slope_per_cycle": 0.002286162929997973,
        "log_slope_per_cycle": 0.0022725833475130655,
        "efolding_cycles": 440.02786568612345
      }
    },
    "500": {
      "delta_r": {
        "available": true,
        "window_cycles": 500,
        "window_start_period": 698.0,
        "window_end_period": 1197.0,
        "first": 0.03346883700227021,
        "last": 0.09346475722090819,
        "median": 0.05568990055001333,
        "peak_to_peak": 0.05999592021863798,
        "fractional_peak_to_peak": 1.0773213747213923,
        "slope_per_cycle": 0.00011795280059300358,
        "fractional_slope_per_cycle": 0.002118028573009821,