{
  "generated_at": "2026-06-17T12:47:01.213651+00:00",
  "workspace": "<local-rre-root>/rsp_batch_runs",
  "model_id": "model_008",
  "run_name": "model_008_M0p6151_Z0p0004406_T6792",
  "source": "cumulative:saturation+continue_saturation",
  "source_kind": "history_exact_rsp_columns",
  "cycle_count": 1508,
  "first_period": 1.0,
  "last_period": 1508.0,
  "rolling_window": 100,
  "fits": {
    "50": {
      "delta_r": {
        "available": true,
        "window_cycles": 50,
        "window_start_period": 1459.0,
        "window_end_period": 1508.0,
        "first": 0.046454724230376776,
        "last": 0.05135453311085847,
        "median": 0.04884260171305366,
        "peak_to_peak": 0.004899808880481693,
        "fractional_peak_to_peak": 0.10031834318056346,
        "slope_per_cycle": 9.998134675050112e-05,
        "fractional_slope_per_cycle": 0.002047011077294438,
        "log_slope_per_cycle": 0.002046459561777043,
        "efolding_cycles": 488.6487955479805
      },
      "period_days": {
        "available": true,
        "window_cycles": 50,
        "window_start_period": 1459.0,
        "window_end_period": 1508.0,
        "first": 0.6316270700285074,
        "last": 0.6316234307739608,
        "median": 0.6316252381753832,
        "peak_to_peak": 3.737105505163818e-06,
        "fractional_peak_to_peak": 5.916650062875e-06,
        "slope_per_cycle": -7.661217770225299e-08,
        "fractional_slope_per_cycle": -1.212937246199464e-07,
        "log_slope_per_cycle": -1.212937269291912e-07,
        "efolding_cycles": null
      },
      "gamma": {
        "available": true,
        "window_cycles": 50,
        "window_start_period": 1459.0,
        "window_end_period": 1508.0,
        "first": 0.0041151053634432,
        "last": 0.004132627146337387,
        "median": 0.004122595880342415,
        "peak_to_peak": 1.7947603994634617e-05,
        "fractional_peak_to_peak": 0.004353471578481256,
        "slope_per_cycle": 3.425527326011704e-07,
        "fractional_slope_per_cycle": 8.309151382859253e-05,
        "log_slope_per_cycle": 8.307849343010733e-05,
        "efolding_cycles": 12036.80951245565
      },
      "max_vsurf_div_cs": {
        "available": true,
        "window_cycles": 50,
        "window_start_period": 1459.0,
        "window_end_period": 1508.0,
        "first": 0.26185,
        "last": 0.29083,
        "median": 0.275935,
        "peak_to_peak": 0.02897999999999995,
        "fractional_peak_to_peak": 0.10502473408592586,
        "slope_per_cycle": 0.0005912004801920769,
        "fractional_slope_per_cycle": 0.0021425353079242465,
        "log_slope_per_cycle": 0.0021418182340498214,
        "efolding_cycles": 466.89302766330763
      }
    },
    "100": {
      "delta_r": {
        "available": true,
        "window_cycles": 100,
        "window_start_period": 1409.0,
        "window_end_period": 1508.0,
        "first": 0.04194357224267797,
        "last": 0.05135453311085847,
        "median": 0.04640726637151671,
        "peak_to_peak": 0.009410960868180496,
        "fractional_peak_to_peak": 0.2027906749094069,
        "slope_per_cycle": 9.499942525078697e-05,
        "fractional_slope_per_cycle": 0.002047080827607087,
        "log_slope_per_cycle": 0.0020448361267362877,
        "efolding_cycles": 489.03674329936416
      },
      "period_days": {
        "available": true,
        "window_cycles": 100,
        "window_start_period": 1409.0,
        "window_end_period": 1508.0,
        "first": 0.6316290569841793,
        "last": 0.6316234307739608,
        "median": 0.6316270479167536,
        "peak_to_peak": 5.7240611770481564e-06,
        "fractional_peak_to_peak": 9.062406678003075e-06,
        "slope_per_cycle": -5.990894049949856e-08,
        "fractional_slope_per_cycle": -9.4848598863984e-08,
        "log_slope_per_cycle": -9.484867975276159e-08,
        "efolding_cycles": null
      },
      "gamma": {
        "available": true,
        "window_cycles": 100,
        "window_start_period": 1409.0,
        "window_end_period": 1508.0,
        "first": 0.004102364121772927,
        "last": 0.004132627146337387,
        "median": 0.004114892452892977,
        "peak_to_peak": 3.2135649766912126e-05,
        "fractional_peak_to_peak": 0.00780959651674958,
        "slope_per_cycle": 3.024434001764789e-07,
        "fractional_slope_per_cycle": 7.349970956442517e-05,
        "log_slope_per_cycle": 7.348005098136158e-05,
        "efolding_cycles": 13609.135903480154
      },
      "max_vsurf_div_cs": {
        "available": true,
        "window_cycles": 100,
        "window_start_period": 1409.0,
        "window_end_period": 1508.0,
        "first": 0.23536,
        "last": 0.29083,
        "median": 0.26157,
        "peak_to_peak": 0.055469999999999964,
        "fractional_peak_to_peak": 0.21206560385365278,
        "slope_per_cycle": 0.0005596485448544855,
        "fractional_slope_per_cycle": 0.0021395746639694363,
        "log_slope_per_cycle": 0.0021368631678902114,
        "efolding_cycles": 467.97568277959965
      }
    },
    "250": {
      "delta_r": {
        "available": true,
        "window_cycles": 250,
        "window_start_period": 1259.0,
        "window_end_period": 1508.0,
        "first": 0.030926073779611762,
        "last": 0.05135453311085847,
        "median": 0.039818281241887465,
        "peak_to_peak": 0.020428459331246707,
        "fractional_peak_to_peak": 0.5130422181497043,
        "slope_per_cycle": 8.167802967596213e-05,
        "fractional_slope_per_cycle": 0.0020512695959874743,
        "log_slope_per_cycle": 0.00203691358738181,
        "efolding_cycles": 490.9388430588119
      },
      "period_days": {
        "available": true,
        "window_cycles": 250,
        "window_start_period": 1259.0,
        "window_end_period": 1508.0,
        "first": 0.6316320194221205,
        "last": 0.6316234307739608,
        "median": 0.6316293683354915,
        "peak_to_peak": 8.686499118337743e-06,
        "fractional_peak_to_peak": 1.3752525695929779e-05,
        "slope_per_cycle": -2.6135509628509864e-08,
        "fractional_slope_per_cycle": -4.137792024677979e-08,
        "log_slope_per_cycle": -4.137800369041121e-08,
        "efolding_cycles": null
      },
      "gamma": {
        "available": true,
        "window_cycles": 250,
        "window_start_period": 1259.0,
        "window_end_period": 1508.0,
        "first": 0.00406584786253352,
        "last": 0.004132627146337387,
        "median": 0.004094320827488358,
        "peak_to_peak": 6.930237697289066e-05,
        "fractional_peak_to_peak": 0.016926464703891777,
        "slope_per_cycle": 2.648648936317478e-07,
        "fractional_slope_per_cycle": 6.469080093907246e-05,
        "log_slope_per_cycle": 6.465785635993567e-05,
        "efolding_cycles": 15466.02464568615
      },
      "max_vsurf_div_cs": {
        "available": true,
        "window_cycles": 250,
        "window_start_period": 1259.0,
        "window_end_period": 1508.0,
        "first": 0.17149,
        "last": 0.29083,
        "median": 0.22293000000000002,
        "peak_to_peak": 0.11933999999999997,
        "fractional_peak_to_peak": 0.5353249899071456,
        "slope_per_cycle": 0.0004769264148226372,
        "fractional_slope_per_cycle": 0.0021393550209601094,
        "log_slope_per_cycle": 0.0021221217113454333,
        "efolding_cycles": 471.22650630910147
      }
    },
    "500": {
      "delta_r": {
        "available": true,
        "window_cycles": 500,
        "window_start_period": 1009.0,
        "window_end_period": 1508.0,
        "first": 0.018656030817010283,
        "last": 0.05135453311085847,
        "median": 0.030894786527734475,
        "peak_to_peak": 0.032698502293848186,
        "fractional_peak_to_peak": 1.0583825288611237,