{
  "generated_at": "2026-06-17T15:58:47.982569+00:00",
  "workspace": "<local-rre-root>/rsp_batch_runs",
  "model_id": "model_007",
  "run_name": "model_007_M0p6887_Z0p004060_T6669",
  "source": "cumulative:continue_saturation+continue_saturation_resume:LOGS_continue_saturation_resume_2180000",
  "source_kind": "history_exact_rsp_columns",
  "cycle_count": 1576,
  "first_period": 1.0,
  "last_period": 3136.0,
  "rolling_window": 100,
  "fits": {
    "50": {
      "delta_r": {
        "available": true,
        "window_cycles": 50,
        "window_start_period": 1527.0,
        "window_end_period": 3136.0,
        "first": 0.5933134342439317,
        "last": 0.6115052766609841,
        "median": 0.6039132078862481,
        "peak_to_peak": 0.018191842417052406,
        "fractional_peak_to_peak": 0.030123272979449365,
        "slope_per_cycle": 5.260471281890524e-06,
        "fractional_slope_per_cycle": 8.710641219957182e-06,
        "log_slope_per_cycle": 8.706367885752788e-06,
        "efolding_cycles": 114858.45913270133
      },
      "period_days": {
        "available": true,
        "window_cycles": 50,
        "window_start_period": 1527.0,
        "window_end_period": 3136.0,
        "first": 0.5572025067999062,
        "last": 0.5572262892235691,
        "median": 0.5572158800799365,
        "peak_to_peak": 3.955523724907817e-05,
        "fractional_peak_to_peak": 7.098727560205874e-05,
        "slope_per_cycle": 8.015559260852862e-09,
        "fractional_slope_per_cycle": 1.4385015839288311e-08,
        "log_slope_per_cycle": 1.438499304045999e-08,
        "efolding_cycles": 69516891.47066997
      },
      "gamma": {
        "available": true,
        "window_cycles": 50,
        "window_start_period": 1527.0,
        "window_end_period": 3136.0,
        "first": 0.001253119102472101,
        "last": 0.0008548505444105593,
        "median": 0.0010120249501978029,
        "peak_to_peak": 0.00039826855806154166,
        "fractional_peak_to_peak": 0.3935363036096087,
        "slope_per_cycle": -1.1233639569438219e-07,
        "fractional_slope_per_cycle": -0.00011100160689953915,
        "log_slope_per_cycle": -0.0001116909765104235,
        "efolding_cycles": null
      },
      "max_vsurf_div_cs": {
        "available": true,
        "window_cycles": 50,
        "window_start_period": 1562.0,
        "window_end_period": 1564.0,
        "first": 4.72111,
        "last": 4.72559,
        "median": 4.72344,
        "peak_to_peak": 0.0044800000000000395,
        "fractional_peak_to_peak": 0.0009484612909235725,
        "slope_per_cycle": 0.0022400000000000198,
        "fractional_slope_per_cycle": 0.00047423064546178625,
        "log_slope_per_cycle": 0.00047423971713456137,
        "efolding_cycles": 2108.6382347774947
      }
    },
    "100": {
      "delta_r": {
        "available": true,
        "window_cycles": 100,
        "window_start_period": 1477.0,
        "window_end_period": 3136.0,
        "first": 0.5645912579822143,
        "last": 0.6115052766609841,
        "median": 0.5930848771073691,
        "peak_to_peak": 0.046914018678769764,
        "fractional_peak_to_peak": 0.07910169436047967,
        "slope_per_cycle": 1.3828949883857333e-05,
        "fractional_slope_per_cycle": 2.331698280911285e-05,
        "log_slope_per_cycle": 2.3260453596434638e-05,
        "efolding_cycles": 42991.423011341445
      },
      "period_days": {
        "available": true,
        "window_cycles": 100,
        "window_start_period": 1477.0,
        "window_end_period": 3136.0,
        "first": 0.5570867901985292,
        "last": 0.5572262892235691,
        "median": 0.5571997208674266,
        "peak_to_peak": 0.00015348451074082003,
        "fractional_peak_to_peak": 0.0002754569052939965,
        "slope_per_cycle": 2.9651230174644587e-08,
        "fractional_slope_per_cycle": 5.321472546412033e-08,
        "log_slope_per_cycle": 5.321597712954358e-08,
        "efolding_cycles": 18791349.025983334
      },
      "gamma": {
        "available": true,
        "window_cycles": 100,
        "window_start_period": 1477.0,
        "window_end_period": 3136.0,
        "first": 0.0018435341172595484,
        "last": 0.0008548505444105593,
        "median": 0.0012555181937539475,
        "peak_to_peak": 0.0009886835728489891,
        "fractional_peak_to_peak": 0.7874705263273534,
        "slope_per_cycle": -2.950862861380442e-07,
        "fractional_slope_per_cycle": -0.00023503146956058708,
        "log_slope_per_cycle": -0.00025106755715459964,
        "efolding_cycles": null
      },
      "max_vsurf_div_cs": {
        "available": true,
        "window_cycles": 100,
        "window_start_period": 1562.0,
        "window_end_period": 1564.0,
        "first": 4.72111,
        "last": 4.72559,
        "median": 4.72344,
        "peak_to_peak": 0.0044800000000000395,
        "fractional_peak_to_peak": 0.0009484612909235725,
        "slope_per_cycle": 0.0022400000000000198,
        "fractional_slope_per_cycle": 0.00047423064546178625,
        "log_slope_per_cycle": 0.00047423971713456137,
        "efolding_cycles": 2108.6382347774947
      }
    },
    "250": {
      "delta_r": {
        "available": true,
        "window_cycles": 250,
        "window_start_period": 1327.0,
        "window_end_period": 3136.0,
        "first": 0.4337785885693881,
        "last": 0.6115052766609841,
        "median": 0.5463563800124493,
        "peak_to_peak": 0.17772668809159597,
        "fractional_peak_to_peak": 0.32529443160807653,
        "slope_per_cycle": 6.815843647780723e-05,
        "fractional_slope_per_cycle": 0.00012475087501724453,
        "log_slope_per_cycle": 0.0001258985126047625,
        "efolding_cycles": 7942.905593645369
      },
      "period_days": {
        "available": true,
        "window_cycles": 250,
        "window_start_period": 1327.0,
        "window_end_period": 3136.0,
        "first": 0.5569426018196262,
        "last": 0.5572262892235691,
        "median": 0.5570161244656062,
        "peak_to_peak": 0.0005568297119398213,
        "fractional_peak_to_peak": 0.0009996653372898968,
        "slope_per_cycle": 1.4971547658017878e-07,
        "fractional_slope_per_cycle": 2.6878122554138587e-07,
        "log_slope_per_cycle": 2.6874609806210107e-07,
        "efolding_cycles": 3720984.2569283475
      },
      "gamma": {
        "available": true,
        "window_cycles": 250,
        "window_start_period": 1327.0,
        "window_end_period": 3136.0,
        "first": 0.003863711879739333,
        "last": 0.0008548505444105593,
        "median": 0.002187134031084578,
        "peak_to_peak": 0.003008861335328774,
        "fractional_peak_to_peak": 1.3757096239029805,
        "slope_per_cycle": -1.2455795640115997e-06,
        "fractional_slope_per_cycle": -0.0005695030785991333,
        "log_slope_per_cycle": -0.0006980081755047885,
        "efolding_cycles": null
      },
      "max_vsurf_div_cs": {
        "available": true,
        "window_cycles": 250,
        "window_start_period": 1562.0,
        "window_end_period": 1564.0,
        "first": 4.72111,
        "last": 4.72559,
        "median": 4.72344,
        "peak_to_peak": 0.0044800000000000395,
        "fractional_peak_to_peak": 0.0009484612909235725,
        "slope_per_cycle": 0.0022400000000000198,
        "fractional_slope_per_cycle": 0.00047423064546178625,
        "log_slope_per_cycle": 0.00047423971713456137,
        "efolding_cycles": 2108.6382347774947
      }
    },
    "500": {
      "delta_r": {
        "available": true,
        "window_cycles": 500,
        "window_start_period": 1077.0,
        "window_end_period": 3136.0,
        "first": 0.23394678942824054,
        "last": 0.6115052766609841,
        "median": 0.4332928087729857,