{
  "generated_at": "2026-06-18T08:46:15.298329+00:00",
  "workspace": "<local-rre-root>/rsp_batch_runs",
  "model_id": "model_008",
  "run_name": "model_008_M0p6151_Z0p0004406_T6792",
  "source": "cumulative:saturation+continue_saturation+continue_saturation_resume:LOGS_continue_saturation_resume_1620000",
  "source_kind": "history_exact_rsp_columns",
  "cycle_count": 1024,
  "first_period": 1.0,
  "last_period": 1024.0,
  "rolling_window": 100,
  "fits": {
    "50": {
      "delta_r": {
        "available": true,
        "window_cycles": 50,
        "window_start_period": 975.0,
        "window_end_period": 1024.0,
        "first": 0.05893300197260487,
        "last": 0.06521075461744896,
        "median": 0.06199001340360066,
        "peak_to_peak": 0.006277752644844092,
        "fractional_peak_to_peak": 0.10127038695686831,
        "slope_per_cycle": 0.00012810318461000422,
        "fractional_slope_per_cycle": 0.0020665132587721524,
        "log_slope_per_cycle": 0.0020659120269407886,
        "efolding_cycles": 484.0477169208431
      },
      "period_days": {
        "available": true,
        "window_cycles": 50,
        "window_start_period": 975.0,
        "window_end_period": 1024.0,
        "first": 0.6316223234033074,
        "last": 0.6316199844363318,
        "median": 0.6316219501170606,
        "peak_to_peak": 2.365334097365057e-06,
        "fractional_peak_to_peak": 3.744857342159629e-06,
        "slope_per_cycle": -4.641244169762213e-08,
        "fractional_slope_per_cycle": -7.348136284532284e-08,
        "log_slope_per_cycle": -7.348142274678624e-08,
        "efolding_cycles": null
      },
      "gamma": {
        "available": true,
        "window_cycles": 50,
        "window_start_period": 975.0,
        "window_end_period": 1024.0,
        "first": 0.004160491150665341,
        "last": 0.0041818093832046484,
        "median": 0.004171458903668176,
        "peak_to_peak": 2.1355829565159433e-05,
        "fractional_peak_to_peak": 0.005119510957276881,
        "slope_per_cycle": 4.2507300432762194e-07,
        "fractional_slope_per_cycle": 0.00010190032172049775,
        "log_slope_per_cycle": 0.00010190147247097006,
        "efolding_cycles": 9813.400883729943
      },
      "max_vsurf_div_cs": {
        "available": true,
        "window_cycles": 50,
        "window_start_period": 1018.0,
        "window_end_period": 1024.0,
        "first": 0.36986,
        "last": 0.37477,
        "median": 0.37231,
        "peak_to_peak": 0.00490999999999997,
        "fractional_peak_to_peak": 0.01318793478552811,
        "slope_per_cycle": 0.0008189285714285696,
        "fractional_slope_per_cycle": 0.002199587901019499,
        "log_slope_per_cycle": 0.0021995937285855843,
        "efolding_cycles": 454.6294104243673
      }
    },
    "100": {
      "delta_r": {
        "available": true,
        "window_cycles": 100,
        "window_start_period": 925.0,
        "window_end_period": 1024.0,
        "first": 0.05317572236415469,
        "last": 0.06521075461744896,
        "median": 0.05887231170097085,
        "peak_to_peak": 0.012035032253294276,
        "fractional_peak_to_peak": 0.20442601803074448,
        "slope_per_cycle": 0.00012148735120811525,
        "fractional_slope_per_cycle": 0.002063573651144938,
        "log_slope_per_cycle": 0.0020610665050868806,
        "efolding_cycles": 485.1857024176164
      },
      "period_days": {
        "available": true,
        "window_cycles": 100,
        "window_start_period": 925.0,
        "window_end_period": 1024.0,
        "first": 0.6316224535803,
        "last": 0.6316199844363318,
        "median": 0.6316221100025534,
        "peak_to_peak": 2.4691439681756577e-06,
        "fractional_peak_to_peak": 3.90921079087253e-06,
        "slope_per_cycle": -1.3248998200369804e-08,
        "fractional_slope_per_cycle": -2.0976146956470923e-08,
        "log_slope_per_cycle": -2.0976169759118554e-08,
        "efolding_cycles": null
      },
      "gamma": {
        "available": true,
        "window_cycles": 100,
        "window_start_period": 925.0,
        "window_end_period": 1024.0,
        "first": 0.004138878680334918,
        "last": 0.0041818093832046484,
        "median": 0.004160587940067852,
        "peak_to_peak": 4.2968299895582325e-05,
        "fractional_peak_to_peak": 0.010327458646356983,
        "slope_per_cycle": 4.248079795920323e-07,
        "fractional_slope_per_cycle": 0.00010210287240920676,
        "log_slope_per_cycle": 0.00010209962141512252,
        "efolding_cycles": 9794.355612095194
      },
      "max_vsurf_div_cs": {
        "available": true,
        "window_cycles": 100,
        "window_start_period": 1018.0,
        "window_end_period": 1024.0,
        "first": 0.36986,
        "last": 0.37477,
        "median": 0.37231,
        "peak_to_peak": 0.00490999999999997,
        "fractional_peak_to_peak": 0.01318793478552811,
        "slope_per_cycle": 0.0008189285714285696,
        "fractional_slope_per_cycle": 0.002199587901019499,
        "log_slope_per_cycle": 0.0021995937285855843,
        "efolding_cycles": 454.6294104243673
      }
    },
    "250": {
      "delta_r": {
        "available": true,
        "window_cycles": 250,
        "window_start_period": 775.0,
        "window_end_period": 1024.0,
        "first": 0.03913479502914985,
        "last": 0.06521075461744896,
        "median": 0.05046877834779551,
        "peak_to_peak": 0.026075959588299114,
        "fractional_peak_to_peak": 0.5166750700522578,
        "slope_per_cycle": 0.00010419522233126096,
        "fractional_slope_per_cycle": 0.0020645481373299823,
        "log_slope_per_cycle": 0.0020498851552014975,
        "efolding_cycles": 487.83220731295216
      },
      "period_days": {
        "available": true,
        "window_cycles": 250,
        "window_start_period": 775.0,
        "window_end_period": 1024.0,
        "first": 0.6316293982668193,
        "last": 0.6316199844363318,
        "median": 0.6316239602253255,
        "peak_to_peak": 9.413830487470243e-06,
        "fractional_peak_to_peak": 1.4904169379692235e-05,
        "slope_per_cycle": -4.053961126407445e-08,
        "fractional_slope_per_cycle": -6.418314347925045e-08,
        "log_slope_per_cycle": -6.418301423606152e-08,
        "efolding_cycles": null
      },
      "gamma": {
        "available": true,
        "window_cycles": 250,
        "window_start_period": 775.0,
        "window_end_period": 1024.0,
        "first": 0.004093354064267575,
        "last": 0.0041818093832046484,
        "median": 0.004128543787789157,
        "peak_to_peak": 9.011680154253146e-05,
        "fractional_peak_to_peak": 0.021827745126275912,
        "slope_per_cycle": 3.658567905789107e-07,
        "fractional_slope_per_cycle": 8.861642491500076e-05,
        "log_slope_per_cycle": 8.849024846120976e-05,
        "efolding_cycles": 11300.680214931886
      },
      "max_vsurf_div_cs": {
        "available": true,
        "window_cycles": 250,
        "window_start_period": 1018.0,
        "window_end_period": 1024.0,
        "first": 0.36986,
        "last": 0.37477,
        "median": 0.37231,
        "peak_to_peak": 0.00490999999999997,
        "fractional_peak_to_peak": 0.01318793478552811,
        "slope_per_cycle": 0.0008189285714285696,
        "fractional_slope_per_cycle": 0.002199587901019499,
        "log_slope_per_cycle": 0.0021995937285855843,
        "efolding_cycles": 454.6294104243673
      }
    },
    "500": {
      "delta_r": {
        "available": true,
        "window_cycles": 500,
        "window_start_period": 525.0,
        "window_end_period": 1024.0,
        "first": 0.007023751538073775,
        "last": 0.06521075461744896,
        "median": 0.03909499195181443,
        "peak_to_peak": 0.05818700307937519,