{
  "generated_at": "2026-06-18T20:28:15.176805+00:00",
  "workspace": "<local-rre-root>/rsp_batch_runs",
  "model_id": "model_009",
  "run_name": "model_009_M0p6668_Z0p0001120_T6852",
  "source": "cumulative:saturation+saturation_resume:LOGS_saturation_resume_130000",
  "source_kind": "history_exact_rsp_columns",
  "cycle_count": 193,
  "first_period": 1.0,
  "last_period": 193.0,
  "rolling_window": 100,
  "fits": {
    "50": {
      "delta_r": {
        "available": true,
        "window_cycles": 50,
        "window_start_period": 144.0,
        "window_end_period": 193.0,
        "first": 0.0030386444953336422,
        "last": 0.0031838958515812976,
        "median": 0.003107814892645333,
        "peak_to_peak": 0.0007669672739787359,
        "fractional_peak_to_peak": 0.2467866653814452,
        "slope_per_cycle": 8.01487160119627e-06,
        "fractional_slope_per_cycle": 0.0025789411139522894,
        "log_slope_per_cycle": 0.0025667175221253586,
        "efolding_cycles": 389.6026700951317
      },
      "period_days": {
        "available": true,
        "window_cycles": 50,
        "window_start_period": 144.0,
        "window_end_period": 193.0,
        "first": 0.4988923261456161,
        "last": 0.5170190801813388,
        "median": 0.4990799053064526,
        "peak_to_peak": 0.02868338307300028,
        "fractional_peak_to_peak": 0.05747252647927725,
        "slope_per_cycle": 3.303353769362952e-05,
        "fractional_slope_per_cycle": 6.618887545341215e-05,
        "log_slope_per_cycle": 6.501043712695535e-05,
        "efolding_cycles": 15382.145455308266
      },
      "gamma": {
        "available": true,
        "window_cycles": 50,
        "window_start_period": 144.0,
        "window_end_period": 193.0,
        "first": 0.0037327372508570954,
        "last": 0.006700190729704028,
        "median": 0.0049245691365754594,
        "peak_to_peak": 0.0049164772507597505,
        "fractional_peak_to_peak": 0.9983568337470157,
        "slope_per_cycle": 4.88399717870226e-06,
        "fractional_slope_per_cycle": 0.0009917613182497801,
        "log_slope_per_cycle": 0.0004697113462187305,
        "efolding_cycles": 2128.9670944723784
      },
      "max_vsurf_div_cs": {
        "available": true,
        "window_cycles": 50,
        "window_start_period": 144.0,
        "window_end_period": 193.0,
        "first": 0.02134,
        "last": 0.02131,
        "median": 0.021325,
        "peak_to_peak": 0.006760000000000002,
        "fractional_peak_to_peak": 0.31699882766705756,
        "slope_per_cycle": 5.313229291716687e-05,
        "fractional_slope_per_cycle": 0.0024915494920125145,
        "log_slope_per_cycle": 0.0024711820853323065,
        "efolding_cycles": 404.6646363841406
      }
    },
    "100": {
      "delta_r": {
        "available": true,
        "window_cycles": 100,
        "window_start_period": 94.0,
        "window_end_period": 193.0,
        "first": 0.0025531016799638095,
        "last": 0.0031838958515812976,
        "median": 0.0029437888010499513,
        "peak_to_peak": 0.0011087489019097063,
        "fractional_peak_to_peak": 0.3766400977931068,
        "slope_per_cycle": 7.882710933378938e-06,
        "fractional_slope_per_cycle": 0.002677743366157055,
        "log_slope_per_cycle": 0.0027014161151515297,
        "efolding_cycles": 370.1762177219807
      },
      "period_days": {
        "available": true,
        "window_cycles": 100,
        "window_start_period": 94.0,
        "window_end_period": 193.0,
        "first": 0.5082951600966367,
        "last": 0.5170190801813388,
        "median": 0.5012519421785718,
        "peak_to_peak": 0.02868338307300028,
        "fractional_peak_to_peak": 0.05722348515665557,
        "slope_per_cycle": 4.890769621139265e-06,
        "fractional_slope_per_cycle": 9.75710857075726e-06,
        "log_slope_per_cycle": 9.314272214365853e-06,
        "efolding_cycles": 107362.11879846625
      },
      "gamma": {
        "available": true,
        "window_cycles": 100,
        "window_start_period": 94.0,
        "window_end_period": 193.0,
        "first": 0.003989085132556848,
        "last": 0.006700190729704028,
        "median": 0.0049245691365754594,
        "peak_to_peak": 0.0049164772507597505,
        "fractional_peak_to_peak": 0.9983568337470157,
        "slope_per_cycle": 9.795834199659056e-07,
        "fractional_slope_per_cycle": 0.00019891758909229305,
        "log_slope_per_cycle": 0.00013685619137422786,
        "efolding_cycles": 7306.940153445739
      },
      "max_vsurf_div_cs": {
        "available": true,
        "window_cycles": 100,
        "window_start_period": 129.0,
        "window_end_period": 193.0,
        "first": 0.01909,
        "last": 0.02131,
        "median": 0.02084,
        "peak_to_peak": 0.007280000000000002,
        "fractional_peak_to_peak": 0.3493282149712093,
        "slope_per_cycle": 5.5268793706293716e-05,
        "fractional_slope_per_cycle": 0.002652053440801042,
        "log_slope_per_cycle": 0.0026326302669755896,
        "efolding_cycles": 379.84825007304084
      }
    },
    "250": {
      "delta_r": {
        "available": false,
        "reason": "only 193 rows for 250-cycle window"
      },
      "period_days": {
        "available": false,
        "reason": "only 193 rows for 250-cycle window"
      },
      "gamma": {
        "available": false,
        "reason": "only 193 rows for 250-cycle window"
      },
      "max_vsurf_div_cs": {
        "available": false,
        "reason": "only 193 rows for 250-cycle window"
      }
    },
    "500": {
      "delta_r": {
        "available": false,
        "reason": "only 193 rows for 500-cycle window"
      },
      "period_days": {
        "available": false,
        "reason": "only 193 rows for 500-cycle window"
      },
      "gamma": {
        "available": false,
        "reason": "only 193 rows for 500-cycle window"
      },
      "max_vsurf_div_cs": {
        "available": false,
        "reason": "only 193 rows for 500-cycle window"
      }
    }
  },
  "latest_rolling": {
    "window_start_period": 94.0,
    "window_end_period": 193.0,
    "gamma_peak_to_peak": 0.0049164772507597505,
    "period_fractional_peak_to_peak": 0.05722348515665557,
    "delta_r_fractional_peak_to_peak": 0.3766400977931068
  },
  "growth_outlook": {
    "status": "amplitude still growing",
    "tolerance": 0.001,
    "delta_r_fractional_peak_to_peak": 0.3766400977931068,
    "delta_r_criterion_factor": 376.6400977931068,
    "log_slope_per_cycle": 0.0027014161151515297,
    "efolding_cycles": 370.1762177219807,
    "doubling_cycles": 256.5866016243354,
    "fit_window_cycles": 100,
    "max_vsurf_div_cs_latest": 0.02131,
    "max_vsurf_div_cs_log_slope_per_cycle": 0.0026326302669755896,
    "max_vsurf_div_cs_efolding_cycles": 379.84825007304084,
    "max_vsurf_div_cs_fit_window_cycles": 100,
    "cycles_to_vsurf_div_cs_0p8": 1377.1152474526411,
    "cycles_to_vsurf_div_cs_1p0": 1461.8759349344275
  }
}
