{
  "generated_at": "2026-06-19T09:47:25.182860+00:00",
  "workspace": "<local-rre-root>/rsp_batch_runs",
  "model_id": "model_009",
  "run_name": "model_009_M0p6668_Z0p0001120_T6852",
  "source": "cumulative:saturation+saturation_resume:LOGS_saturation_resume_130000",
  "source_kind": "history_exact_rsp_columns",
  "cycle_count": 260,
  "first_period": 1.0,
  "last_period": 260.0,
  "rolling_window": 100,
  "fits": {
    "50": {
      "delta_r": {
        "available": true,
        "window_cycles": 50,
        "window_start_period": 211.0,
        "window_end_period": 260.0,
        "first": 0.003562360688697197,
        "last": 0.0037397481253540477,
        "median": 0.003674343338953001,
        "peak_to_peak": 0.0008848630230362531,
        "fractional_peak_to_peak": 0.24082208476695963,
        "slope_per_cycle": 9.659282962659883e-06,
        "fractional_slope_per_cycle": 0.0026288460471993566,
        "log_slope_per_cycle": 0.0025754822901353953,
        "efolding_cycles": 388.2767914305593
      },
      "period_days": {
        "available": true,
        "window_cycles": 50,
        "window_start_period": 211.0,
        "window_end_period": 260.0,
        "first": 0.5057428393984662,
        "last": 0.518150847114351,
        "median": 0.501262248309396,
        "peak_to_peak": 0.029964243336278895,
        "fractional_peak_to_peak": 0.059777578378062794,
        "slope_per_cycle": 2.2033504038780166e-05,
        "fractional_slope_per_cycle": 4.3956041200175e-05,
        "log_slope_per_cycle": 4.331727176181525e-05,
        "efolding_cycles": 23085.47974809238
      },
      "gamma": {
        "available": true,
        "window_cycles": 50,
        "window_start_period": 211.0,
        "window_end_period": 260.0,
        "first": 0.0035235480694242706,
        "last": 0.008353044383331116,
        "median": 0.0048981384075522695,
        "peak_to_peak": 0.005295484819423992,
        "fractional_peak_to_peak": 1.0811219240475254,
        "slope_per_cycle": 7.058414349253642e-06,
        "fractional_slope_per_cycle": 0.001441040199756405,
        "log_slope_per_cycle": 0.0011294220391978142,
        "efolding_cycles": 885.4086119217775
      },
      "max_vsurf_div_cs": {
        "available": true,
        "window_cycles": 50,
        "window_start_period": 211.0,
        "window_end_period": 260.0,
        "first": 0.02476,
        "last": 0.02461,
        "median": 0.0255,
        "peak_to_peak": 0.007789999999999998,
        "fractional_peak_to_peak": 0.3054901960784313,
        "slope_per_cycle": 6.412052821128449e-05,
        "fractional_slope_per_cycle": 0.002514530518089588,
        "log_slope_per_cycle": 0.0024822357680876184,
        "efolding_cycles": 402.86261798992086
      }
    },
    "100": {
      "delta_r": {
        "available": true,
        "window_cycles": 100,
        "window_start_period": 161.0,
        "window_end_period": 260.0,
        "first": 0.002974493406630252,
        "last": 0.0037397481253540477,
        "median": 0.003524323379811012,
        "peak_to_peak": 0.0012295753929540965,
        "fractional_peak_to_peak": 0.34888268199158023,
        "slope_per_cycle": 9.490542302982884e-06,
        "fractional_slope_per_cycle": 0.0026928693199237026,
        "log_slope_per_cycle": 0.002708824641381742,
        "efolding_cycles": 369.16380068438497
      },
      "period_days": {
        "available": true,
        "window_cycles": 100,
        "window_start_period": 161.0,
        "window_end_period": 260.0,
        "first": 0.5143151668457884,
        "last": 0.518150847114351,
        "median": 0.5024209421849163,
        "peak_to_peak": 0.029964243336278895,
        "fractional_peak_to_peak": 0.059639718053891434,
        "slope_per_cycle": 1.8515450495232646e-06,
        "fractional_slope_per_cycle": 3.6852465613222835e-06,
        "log_slope_per_cycle": 3.294060688136758e-06,
        "efolding_cycles": 303576.67774652835
      },
      "gamma": {
        "available": true,
        "window_cycles": 100,
        "window_start_period": 161.0,
        "window_end_period": 260.0,
        "first": 0.005277974265154793,
        "last": 0.008353044383331116,
        "median": 0.0050743203531845235,
        "peak_to_peak": 0.005295484819423992,
        "fractional_peak_to_peak": 1.0435850421033568,
        "slope_per_cycle": 9.21704386083431e-07,
        "fractional_slope_per_cycle": 0.0001816409532569206,
        "log_slope_per_cycle": -5.008891407547967e-05,
        "efolding_cycles": null
      },
      "max_vsurf_div_cs": {
        "available": true,
        "window_cycles": 100,
        "window_start_period": 161.0,
        "window_end_period": 260.0,
        "first": 0.02016,
        "last": 0.02461,
        "median": 0.02393,
        "peak_to_peak": 0.00989,
        "fractional_peak_to_peak": 0.41328875888006683,
        "slope_per_cycle": 6.495805580558056e-05,
        "fractional_slope_per_cycle": 0.002714502958862539,
        "log_slope_per_cycle": 0.0026963926213544724,
        "efolding_cycles": 370.86587171332354
      }
    },
    "250": {
      "delta_r": {
        "available": true,
        "window_cycles": 250,
        "window_start_period": 11.0,
        "window_end_period": 260.0,
        "first": 0.0019955942153231376,
        "last": 0.0037397481253540477,
        "median": 0.00287565158622316,
        "peak_to_peak": 0.002197568587762433,
        "fractional_peak_to_peak": 0.7641984857590791,
        "slope_per_cycle": 7.87019325107254e-06,
        "fractional_slope_per_cycle": 0.0027368382486868442,
        "log_slope_per_cycle": 0.002729436224083732,
        "efolding_cycles": 366.37602709903894
      },
      "period_days": {
        "available": true,
        "window_cycles": 250,
        "window_start_period": 11.0,
        "window_end_period": 260.0,
        "first": 0.49756058307657774,
        "last": 0.518150847114351,
        "median": 0.5012360662727399,
        "peak_to_peak": 0.030937263308650986,
        "fractional_peak_to_peak": 0.06172194179621734,
        "slope_per_cycle": 2.63297143057709e-07,
        "fractional_slope_per_cycle": 5.25295685555157e-07,
        "log_slope_per_cycle": 2.2009601628794233e-07,
        "efolding_cycles": 4543471.603283097
      },
      "gamma": {
        "available": true,
        "window_cycles": 250,
        "window_start_period": 11.0,
        "window_end_period": 260.0,
        "first": 0.004941649965392262,
        "last": 0.008353044383331116,
        "median": 0.005081429458258355,
        "peak_to_peak": 0.005295484819423992,
        "fractional_peak_to_peak": 1.0421250285818202,
        "slope_per_cycle": 2.2183978002879687e-07,
        "fractional_slope_per_cycle": 4.365696342950548e-05,
        "log_slope_per_cycle": -5.5924258337155746e-05,
        "efolding_cycles": null
      },
      "max_vsurf_div_cs": {
        "available": true,
        "window_cycles": 250,
        "window_start_period": 129.0,
        "window_end_period": 260.0,
        "first": 0.01909,
        "last": 0.02461,
        "median": 0.022965,
        "peak_to_peak": 0.01176,
        "fractional_peak_to_peak": 0.51208360548661,
        "slope_per_cycle": 6.256353931323799e-05,
        "fractional_slope_per_cycle": 0.0027242995564222944,
        "log_slope_per_cycle": 0.002708673182424907,
        "efolding_cycles": 369.18444295474654
      }
    },
    "500": {
      "delta_r": {
        "available": false,
        "reason": "only 260 rows for 500-cycle window"
      },
      "period_days": {
        "available": false,
        "reason": "only 260 rows for 500-cycle window"
      },
      "gamma": {
        "available": false,
        "reason": "only 260 rows for 500-cycle window"
      },
      "max_vsurf_div_cs": {
        "available": false,
        "reason": "only 260 rows for 500-cycle window"
      }
    }
  },
  "latest_rolling": {
    "window_start_period": 161.0,
    "window_end_period": 260.0,
    "gamma_peak_to_peak": 0.005295484819423992,