{
  "generated_at": "2026-06-17T19:06:50.498005+00:00",
  "workspace": "<local-rre-root>/rsp_batch_runs",
  "model_id": "model_008",
  "run_name": "model_008_M0p6151_Z0p0004406_T6792",
  "source": "cumulative:saturation+continue_saturation",
  "source_kind": "history_exact_rsp_columns",
  "cycle_count": 949,
  "first_period": 1.0,
  "last_period": 949.0,
  "rolling_window": 100,
  "fits": {
    "50": {
      "delta_r": {
        "available": true,
        "window_cycles": 50,
        "window_start_period": 900.0,
        "window_end_period": 949.0,
        "first": 0.05052044724272253,
        "last": 0.05586184978991682,
        "median": 0.05312124546194008,
        "peak_to_peak": 0.005341402547194285,
        "fractional_peak_to_peak": 0.10055115426503419,
        "slope_per_cycle": 0.00010899069973309862,
        "fractional_slope_per_cycle": 0.0020517346456266254,
        "log_slope_per_cycle": 0.002051131462667851,
        "efolding_cycles": 487.53579095282714
      },
      "period_days": {
        "available": true,
        "window_cycles": 50,
        "window_start_period": 900.0,
        "window_end_period": 949.0,
        "first": 0.6316239385560362,
        "last": 0.6316220325491978,
        "median": 0.6316224701750024,
        "peak_to_peak": 1.9239680840721363e-06,
        "fractional_peak_to_peak": 3.0460728915155063e-06,
        "slope_per_cycle": -4.0089128545369816e-08,
        "fractional_slope_per_cycle": -6.347007973649576e-08,
        "log_slope_per_cycle": -6.347004657006857e-08,
        "efolding_cycles": null
      },
      "gamma": {
        "available": true,
        "window_cycles": 50,
        "window_start_period": 900.0,
        "window_end_period": 949.0,
        "first": 0.004129530766821665,
        "last": 0.004150432354399306,
        "median": 0.004138652793679341,
        "peak_to_peak": 2.1338680850384838e-05,
        "fractional_peak_to_peak": 0.005155948545133777,
        "slope_per_cycle": 4.438583344062208e-07,
        "fractional_slope_per_cycle": 0.00010724705756522822,
        "log_slope_per_cycle": 0.00010723105413070704,
        "efolding_cycles": 9325.656714901552
      },
      "max_vsurf_div_cs": {
        "available": true,
        "window_cycles": 50,
        "window_start_period": 900.0,
        "window_end_period": 949.0,
        "first": 0.28587,
        "last": 0.31786,
        "median": 0.301365,
        "peak_to_peak": 0.03198999999999996,
        "fractional_peak_to_peak": 0.10615034924427177,
        "slope_per_cycle": 0.0006525594237695078,
        "fractional_slope_per_cycle": 0.002165345756041703,
        "log_slope_per_cycle": 0.002164370165615947,
        "efolding_cycles": 462.02817608854593
      }
    },
    "100": {
      "delta_r": {
        "available": true,
        "window_cycles": 100,
        "window_start_period": 850.0,
        "window_end_period": 949.0,
        "first": 0.04560751989159684,
        "last": 0.05586184978991682,
        "median": 0.05046877834779551,
        "peak_to_peak": 0.01025432989831998,
        "fractional_peak_to_peak": 0.20318165475800334,
        "slope_per_cycle": 0.00010348529118637943,
        "fractional_slope_per_cycle": 0.0020504813980879665,
        "log_slope_per_cycle": 0.002048185685570728,
        "efolding_cycles": 488.23698312360267
      },
      "period_days": {
        "available": true,
        "window_cycles": 100,
        "window_start_period": 850.0,
        "window_end_period": 949.0,
        "first": 0.6316276070920543,
        "last": 0.6316220325491978,
        "median": 0.6316239602253255,
        "peak_to_peak": 5.625008122511765e-06,
        "fractional_peak_to_peak": 8.905628153347919e-06,
        "slope_per_cycle": -6.286414911130983e-08,
        "fractional_slope_per_cycle": -9.952780937709151e-08,
        "log_slope_per_cycle": -9.95277264563295e-08,
        "efolding_cycles": null
      },
      "gamma": {
        "available": true,
        "window_cycles": 100,
        "window_start_period": 850.0,
        "window_end_period": 949.0,
        "first": 0.004112671660865132,
        "last": 0.004150432354399306,
        "median": 0.004128543787789157,
        "peak_to_peak": 3.809731494940245e-05,
        "fractional_peak_to_peak": 0.009227785124159634,
        "slope_per_cycle": 3.8137091433055224e-07,
        "fractional_slope_per_cycle": 9.237419631069896e-05,
        "log_slope_per_cycle": 9.233236652634039e-05,
        "efolding_cycles": 10830.438313467488
      },
      "max_vsurf_div_cs": {
        "available": true,
        "window_cycles": 100,
        "window_start_period": 850.0,
        "window_end_period": 949.0,
        "first": 0.25687,
        "last": 0.31786,
        "median": 0.285565,
        "peak_to_peak": 0.06098999999999999,
        "fractional_peak_to_peak": 0.2135765937702449,
        "slope_per_cycle": 0.0006150058805880586,
        "fractional_slope_per_cycle": 0.002153645862021111,
        "log_slope_per_cycle": 0.002150370828103429,
        "efolding_cycles": 465.03607049114123
      }
    },
    "250": {
      "delta_r": {
        "available": true,
        "window_cycles": 250,
        "window_start_period": 700.0,
        "window_end_period": 949.0,
        "first": 0.033604829715805806,
        "last": 0.05586184978991682,
        "median": 0.04329216610386899,
        "peak_to_peak": 0.02225702007411101,
        "fractional_peak_to_peak": 0.514111953204437,
        "slope_per_cycle": 8.89872624394178e-05,
        "fractional_slope_per_cycle": 0.0020555049665547938,
        "log_slope_per_cycle": 0.002041214775513522,
        "efolding_cycles": 489.90435107369996
      },
      "period_days": {
        "available": true,
        "window_cycles": 250,
        "window_start_period": 700.0,
        "window_end_period": 949.0,
        "first": 0.6316303417060731,
        "last": 0.6316220325491978,
        "median": 0.6316286701393417,
        "peak_to_peak": 8.327118121043142e-06,
        "fractional_peak_to_peak": 1.3183565779568116e-05,
        "slope_per_cycle": -3.533053292808012e-08,
        "fractional_slope_per_cycle": -5.593560678663614e-08,
        "log_slope_per_cycle": -5.593580497784924e-08,
        "efolding_cycles": null
      },
      "gamma": {
        "available": true,
        "window_cycles": 250,
        "window_start_period": 700.0,
        "window_end_period": 949.0,
        "first": 0.004072530080067461,
        "last": 0.004150432354399306,
        "median": 0.004105523923517182,
        "peak_to_peak": 7.790227433184492e-05,
        "fractional_peak_to_peak": 0.01897498974140831,
        "slope_per_cycle": 2.966632696841616e-07,
        "fractional_slope_per_cycle": 7.225953988109065e-05,
        "log_slope_per_cycle": 7.220113184787807e-05,
        "efolding_cycles": 13850.198388952114
      },
      "max_vsurf_div_cs": {
        "available": true,
        "window_cycles": 250,
        "window_start_period": 700.0,
        "window_end_period": 949.0,
        "first": 0.18687,
        "last": 0.31786,
        "median": 0.24325999999999998,
        "peak_to_peak": 0.13098999999999997,
        "fractional_peak_to_peak": 0.5384773493381566,
        "slope_per_cycle": 0.000522859014064225,
        "fractional_slope_per_cycle": 0.0021493834336274976,
        "log_slope_per_cycle": 0.002132070023742219,
        "efolding_cycles": 469.0277471491276
      }
    },
    "500": {
      "delta_r": {
        "available": true,
        "window_cycles": 500,
        "window_start_period": 450.0,
        "window_end_period": 949.0,
        "first": 0.006040083415077113,
        "last": 0.05586184978991682,
        "median": 0.03357079650700845,
        "peak_to_peak": 0.049821766374839704,
        "fractional_peak_to_peak": 1.484080556874443,