{
  "generated_at": "2026-06-19T03:23:30.326952+00:00",
  "workspace": "<local-rre-root>/rsp_batch_runs",
  "model_id": "model_008",
  "run_name": "model_008_M0p6151_Z0p0004406_T6792",
  "source": "cumulative:saturation+continue_saturation+continue_saturation_resume:LOGS_continue_saturation_resume_1620000",
  "source_kind": "history_exact_rsp_columns",
  "cycle_count": 1115,
  "first_period": 1.0,
  "last_period": 1115.0,
  "rolling_window": 100,
  "fits": {
    "50": {
      "delta_r": {
        "available": true,
        "window_cycles": 50,
        "window_start_period": 1066.0,
        "window_end_period": 1115.0,
        "first": 0.07113318935463475,
        "last": 0.07875570580695612,
        "median": 0.07484126714811978,
        "peak_to_peak": 0.007622516452321371,
        "fractional_peak_to_peak": 0.1018491100268987,
        "slope_per_cycle": 0.0001555202592807211,
        "fractional_slope_per_cycle": 0.0020780014182941076,
        "log_slope_per_cycle": 0.0020773280050522965,
        "efolding_cycles": 481.3876275522628
      },
      "period_days": {
        "available": true,
        "window_cycles": 50,
        "window_start_period": 1066.0,
        "window_end_period": 1115.0,
        "first": 0.6316163413230054,
        "last": 0.6316199561596537,
        "median": 0.6316174054434696,
        "peak_to_peak": 3.6395573987935137e-06,
        "fractional_peak_to_peak": 5.762281671509855e-06,
        "slope_per_cycle": 8.122742223705961e-08,
        "fractional_slope_per_cycle": 1.2860225436635715e-07,
        "log_slope_per_cycle": 1.2860215545288394e-07,
        "efolding_cycles": 7775919.4352412755
      },
      "gamma": {
        "available": true,
        "window_cycles": 50,
        "window_start_period": 1066.0,
        "window_end_period": 1115.0,
        "first": 0.004204534925966358,
        "last": 0.004232494278069149,
        "median": 0.0042188742488549775,
        "peak_to_peak": 2.795935210279151e-05,
        "fractional_peak_to_peak": 0.006627206798206847,
        "slope_per_cycle": 5.646420735591501e-07,
        "fractional_slope_per_cycle": 0.00013383714238754488,
        "log_slope_per_cycle": 0.0001338463714789289,
        "efolding_cycles": 7471.252219619771
      },
      "max_vsurf_div_cs": {
        "available": true,
        "window_cycles": 50,
        "window_start_period": 1066.0,
        "window_end_period": 1115.0,
        "first": 0.41128,
        "last": 0.45963,
        "median": 0.43462500000000004,
        "peak_to_peak": 0.048350000000000004,
        "fractional_peak_to_peak": 0.11124532643083118,
        "slope_per_cycle": 0.0009868614645858345,
        "fractional_slope_per_cycle": 0.0022706044626651352,
        "log_slope_per_cycle": 0.0022693539748558592,
        "efolding_cycles": 440.6540412292958
      }
    },
    "100": {
      "delta_r": {
        "available": true,
        "window_cycles": 100,
        "window_start_period": 1016.0,
        "window_end_period": 1115.0,
        "first": 0.06414072813641525,
        "last": 0.07875570580695612,
        "median": 0.07105956898081889,
        "peak_to_peak": 0.014614977670540874,
        "fractional_peak_to_peak": 0.20567219700538705,
        "slope_per_cycle": 0.00014747542669588156,
        "fractional_slope_per_cycle": 0.0020753774447420247,
        "log_slope_per_cycle": 0.0020729057762222526,
        "efolding_cycles": 482.41459475424904
      },
      "period_days": {
        "available": true,
        "window_cycles": 100,
        "window_start_period": 1016.0,
        "window_end_period": 1115.0,
        "first": 0.6316208052428233,
        "last": 0.6316199561596537,
        "median": 0.6316177488195158,
        "peak_to_peak": 4.4886405683453034e-06,
        "fractional_peak_to_peak": 7.106577636132781e-06,
        "slope_per_cycle": -1.0332526858465298e-08,
        "fractional_slope_per_cycle": -1.6358829177578743e-08,
        "log_slope_per_cycle": -1.635879698755066e-08,
        "efolding_cycles": null
      },
      "gamma": {
        "available": true,
        "window_cycles": 100,
        "window_start_period": 1016.0,
        "window_end_period": 1115.0,
        "first": 0.004178436410795659,
        "last": 0.004232494278069149,
        "median": 0.004204414568590746,
        "peak_to_peak": 5.405786727348972e-05,
        "fractional_peak_to_peak": 0.012857406516791011,
        "slope_per_cycle": 5.517489769099537e-07,
        "fractional_slope_per_cycle": 0.00013123086886621918,
        "log_slope_per_cycle": 0.0001312113358383171,
        "efolding_cycles": 7621.292730623769
      },
      "max_vsurf_div_cs": {
        "available": true,
        "window_cycles": 100,
        "window_start_period": 1018.0,
        "window_end_period": 1115.0,
        "first": 0.36986,
        "last": 0.45963,
        "median": 0.41174,
        "peak_to_peak": 0.08976999999999996,
        "fractional_peak_to_peak": 0.218025938699179,
        "slope_per_cycle": 0.0009237300205930545,
        "fractional_slope_per_cycle": 0.002243478944462657,
        "log_slope_per_cycle": 0.002238778026143195,
        "efolding_cycles": 446.6722418759522
      }
    },
    "250": {
      "delta_r": {
        "available": true,
        "window_cycles": 250,
        "window_start_period": 866.0,
        "window_end_period": 1115.0,
        "first": 0.04712466104833979,
        "last": 0.07875570580695612,
        "median": 0.06084830475922853,
        "peak_to_peak": 0.03163104475861633,
        "fractional_peak_to_peak": 0.5198344454094102,
        "slope_per_cycle": 0.0001264279896407376,
        "fractional_slope_per_cycle": 0.0020777569751696816,
        "log_slope_per_cycle": 0.002062519146195419,
        "efolding_cycles": 484.8439840399194
      },
      "period_days": {
        "available": true,
        "window_cycles": 250,
        "window_start_period": 866.0,
        "window_end_period": 1115.0,
        "first": 0.6316264190291986,
        "last": 0.6316199561596537,
        "median": 0.6316220301219814,
        "peak_to_peak": 1.0207013951379906e-05,
        "fractional_peak_to_peak": 1.616000307875374e-05,
        "slope_per_cycle": -3.552918146255318e-08,
        "fractional_slope_per_cycle": -5.6250700210205846e-08,
        "log_slope_per_cycle": -5.6250791746584575e-08,
        "efolding_cycles": null
      },
      "gamma": {
        "available": true,
        "window_cycles": 250,
        "window_start_period": 866.0,
        "window_end_period": 1115.0,
        "first": 0.004118215109320052,
        "last": 0.004232494278069149,
        "median": 0.004167521868761816,
        "peak_to_peak": 0.0001155990974602639,
        "fractional_peak_to_peak": 0.02773809018898052,
        "slope_per_cycle": 4.62286403939516e-07,
        "fractional_slope_per_cycle": 0.00011092596955630678,
        "log_slope_per_cycle": 0.00011081771785300007,
        "efolding_cycles": 9023.82777207614
      },
      "max_vsurf_div_cs": {
        "available": true,
        "window_cycles": 250,
        "window_start_period": 1018.0,
        "window_end_period": 1115.0,
        "first": 0.36986,
        "last": 0.45963,
        "median": 0.41174,
        "peak_to_peak": 0.08976999999999996,
        "fractional_peak_to_peak": 0.218025938699179,
        "slope_per_cycle": 0.0009237300205930545,
        "fractional_slope_per_cycle": 0.002243478944462657,
        "log_slope_per_cycle": 0.002238778026143195,
        "efolding_cycles": 446.6722418759522
      }
    },
    "500": {
      "delta_r": {
        "available": true,
        "window_cycles": 500,
        "window_start_period": 616.0,
        "window_end_period": 1115.0,
        "first": 0.02834709949636416,
        "last": 0.07875570580695612,
        "median": 0.047076512524303116,
        "peak_to_peak": 0.050408606310591964,
        "fractional_peak_to_peak": 1.0707803872380874,
        "slope_per_cycle": 9.91232796079987e-05,
        "fractional_slope_per_cycle": 0.0021055782234681592,