{
  "generated_at": "2026-06-17T11:47:46.564951+00:00",
  "workspace": "<local-rre-root>/rsp_batch_runs",
  "model_id": "model_008",
  "run_name": "model_008_M0p6151_Z0p0004406_T6792",
  "source": "cumulative:saturation+continue_saturation",
  "source_kind": "history_exact_rsp_columns",
  "cycle_count": 1418,
  "first_period": 1.0,
  "last_period": 1418.0,
  "rolling_window": 100,
  "fits": {
    "50": {
      "delta_r": {
        "available": true,
        "window_cycles": 50,
        "window_start_period": 1369.0,
        "window_end_period": 1418.0,
        "first": 0.038659662677813955,
        "last": 0.04272127185771524,
        "median": 0.04063817730791364,
        "peak_to_peak": 0.004061609179901282,
        "fractional_peak_to_peak": 0.09994565329853877,
        "slope_per_cycle": 8.287706804289231e-05,
        "fractional_slope_per_cycle": 0.0020393894001430354,
        "log_slope_per_cycle": 0.002038810857914487,
        "efolding_cycles": 490.48198665319376
      },
      "period_days": {
        "available": true,
        "window_cycles": 50,
        "window_start_period": 1369.0,
        "window_end_period": 1418.0,
        "first": 0.631629412616948,
        "last": 0.631628688338937,
        "median": 0.6316292854783954,
        "peak_to_peak": 7.24278011010604e-07,
        "fractional_peak_to_peak": 1.1466821245662105e-06,
        "slope_per_cycle": -1.1095804019775176e-08,
        "fractional_slope_per_cycle": -1.7566956242966514e-08,
        "log_slope_per_cycle": -1.7566959180312345e-08,
        "efolding_cycles": null
      },
      "gamma": {
        "available": true,
        "window_cycles": 50,
        "window_start_period": 1369.0,
        "window_end_period": 1418.0,
        "first": 0.004088882766249535,
        "last": 0.004102794147297074,
        "median": 0.004096978670810034,
        "peak_to_peak": 1.548975852415542e-05,
        "fractional_peak_to_peak": 0.0037807759738941633,
        "slope_per_cycle": 2.702741507168869e-07,
        "fractional_slope_per_cycle": 6.596913785334636e-05,
        "log_slope_per_cycle": 6.597025746318419e-05,
        "efolding_cycles": 15158.346176806523
      },
      "max_vsurf_div_cs": {
        "available": true,
        "window_cycles": 50,
        "window_start_period": 1369.0,
        "window_end_period": 1418.0,
        "first": 0.21617,
        "last": 0.23992,
        "median": 0.22771999999999998,
        "peak_to_peak": 0.023749999999999993,
        "fractional_peak_to_peak": 0.1042947479360618,
        "slope_per_cycle": 0.0004845930372148859,
        "fractional_slope_per_cycle": 0.0021280214175956698,
        "log_slope_per_cycle": 0.002127337492441902,
        "efolding_cycles": 470.07115869148356
      }
    },
    "100": {
      "delta_r": {
        "available": true,
        "window_cycles": 100,
        "window_start_period": 1319.0,
        "window_end_period": 1418.0,
        "first": 0.03492515960323228,
        "last": 0.04272127185771524,
        "median": 0.03862035922420182,
        "peak_to_peak": 0.007796112254482956,
        "fractional_peak_to_peak": 0.20186534799493652,
        "slope_per_cycle": 7.869001381435661e-05,
        "fractional_slope_per_cycle": 0.0020375267189395993,
        "log_slope_per_cycle": 0.0020351962413296385,
        "efolding_cycles": 491.3531087039931
      },
      "period_days": {
        "available": true,
        "window_cycles": 100,
        "window_start_period": 1319.0,
        "window_end_period": 1418.0,
        "first": 0.6316298124961623,
        "last": 0.631628688338937,
        "median": 0.6316294107317959,
        "peak_to_peak": 1.1241572253073429e-06,
        "fractional_peak_to_peak": 1.7797734022627477e-06,
        "slope_per_cycle": -6.6471677364792445e-09,
        "fractional_slope_per_cycle": -1.052384139107446e-08,
        "log_slope_per_cycle": -1.052384249264656e-08,
        "efolding_cycles": null
      },
      "gamma": {
        "available": true,
        "window_cycles": 100,
        "window_start_period": 1319.0,
        "window_end_period": 1418.0,
        "first": 0.004077096291438818,
        "last": 0.004102794147297074,
        "median": 0.004090665386177082,
        "peak_to_peak": 2.755712929519618e-05,
        "fractional_peak_to_peak": 0.006736588474900804,
        "slope_per_cycle": 2.619460288836555e-07,
        "fractional_slope_per_cycle": 6.403506621900853e-05,
        "log_slope_per_cycle": 6.40382599102115e-05,
        "efolding_cycles": 15615.664782305252
      },
      "max_vsurf_div_cs": {
        "available": true,
        "window_cycles": 100,
        "window_start_period": 1319.0,
        "window_end_period": 1418.0,
        "first": 0.19449,
        "last": 0.23992,
        "median": 0.21594000000000002,
        "peak_to_peak": 0.04543,
        "fractional_peak_to_peak": 0.21038251366120217,
        "slope_per_cycle": 0.0004585851185118513,
        "fractional_slope_per_cycle": 0.0021236691604698123,
        "log_slope_per_cycle": 0.0021208522398026217,
        "efolding_cycles": 471.5085668075894
      }
    },
    "250": {
      "delta_r": {
        "available": true,
        "window_cycles": 250,
        "window_start_period": 1169.0,
        "window_end_period": 1418.0,
        "first": 0.025775009919764003,
        "last": 0.04272127185771524,
        "median": 0.03316490972397945,
        "peak_to_peak": 0.016946261937951235,
        "fractional_peak_to_peak": 0.510969638662953,
        "slope_per_cycle": 6.773057496105405e-05,
        "fractional_slope_per_cycle": 0.0020422360719433027,
        "log_slope_per_cycle": 0.0020284817417518595,
        "efolding_cycles": 492.9795419979325
      },
      "period_days": {
        "available": true,
        "window_cycles": 250,
        "window_start_period": 1169.0,
        "window_end_period": 1418.0,
        "first": 0.6316349770097683,
        "last": 0.631628688338937,
        "median": 0.6316305684588883,
        "peak_to_peak": 6.288670831300358e-06,
        "fractional_peak_to_peak": 9.956248391593917e-06,
        "slope_per_cycle": -2.697891961455792e-08,
        "fractional_slope_per_cycle": -4.27131316338657e-08,
        "log_slope_per_cycle": -4.2713055930092556e-08,
        "efolding_cycles": null
      },
      "gamma": {
        "available": true,
        "window_cycles": 250,
        "window_start_period": 1169.0,
        "window_end_period": 1418.0,
        "first": 0.004053780719781041,
        "last": 0.004102794147297074,
        "median": 0.004072551674750872,
        "peak_to_peak": 5.339346154529644e-05,
        "fractional_peak_to_peak": 0.013110566988339725,
        "slope_per_cycle": 1.99077347592824e-07,
        "fractional_slope_per_cycle": 4.888270634527972e-05,
        "log_slope_per_cycle": 4.883377818642029e-05,
        "efolding_cycles": 20477.62915624825
      },
      "max_vsurf_div_cs": {
        "available": true,
        "window_cycles": 250,
        "window_start_period": 1169.0,
        "window_end_period": 1418.0,
        "first": 0.14219,
        "last": 0.23992,
        "median": 0.18434,
        "peak_to_peak": 0.09772999999999998,
        "fractional_peak_to_peak": 0.5301616578062275,
        "slope_per_cycle": 0.00039027921854749677,
        "fractional_slope_per_cycle": 0.0021171705465308495,
        "log_slope_per_cycle": 0.002100094868729068,
        "efolding_cycles": 476.1689649787956
      }
    },
    "500": {
      "delta_r": {
        "available": true,
        "window_cycles": 500,
        "window_start_period": 919.0,
        "window_end_period": 1418.0,
        "first": 0.015561265861097517,
        "last": 0.04272127185771524,
        "median": 0.02574896006139671,
        "peak_to_peak": 0.02716000599661772,
        "fractional_peak_to_peak": 1.05480011355241,