{
  "generated_at": "2026-06-17T20:55:07.414920+00:00",
  "workspace": "<local-rre-root>/rsp_batch_runs",
  "model_id": "model_007",
  "run_name": "model_007_M0p6887_Z0p004060_T6669",
  "source": "cumulative:continue_saturation+continue_saturation_resume:LOGS_continue_saturation_resume_2180000",
  "source_kind": "history_exact_rsp_columns",
  "cycle_count": 1591,
  "first_period": 1.0,
  "last_period": 1591.0,
  "rolling_window": 100,
  "fits": {
    "50": {
      "delta_r": {
        "available": true,
        "window_cycles": 50,
        "window_start_period": 1542.0,
        "window_end_period": 1591.0,
        "first": 0.6000857072551096,
        "last": 0.6172735297070453,
        "median": 0.6095433405300956,
        "peak_to_peak": 0.01718782245193573,
        "fractional_peak_to_peak": 0.028197867664320905,
        "slope_per_cycle": 0.00034985474954748227,
        "fractional_slope_per_cycle": 0.0005739620569773225,
        "log_slope_per_cycle": 0.0005745346773442453,
        "efolding_cycles": 1740.5389777731862
      },
      "period_days": {
        "available": true,
        "window_cycles": 50,
        "window_start_period": 1542.0,
        "window_end_period": 1591.0,
        "first": 0.557211246577057,
        "last": 0.5572373268818828,
        "median": 0.5572283454036719,
        "peak_to_peak": 4.353414479363327e-05,
        "fractional_peak_to_peak": 7.812622088005215e-05,
        "slope_per_cycle": 4.778516074071619e-07,
        "fractional_slope_per_cycle": 8.575507892747141e-07,
        "log_slope_per_cycle": 8.575620070893665e-07,
        "efolding_cycles": 1166096.4358648295
      },
      "gamma": {
        "available": true,
        "window_cycles": 50,
        "window_start_period": 1542.0,
        "window_end_period": 1591.0,
        "first": 0.0011020903700083773,
        "last": 0.0007118031843851174,
        "median": 0.0008982847997075424,
        "peak_to_peak": 0.00039028718562325983,
        "fractional_peak_to_peak": 0.43448045180139633,
        "slope_per_cycle": -7.792023214417768e-06,
        "fractional_slope_per_cycle": -0.008674334929139002,
        "log_slope_per_cycle": -0.008724363266751469,
        "efolding_cycles": null
      },
      "max_vsurf_div_cs": {
        "available": true,
        "window_cycles": 50,
        "window_start_period": 1562.0,
        "window_end_period": 1591.0,
        "first": 4.72111,
        "last": 4.78672,
        "median": 4.755165,
        "peak_to_peak": 0.0656099999999995,
        "fractional_peak_to_peak": 0.013797628473459807,
        "slope_per_cycle": 0.002244015572858727,
        "fractional_slope_per_cycle": 0.0004719111898028201,
        "log_slope_per_cycle": 0.00047201158798115594,
        "efolding_cycles": 2118.5920546508337
      }
    },
    "100": {
      "delta_r": {
        "available": true,
        "window_cycles": 100,
        "window_start_period": 1492.0,
        "window_end_period": 1591.0,
        "first": 0.5742612955038311,
        "last": 0.6172735297070453,
        "median": 0.5998717307816914,
        "peak_to_peak": 0.043012234203214206,
        "fractional_peak_to_peak": 0.07170238568696188,
        "slope_per_cycle": 0.00043128579242464565,
        "fractional_slope_per_cycle": 0.0007189633554870775,
        "log_slope_per_cycle": 0.0007221989292244618,
        "efolding_cycles": 1384.6600424537555
      },
      "period_days": {
        "available": true,
        "window_cycles": 100,
        "window_start_period": 1492.0,
        "window_end_period": 1591.0,
        "first": 0.5571446744093879,
        "last": 0.5572373268818828,
        "median": 0.5572114248631557,
        "peak_to_peak": 9.265247249490294e-05,
        "fractional_peak_to_peak": 0.00016627884562427493,
        "slope_per_cycle": 7.820605847355439e-07,
        "fractional_slope_per_cycle": 1.4035257531333074e-06,
        "log_slope_per_cycle": 1.4035556516395943e-06,
        "efolding_cycles": 712476.2020172325
      },
      "gamma": {
        "available": true,
        "window_cycles": 100,
        "window_start_period": 1492.0,
        "window_end_period": 1591.0,
        "first": 0.0016494298882586509,
        "last": 0.0007118031843851174,
        "median": 0.0011055604137517753,
        "peak_to_peak": 0.0009376267038735335,
        "fractional_peak_to_peak": 0.8481008294170463,
        "slope_per_cycle": -9.401844113770617e-06,
        "fractional_slope_per_cycle": -0.008504143235252955,
        "log_slope_per_cycle": -0.008417786720510561,
        "efolding_cycles": null
      },
      "max_vsurf_div_cs": {
        "available": true,
        "window_cycles": 100,
        "window_start_period": 1562.0,
        "window_end_period": 1591.0,
        "first": 4.72111,
        "last": 4.78672,
        "median": 4.755165,
        "peak_to_peak": 0.0656099999999995,
        "fractional_peak_to_peak": 0.013797628473459807,
        "slope_per_cycle": 0.002244015572858727,
        "fractional_slope_per_cycle": 0.0004719111898028201,
        "log_slope_per_cycle": 0.00047201158798115594,
        "efolding_cycles": 2118.5920546508337
      }
    },
    "250": {
      "delta_r": {
        "available": true,
        "window_cycles": 250,
        "window_start_period": 1342.0,
        "window_end_period": 1591.0,
        "first": 0.44853229396650196,
        "last": 0.6172735297070453,
        "median": 0.5573343568700442,
        "peak_to_peak": 0.16874123574054334,
        "fractional_peak_to_peak": 0.30276481910819897,
        "slope_per_cycle": 0.0006876733296529459,
        "fractional_slope_per_cycle": 0.001233861363786861,
        "log_slope_per_cycle": 0.0012750113631722043,
        "efolding_cycles": 784.3067355196105
      },
      "period_days": {
        "available": true,
        "window_cycles": 250,
        "window_start_period": 1342.0,
        "window_end_period": 1591.0,
        "first": 0.5569370355113857,
        "last": 0.5572373268818828,
        "median": 0.5570681772685472,
        "peak_to_peak": 0.0005568297119398213,
        "fractional_peak_to_peak": 0.0009995719279282922,
        "slope_per_cycle": 1.4422236258274211e-06,
        "fractional_slope_per_cycle": 2.58895353329825e-06,
        "log_slope_per_cycle": 2.5888622569071577e-06,
        "efolding_cycles": 386270.06799298484
      },
      "gamma": {
        "available": true,
        "window_cycles": 250,
        "window_start_period": 1342.0,
        "window_end_period": 1591.0,
        "first": 0.0036972565372578358,
        "last": 0.0007118031843851174,
        "median": 0.0019775083118620876,
        "peak_to_peak": 0.0029854533528727184,
        "fractional_peak_to_peak": 1.5097045787188204,
        "slope_per_cycle": -1.2469009243670647e-05,
        "fractional_slope_per_cycle": -0.006305414328159973,
        "log_slope_per_cycle": -0.006648902320271579,
        "efolding_cycles": null
      },
      "max_vsurf_div_cs": {
        "available": true,
        "window_cycles": 250,
        "window_start_period": 1562.0,
        "window_end_period": 1591.0,
        "first": 4.72111,
        "last": 4.78672,
        "median": 4.755165,
        "peak_to_peak": 0.0656099999999995,
        "fractional_peak_to_peak": 0.013797628473459807,
        "slope_per_cycle": 0.002244015572858727,
        "fractional_slope_per_cycle": 0.0004719111898028201,
        "log_slope_per_cycle": 0.00047201158798115594,
        "efolding_cycles": 2118.5920546508337
      }
    },
    "500": {
      "delta_r": {
        "available": true,
        "window_cycles": 500,
        "window_start_period": 1092.0,
        "window_end_period": 1591.0,
        "first": 0.23985803944449202,
        "last": 0.6172735297070453,
        "median": 0.4480607252564388,
        "peak_to_peak": 0.3774154902625533,