{
  "generated_at": "2026-06-18T05:41:13.662749+00:00",
  "workspace": "<local-rre-root>/rsp_batch_runs",
  "model_id": "model_008",
  "run_name": "model_008_M0p6151_Z0p0004406_T6792",
  "source": "cumulative:saturation+continue_saturation",
  "source_kind": "history_exact_rsp_columns",
  "cycle_count": 1012,
  "first_period": 1.0,
  "last_period": 1012.0,
  "rolling_window": 100,
  "fits": {
    "50": {
      "delta_r": {
        "available": true,
        "window_cycles": 50,
        "window_start_period": 963.0,
        "window_end_period": 1012.0,
        "first": 0.05749365086867808,
        "last": 0.0636124228974646,
        "median": 0.06047260126105369,
        "peak_to_peak": 0.006118772028786523,
        "fractional_peak_to_peak": 0.10118255046401005,
        "slope_per_cycle": 0.0001248572440357285,
        "fractional_slope_per_cycle": 0.0020646911399880624,
        "log_slope_per_cycle": 0.002064076037569068,
        "efolding_cycles": 484.4782758961408
      },
      "period_days": {
        "available": true,
        "window_cycles": 50,
        "window_start_period": 963.0,
        "window_end_period": 1012.0,
        "first": 0.6316221478214074,
        "last": 0.6316211528232735,
        "median": 0.6316222115312875,
        "peak_to_peak": 1.1969471557238265e-06,
        "fractional_peak_to_peak": 1.8950365168792604e-06,
        "slope_per_cycle": -1.7915204073834728e-08,
        "fractional_slope_per_cycle": -2.8363796818356974e-08,
        "log_slope_per_cycle": -2.8363812187357753e-08,
        "efolding_cycles": null
      },
      "gamma": {
        "available": true,
        "window_cycles": 50,
        "window_start_period": 963.0,
        "window_end_period": 1012.0,
        "first": 0.004155264545720547,
        "last": 0.004176614121994182,
        "median": 0.004166419574158675,
        "peak_to_peak": 2.1498658923606653e-05,
        "fractional_peak_to_peak": 0.005159984140086966,
        "slope_per_cycle": 4.2133853956930777e-07,
        "fractional_slope_per_cycle": 0.00010112724656502908,
        "log_slope_per_cycle": 0.00010113051814916613,
        "efolding_cycles": 9888.21196906174
      },
      "max_vsurf_div_cs": {
        "available": true,
        "window_cycles": 50,
        "window_start_period": 963.0,
        "window_end_period": 1012.0,
        "first": 0.32774,
        "last": 0.36501,
        "median": 0.34586,
        "peak_to_peak": 0.037270000000000025,
        "fractional_peak_to_peak": 0.10776036546579548,
        "slope_per_cycle": 0.0007605930372148861,
        "fractional_slope_per_cycle": 0.002199135595948899,
        "log_slope_per_cycle": 0.002198424507582977,
        "efolding_cycles": 454.87120278668755
      }
    },
    "100": {
      "delta_r": {
        "available": true,
        "window_cycles": 100,
        "window_start_period": 913.0,
        "window_end_period": 1012.0,
        "first": 0.0518834046644745,
        "last": 0.0636124228974646,
        "median": 0.057434518900418396,
        "peak_to_peak": 0.011729018232990107,
        "fractional_peak_to_peak": 0.20421548674110446,
        "slope_per_cycle": 0.00011838528889380153,
        "fractional_slope_per_cycle": 0.0020612219125411553,
        "log_slope_per_cycle": 0.0020586988618972245,
        "efolding_cycles": 485.7436988518249
      },
      "period_days": {
        "available": true,
        "window_cycles": 100,
        "window_start_period": 913.0,
        "window_end_period": 1012.0,
        "first": 0.6316230724591555,
        "last": 0.6316211528232735,
        "median": 0.6316221903687067,
        "peak_to_peak": 1.9196358820305903e-06,
        "fractional_peak_to_peak": 3.03921539062776e-06,
        "slope_per_cycle": -7.694949177807992e-09,
        "fractional_slope_per_cycle": -1.2182835396134672e-08,
        "log_slope_per_cycle": -1.2182836243468973e-08,
        "efolding_cycles": null
      },
      "gamma": {
        "available": true,
        "window_cycles": 100,
        "window_start_period": 913.0,
        "window_end_period": 1012.0,
        "first": 0.0041340305987643275,
        "last": 0.004176614121994182,
        "median": 0.004155680953938155,
        "peak_to_peak": 4.343560398641696e-05,
        "fractional_peak_to_peak": 0.01045210266809702,
        "slope_per_cycle": 4.3034068078923587e-07,
        "fractional_slope_per_cycle": 0.00010355479295912286,
        "log_slope_per_cycle": 0.00010356289654715193,
        "efolding_cycles": 9655.967854710421
      },
      "max_vsurf_div_cs": {
        "available": true,
        "window_cycles": 100,
        "window_start_period": 913.0,
        "window_end_period": 1012.0,
        "first": 0.29398,
        "last": 0.36501,
        "median": 0.32738,
        "peak_to_peak": 0.07102999999999998,
        "fractional_peak_to_peak": 0.21696499480725756,
        "slope_per_cycle": 0.0007174384038403839,
        "fractional_slope_per_cycle": 0.002191454590507618,
        "log_slope_per_cycle": 0.0021880303510762094,
        "efolding_cycles": 457.03205145583917
      }
    },
    "250": {
      "delta_r": {
        "available": true,
        "window_cycles": 250,
        "window_start_period": 763.0,
        "window_end_period": 1012.0,
        "first": 0.038190493689826965,
        "last": 0.0636124228974646,
        "median": 0.04924408754012832,
        "peak_to_peak": 0.02542192920763764,
        "fractional_peak_to_peak": 0.5162432786864344,
        "slope_per_cycle": 0.00010158555449431438,
        "fractional_slope_per_cycle": 0.0020628985035316925,
        "log_slope_per_cycle": 0.0020483726501537903,
        "efolding_cycles": 488.19241944326916
      },
      "period_days": {
        "available": true,
        "window_cycles": 250,
        "window_start_period": 763.0,
        "window_end_period": 1012.0,
        "first": 0.6316294163467224,
        "last": 0.6316211528232735,
        "median": 0.6316249215518366,
        "peak_to_peak": 8.263523448959198e-06,
        "fractional_peak_to_peak": 1.3082959786730045e-05,
        "slope_per_cycle": -4.021400000209451e-08,
        "fractional_slope_per_cycle": -6.366753215388162e-08,
        "log_slope_per_cycle": -6.366747029153726e-08,
        "efolding_cycles": null
      },
      "gamma": {
        "available": true,
        "window_cycles": 250,
        "window_start_period": 763.0,
        "window_end_period": 1012.0,
        "first": 0.004089750271727369,
        "last": 0.004176614121994182,
        "median": 0.004124491950563067,
        "peak_to_peak": 8.849117411782043e-05,
        "fractional_peak_to_peak": 0.021455048325585847,
        "slope_per_cycle": 3.5498866202709774e-07,
        "fractional_slope_per_cycle": 8.606845795362395e-05,
        "log_slope_per_cycle": 8.59483091453427e-05,
        "efolding_cycles": 11634.900208553867
      },
      "max_vsurf_div_cs": {
        "available": true,
        "window_cycles": 250,
        "window_start_period": 763.0,
        "window_end_period": 1012.0,
        "first": 0.21343,
        "last": 0.36501,
        "median": 0.278305,
        "peak_to_peak": 0.15158,
        "fractional_peak_to_peak": 0.5446542462406352,
        "slope_per_cycle": 0.0006044402054432872,
        "fractional_slope_per_cycle": 0.0021718625444863983,
        "log_slope_per_cycle": 0.0021522556010972727,
        "efolding_cycles": 464.6288291642384
      }
    },
    "500": {
      "delta_r": {
        "available": true,
        "window_cycles": 500,
        "window_start_period": 513.0,
        "window_end_period": 1012.0,
        "first": 0.006856249768442346,
        "last": 0.0636124228974646,
        "median": 0.038151683382778856,
        "peak_to_peak": 0.05675617312902226,
        "fractional_peak_to_peak": 1.487645317234972,