{
  "generated_at": "2026-06-19T16:47:07.865978+00:00",
  "workspace": "<local-rre-root>/rsp_batch_runs",
  "model_id": "model_009",
  "run_name": "model_009_M0p6668_Z0p0001120_T6852",
  "source": "cumulative:saturation+saturation_resume:LOGS_saturation_resume_130000",
  "source_kind": "history_exact_rsp_columns",
  "cycle_count": 287,
  "first_period": 1.0,
  "last_period": 287.0,
  "rolling_window": 100,
  "fits": {
    "50": {
      "delta_r": {
        "available": true,
        "window_cycles": 50,
        "window_start_period": 238.0,
        "window_end_period": 287.0,
        "first": 0.004020309192232396,
        "last": 0.004396358212165552,
        "median": 0.004036604525679888,
        "peak_to_peak": 0.0009177025583166909,
        "fractional_peak_to_peak": 0.22734517401407356,
        "slope_per_cycle": 1.0680497510959334e-05,
        "fractional_slope_per_cycle": 0.0026459112957468657,
        "log_slope_per_cycle": 0.002644588841940345,
        "efolding_cycles": 378.1306130242523
      },
      "period_days": {
        "available": true,
        "window_cycles": 50,
        "window_start_period": 238.0,
        "window_end_period": 287.0,
        "first": 0.48900100378565386,
        "last": 0.5055414222379612,
        "median": 0.5037032567769725,
        "peak_to_peak": 0.030753643585420654,
        "fractional_peak_to_peak": 0.06105508187936457,
        "slope_per_cycle": 3.308116163212416e-05,
        "fractional_slope_per_cycle": 6.567589386616114e-05,
        "log_slope_per_cycle": 6.588407685416483e-05,
        "efolding_cycles": 15178.174268321489
      },
      "gamma": {
        "available": true,
        "window_cycles": 50,
        "window_start_period": 238.0,
        "window_end_period": 287.0,
        "first": 0.0055038052998026025,
        "last": 0.003251322694289852,
        "median": 0.00515302125651625,
        "peak_to_peak": 0.005381840883952802,
        "fractional_peak_to_peak": 1.0444049453797999,
        "slope_per_cycle": -1.7045224150392778e-06,
        "fractional_slope_per_cycle": -0.00033078117286704863,
        "log_slope_per_cycle": -0.0001193280555523764,
        "efolding_cycles": null
      },
      "max_vsurf_div_cs": {
        "available": true,
        "window_cycles": 50,
        "window_start_period": 238.0,
        "window_end_period": 287.0,
        "first": 0.02852,
        "last": 0.03062,
        "median": 0.02793,
        "peak_to_peak": 0.008159999999999997,
        "fractional_peak_to_peak": 0.2921589688506981,
        "slope_per_cycle": 7.262280912364947e-05,
        "fractional_slope_per_cycle": 0.002600172184878248,
        "log_slope_per_cycle": 0.002617495758444589,
        "efolding_cycles": 382.0445541406479
      }
    },
    "100": {
      "delta_r": {
        "available": true,
        "window_cycles": 100,
        "window_start_period": 188.0,
        "window_end_period": 287.0,
        "first": 0.0034755564514528103,
        "last": 0.004396358212165552,
        "median": 0.0036948080535670336,
        "peak_to_peak": 0.0013917008938548747,
        "fractional_peak_to_peak": 0.37666392236838986,
        "slope_per_cycle": 1.0228426468501671e-05,
        "fractional_slope_per_cycle": 0.002768324178201075,
        "log_slope_per_cycle": 0.002706641681875549,
        "efolding_cycles": 369.46153851700706
      },
      "period_days": {
        "available": true,
        "window_cycles": 100,
        "window_start_period": 188.0,
        "window_end_period": 287.0,
        "first": 0.49453415380022275,
        "last": 0.5055414222379612,
        "median": 0.5017432852078088,
        "peak_to_peak": 0.030753643585420654,
        "fractional_peak_to_peak": 0.06129358277845873,
        "slope_per_cycle": 7.81811480635792e-06,
        "fractional_slope_per_cycle": 1.558190221343942e-05,
        "log_slope_per_cycle": 1.535027357802515e-05,
        "efolding_cycles": 65145.418739087545
      },
      "gamma": {
        "available": true,
        "window_cycles": 100,
        "window_start_period": 188.0,
        "window_end_period": 287.0,
        "first": 0.004411434682785555,
        "last": 0.003251322694289852,
        "median": 0.005133047614262601,
        "peak_to_peak": 0.005381840883952802,
        "fractional_peak_to_peak": 1.048468919126896,
        "slope_per_cycle": 3.672027072502543e-07,
        "fractional_slope_per_cycle": 7.153697663546914e-05,
        "log_slope_per_cycle": -7.272441765902472e-05,
        "efolding_cycles": null
      },
      "max_vsurf_div_cs": {
        "available": true,
        "window_cycles": 100,
        "window_start_period": 188.0,
        "window_end_period": 287.0,
        "first": 0.02456,
        "last": 0.03062,
        "median": 0.02578,
        "peak_to_peak": 0.011149999999999997,
        "fractional_peak_to_peak": 0.4325058184639254,
        "slope_per_cycle": 7.014791479147914e-05,
        "fractional_slope_per_cycle": 0.0027210207444328606,
        "log_slope_per_cycle": 0.0026964080248747723,
        "efolding_cycles": 370.86375310221916
      }
    },
    "250": {
      "delta_r": {
        "available": true,
        "window_cycles": 250,
        "window_start_period": 38.0,
        "window_end_period": 287.0,
        "first": 0.002067345869056325,
        "last": 0.004396358212165552,
        "median": 0.0030228079511434025,
        "peak_to_peak": 0.0024572070316004613,
        "fractional_peak_to_peak": 0.8128889004248524,
        "slope_per_cycle": 8.490179684416124e-06,
        "fractional_slope_per_cycle": 0.0028087062829130916,
        "log_slope_per_cycle": 0.0027344665789177922,
        "efolding_cycles": 365.70203772458086
      },
      "period_days": {
        "available": true,
        "window_cycles": 250,
        "window_start_period": 38.0,
        "window_end_period": 287.0,
        "first": 0.5171680359940068,
        "last": 0.5055414222379612,
        "median": 0.5014151912974678,
        "peak_to_peak": 0.030753643585420654,
        "fractional_peak_to_peak": 0.061333689363982306,
        "slope_per_cycle": -9.11995748375516e-08,
        "fractional_slope_per_cycle": -1.8188434738397637e-07,
        "log_slope_per_cycle": -4.039127602016582e-07,
        "efolding_cycles": null
      },
      "gamma": {
        "available": true,
        "window_cycles": 250,
        "window_start_period": 38.0,
        "window_end_period": 287.0,
        "first": 0.007346675570720014,
        "last": 0.003251322694289852,
        "median": 0.005093986526203056,
        "peak_to_peak": 0.005381840883952802,
        "fractional_peak_to_peak": 1.0565086610003867,
        "slope_per_cycle": -1.1870431767025087e-07,
        "fractional_slope_per_cycle": -2.3302833067901817e-05,
        "log_slope_per_cycle": -9.151387161865997e-05,
        "efolding_cycles": null
      },
      "max_vsurf_div_cs": {
        "available": true,
        "window_cycles": 250,
        "window_start_period": 129.0,
        "window_end_period": 287.0,
        "first": 0.01909,
        "last": 0.03062,
        "median": 0.02383,
        "peak_to_peak": 0.014359999999999998,
        "fractional_peak_to_peak": 0.6026017624842634,
        "slope_per_cycle": 6.563819560544543e-05,
        "fractional_slope_per_cycle": 0.0027544354009838615,
        "log_slope_per_cycle": 0.002732390152457175,
        "efolding_cycles": 365.9799458363306
      }
    },
    "500": {
      "delta_r": {
        "available": false,
        "reason": "only 287 rows for 500-cycle window"
      },
      "period_days": {
        "available": false,
        "reason": "only 287 rows for 500-cycle window"
      },
      "gamma": {
        "available": false,
        "reason": "only 287 rows for 500-cycle window"
      },
      "max_vsurf_div_cs": {
        "available": false,
        "reason": "only 287 rows for 500-cycle window"
      }
    }
  },
  "latest_rolling": {
    "window_start_period": 188.0,
    "window_end_period": 287.0,