{
  "generated_at": "2026-06-17T18:45:08.379340+00:00",
  "workspace": "<local-rre-root>/rsp_batch_runs",
  "model_id": "model_008",
  "run_name": "model_008_M0p6151_Z0p0004406_T6792",
  "source": "cumulative:saturation+continue_saturation",
  "source_kind": "history_exact_rsp_columns",
  "cycle_count": 947,
  "first_period": 1.0,
  "last_period": 947.0,
  "rolling_window": 100,
  "fits": {
    "50": {
      "delta_r": {
        "available": true,
        "window_cycles": 50,
        "window_start_period": 898.0,
        "window_end_period": 947.0,
        "first": 0.05031398252775521,
        "last": 0.05563266656374655,
        "median": 0.05290380041037901,
        "peak_to_peak": 0.005318684035991339,
        "fractional_peak_to_peak": 0.10053500872780181,
        "slope_per_cycle": 0.00010852544123646202,
        "fractional_slope_per_cycle": 0.0020513732547495925,
        "log_slope_per_cycle": 0.002050770517278318,
        "efolding_cycles": 487.62159957670485
      },
      "period_days": {
        "available": true,
        "window_cycles": 50,
        "window_start_period": 898.0,
        "window_end_period": 947.0,
        "first": 0.6316239818946148,
        "last": 0.6316220265897681,
        "median": 0.6316225615416273,
        "peak_to_peak": 2.051976819794632e-06,
        "fractional_peak_to_peak": 3.2487389538243965e-06,
        "slope_per_cycle": -4.32437005689302e-08,
        "fractional_slope_per_cycle": -6.846446470085474e-08,
        "log_slope_per_cycle": -6.846443105583965e-08,
        "efolding_cycles": null
      },
      "gamma": {
        "available": true,
        "window_cycles": 50,
        "window_start_period": 898.0,
        "window_end_period": 947.0,
        "first": 0.004127940466710217,
        "last": 0.0041492370203242614,
        "median": 0.004137822878006988,
        "peak_to_peak": 2.1534923208901824e-05,
        "fractional_peak_to_peak": 0.0052044091407011306,
        "slope_per_cycle": 4.4349763301841493e-07,
        "fractional_slope_per_cycle": 0.00010718139613361817,
        "log_slope_per_cycle": 0.00010716585175281008,
        "efolding_cycles": 9331.330677113554
      },
      "max_vsurf_div_cs": {
        "available": true,
        "window_cycles": 50,
        "window_start_period": 898.0,
        "window_end_period": 947.0,
        "first": 0.28464,
        "last": 0.31647,
        "median": 0.300065,
        "peak_to_peak": 0.03182999999999997,
        "fractional_peak_to_peak": 0.10607701664639317,
        "slope_per_cycle": 0.0006492768307322928,
        "fractional_slope_per_cycle": 0.002163787281863239,
        "log_slope_per_cycle": 0.0021628266104798065,
        "efolding_cycles": 462.3579140161206
      }
    },
    "100": {
      "delta_r": {
        "available": true,
        "window_cycles": 100,
        "window_start_period": 848.0,
        "window_end_period": 947.0,
        "first": 0.04542138899228654,
        "last": 0.05563266656374655,
        "median": 0.050262530849825016,
        "peak_to_peak": 0.010211277571460009,
        "fractional_peak_to_peak": 0.20315884215956784,
        "slope_per_cycle": 0.00010305164907590232,
        "fractional_slope_per_cycle": 0.0020502678105048322,
        "log_slope_per_cycle": 0.0020479800830181865,
        "efolding_cycles": 488.28599862468474
      },
      "period_days": {
        "available": true,
        "window_cycles": 100,
        "window_start_period": 848.0,
        "window_end_period": 947.0,
        "first": 0.6316276795698191,
        "last": 0.6316220265897681,
        "median": 0.6316240942041838,
        "peak_to_peak": 5.664981867048446e-06,
        "fractional_peak_to_peak": 8.96891350255733e-06,
        "slope_per_cycle": -6.410261054502895e-08,
        "fractional_slope_per_cycle": -1.0148854537570355e-07,
        "log_slope_per_cycle": -1.0148846843713402e-07,
        "efolding_cycles": null
      },
      "gamma": {
        "available": true,
        "window_cycles": 100,
        "window_start_period": 848.0,
        "window_end_period": 947.0,
        "first": 0.0041120982439658916,
        "last": 0.0041492370203242614,
        "median": 0.0041278212819127885,
        "peak_to_peak": 3.753238298684954e-05,
        "fractional_peak_to_peak": 0.009092540694847485,
        "slope_per_cycle": 3.7766189751592545e-07,
        "fractional_slope_per_cycle": 9.149182382744074e-05,
        "log_slope_per_cycle": 9.145087873365996e-05,
        "efolding_cycles": 10934.832052433127
      },
      "max_vsurf_div_cs": {
        "available": true,
        "window_cycles": 100,
        "window_start_period": 848.0,
        "window_end_period": 947.0,
        "first": 0.25577,
        "last": 0.31647,
        "median": 0.284335,
        "peak_to_peak": 0.060699999999999976,
        "fractional_peak_to_peak": 0.21348057748782237,
        "slope_per_cycle": 0.0006120760876087609,
        "fractional_slope_per_cycle": 0.002152658264402064,
        "log_slope_per_cycle": 0.002149372788352621,
        "efolding_cycles": 465.2520053380067
      }
    },
    "250": {
      "delta_r": {
        "available": true,
        "window_cycles": 250,
        "window_start_period": 698.0,
        "window_end_period": 947.0,
        "first": 0.03346883700227021,
        "last": 0.05563266656374655,
        "median": 0.043115686638420136,
        "peak_to_peak": 0.022163829561476334,
        "fractional_peak_to_peak": 0.514054890215439,
        "slope_per_cycle": 8.86155356104431e-05,
        "fractional_slope_per_cycle": 0.00205529686569988,
        "log_slope_per_cycle": 0.0020410031268746753,
        "efolding_cycles": 489.9551533423023
      },
      "period_days": {
        "available": true,
        "window_cycles": 250,
        "window_start_period": 698.0,
        "window_end_period": 947.0,
        "first": 0.6316304099085499,
        "last": 0.6316220265897681,
        "median": 0.6316287077453713,
        "peak_to_peak": 8.395320597820444e-06,
        "fractional_peak_to_peak": 1.3291543742189839e-05,
        "slope_per_cycle": -3.491625551518667e-08,
        "fractional_slope_per_cycle": -5.527971589483624e-08,
        "log_slope_per_cycle": -5.527991052826924e-08,
        "efolding_cycles": null
      },
      "gamma": {
        "available": true,
        "window_cycles": 250,
        "window_start_period": 698.0,
        "window_end_period": 947.0,
        "first": 0.0040739082639570925,
        "last": 0.0041492370203242614,
        "median": 0.004105139681579217,
        "peak_to_peak": 7.670694025680054e-05,
        "fractional_peak_to_peak": 0.01868558592561507,
        "slope_per_cycle": 2.9468574493691126e-07,
        "fractional_slope_per_cycle": 7.178458415416154e-05,
        "log_slope_per_cycle": 7.17307845467293e-05,
        "efolding_cycles": 13941.01579006913
      },
      "max_vsurf_div_cs": {
        "available": true,
        "window_cycles": 250,
        "window_start_period": 698.0,
        "window_end_period": 947.0,
        "first": 0.18609,
        "last": 0.31647,
        "median": 0.24223,
        "peak_to_peak": 0.13037999999999997,
        "fractional_peak_to_peak": 0.5382487718284273,
        "slope_per_cycle": 0.0005204996380742093,
        "fractional_slope_per_cycle": 0.00214878271920988,
        "log_slope_per_cycle": 0.0021315408574158023,
        "efolding_cycles": 469.1441857757122
      }
    },
    "500": {
      "delta_r": {
        "available": true,
        "window_cycles": 500,
        "window_start_period": 448.0,
        "window_end_period": 947.0,
        "first": 0.006015518028219979,
        "last": 0.05563266656374655,
        "median": 0.033434943559718544,
        "peak_to_peak": 0.04961714853552657,
        "fractional_peak_to_peak": 1.483990796841179,