{
  "generated_at": "2026-06-17T12:58:30.328463+00:00",
  "workspace": "<local-rre-root>/rsp_batch_runs",
  "model_id": "model_008",
  "run_name": "model_008_M0p6151_Z0p0004406_T6792",
  "source": "cumulative:saturation+continue_saturation",
  "source_kind": "history_exact_rsp_columns",
  "cycle_count": 1510,
  "first_period": 1.0,
  "last_period": 1510.0,
  "rolling_window": 100,
  "fits": {
    "50": {
      "delta_r": {
        "available": true,
        "window_cycles": 50,
        "window_start_period": 1461.0,
        "window_end_period": 1510.0,
        "first": 0.04664514573910772,
        "last": 0.051565413887022515,
        "median": 0.04904292803868282,
        "peak_to_peak": 0.004920268147914797,
        "fractional_peak_to_peak": 0.10032574205263427,
        "slope_per_cycle": 0.0001003960538803455,
        "fractional_slope_per_cycle": 0.002047105625527858,
        "log_slope_per_cycle": 0.002046554038542999,
        "efolding_cycles": 488.6262376496684
      },
      "period_days": {
        "available": true,
        "window_cycles": 50,
        "window_start_period": 1461.0,
        "window_end_period": 1510.0,
        "first": 0.6316268901304445,
        "last": 0.6316232503838493,
        "median": 0.631625081072734,
        "peak_to_peak": 3.639746595229809e-06,
        "fractional_peak_to_peak": 5.7625111863008475e-06,
        "slope_per_cycle": -7.658652740280418e-08,
        "fractional_slope_per_cycle": -1.2125314478128673e-07,
        "log_slope_per_cycle": -1.2125314437805542e-07,
        "efolding_cycles": null
      },
      "gamma": {
        "available": true,
        "window_cycles": 50,
        "window_start_period": 1461.0,
        "window_end_period": 1510.0,
        "first": 0.004116016027332425,
        "last": 0.004132584788179943,
        "median": 0.004123399200941335,
        "peak_to_peak": 1.688493686365783e-05,
        "fractional_peak_to_peak": 0.004094907148403956,
        "slope_per_cycle": 3.435005030668289e-07,
        "fractional_slope_per_cycle": 8.33051776768087e-05,
        "log_slope_per_cycle": 8.329436892652927e-05,
        "efolding_cycles": 12005.61349929983
      },
      "max_vsurf_div_cs": {
        "available": true,
        "window_cycles": 50,
        "window_start_period": 1461.0,
        "window_end_period": 1510.0,
        "first": 0.26297,
        "last": 0.29208,
        "median": 0.277115,
        "peak_to_peak": 0.029110000000000025,
        "fractional_peak_to_peak": 0.10504664128610874,
        "slope_per_cycle": 0.0005939140456182473,
        "fractional_slope_per_cycle": 0.002143204249565153,
        "log_slope_per_cycle": 0.002142449729711673,
        "efolding_cycles": 466.7554090683744
      }
    },
    "100": {
      "delta_r": {
        "available": true,
        "window_cycles": 100,
        "window_start_period": 1411.0,
        "window_end_period": 1510.0,
        "first": 0.04211512989532995,
        "last": 0.051565413887022515,
        "median": 0.04659749113084466,
        "peak_to_peak": 0.009450283991692565,
        "fractional_peak_to_peak": 0.202806712600822,
        "slope_per_cycle": 9.539493745001073e-05,
        "fractional_slope_per_cycle": 0.0020472118806170053,
        "log_slope_per_cycle": 0.0020449696252130478,
        "efolding_cycles": 489.00481829690676
      },
      "period_days": {
        "available": true,
        "window_cycles": 100,
        "window_start_period": 1411.0,
        "window_end_period": 1510.0,
        "first": 0.6316290162934887,
        "last": 0.6316232503838493,
        "median": 0.6316269423685001,
        "peak_to_peak": 5.7959820454200894e-06,
        "fractional_peak_to_peak": 9.17627424771667e-06,
        "slope_per_cycle": -6.115918119067644e-08,
        "fractional_slope_per_cycle": -9.682801205619773e-08,
        "log_slope_per_cycle": -9.682809424036354e-08,
        "efolding_cycles": null
      },
      "gamma": {
        "available": true,
        "window_cycles": 100,
        "window_start_period": 1411.0,
        "window_end_period": 1510.0,
        "first": 0.004100491496570475,
        "last": 0.004132584788179943,
        "median": 0.004115828606084497,
        "peak_to_peak": 3.2135649766912126e-05,
        "fractional_peak_to_peak": 0.007807820208889522,
        "slope_per_cycle": 3.051579297344576e-07,
        "fractional_slope_per_cycle": 7.41425260719889e-05,
        "log_slope_per_cycle": 7.412877174129858e-05,
        "efolding_cycles": 13490.038705752364
      },
      "max_vsurf_div_cs": {
        "available": true,
        "window_cycles": 100,
        "window_start_period": 1411.0,
        "window_end_period": 1510.0,
        "first": 0.23636,
        "last": 0.29208,
        "median": 0.26269,
        "peak_to_peak": 0.05572000000000002,
        "fractional_peak_to_peak": 0.21211313715786678,
        "slope_per_cycle": 0.0005621461746174618,
        "fractional_slope_per_cycle": 0.0021399603129828386,
        "log_slope_per_cycle": 0.0021372359972928884,
        "efolding_cycles": 467.89404692165084
      }
    },
    "250": {
      "delta_r": {
        "available": true,
        "window_cycles": 250,
        "window_start_period": 1261.0,
        "window_end_period": 1510.0,
        "first": 0.031051606693175415,
        "last": 0.051565413887022515,
        "median": 0.039980882458741096,
        "peak_to_peak": 0.0205138071938471,
        "fractional_peak_to_peak": 0.513090405521105,
        "slope_per_cycle": 8.201989140781618e-05,
        "fractional_slope_per_cycle": 0.00205147776546598,
        "log_slope_per_cycle": 0.002037122274220573,
        "efolding_cycles": 490.88855031179304
      },
      "period_days": {
        "available": true,
        "window_cycles": 250,
        "window_start_period": 1261.0,
        "window_end_period": 1510.0,
        "first": 0.6316319255158305,
        "last": 0.6316232503838493,
        "median": 0.6316293540447777,
        "peak_to_peak": 8.675131981217277e-06,
        "fractional_peak_to_peak": 1.3734529476288837e-05,
        "slope_per_cycle": -2.6522963573961463e-08,
        "fractional_slope_per_cycle": -4.199134097254319e-08,
        "log_slope_per_cycle": -4.1991431760631845e-08,
        "efolding_cycles": null
      },
      "gamma": {
        "available": true,
        "window_cycles": 250,
        "window_start_period": 1261.0,
        "window_end_period": 1510.0,
        "first": 0.004066753163661366,
        "last": 0.004132584788179943,
        "median": 0.004094604984169596,
        "peak_to_peak": 6.930237697289066e-05,
        "fractional_peak_to_peak": 0.01692529004405183,
        "slope_per_cycle": 2.659610065340195e-07,
        "fractional_slope_per_cycle": 6.495400839941039e-05,
        "log_slope_per_cycle": 6.491670318294681e-05,
        "efolding_cycles": 15404.35590485583
      },
      "max_vsurf_div_cs": {
        "available": true,
        "window_cycles": 250,
        "window_start_period": 1261.0,
        "window_end_period": 1510.0,
        "first": 0.17221,
        "last": 0.29208,
        "median": 0.22388000000000002,
        "peak_to_peak": 0.11987,
        "fractional_peak_to_peak": 0.5354207611220296,
        "slope_per_cycle": 0.0004790577526040417,
        "fractional_slope_per_cycle": 0.0021397970010900557,
        "log_slope_per_cycle": 0.0021225807590336634,
        "efolding_cycles": 471.124594785861
      }
    },
    "500": {
      "delta_r": {
        "available": true,
        "window_cycles": 500,
        "window_start_period": 1011.0,
        "window_end_period": 1510.0,
        "first": 0.01873143335794225,
        "last": 0.051565413887022515,
        "median": 0.031020191455788382,
        "peak_to_peak": 0.032833980529080264,
        "fractional_peak_to_peak": 1.0584712404459846,