{
  "generated_at": "2026-06-19T05:11:04.986388+00:00",
  "workspace": "<local-rre-root>/rsp_batch_runs",
  "model_id": "model_008",
  "run_name": "model_008_M0p6151_Z0p0004406_T6792",
  "source": "cumulative:saturation+continue_saturation+continue_saturation_resume:LOGS_continue_saturation_resume_1620000",
  "source_kind": "history_exact_rsp_columns",
  "cycle_count": 1123,
  "first_period": 1.0,
  "last_period": 1123.0,
  "rolling_window": 100,
  "fits": {
    "50": {
      "delta_r": {
        "available": true,
        "window_cycles": 50,
        "window_start_period": 1074.0,
        "window_end_period": 1123.0,
        "first": 0.07232257722187718,
        "last": 0.08008027046011001,
        "median": 0.07609628690657333,
        "peak_to_peak": 0.007757693238232832,
        "fractional_peak_to_peak": 0.10194575259312304,
        "slope_per_cycle": 0.00015829121097014483,
        "fractional_slope_per_cycle": 0.0020801436890670595,
        "log_slope_per_cycle": 0.0020794705216651394,
        "efolding_cycles": 480.89164505166843
      },
      "period_days": {
        "available": true,
        "window_cycles": 50,
        "window_start_period": 1074.0,
        "window_end_period": 1123.0,
        "first": 0.6316163910975404,
        "last": 0.6316204275542663,
        "median": 0.6316183194270599,
        "peak_to_peak": 4.0706847276306135e-06,
        "fractional_peak_to_peak": 6.4448490527050035e-06,
        "slope_per_cycle": 9.211953783177519e-08,
        "fractional_slope_per_cycle": 1.4584684294042752e-07,
        "log_slope_per_cycle": 1.458468290306852e-07,
        "efolding_cycles": 6856508.342664115
      },
      "gamma": {
        "available": true,
        "window_cycles": 50,
        "window_start_period": 1074.0,
        "window_end_period": 1123.0,
        "first": 0.00420890508588562,
        "last": 0.004236361901708319,
        "median": 0.004223366009406732,
        "peak_to_peak": 2.7456815822698814e-05,
        "fractional_peak_to_peak": 0.006501168916343993,
        "slope_per_cycle": 5.541449538867331e-07,
        "fractional_slope_per_cycle": 0.00013120931329477063,
        "log_slope_per_cycle": 0.00013122096070363067,
        "efolding_cycles": 7620.733719962253
      },
      "max_vsurf_div_cs": {
        "available": true,
        "window_cycles": 50,
        "window_start_period": 1074.0,
        "window_end_period": 1123.0,
        "first": 0.41872,
        "last": 0.46815,
        "median": 0.442605,
        "peak_to_peak": 0.04943000000000003,
        "fractional_peak_to_peak": 0.11167971441804775,
        "slope_per_cycle": 0.0010089344537815128,
        "fractional_slope_per_cycle": 0.0022795369545791683,
        "log_slope_per_cycle": 0.002278343037239808,
        "efolding_cycles": 438.9154678004463
      }
    },
    "100": {
      "delta_r": {
        "available": true,
        "window_cycles": 100,
        "window_start_period": 1024.0,
        "window_end_period": 1123.0,
        "first": 0.06521075461744896,
        "last": 0.08008027046011001,
        "median": 0.0722476778805472,
        "peak_to_peak": 0.014869515842661052,
        "fractional_peak_to_peak": 0.20581306249380082,
        "slope_per_cycle": 0.00015004632785040357,
        "fractional_slope_per_cycle": 0.0020768325329221936,
        "log_slope_per_cycle": 0.002074314280714178,
        "efolding_cycles": 482.08702475678086
      },
      "period_days": {
        "available": true,
        "window_cycles": 100,
        "window_start_period": 1024.0,
        "window_end_period": 1123.0,
        "first": 0.6316199844363318,
        "last": 0.6316204275542663,
        "median": 0.6316177488195158,
        "peak_to_peak": 4.1451800131264704e-06,
        "fractional_peak_to_peak": 6.562798497784064e-06,
        "slope_per_cycle": 1.2657391603136e-08,
        "fractional_slope_per_cycle": 2.0039638890440424e-08,
        "log_slope_per_cycle": 2.0039609452292926e-08,
        "efolding_cycles": 49901172.09522665
      },
      "gamma": {
        "available": true,
        "window_cycles": 100,
        "window_start_period": 1024.0,
        "window_end_period": 1123.0,
        "first": 0.0041818093832046484,
        "last": 0.004236361901708319,
        "median": 0.004208891897352508,
        "peak_to_peak": 5.45525185036708e-05,
        "fractional_peak_to_peak": 0.012961254371485669,
        "slope_per_cycle": 5.539631752510664e-07,
        "fractional_slope_per_cycle": 0.0001316173446031062,
        "log_slope_per_cycle": 0.0001316047016126671,
        "efolding_cycles": 7598.512725959852
      },
      "max_vsurf_div_cs": {
        "available": true,
        "window_cycles": 100,
        "window_start_period": 1024.0,
        "window_end_period": 1123.0,
        "first": 0.37477,
        "last": 0.46815,
        "median": 0.41825,
        "peak_to_peak": 0.09338000000000002,
        "fractional_peak_to_peak": 0.22326359832635986,
        "slope_per_cycle": 0.0009418076807680769,
        "fractional_slope_per_cycle": 0.002251781663522001,
        "log_slope_per_cycle": 0.002246790107465838,
        "efolding_cycles": 445.07940313476956
      }
    },
    "250": {
      "delta_r": {
        "available": true,
        "window_cycles": 250,
        "window_start_period": 874.0,
        "window_end_period": 1123.0,
        "first": 0.047902279099561795,
        "last": 0.08008027046011001,
        "median": 0.061862069580484125,
        "peak_to_peak": 0.03217799136054822,
        "fractional_peak_to_peak": 0.5201570458079136,
        "slope_per_cycle": 0.0001286100578066266,
        "fractional_slope_per_cycle": 0.0020789808468871483,
        "log_slope_per_cycle": 0.0020637566259436965,
        "efolding_cycles": 484.55325954082826
      },
      "period_days": {
        "available": true,
        "window_cycles": 250,
        "window_start_period": 874.0,
        "window_end_period": 1123.0,
        "first": 0.6316259817820457,
        "last": 0.6316204275542663,
        "median": 0.6316219686033825,
        "peak_to_peak": 9.665179790729894e-06,
        "fractional_peak_to_peak": 1.5302158998840963e-05,
        "slope_per_cycle": -3.183886526749624e-08,
        "fractional_slope_per_cycle": -5.0408103027032256e-08,
        "log_slope_per_cycle": -5.0408193474840214e-08,
        "efolding_cycles": null
      },
      "gamma": {
        "available": true,
        "window_cycles": 250,
        "window_start_period": 874.0,
        "window_end_period": 1123.0,
        "first": 0.0041199139080953006,
        "last": 0.004236361901708319,
        "median": 0.004170897315251842,
        "peak_to_peak": 0.00011650984708599758,
        "fractional_peak_to_peak": 0.027934000355259916,
        "slope_per_cycle": 4.6970677237003257e-07,
        "fractional_slope_per_cycle": 0.00011261528080598918,
        "log_slope_per_cycle": 0.00011249701328236882,
        "efolding_cycles": 8889.124882720116
      },
      "max_vsurf_div_cs": {
        "available": true,
        "window_cycles": 250,
        "window_start_period": 1018.0,
        "window_end_period": 1123.0,
        "first": 0.36986,
        "last": 0.46815,
        "median": 0.415445,
        "peak_to_peak": 0.09828999999999999,
        "fractional_peak_to_peak": 0.23658968094452934,
        "slope_per_cycle": 0.000934355140186916,
        "fractional_slope_per_cycle": 0.0022490465409065363,
        "log_slope_per_cycle": 0.0022435249873908178,
        "efolding_cycles": 445.7271506313747
      }
    },
    "500": {
      "delta_r": {
        "available": true,
        "window_cycles": 500,
        "window_start_period": 624.0,
        "window_end_period": 1123.0,
        "first": 0.028809992872924184,
        "last": 0.08008027046011001,
        "median": 0.047853325806925806,
        "peak_to_peak": 0.05127027758718583,
        "fractional_peak_to_peak": 1.0714046876082641,
        "slope_per_cycle": 0.00010081244072093214,
        "fractional_slope_per_cycle": 0.0021066966406406294,