{
  "generated_at": "2026-06-20T04:23:52.587575+00:00",
  "workspace": "<local-rre-root>/rsp_batch_runs",
  "model_id": "model_007",
  "run_name": "model_007_M0p6887_Z0p004060_T6669",
  "source": "cumulative:continue_saturation+continue_saturation_resume:LOGS_continue_saturation_resume_2180000+continue_saturation_resume:LOGS_continue_saturation_resume_2270000",
  "source_kind": "history_exact_rsp_columns",
  "cycle_count": 1746,
  "first_period": 1.0,
  "last_period": 1746.0,
  "rolling_window": 100,
  "fits": {
    "50": {
      "delta_r": {
        "available": true,
        "window_cycles": 50,
        "window_start_period": 1697.0,
        "window_end_period": 1746.0,
        "first": 0.6355666345205639,
        "last": 0.6392957488672364,
        "median": 0.6376301417239381,
        "peak_to_peak": 0.003863632880547918,
        "fractional_peak_to_peak": 0.006059363614935064,
        "slope_per_cycle": 7.364461558314482e-05,
        "fractional_slope_per_cycle": 0.00011549738753571854,
        "log_slope_per_cycle": 0.00011552927212720313,
        "efolding_cycles": 8655.814942718182
      },
      "period_days": {
        "available": true,
        "window_cycles": 50,
        "window_start_period": 1697.0,
        "window_end_period": 1746.0,
        "first": 0.5572532787365425,
        "last": 0.5572711235935006,
        "median": 0.5572578968193072,
        "peak_to_peak": 6.16109157326461e-05,
        "fractional_peak_to_peak": 0.00011056086613452452,
        "slope_per_cycle": 1.0158347109061789e-07,
        "fractional_slope_per_cycle": 1.8229166723420465e-07,
        "log_slope_per_cycle": 1.8229432870779762e-07,
        "efolding_cycles": 5485634.17791738
      },
      "gamma": {
        "available": true,
        "window_cycles": 50,
        "window_start_period": 1697.0,
        "window_end_period": 1746.0,
        "first": 0.00024610154451348224,
        "last": 0.00012988363550776386,
        "median": 0.00018859173406372224,
        "peak_to_peak": 0.00011814966552678156,
        "fractional_peak_to_peak": 0.6264837964046749,
        "slope_per_cycle": -2.0003808093274893e-06,
        "fractional_slope_per_cycle": -0.010606937887593692,
        "log_slope_per_cycle": -0.010709421649079844,
        "efolding_cycles": null
      },
      "max_vsurf_div_cs": {
        "available": true,
        "window_cycles": 50,
        "window_start_period": 1697.0,
        "window_end_period": 1746.0,
        "first": 4.9288,
        "last": 4.95728,
        "median": 4.943785,
        "peak_to_peak": 0.03171999999999997,
        "fractional_peak_to_peak": 0.006416136624064349,
        "slope_per_cycle": 0.0005984153661464572,
        "fractional_slope_per_cycle": 0.00012104397059064202,
        "log_slope_per_cycle": 0.00012106939386155419,
        "efolding_cycles": 8259.72583247195
      }
    },
    "100": {
      "delta_r": {
        "available": true,
        "window_cycles": 100,
        "window_start_period": 1647.0,
        "window_end_period": 1746.0,
        "first": 0.6292212909012225,
        "last": 0.6392957488672364,
        "median": 0.6354877274651476,
        "peak_to_peak": 0.010074457966013917,
        "fractional_peak_to_peak": 0.015853111760630242,
        "slope_per_cycle": 9.776629744100845e-05,
        "fractional_slope_per_cycle": 0.00015384450905288382,
        "log_slope_per_cycle": 0.00015402524814825687,
        "efolding_cycles": 6492.442064027392
      },
      "period_days": {
        "available": true,
        "window_cycles": 100,
        "window_start_period": 1647.0,
        "window_end_period": 1746.0,
        "first": 0.5572542591082553,
        "last": 0.5572711235935006,
        "median": 0.5572558960532424,
        "peak_to_peak": 7.466691114976776e-05,
        "fractional_peak_to_peak": 0.00013399034748415436,
        "slope_per_cycle": 1.2737431870344705e-07,
        "fractional_slope_per_cycle": 2.2857419653264144e-07,
        "log_slope_per_cycle": 2.2857726943346458e-07,
        "efolding_cycles": 4374888.205106873
      },
      "gamma": {
        "available": true,
        "window_cycles": 100,
        "window_start_period": 1647.0,
        "window_end_period": 1746.0,
        "first": 0.0004101473446071011,
        "last": 0.00012988363550776386,
        "median": 0.00024706742277401383,
        "peak_to_peak": 0.00029445137995941207,
        "fractional_peak_to_peak": 1.1917855322785276,
        "slope_per_cycle": -2.719631173382533e-06,
        "fractional_slope_per_cycle": -0.011007647802559988,
        "log_slope_per_cycle": -0.010824575089496406,
        "efolding_cycles": null
      },
      "max_vsurf_div_cs": {
        "available": true,
        "window_cycles": 100,
        "window_start_period": 1647.0,
        "window_end_period": 1746.0,
        "first": 4.87652,
        "last": 4.95728,
        "median": 4.9272100000000005,
        "peak_to_peak": 0.08075999999999972,
        "fractional_peak_to_peak": 0.016390614566864355,
        "slope_per_cycle": 0.0007814804680468027,
        "fractional_slope_per_cycle": 0.00015860506616255498,
        "log_slope_per_cycle": 0.00015880390043041743,
        "efolding_cycles": 6297.074551000506
      }
    },
    "250": {
      "delta_r": {
        "available": true,
        "window_cycles": 250,
        "window_start_period": 1497.0,
        "window_end_period": 1746.0,
        "first": 0.5772799848293246,
        "last": 0.6392957488672364,
        "median": 0.6246826294342549,
        "peak_to_peak": 0.06201576403791176,
        "fractional_peak_to_peak": 0.09927563392322349,
        "slope_per_cycle": 0.00023317576764420698,
        "fractional_slope_per_cycle": 0.00037327077248071246,
        "log_slope_per_cycle": 0.0003796118324941358,
        "efolding_cycles": 2634.2698367165567
      },
      "period_days": {
        "available": true,
        "window_cycles": 250,
        "window_start_period": 1497.0,
        "window_end_period": 1746.0,
        "first": 0.5571545445881094,
        "last": 0.5572711235935006,
        "median": 0.5572367286071596,
        "peak_to_peak": 0.00014040269112836068,
        "fractional_peak_to_peak": 0.0002519623777838623,
        "slope_per_cycle": 3.164168808479388e-07,
        "fractional_slope_per_cycle": 5.678320623962427e-07,
        "log_slope_per_cycle": 5.678411940357032e-07,
        "efolding_cycles": 1761055.7502757094
      },
      "gamma": {
        "available": true,
        "window_cycles": 250,
        "window_start_period": 1497.0,
        "window_end_period": 1746.0,
        "first": 0.0015900545378276492,
        "last": 0.00012988363550776386,
        "median": 0.0005394618152337292,
        "peak_to_peak": 0.0014601709023198853,
        "fractional_peak_to_peak": 2.706717808538953,
        "slope_per_cycle": -5.5889256032971025e-06,
        "fractional_slope_per_cycle": -0.010360187589691818,
        "log_slope_per_cycle": -0.0097376078369823,
        "efolding_cycles": null
      },
      "max_vsurf_div_cs": {
        "available": true,
        "window_cycles": 250,
        "window_start_period": 1629.0,
        "window_end_period": 1746.0,
        "first": 4.85518,
        "last": 4.95728,
        "median": 4.920685000000001,
        "peak_to_peak": 0.10210000000000008,
        "fractional_peak_to_peak": 0.020749143665973347,
        "slope_per_cycle": 0.0008628708745558189,
        "fractional_slope_per_cycle": 0.0001753558446752472,
        "log_slope_per_cycle": 0.00017570961806732548,
        "efolding_cycles": 5691.208090935789
      }
    },
    "500": {
      "delta_r": {
        "available": true,
        "window_cycles": 500,
        "window_start_period": 1247.0,
        "window_end_period": 1746.0,
        "first": 0.3580012258035348,
        "last": 0.6392957488672364,
        "median": 0.5769812328184427,
        "peak_to_peak": 0.2812945230637016,
        "fractional_peak_to_peak": 0.48752802875343415,
        "slope_per_cycle": 0.0005793438586237468,