{
  "generated_at": "2026-06-18T18:54:06.595161+00:00",
  "workspace": "<local-rre-root>/rsp_batch_runs",
  "model_id": "model_007",
  "run_name": "model_007_M0p6887_Z0p004060_T6669",
  "source": "cumulative:continue_saturation+continue_saturation_resume:LOGS_continue_saturation_resume_2180000+continue_saturation_resume:LOGS_continue_saturation_resume_2270000",
  "source_kind": "history_exact_rsp_columns",
  "cycle_count": 1665,
  "first_period": 1.0,
  "last_period": 1665.0,
  "rolling_window": 100,
  "fits": {
    "50": {
      "delta_r": {
        "available": true,
        "window_cycles": 50,
        "window_start_period": 1616.0,
        "window_end_period": 1665.0,
        "first": 0.6235836165991522,
        "last": 0.6318352125362088,
        "median": 0.6282276651743977,
        "peak_to_peak": 0.0082515959370566,
        "fractional_peak_to_peak": 0.013134722321988056,
        "slope_per_cycle": 0.00017220344111016435,
        "fractional_slope_per_cycle": 0.000274109929658001,
        "log_slope_per_cycle": 0.0002742551067032691,
        "efolding_cycles": 3646.2402178055054
      },
      "period_days": {
        "available": true,
        "window_cycles": 50,
        "window_start_period": 1616.0,
        "window_end_period": 1665.0,
        "first": 0.5572505238364209,
        "last": 0.5572409143633451,
        "median": 0.5572471570791849,
        "peak_to_peak": 6.489789837760274e-05,
        "fractional_peak_to_peak": 0.0001164616051480021,
        "slope_per_cycle": 1.534071276768342e-07,
        "fractional_slope_per_cycle": 2.7529459007187906e-07,
        "log_slope_per_cycle": 2.7528170307476156e-07,
        "efolding_cycles": 3632642.4489186555
      },
      "gamma": {
        "available": true,
        "window_cycles": 50,
        "window_start_period": 1616.0,
        "window_end_period": 1665.0,
        "first": 0.0005812563140652941,
        "last": 0.0003433472749401345,
        "median": 0.00044612144968883614,
        "peak_to_peak": 0.0002567907410187773,
        "fractional_peak_to_peak": 0.5756072504424198,
        "slope_per_cycle": -4.6347430818768195e-06,
        "fractional_slope_per_cycle": -0.010388971624452247,
        "log_slope_per_cycle": -0.01045177330652588,
        "efolding_cycles": null
      },
      "max_vsurf_div_cs": {
        "available": true,
        "window_cycles": 50,
        "window_start_period": 1629.0,
        "window_end_period": 1665.0,
        "first": 4.85518,
        "last": 4.89705,
        "median": 4.87652,
        "peak_to_peak": 0.04227999999999987,
        "fractional_peak_to_peak": 0.008670117214735071,
        "slope_per_cycle": 0.0012313774300616459,
        "fractional_slope_per_cycle": 0.000252511510269956,
        "log_slope_per_cycle": 0.00025250124268499756,
        "efolding_cycles": 3960.376548512786
      }
    },
    "100": {
      "delta_r": {
        "available": true,
        "window_cycles": 100,
        "window_start_period": 1566.0,
        "window_end_period": 1665.0,
        "first": 0.6093643002997569,
        "last": 0.6318352125362088,
        "median": 0.6234717629576063,
        "peak_to_peak": 0.022470912236451923,
        "fractional_peak_to_peak": 0.036041587721399114,
        "slope_per_cycle": 0.00022560032455793135,
        "fractional_slope_per_cycle": 0.00036184529590840717,
        "log_slope_per_cycle": 0.0003629004064063245,
        "efolding_cycles": 2755.5769636706927
      },
      "period_days": {
        "available": true,
        "window_cycles": 100,
        "window_start_period": 1566.0,
        "window_end_period": 1665.0,
        "first": 0.5572286169803529,
        "last": 0.5572409143633451,
        "median": 0.557238546616001,
        "peak_to_peak": 6.560101001351626e-05,
        "fractional_peak_to_peak": 0.00011772518324853541,
        "slope_per_cycle": 2.5419058722729953e-07,
        "fractional_slope_per_cycle": 4.561611697018242e-07,
        "log_slope_per_cycle": 4.561537713817376e-07,
        "efolding_cycles": 2192243.1924017533
      },
      "gamma": {
        "available": true,
        "window_cycles": 100,
        "window_start_period": 1566.0,
        "window_end_period": 1665.0,
        "first": 0.0009150937460136856,
        "last": 0.0003433472749401345,
        "median": 0.0005776157132104255,
        "peak_to_peak": 0.0005906281729671687,
        "fractional_peak_to_peak": 1.0225278839531895,
        "slope_per_cycle": -5.608806102423384e-06,
        "fractional_slope_per_cycle": -0.009710272719641365,
        "log_slope_per_cycle": -0.0097762321253352,
        "efolding_cycles": null
      },
      "max_vsurf_div_cs": {
        "available": true,
        "window_cycles": 100,
        "window_start_period": 1629.0,
        "window_end_period": 1665.0,
        "first": 4.85518,
        "last": 4.89705,
        "median": 4.87652,
        "peak_to_peak": 0.04227999999999987,
        "fractional_peak_to_peak": 0.008670117214735071,
        "slope_per_cycle": 0.0012313774300616459,
        "fractional_slope_per_cycle": 0.000252511510269956,
        "log_slope_per_cycle": 0.00025250124268499756,
        "efolding_cycles": 3960.376548512786
      }
    },
    "250": {
      "delta_r": {
        "available": true,
        "window_cycles": 250,
        "window_start_period": 1416.0,
        "window_end_period": 1665.0,
        "first": 0.5175037761848165,
        "last": 0.6318352125362088,
        "median": 0.5994434960270567,
        "peak_to_peak": 0.11433143635139231,
        "fractional_peak_to_peak": 0.19072929660451568,
        "slope_per_cycle": 0.00045045866902285,
        "fractional_slope_per_cycle": 0.0007514614338271475,
        "log_slope_per_cycle": 0.0007728443695946541,
        "efolding_cycles": 1293.9215699073875
      },
      "period_days": {
        "available": true,
        "window_cycles": 250,
        "window_start_period": 1416.0,
        "window_end_period": 1665.0,
        "first": 0.5569903425467028,
        "last": 0.5572409143633451,
        "median": 0.5572126610797865,
        "peak_to_peak": 0.0005596078207923405,
        "fractional_peak_to_peak": 0.0010042984660612567,
        "slope_per_cycle": 1.3758156761213543e-06,
        "fractional_slope_per_cycle": 2.4691034002264948e-06,
        "log_slope_per_cycle": 2.4696326954036236e-06,
        "efolding_cycles": 404918.5135348904
      },
      "gamma": {
        "available": true,
        "window_cycles": 250,
        "window_start_period": 1416.0,
        "window_end_period": 1665.0,
        "first": 0.002680927496971742,
        "last": 0.0003433472749401345,
        "median": 0.0011142268419894249,
        "peak_to_peak": 0.002356461923925225,
        "fractional_peak_to_peak": 2.114885259556142,
        "slope_per_cycle": -9.453872554111904e-06,
        "fractional_slope_per_cycle": -0.008484692881058443,
        "log_slope_per_cycle": -0.00830654524909304,
        "efolding_cycles": null
      },
      "max_vsurf_div_cs": {
        "available": true,
        "window_cycles": 250,
        "window_start_period": 1629.0,
        "window_end_period": 1665.0,
        "first": 4.85518,
        "last": 4.89705,
        "median": 4.87652,
        "peak_to_peak": 0.04227999999999987,
        "fractional_peak_to_peak": 0.008670117214735071,
        "slope_per_cycle": 0.0012313774300616459,
        "fractional_slope_per_cycle": 0.000252511510269956,
        "log_slope_per_cycle": 0.00025250124268499756,
        "efolding_cycles": 3960.376548512786
      }
    },
    "500": {
      "delta_r": {
        "available": true,
        "window_cycles": 500,
        "window_start_period": 1166.0,
        "window_end_period": 1665.0,
        "first": 0.29376060814185134,
        "last": 0.6318352125362088,
        "median": 0.5170646111247286,
        "peak_to_peak": 0.33902915452557725,
        "fractional_peak_to_peak": 0.6556804454052941,
        "slope_per_cycle": 0.0007420241378454633,