{
  "generated_at": "2026-06-18T07:08:41.327202+00:00",
  "workspace": "<local-rre-root>/rsp_batch_runs",
  "model_id": "model_007",
  "run_name": "model_007_M0p6887_Z0p004060_T6669",
  "source": "cumulative:continue_saturation+continue_saturation_resume:LOGS_continue_saturation_resume_2180000",
  "source_kind": "history_exact_rsp_columns",
  "cycle_count": 1630,
  "first_period": 1.0,
  "last_period": 1630.0,
  "rolling_window": 100,
  "fits": {
    "50": {
      "delta_r": {
        "available": true,
        "window_cycles": 50,
        "window_start_period": 1581.0,
        "window_end_period": 1630.0,
        "first": 0.6143621668735104,
        "last": 0.6265093193682478,
        "median": 0.6210098209651576,
        "peak_to_peak": 0.012147152494737412,
        "fractional_peak_to_peak": 0.019560322694830524,
        "slope_per_cycle": 0.00024698139209489953,
        "fractional_slope_per_cycle": 0.0003977093175612704,
        "log_slope_per_cycle": 0.0003979810511501985,
        "efolding_cycles": 2512.682443322154
      },
      "period_days": {
        "available": true,
        "window_cycles": 50,
        "window_start_period": 1581.0,
        "window_end_period": 1630.0,
        "first": 0.5572320331308853,
        "last": 0.5572525706511267,
        "median": 0.557238301277954,
        "peak_to_peak": 4.287866306396104e-05,
        "fractional_peak_to_peak": 7.694852088527363e-05,
        "slope_per_cycle": 3.069691771182729e-07,
        "fractional_slope_per_cycle": 5.508759473537241e-07,
        "log_slope_per_cycle": 5.50871372116297e-07,
        "efolding_cycles": 1815305.8057061012
      },
      "gamma": {
        "available": true,
        "window_cycles": 50,
        "window_start_period": 1581.0,
        "window_end_period": 1630.0,
        "first": 0.0007930203185059767,
        "last": 0.000501777946757465,
        "median": 0.000635346053872411,
        "peak_to_peak": 0.0002929442905236653,
        "fractional_peak_to_peak": 0.4610783190328806,
        "slope_per_cycle": -5.879204341573537e-06,
        "fractional_slope_per_cycle": -0.009253546639252735,
        "log_slope_per_cycle": -0.009326627990202906,
        "efolding_cycles": null
      },
      "max_vsurf_div_cs": {
        "available": true,
        "window_cycles": 50,
        "window_start_period": 1581.0,
        "window_end_period": 1630.0,
        "first": 4.76577,
        "last": 4.85726,
        "median": 4.8157499999999995,
        "peak_to_peak": 0.0914900000000003,
        "fractional_peak_to_peak": 0.018998079219228636,
        "slope_per_cycle": 0.0018518434573829524,
        "fractional_slope_per_cycle": 0.0003845389518523496,
        "log_slope_per_cycle": 0.0003848250403910021,
        "efolding_cycles": 2598.583499098573
      }
    },
    "100": {
      "delta_r": {
        "available": true,
        "window_cycles": 100,
        "window_start_period": 1531.0,
        "window_end_period": 1630.0,
        "first": 0.5952215706207316,
        "last": 0.6265093193682478,
        "median": 0.6142146455108253,
        "peak_to_peak": 0.031287748747516275,
        "fractional_peak_to_peak": 0.05093943782713797,
        "slope_per_cycle": 0.00031248610067924576,
        "fractional_slope_per_cycle": 0.0005087571632541581,
        "log_slope_per_cycle": 0.0005105973670700779,
        "efolding_cycles": 1958.490318385745
      },
      "period_days": {
        "available": true,
        "window_cycles": 100,
        "window_start_period": 1531.0,
        "window_end_period": 1630.0,
        "first": 0.5572013413142068,
        "last": 0.5572525706511267,
        "median": 0.5572302474072031,
        "peak_to_peak": 6.748624784114199e-05,
        "fractional_peak_to_peak": 0.0001211101661389633,
        "slope_per_cycle": 4.024833761464998e-07,
        "fractional_slope_per_cycle": 7.22292765009183e-07,
        "log_slope_per_cycle": 7.222951659893084e-07,
        "efolding_cycles": 1384475.5538829153
      },
      "gamma": {
        "available": true,
        "window_cycles": 100,
        "window_start_period": 1531.0,
        "window_end_period": 1630.0,
        "first": 0.00120889407920823,
        "last": 0.000501777946757465,
        "median": 0.0007934943920881524,
        "peak_to_peak": 0.0007088180512259187,
        "fractional_peak_to_peak": 0.89328678096968,
        "slope_per_cycle": -7.1083769540708116e-06,
        "fractional_slope_per_cycle": -0.008958320342207428,
        "log_slope_per_cycle": -0.008917979529681026,
        "efolding_cycles": null
      },
      "max_vsurf_div_cs": {
        "available": true,
        "window_cycles": 100,
        "window_start_period": 1562.0,
        "window_end_period": 1630.0,
        "first": 4.72111,
        "last": 4.85726,
        "median": 4.79804,
        "peak_to_peak": 0.13614999999999977,
        "fractional_peak_to_peak": 0.028376170269526674,
        "slope_per_cycle": 0.001989476799415416,
        "fractional_slope_per_cycle": 0.00041464364603367536,
        "log_slope_per_cycle": 0.0004152071626847902,
        "efolding_cycles": 2408.436293665682
      }
    },
    "250": {
      "delta_r": {
        "available": true,
        "window_cycles": 250,
        "window_start_period": 1381.0,
        "window_end_period": 1630.0,
        "first": 0.48610711793684214,
        "last": 0.6265093193682478,
        "median": 0.5821869010918252,
        "peak_to_peak": 0.1404022014314057,
        "fractional_peak_to_peak": 0.24116344968960543,
        "slope_per_cycle": 0.0005630227180218515,
        "fractional_slope_per_cycle": 0.0009670824214113484,
        "log_slope_per_cycle": 0.000998190467734358,
        "efolding_cycles": 1001.8128126085488
      },
      "period_days": {
        "available": true,
        "window_cycles": 250,
        "window_start_period": 1381.0,
        "window_end_period": 1630.0,
        "first": 0.5569844207859219,
        "last": 0.5572525706511267,
        "median": 0.5571768355936986,
        "peak_to_peak": 0.0005568297119398213,
        "fractional_peak_to_peak": 0.0009993769955394729,
        "slope_per_cycle": 1.4933994115563277e-06,
        "fractional_slope_per_cycle": 2.6802970191053246e-06,
        "log_slope_per_cycle": 2.6806954467955666e-06,
        "efolding_cycles": 373037.5269579295
      },
      "gamma": {
        "available": true,
        "window_cycles": 250,
        "window_start_period": 1381.0,
        "window_end_period": 1630.0,
        "first": 0.0031776399556151763,
        "last": 0.000501777946757465,
        "median": 0.0014908327313162039,
        "peak_to_peak": 0.002677563927632865,
        "fractional_peak_to_peak": 1.7960190109784737,
        "slope_per_cycle": -1.1061020981845338e-05,
        "fractional_slope_per_cycle": -0.007419357483572252,
        "log_slope_per_cycle": -0.0075431163076328574,
        "efolding_cycles": null
      },
      "max_vsurf_div_cs": {
        "available": true,
        "window_cycles": 250,
        "window_start_period": 1562.0,
        "window_end_period": 1630.0,
        "first": 4.72111,
        "last": 4.85726,
        "median": 4.79804,
        "peak_to_peak": 0.13614999999999977,
        "fractional_peak_to_peak": 0.028376170269526674,
        "slope_per_cycle": 0.001989476799415416,
        "fractional_slope_per_cycle": 0.00041464364603367536,
        "log_slope_per_cycle": 0.0004152071626847902,
        "efolding_cycles": 2408.436293665682
      }
    },
    "500": {
      "delta_r": {
        "available": true,
        "window_cycles": 500,
        "window_start_period": 1131.0,
        "window_end_period": 1630.0,
        "first": 0.268926726089326,
        "last": 0.6265093193682478,
        "median": 0.48564367479457804,
        "peak_to_peak": 0.3593833514213953,