{
  "generated_at": "2026-06-18T03:18:52.737274+00:00",
  "workspace": "<local-rre-root>/rsp_batch_runs",
  "model_id": "model_008",
  "run_name": "model_008_M0p6151_Z0p0004406_T6792",
  "source": "cumulative:saturation+continue_saturation",
  "source_kind": "history_exact_rsp_columns",
  "cycle_count": 998,
  "first_period": 1.0,
  "last_period": 998.0,
  "rolling_window": 100,
  "fits": {
    "50": {
      "delta_r": {
        "available": true,
        "window_cycles": 50,
        "window_start_period": 949.0,
        "window_end_period": 998.0,
        "first": 0.05586184978991682,
        "last": 0.0617981655412585,
        "median": 0.058751061505943,
        "peak_to_peak": 0.005936315751341681,
        "fractional_peak_to_peak": 0.10104184672035567,
        "slope_per_cycle": 0.0001211332175204241,
        "fractional_slope_per_cycle": 0.0020618047472754308,
        "log_slope_per_cycle": 0.0020611682967675996,
        "efolding_cycles": 485.1617413135245
      },
      "period_days": {
        "available": true,
        "window_cycles": 50,
        "window_start_period": 949.0,
        "window_end_period": 998.0,
        "first": 0.6316220325491978,
        "last": 0.6316220072594781,
        "median": 0.6316222115312875,
        "peak_to_peak": 3.8896221665751796e-07,
        "fractional_peak_to_peak": 6.158146587570577e-07,
        "slope_per_cycle": 3.2578849187446644e-09,
        "fractional_slope_per_cycle": 5.157964459239547e-09,
        "log_slope_per_cycle": 5.157964719278117e-09,
        "efolding_cycles": 193874920.52096763
      },
      "gamma": {
        "available": true,
        "window_cycles": 50,
        "window_start_period": 949.0,
        "window_end_period": 998.0,
        "first": 0.004150432354399306,
        "last": 0.004170348879033576,
        "median": 0.004160388684206335,
        "peak_to_peak": 1.9916524634270086e-05,
        "fractional_peak_to_peak": 0.004787178830160072,
        "slope_per_cycle": 4.2009991918866963e-07,
        "fractional_slope_per_cycle": 0.00010097612292415194,
        "log_slope_per_cycle": 0.00010097699105733311,
        "efolding_cycles": 9903.246170528255
      },
      "max_vsurf_div_cs": {
        "available": true,
        "window_cycles": 50,
        "window_start_period": 949.0,
        "window_end_period": 998.0,
        "first": 0.31786,
        "last": 0.35394,
        "median": 0.33538,
        "peak_to_peak": 0.03608,
        "fractional_peak_to_peak": 0.10757946210268948,
        "slope_per_cycle": 0.0007364292917166865,
        "fractional_slope_per_cycle": 0.0021958056285905137,
        "log_slope_per_cycle": 0.0021950084538635718,
        "efolding_cycles": 455.57911097783585
      }
    },
    "100": {
      "delta_r": {
        "available": true,
        "window_cycles": 100,
        "window_start_period": 899.0,
        "window_end_period": 998.0,
        "first": 0.05041710945286848,
        "last": 0.0617981655412585,
        "median": 0.05580449216309846,
        "peak_to_peak": 0.011381056088390018,
        "fractional_peak_to_peak": 0.20394516009798774,
        "slope_per_cycle": 0.00011486534569306368,
        "fractional_slope_per_cycle": 0.0020583530328947258,
        "log_slope_per_cycle": 0.0020558681149478353,
        "efolding_cycles": 486.4125245822851
      },
      "period_days": {
        "available": true,
        "window_cycles": 100,
        "window_start_period": 899.0,
        "window_end_period": 998.0,
        "first": 0.6316240665647719,
        "last": 0.6316220072594781,
        "median": 0.631622251234345,
        "peak_to_peak": 2.1057565593451955e-06,
        "fractional_peak_to_peak": 3.3338859662243215e-06,
        "slope_per_cycle": -1.2302784517598455e-08,
        "fractional_slope_per_cycle": -1.9478073316061604e-08,
        "log_slope_per_cycle": -1.9478054638611016e-08,
        "efolding_cycles": null
      },
      "gamma": {
        "available": true,
        "window_cycles": 100,
        "window_start_period": 899.0,
        "window_end_period": 998.0,
        "first": 0.00412770209711536,
        "last": 0.004170348879033576,
        "median": 0.004149834687361784,
        "peak_to_peak": 4.264678191821629e-05,
        "fractional_peak_to_peak": 0.01027674235990556,
        "slope_per_cycle": 4.332728528786752e-07,
        "fractional_slope_per_cycle": 0.00010440725607653643,
        "log_slope_per_cycle": 0.00010441860112334112,
        "efolding_cycles": 9576.83774003812
      },
      "max_vsurf_div_cs": {
        "available": true,
        "window_cycles": 100,
        "window_start_period": 899.0,
        "window_end_period": 998.0,
        "first": 0.28526,
        "last": 0.35394,
        "median": 0.31750999999999996,
        "peak_to_peak": 0.06867999999999996,
        "fractional_peak_to_peak": 0.21630814777487314,
        "slope_per_cycle": 0.0006934867686768677,
        "fractional_slope_per_cycle": 0.0021841415031868846,
        "log_slope_per_cycle": 0.002180518495046581,
        "efolding_cycles": 458.60652054622335
      }
    },
    "250": {
      "delta_r": {
        "available": true,
        "window_cycles": 250,
        "window_start_period": 749.0,
        "window_end_period": 998.0,
        "first": 0.037118960775139875,
        "last": 0.0617981655412585,
        "median": 0.047853325806925806,
        "peak_to_peak": 0.024679204766118623,
        "fractional_peak_to_peak": 0.5157260096339387,
        "slope_per_cycle": 9.862909032978905e-05,
        "fractional_slope_per_cycle": 0.00206107075457469,
        "log_slope_per_cycle": 0.0020466696550577564,
        "efolding_cycles": 488.59863511866075
      },
      "period_days": {
        "available": true,
        "window_cycles": 250,
        "window_start_period": 749.0,
        "window_end_period": 998.0,
        "first": 0.6316294420943424,
        "last": 0.6316220072594781,
        "median": 0.6316260223793453,
        "peak_to_peak": 7.48128612981791e-06,
        "fractional_peak_to_peak": 1.1844486871575978e-05,
        "slope_per_cycle": -4.010069890032021e-08,
        "fractional_slope_per_cycle": -6.348804115014172e-08,
        "log_slope_per_cycle": -6.348806894834885e-08,
        "efolding_cycles": null
      },
      "gamma": {
        "available": true,
        "window_cycles": 250,
        "window_start_period": 749.0,
        "window_end_period": 998.0,
        "first": 0.004085029830520886,
        "last": 0.004170348879033576,
        "median": 0.004119882981358811,
        "peak_to_peak": 8.547238365868865e-05,
        "fractional_peak_to_peak": 0.02074631343788758,
        "slope_per_cycle": 3.421217138647625e-07,
        "fractional_slope_per_cycle": 8.304160953424085e-05,
        "log_slope_per_cycle": 8.293012148057821e-05,
        "efolding_cycles": 12058.344810627037
      },
      "max_vsurf_div_cs": {
        "available": true,
        "window_cycles": 250,
        "window_start_period": 749.0,
        "window_end_period": 998.0,
        "first": 0.2072,
        "last": 0.35394,
        "median": 0.27009,
        "peak_to_peak": 0.14673999999999998,
        "fractional_peak_to_peak": 0.5433003813543633,
        "slope_per_cycle": 0.0005850556866509864,
        "fractional_slope_per_cycle": 0.002166150863234427,
        "log_slope_per_cycle": 0.0021472250345382035,
        "efolding_cycles": 465.71737191722275
      }
    },
    "500": {
      "delta_r": {
        "available": true,
        "window_cycles": 500,
        "window_start_period": 499.0,
        "window_end_period": 998.0,
        "first": 0.0066657263785989684,
        "last": 0.0617981655412585,
        "median": 0.037081278861677,
        "peak_to_peak": 0.05513243916265953,
        "fractional_peak_to_peak": 1.4867998314814908,