{
  "generated_at": "2026-06-17T11:27:47.021218+00:00",
  "workspace": "<local-rre-root>/rsp_batch_runs",
  "model_id": "model_008",
  "run_name": "model_008_M0p6151_Z0p0004406_T6792",
  "source": "cumulative:saturation+continue_saturation",
  "source_kind": "history_exact_rsp_columns",
  "cycle_count": 1282,
  "first_period": 1.0,
  "last_period": 1282.0,
  "rolling_window": 100,
  "fits": {
    "50": {
      "delta_r": {
        "available": true,
        "window_cycles": 50,
        "window_start_period": 1233.0,
        "window_end_period": 1282.0,
        "first": 0.029339825793528007,
        "last": 0.03240079566464349,
        "median": 0.030832275519539376,
        "peak_to_peak": 0.003060969871115482,
        "fractional_peak_to_peak": 0.09927810450369288,
        "slope_per_cycle": 6.246340240147426e-05,
        "fractional_slope_per_cycle": 0.0020259095817267607,
        "log_slope_per_cycle": 0.002025384105521358,
        "efolding_cycles": 493.7335082634057
      },
      "period_days": {
        "available": true,
        "window_cycles": 50,
        "window_start_period": 1233.0,
        "window_end_period": 1282.0,
        "first": 0.6316331445132555,
        "last": 0.6316310157345746,
        "median": 0.6316320879987648,
        "peak_to_peak": 2.1287786808876774e-06,
        "fractional_peak_to_peak": 3.3702826714082966e-06,
        "slope_per_cycle": -4.408952027797629e-08,
        "fractional_slope_per_cycle": -6.980253396825924e-08,
        "log_slope_per_cycle": -6.980253462229631e-08,
        "efolding_cycles": null
      },
      "gamma": {
        "available": true,
        "window_cycles": 50,
        "window_start_period": 1233.0,
        "window_end_period": 1282.0,
        "first": 0.004059338700042162,
        "last": 0.0040681983732453785,
        "median": 0.004065583333193125,
        "peak_to_peak": 1.1411454386771498e-05,
        "fractional_peak_to_peak": 0.00280684306569333,
        "slope_per_cycle": 1.5539074627091083e-07,
        "fractional_slope_per_cycle": 3.822102107764849e-05,
        "log_slope_per_cycle": 3.822270190169172e-05,
        "efolding_cycles": 26162.46236521915
      }
    },
    "100": {
      "delta_r": {
        "available": true,
        "window_cycles": 100,
        "window_start_period": 1183.0,
        "window_end_period": 1282.0,
        "first": 0.026515656552155598,
        "last": 0.03240079566464349,
        "median": 0.02931015064454945,
        "peak_to_peak": 0.0058851391124878916,
        "fractional_peak_to_peak": 0.20078842936900085,
        "slope_per_cycle": 5.9410308842350296e-05,
        "fractional_slope_per_cycle": 0.0020269533774436026,
        "log_slope_per_cycle": 0.002024844305401334,
        "efolding_cycles": 493.86513191778226
      },
      "period_days": {
        "available": true,
        "window_cycles": 100,
        "window_start_period": 1183.0,
        "window_end_period": 1282.0,
        "first": 0.6316347082129128,
        "last": 0.6316310157345746,
        "median": 0.6316331651270459,
        "peak_to_peak": 3.6924783382019655e-06,
        "fractional_peak_to_peak": 5.8459221935555974e-06,
        "slope_per_cycle": -3.846729959408486e-08,
        "fractional_slope_per_cycle": -6.090132962911723e-08,
        "log_slope_per_cycle": -6.090134849421391e-08,
        "efolding_cycles": null
      },
      "gamma": {
        "available": true,
        "window_cycles": 100,
        "window_start_period": 1183.0,
        "window_end_period": 1282.0,
        "first": 0.0040557964883543235,
        "last": 0.0040681983732453785,
        "median": 0.004062378165613582,
        "peak_to_peak": 1.7556986493390617e-05,
        "fractional_peak_to_peak": 0.004321849364493817,
        "slope_per_cycle": 1.3384056356418918e-07,
        "fractional_slope_per_cycle": 3.294635755407914e-05,
        "log_slope_per_cycle": 3.294683975415815e-05,
        "efolding_cycles": 30351.924720603656
      }
    },
    "250": {
      "delta_r": {
        "available": true,
        "window_cycles": 250,
        "window_start_period": 1033.0,
        "window_end_period": 1282.0,
        "first": 0.019581425829794163,
        "last": 0.03240079566464349,
        "median": 0.0251822363838885,
        "peak_to_peak": 0.012819369834849326,
        "fractional_peak_to_peak": 0.5090639941356087,
        "slope_per_cycle": 5.1270157076442926e-05,
        "fractional_slope_per_cycle": 0.002035965205586164,
        "log_slope_per_cycle": 0.0020227120745874337,
        "efolding_cycles": 494.38573713165124
      },
      "period_days": {
        "available": true,
        "window_cycles": 250,
        "window_start_period": 1033.0,
        "window_end_period": 1282.0,
        "first": 0.6316354718791425,
        "last": 0.6316310157345746,
        "median": 0.6316351327128036,
        "peak_to_peak": 4.4595001748026775e-06,
        "fractional_peak_to_peak": 7.0602471962723375e-06,
        "slope_per_cycle": -1.628416150550018e-08,
        "fractional_slope_per_cycle": -2.5780962239325565e-08,
        "log_slope_per_cycle": -2.5781015124632556e-08,
        "efolding_cycles": null
      },
      "gamma": {
        "available": true,
        "window_cycles": 250,
        "window_start_period": 1033.0,
        "window_end_period": 1282.0,
        "first": 0.004035741536325488,
        "last": 0.0040681983732453785,
        "median": 0.0040536837748109695,
        "peak_to_peak": 3.572686161487388e-05,
        "fractional_peak_to_peak": 0.008813430844526073,
        "slope_per_cycle": 1.115647196286539e-07,
        "fractional_slope_per_cycle": 2.752181122807399e-05,
        "log_slope_per_cycle": 2.7519557448077223e-05,
        "efolding_cycles": 36337.793654086156
      }
    },
    "500": {
      "delta_r": {
        "available": true,
        "window_cycles": 500,
        "window_start_period": 783.0,
        "window_end_period": 1282.0,
        "first": 0.011832492673073958,
        "last": 0.03240079566464349,
        "median": 0.019561690923906028,
        "peak_to_peak": 0.02056830299156953,
        "fractional_peak_to_peak": 1.0514583361724288,
        "slope_per_cycle": 4.0523147696904225e-05,
        "fractional_slope_per_cycle": 0.002071556485302686,
        "log_slope_per_cycle": 0.0020184011437831546,
        "efolding_cycles": 495.44165344935726
      },
      "period_days": {
        "available": true,
        "window_cycles": 500,
        "window_start_period": 783.0,
        "window_end_period": 1282.0,
        "first": 0.631637789856953,
        "last": 0.6316310157345746,
        "median": 0.6316354735278853,
        "peak_to_peak": 7.403362111246814e-06,
        "fractional_peak_to_peak": 1.172094098815679e-05,
        "slope_per_cycle": -9.333103846531422e-09,
        "fractional_slope_per_cycle": -1.4776091967101e-08,
        "log_slope_per_cycle": -1.4776102450451042e-08,
        "efolding_cycles": null
      },
      "gamma": {
        "available": true,
        "window_cycles": 500,
        "window_start_period": 783.0,
        "window_end_period": 1282.0,
        "first": 0.004014237485887566,
        "last": 0.0040681983732453785,
        "median": 0.004043209776857569,
        "peak_to_peak": 6.340485415479939e-05,
        "fractional_peak_to_peak": 0.01568181164324311,
        "slope_per_cycle": 7.906305870239413e-08,
        "fractional_slope_per_cycle": 1.955452797797766e-05,
        "log_slope_per_cycle": 1.9547178671448067e-05,
        "efolding_cycles": 51158.27796983653
      }
    }
  },
  "latest_rolling": {
    "window_start_period": 1183.0,
    "window_end_period": 1282.0,
    "gamma_peak_to_peak": 1.7556986493390617e-05,
    "period_fractional_peak_to_peak": 5.8459221935555974e-06,
    "delta_r_fractional_peak_to_peak": 0.20078842936900085
  },