{
  "generated_at": "2026-06-17T23:56:02.632601+00:00",
  "workspace": "<local-rre-root>/rsp_batch_runs",
  "model_id": "model_008",
  "run_name": "model_008_M0p6151_Z0p0004406_T6792",
  "source": "cumulative:saturation+continue_saturation",
  "source_kind": "history_exact_rsp_columns",
  "cycle_count": 978,
  "first_period": 1.0,
  "last_period": 978.0,
  "rolling_window": 100,
  "fits": {
    "50": {
      "delta_r": {
        "available": true,
        "window_cycles": 50,
        "window_start_period": 929.0,
        "window_end_period": 978.0,
        "first": 0.05361386676825042,
        "last": 0.05929871740491688,
        "median": 0.05638118609718168,
        "peak_to_peak": 0.005684850636666461,
        "fractional_peak_to_peak": 0.10082885852858334,
        "slope_per_cycle": 0.00011598851426612556,
        "fractional_slope_per_cycle": 0.002057220188064179,
        "log_slope_per_cycle": 0.0020566007180549124,
        "efolding_cycles": 486.2392545237356
      },
      "period_days": {
        "available": true,
        "window_cycles": 50,
        "window_start_period": 929.0,
        "window_end_period": 978.0,
        "first": 0.6316223512700311,
        "last": 0.6316223446440159,
        "median": 0.631622134865848,
        "peak_to_peak": 3.904618185446296e-07,
        "fractional_peak_to_peak": 6.181889408096201e-07,
        "slope_per_cycle": 3.3023952803569443e-09,
        "fractional_slope_per_cycle": 5.228435005778177e-09,
        "log_slope_per_cycle": 5.228434684853983e-09,
        "efolding_cycles": 191261832.70431873
      },
      "gamma": {
        "available": true,
        "window_cycles": 50,
        "window_start_period": 929.0,
        "window_end_period": 978.0,
        "first": 0.004141245692371741,
        "last": 0.004161742113740718,
        "median": 0.0041518368750472455,
        "peak_to_peak": 2.0935684678390076e-05,
        "fractional_peak_to_peak": 0.005042511377124334,
        "slope_per_cycle": 4.267680855257524e-07,
        "fractional_slope_per_cycle": 0.00010279018621628674,
        "log_slope_per_cycle": 0.00010278972103675124,
        "efolding_cycles": 9728.599220951888
      },
      "max_vsurf_div_cs": {
        "available": true,
        "window_cycles": 50,
        "window_start_period": 929.0,
        "window_end_period": 978.0,
        "first": 0.30432,
        "last": 0.33871,
        "median": 0.321,
        "peak_to_peak": 0.03439000000000003,
        "fractional_peak_to_peak": 0.10713395638629293,
        "slope_per_cycle": 0.0007018314525810323,
        "fractional_slope_per_cycle": 0.0021863908180094465,
        "log_slope_per_cycle": 0.002185511891755334,
        "efolding_cycles": 457.5587091392267
      }
    },
    "100": {
      "delta_r": {
        "available": true,
        "window_cycles": 100,
        "window_start_period": 879.0,
        "window_end_period": 978.0,
        "first": 0.04839486623305067,
        "last": 0.05929871740491688,
        "median": 0.053558922171874634,
        "peak_to_peak": 0.010903851171866208,
        "fractional_peak_to_peak": 0.20358608294757918,
        "slope_per_cycle": 0.00011003824961993355,
        "fractional_slope_per_cycle": 0.002054526961293442,
        "log_slope_per_cycle": 0.0020521020149360577,
        "efolding_cycles": 487.30520837735224
      },
      "period_days": {
        "available": true,
        "window_cycles": 100,
        "window_start_period": 879.0,
        "window_end_period": 978.0,
        "first": 0.631625597286728,
        "last": 0.6316223446440159,
        "median": 0.6316223505202301,
        "peak_to_peak": 3.636478515423036e-06,
        "fractional_peak_to_peak": 5.757361993963455e-06,
        "slope_per_cycle": -3.274472957028898e-08,
        "fractional_slope_per_cycle": -5.184225913367233e-08,
        "log_slope_per_cycle": -5.184217003260007e-08,
        "efolding_cycles": null
      },
      "gamma": {
        "available": true,
        "window_cycles": 100,
        "window_start_period": 879.0,
        "window_end_period": 978.0,
        "first": 0.004120411442088642,
        "last": 0.004161742113740718,
        "median": 0.0041412395714545535,
        "peak_to_peak": 4.1769934961488966e-05,
        "fractional_peak_to_peak": 0.01008633628670216,
        "slope_per_cycle": 4.254413203816719e-07,
        "fractional_slope_per_cycle": 0.0001027328443672341,
        "log_slope_per_cycle": 0.00010273039183106427,
        "efolding_cycles": 9734.217714699826
      },
      "max_vsurf_div_cs": {
        "available": true,
        "window_cycles": 100,
        "window_start_period": 879.0,
        "window_end_period": 978.0,
        "first": 0.27329,
        "last": 0.33871,
        "median": 0.30399,
        "peak_to_peak": 0.06542000000000003,
        "fractional_peak_to_peak": 0.215204447514721,
        "slope_per_cycle": 0.0006601011701170115,
        "fractional_slope_per_cycle": 0.0021714568575183775,
        "log_slope_per_cycle": 0.002167739903840642,
        "efolding_cycles": 461.30995615676653
      }
    },
    "250": {
      "delta_r": {
        "available": true,
        "window_cycles": 250,
        "window_start_period": 729.0,
        "window_end_period": 978.0,
        "first": 0.03564123569494537,
        "last": 0.05929871740491688,
        "median": 0.04593513591833309,
        "peak_to_peak": 0.023657481709971506,
        "fractional_peak_to_peak": 0.5150193035682215,
        "slope_per_cycle": 9.45650248853709e-05,
        "fractional_slope_per_cycle": 0.002058664309897671,
        "log_slope_per_cycle": 0.0020443550629136668,
        "efolding_cycles": 489.1518201220754
      },
      "period_days": {
        "available": true,
        "window_cycles": 250,
        "window_start_period": 729.0,
        "window_end_period": 978.0,
        "first": 0.6316296236893093,
        "last": 0.6316223446440159,
        "median": 0.6316273688204173,
        "peak_to_peak": 7.66288109677049e-06,
        "fractional_peak_to_peak": 1.2131964944902795e-05,
        "slope_per_cycle": -3.938521995050113e-08,
        "fractional_slope_per_cycle": -6.23551509872889e-08,
        "log_slope_per_cycle": -6.235529098117237e-08,
        "efolding_cycles": null
      },
      "gamma": {
        "available": true,
        "window_cycles": 250,
        "window_start_period": 729.0,
        "window_end_period": 978.0,
        "first": 0.004080379342827417,
        "last": 0.004161742113740718,
        "median": 0.0041137629272190845,
        "peak_to_peak": 8.271889440091343e-05,
        "fractional_peak_to_peak": 0.020107841862640256,
        "slope_per_cycle": 3.2332899396917036e-07,
        "fractional_slope_per_cycle": 7.859689527314149e-05,
        "log_slope_per_cycle": 7.850479522100163e-05,
        "efolding_cycles": 12738.07538997923
      },
      "max_vsurf_div_cs": {
        "available": true,
        "window_cycles": 250,
        "window_start_period": 729.0,
        "window_end_period": 978.0,
        "first": 0.19863,
        "last": 0.33871,
        "median": 0.258795,
        "peak_to_peak": 0.14008,
        "fractional_peak_to_peak": 0.5412778453988679,
        "slope_per_cycle": 0.0005586185570969135,
        "fractional_slope_per_cycle": 0.0021585369002373057,
        "log_slope_per_cycle": 0.0021405206013630504,
        "efolding_cycles": 467.17606892604323
      }
    },
    "500": {
      "delta_r": {
        "available": true,
        "window_cycles": 500,
        "window_start_period": 479.0,
        "window_end_period": 978.0,
        "first": 0.006402812199331365,
        "last": 0.05929871740491688,
        "median": 0.035605095888024074,
        "peak_to_peak": 0.052895905205585514,
        "fractional_peak_to_peak": 1.4856273768210038,