{
  "generated_at": "2026-06-19T23:03:54.775323+00:00",
  "workspace": "<local-rre-root>/rsp_batch_runs",
  "model_id": "model_009",
  "run_name": "model_009_M0p6668_Z0p0001120_T6852",
  "source": "cumulative:saturation+saturation_resume:LOGS_saturation_resume_130000",
  "source_kind": "history_exact_rsp_columns",
  "cycle_count": 311,
  "first_period": 1.0,
  "last_period": 311.0,
  "rolling_window": 100,
  "fits": {
    "50": {
      "delta_r": {
        "available": true,
        "window_cycles": 50,
        "window_start_period": 262.0,
        "window_end_period": 311.0,
        "first": 0.004055302074982947,
        "last": 0.004929635284376843,
        "median": 0.004343542977133463,
        "peak_to_peak": 0.001139520870719224,
        "fractional_peak_to_peak": 0.26234824352336783,
        "slope_per_cycle": 1.2333500167613066e-05,
        "fractional_slope_per_cycle": 0.0028395022755714977,
        "log_slope_per_cycle": 0.0028535420613259644,
        "efolding_cycles": 350.4416540947453
      },
      "period_days": {
        "available": true,
        "window_cycles": 50,
        "window_start_period": 262.0,
        "window_end_period": 311.0,
        "first": 0.4930669149564131,
        "last": 0.4890377838818003,
        "median": 0.49942672764189344,
        "peak_to_peak": 0.03125811988177396,
        "fractional_peak_to_peak": 0.06258799970390679,
        "slope_per_cycle": -7.933548016266276e-06,
        "fractional_slope_per_cycle": -1.5885309249918457e-05,
        "log_slope_per_cycle": -1.6603835420834396e-05,
        "efolding_cycles": null
      },
      "gamma": {
        "available": true,
        "window_cycles": 50,
        "window_start_period": 262.0,
        "window_end_period": 311.0,
        "first": 0.00405254857312375,
        "last": 0.005441244403445173,
        "median": 0.005076266981655591,
        "peak_to_peak": 0.005525054268201901,
        "fractional_peak_to_peak": 1.0884089209980718,
        "slope_per_cycle": 3.290655442530291e-07,
        "fractional_slope_per_cycle": 6.482431783871748e-05,
        "log_slope_per_cycle": -0.00032696723815324024,
        "efolding_cycles": null
      },
      "max_vsurf_div_cs": {
        "available": true,
        "window_cycles": 50,
        "window_start_period": 262.0,
        "window_end_period": 311.0,
        "first": 0.02806,
        "last": 0.03506,
        "median": 0.030010000000000002,
        "peak_to_peak": 0.010010000000000002,
        "fractional_peak_to_peak": 0.33355548150616465,
        "slope_per_cycle": 8.678847539015606e-05,
        "fractional_slope_per_cycle": 0.0028919851846103315,
        "log_slope_per_cycle": 0.002909784282801958,
        "efolding_cycles": 343.66808766904757
      }
    },
    "100": {
      "delta_r": {
        "available": true,
        "window_cycles": 100,
        "window_start_period": 212.0,
        "window_end_period": 311.0,
        "first": 0.00367368451797212,
        "last": 0.004929635284376843,
        "median": 0.0040279608287168145,
        "peak_to_peak": 0.0016431786377149038,
        "fractional_peak_to_peak": 0.40794305297114086,
        "slope_per_cycle": 1.1105407426573246e-05,
        "fractional_slope_per_cycle": 0.0027570793011189956,
        "log_slope_per_cycle": 0.0027502679213865,
        "efolding_cycles": 363.60093946624204
      },
      "period_days": {
        "available": true,
        "window_cycles": 100,
        "window_start_period": 212.0,
        "window_end_period": 311.0,
        "first": 0.48891257507985253,
        "last": 0.4890377838818003,
        "median": 0.4998427429914052,
        "peak_to_peak": 0.03125811988177396,
        "fractional_peak_to_peak": 0.06253590818324924,
        "slope_per_cycle": 7.048498577424445e-07,
        "fractional_slope_per_cycle": 1.4101432252954894e-06,
        "log_slope_per_cycle": 9.9613273663056e-07,
        "efolding_cycles": 1003882.277157682
      },
      "gamma": {
        "available": true,
        "window_cycles": 100,
        "window_start_period": 212.0,
        "window_end_period": 311.0,
        "first": 0.004709920424797395,
        "last": 0.005441244403445173,
        "median": 0.005009049537551012,
        "peak_to_peak": 0.005525054268201901,
        "fractional_peak_to_peak": 1.1030144994140287,
        "slope_per_cycle": -2.1349265192145193e-07,
        "fractional_slope_per_cycle": -4.2621389611137925e-05,
        "log_slope_per_cycle": -7.268941542571371e-06,
        "efolding_cycles": null
      },
      "max_vsurf_div_cs": {
        "available": true,
        "window_cycles": 100,
        "window_start_period": 212.0,
        "window_end_period": 311.0,
        "first": 0.02586,
        "last": 0.03506,
        "median": 0.027555,
        "peak_to_peak": 0.01346,
        "fractional_peak_to_peak": 0.48847759027399745,
        "slope_per_cycle": 7.690111011101109e-05,
        "fractional_slope_per_cycle": 0.0027908223593181305,
        "log_slope_per_cycle": 0.00276704045080045,
        "efolding_cycles": 361.3969574281864
      }
    },
    "250": {
      "delta_r": {
        "available": true,
        "window_cycles": 250,
        "window_start_period": 62.0,
        "window_end_period": 311.0,
        "first": 0.0023848778129167414,
        "last": 0.004929635284376843,
        "median": 0.003277513663189957,
        "peak_to_peak": 0.0027292563891121446,
        "fractional_peak_to_peak": 0.8327215900774609,
        "slope_per_cycle": 9.076959998162735e-06,
        "fractional_slope_per_cycle": 0.0027694651894534772,
        "log_slope_per_cycle": 0.002734573393053159,
        "efolding_cycles": 365.6877531758243
      },
      "period_days": {
        "available": true,
        "window_cycles": 250,
        "window_start_period": 62.0,
        "window_end_period": 311.0,
        "first": 0.5037751379688712,
        "last": 0.4890377838818003,
        "median": 0.5010520650552913,
        "peak_to_peak": 0.03125811988177396,
        "fractional_peak_to_peak": 0.06238497366201776,
        "slope_per_cycle": -1.7116250822767285e-07,
        "fractional_slope_per_cycle": -3.41606232495589e-07,
        "log_slope_per_cycle": -6.823215540238344e-07,
        "efolding_cycles": null
      },
      "gamma": {
        "available": true,
        "window_cycles": 250,
        "window_start_period": 62.0,
        "window_end_period": 311.0,
        "first": 0.003858998451932295,
        "last": 0.005441244403445173,
        "median": 0.005056107745992952,
        "peak_to_peak": 0.005525054268201901,
        "fractional_peak_to_peak": 1.0927485223353077,
        "slope_per_cycle": 1.5271780687606001e-07,
        "fractional_slope_per_cycle": 3.0204618759774525e-05,
        "log_slope_per_cycle": -3.492585221085721e-05,
        "efolding_cycles": null
      },
      "max_vsurf_div_cs": {
        "available": true,
        "window_cycles": 250,
        "window_start_period": 129.0,
        "window_end_period": 311.0,
        "first": 0.01909,
        "last": 0.03506,
        "median": 0.02459,
        "peak_to_peak": 0.01743,
        "fractional_peak_to_peak": 0.70882472549817,
        "slope_per_cycle": 6.836094945681547e-05,
        "fractional_slope_per_cycle": 0.0027800304781136834,
        "log_slope_per_cycle": 0.002745373327983717,
        "efolding_cycles": 364.2491860057624
      }
    },
    "500": {
      "delta_r": {
        "available": false,
        "reason": "only 311 rows for 500-cycle window"
      },
      "period_days": {
        "available": false,
        "reason": "only 311 rows for 500-cycle window"
      },
      "gamma": {
        "available": false,
        "reason": "only 311 rows for 500-cycle window"
      },
      "max_vsurf_div_cs": {
        "available": false,
        "reason": "only 311 rows for 500-cycle window"
      }
    }
  },
  "latest_rolling": {
    "window_start_period": 212.0,
    "window_end_period": 311.0,
    "gamma_peak_to_peak": 0.005525054268201901,