{
  "generated_at": "2026-06-18T11:49:20.897459+00:00",
  "workspace": "<local-rre-root>/rsp_batch_runs",
  "model_id": "model_007",
  "run_name": "model_007_M0p6887_Z0p004060_T6669",
  "source": "cumulative:continue_saturation+continue_saturation_resume:LOGS_continue_saturation_resume_2180000+continue_saturation_resume:LOGS_continue_saturation_resume_2270000",
  "source_kind": "history_exact_rsp_columns",
  "cycle_count": 1644,
  "first_period": 1.0,
  "last_period": 1644.0,
  "rolling_window": 100,
  "fits": {
    "50": {
      "delta_r": {
        "available": true,
        "window_cycles": 50,
        "window_start_period": 1595.0,
        "window_end_period": 1644.0,
        "first": 0.6182908136873762,
        "last": 0.6287600792005676,
        "median": 0.6241416470252559,
        "peak_to_peak": 0.010469265513191495,
        "fractional_peak_to_peak": 0.01677386145130587,
        "slope_per_cycle": 0.0002141426066236985,
        "fractional_slope_per_cycle": 0.0003430993711833385,
        "log_slope_per_cycle": 0.0003432778006977855,
        "efolding_cycles": 2913.0925389503377
      },
      "period_days": {
        "available": true,
        "window_cycles": 50,
        "window_start_period": 1595.0,
        "window_end_period": 1644.0,
        "first": 0.5572316321287373,
        "last": 0.5572361732222554,
        "median": 0.5572413074638246,
        "peak_to_peak": 4.8496958247712385e-05,
        "fractional_peak_to_peak": 8.703044372004088e-05,
        "slope_per_cycle": 2.0649212508135508e-07,
        "fractional_slope_per_cycle": 3.7056141085657095e-07,
        "log_slope_per_cycle": 3.7055703990853597e-07,
        "efolding_cycles": 2698639.864585567
      },
      "gamma": {
        "available": true,
        "window_cycles": 50,
        "window_start_period": 1595.0,
        "window_end_period": 1644.0,
        "first": 0.0007024150626794257,
        "last": 0.00043641506261151737,
        "median": 0.0005409037718955541,
        "peak_to_peak": 0.00029168457627422377,
        "fractional_peak_to_peak": 0.5392540992125798,
        "slope_per_cycle": -5.527902438441189e-06,
        "fractional_slope_per_cycle": -0.010219752062495507,
        "log_slope_per_cycle": -0.01001261642713545,
        "efolding_cycles": null
      },
      "max_vsurf_div_cs": {
        "available": true,
        "window_cycles": 50,
        "window_start_period": 1629.0,
        "window_end_period": 1644.0,
        "first": 4.85518,
        "last": 4.87344,
        "median": 4.8639399999999995,
        "peak_to_peak": 0.01914999999999978,
        "fractional_peak_to_peak": 0.0039371373824512185,
        "slope_per_cycle": 0.0013575000000000089,
        "fractional_slope_per_cycle": 0.00027909472567507187,
        "log_slope_per_cycle": 0.0002790691676213643,
        "efolding_cycles": 3583.3410352116753
      }
    },
    "100": {
      "delta_r": {
        "available": true,
        "window_cycles": 100,
        "window_start_period": 1545.0,
        "window_end_period": 1644.0,
        "first": 0.6013404801933904,
        "last": 0.6287600792005676,
        "median": 0.6181699604924038,
        "peak_to_peak": 0.027419599007177275,
        "fractional_peak_to_peak": 0.044356084506817786,
        "slope_per_cycle": 0.0002754189573958604,
        "fractional_slope_per_cycle": 0.0004455392125111922,
        "log_slope_per_cycle": 0.00044694495086404723,
        "efolding_cycles": 2237.4120080487996
      },
      "period_days": {
        "available": true,
        "window_cycles": 100,
        "window_start_period": 1545.0,
        "window_end_period": 1644.0,
        "first": 0.5571937927370891,
        "last": 0.5572361732222554,
        "median": 0.557232576941347,
        "peak_to_peak": 7.59156455319987e-05,
        "fractional_peak_to_peak": 0.0001362369119707612,
        "slope_per_cycle": 3.4832607388246316e-07,
        "fractional_slope_per_cycle": 6.250999821195436e-07,
        "log_slope_per_cycle": 6.250989138879837e-07,
        "efolding_cycles": 1599746.820515509
      },
      "gamma": {
        "available": true,
        "window_cycles": 100,
        "window_start_period": 1545.0,
        "window_end_period": 1644.0,
        "first": 0.0010567841671308717,
        "last": 0.00043641506261151737,
        "median": 0.0006962048114287335,
        "peak_to_peak": 0.0006556836269426178,
        "fractional_peak_to_peak": 0.9417970346930536,
        "slope_per_cycle": -6.470343058382679e-06,
        "fractional_slope_per_cycle": -0.009293735050615936,
        "log_slope_per_cycle": -0.009238627212440871,
        "efolding_cycles": null
      },
      "max_vsurf_div_cs": {
        "available": true,
        "window_cycles": 100,
        "window_start_period": 1629.0,
        "window_end_period": 1644.0,
        "first": 4.85518,
        "last": 4.87344,
        "median": 4.8639399999999995,
        "peak_to_peak": 0.01914999999999978,
        "fractional_peak_to_peak": 0.0039371373824512185,
        "slope_per_cycle": 0.0013575000000000089,
        "fractional_slope_per_cycle": 0.00027909472567507187,
        "log_slope_per_cycle": 0.0002790691676213643,
        "efolding_cycles": 3583.3410352116753
      }
    },
    "250": {
      "delta_r": {
        "available": true,
        "window_cycles": 250,
        "window_start_period": 1395.0,
        "window_end_period": 1644.0,
        "first": 0.49898126933201503,
        "last": 0.6287600792005676,
        "median": 0.5896597611079835,
        "peak_to_peak": 0.1297788098685526,
        "fractional_peak_to_peak": 0.22009100574320253,
        "slope_per_cycle": 0.0005175376274699552,
        "fractional_slope_per_cycle": 0.0008776885614468432,
        "log_slope_per_cycle": 0.0009048698571204339,
        "efolding_cycles": 1105.1312983087962
      },
      "period_days": {
        "available": true,
        "window_cycles": 250,
        "window_start_period": 1395.0,
        "window_end_period": 1644.0,
        "first": 0.5569952566176652,
        "last": 0.5572361732222554,
        "median": 0.5571968997589796,
        "peak_to_peak": 0.0005568297119398213,
        "fractional_peak_to_peak": 0.0009993410088618277,
        "slope_per_cycle": 1.4731975429489817e-06,
        "fractional_slope_per_cycle": 2.643944256664433e-06,
        "log_slope_per_cycle": 2.644433741651155e-06,
        "efolding_cycles": 378152.79099245317
      },
      "gamma": {
        "available": true,
        "window_cycles": 250,
        "window_start_period": 1395.0,
        "window_end_period": 1644.0,
        "first": 0.002981280411573766,
        "last": 0.00043641506261151737,
        "median": 0.0013317605778888552,
        "peak_to_peak": 0.0025705499251685643,
        "fractional_peak_to_peak": 1.9301892305923887,
        "slope_per_cycle": -1.044522419447609e-05,
        "fractional_slope_per_cycle": -0.007843169686727141,
        "log_slope_per_cycle": -0.007854117466586262,
        "efolding_cycles": null
      },
      "max_vsurf_div_cs": {
        "available": true,
        "window_cycles": 250,
        "window_start_period": 1629.0,
        "window_end_period": 1644.0,
        "first": 4.85518,
        "last": 4.87344,
        "median": 4.8639399999999995,
        "peak_to_peak": 0.01914999999999978,
        "fractional_peak_to_peak": 0.0039371373824512185,
        "slope_per_cycle": 0.0013575000000000089,
        "fractional_slope_per_cycle": 0.00027909472567507187,
        "log_slope_per_cycle": 0.0002790691676213643,
        "efolding_cycles": 3583.3410352116753
      }
    },
    "500": {
      "delta_r": {
        "available": true,
        "window_cycles": 500,
        "window_start_period": 1145.0,
        "window_end_period": 1644.0,
        "first": 0.2777596598364278,
        "last": 0.6287600792005676,
        "median": 0.4985269782372055,
        "peak_to_peak": 0.3518043917150173,
        "fractional_peak_to_peak": 0.705687770316864,
        "slope_per_cycle": 0.0007732845272187762,