{
  "generated_at": "2026-06-18T09:47:19.201144+00:00",
  "workspace": "<local-rre-root>/rsp_batch_runs",
  "model_id": "model_008",
  "run_name": "model_008_M0p6151_Z0p0004406_T6792",
  "source": "cumulative:saturation+continue_saturation+continue_saturation_resume:LOGS_continue_saturation_resume_1620000",
  "source_kind": "history_exact_rsp_columns",
  "cycle_count": 1031,
  "first_period": 1.0,
  "last_period": 1031.0,
  "rolling_window": 100,
  "fits": {
    "50": {
      "delta_r": {
        "available": true,
        "window_cycles": 50,
        "window_start_period": 982.0,
        "window_end_period": 1031.0,
        "first": 0.059790042150158484,
        "last": 0.06616185292775523,
        "median": 0.06289328215804346,
        "peak_to_peak": 0.0063718107775967425,
        "fractional_peak_to_peak": 0.10131146855374994,
        "slope_per_cycle": 0.0001300226301238047,
        "fractional_slope_per_cycle": 0.002067353231734242,
        "log_slope_per_cycle": 0.0020667609726428356,
        "efolding_cycles": 483.8488887862378
      },
      "period_days": {
        "available": true,
        "window_cycles": 50,
        "window_start_period": 982.0,
        "window_end_period": 1031.0,
        "first": 0.631622340247656,
        "last": 0.6316191884749397,
        "median": 0.6316215711236173,
        "peak_to_peak": 3.1517727162588827e-06,
        "fractional_peak_to_peak": 4.989970039579342e-06,
        "slope_per_cycle": -6.497945667259386e-08,
        "fractional_slope_per_cycle": -1.0287719679522545e-07,
        "log_slope_per_cycle": -1.0287728249316973e-07,
        "efolding_cycles": null
      },
      "gamma": {
        "available": true,
        "window_cycles": 50,
        "window_start_period": 982.0,
        "window_end_period": 1031.0,
        "first": 0.004163787720998067,
        "last": 0.004186098341284572,
        "median": 0.004174490205773959,
        "peak_to_peak": 2.2310620286504664e-05,
        "fractional_peak_to_peak": 0.005344513745809167,
        "slope_per_cycle": 4.438236394995588e-07,
        "fractional_slope_per_cycle": 0.00010631804546712859,
        "log_slope_per_cycle": 0.00010631158444880803,
        "efolding_cycles": 9406.31263455139
      },
      "max_vsurf_div_cs": {
        "available": true,
        "window_cycles": 50,
        "window_start_period": 1018.0,
        "window_end_period": 1031.0,
        "first": 0.36986,
        "last": 0.38059,
        "median": 0.375185,
        "peak_to_peak": 0.010729999999999962,
        "fractional_peak_to_peak": 0.028599224382637796,
        "slope_per_cycle": 0.0008257802197802178,
        "fractional_slope_per_cycle": 0.002200994761997995,
        "log_slope_per_cycle": 0.0022009298638033603,
        "efolding_cycles": 454.3534150933507
      }
    },
    "100": {
      "delta_r": {
        "available": true,
        "window_cycles": 100,
        "window_start_period": 932.0,
        "window_end_period": 1031.0,
        "first": 0.05394494012820239,
        "last": 0.06616185292775523,
        "median": 0.05972842729356209,
        "peak_to_peak": 0.012216912799552837,
        "fractional_peak_to_peak": 0.20454100925020763,
        "slope_per_cycle": 0.000123330620614947,
        "fractional_slope_per_cycle": 0.00206485632057217,
        "log_slope_per_cycle": 0.002062368763287443,
        "efolding_cycles": 484.8793376825524
      },
      "period_days": {
        "available": true,
        "window_cycles": 100,
        "window_start_period": 932.0,
        "window_end_period": 1031.0,
        "first": 0.6316222453370898,
        "last": 0.6316191884749397,
        "median": 0.631622060612189,
        "peak_to_peak": 3.161295489495508e-06,
        "fractional_peak_to_peak": 5.005042867615289e-06,
        "slope_per_cycle": -2.0632811988751422e-08,
        "fractional_slope_per_cycle": -3.26663890883631e-08,
        "log_slope_per_cycle": -3.2666439042123134e-08,
        "efolding_cycles": null
      },
      "gamma": {
        "available": true,
        "window_cycles": 100,
        "window_start_period": 932.0,
        "window_end_period": 1031.0,
        "first": 0.004142676827070089,
        "last": 0.004186098341284572,
        "median": 0.004163817828056365,
        "peak_to_peak": 4.356581797189656e-05,
        "fractional_peak_to_peak": 0.010462950054717625,
        "slope_per_cycle": 4.2879308619182706e-07,
        "fractional_slope_per_cycle": 0.00010298075081540828,
        "log_slope_per_cycle": 0.00010297746796397298,
        "efolding_cycles": 9710.862189288373
      },
      "max_vsurf_div_cs": {
        "available": true,
        "window_cycles": 100,
        "window_start_period": 1018.0,
        "window_end_period": 1031.0,
        "first": 0.36986,
        "last": 0.38059,
        "median": 0.375185,
        "peak_to_peak": 0.010729999999999962,
        "fractional_peak_to_peak": 0.028599224382637796,
        "slope_per_cycle": 0.0008257802197802178,
        "fractional_slope_per_cycle": 0.002200994761997995,
        "log_slope_per_cycle": 0.0022009298638033603,
        "efolding_cycles": 454.3534150933507
      }
    },
    "250": {
      "delta_r": {
        "available": true,
        "window_cycles": 250,
        "window_start_period": 782.0,
        "window_end_period": 1031.0,
        "first": 0.03969675757042879,
        "last": 0.06616185292775523,
        "median": 0.05119698012918805,
        "peak_to_peak": 0.02646509535732644,
        "fractional_peak_to_peak": 0.5169268830025846,
        "slope_per_cycle": 0.00010575038716100539,
        "fractional_slope_per_cycle": 0.002065559079737903,
        "log_slope_per_cycle": 0.0020507889556298045,
        "efolding_cycles": 487.617215440336
      },
      "period_days": {
        "available": true,
        "window_cycles": 250,
        "window_start_period": 782.0,
        "window_end_period": 1031.0,
        "first": 0.6316293762419027,
        "last": 0.6316191884749397,
        "median": 0.6316235113300004,
        "peak_to_peak": 1.0187766963043465e-05,
        "fractional_peak_to_peak": 1.6129492934155084e-05,
        "slope_per_cycle": -4.0961043017536906e-08,
        "fractional_slope_per_cycle": -6.485040895847249e-08,
        "log_slope_per_cycle": -6.485025834490334e-08,
        "efolding_cycles": null
      },
      "gamma": {
        "available": true,
        "window_cycles": 250,
        "window_start_period": 782.0,
        "window_end_period": 1031.0,
        "first": 0.004095190583881654,
        "last": 0.004186098341284572,
        "median": 0.004131296018568769,
        "peak_to_peak": 9.207404405186734e-05,
        "fractional_peak_to_peak": 0.022286963615782033,
        "slope_per_cycle": 3.7278429391503385e-07,
        "fractional_slope_per_cycle": 9.023422486297166e-05,
        "log_slope_per_cycle": 9.011048718665941e-05,
        "efolding_cycles": 11097.487442594218
      },
      "max_vsurf_div_cs": {
        "available": true,
        "window_cycles": 250,
        "window_start_period": 1018.0,
        "window_end_period": 1031.0,
        "first": 0.36986,
        "last": 0.38059,
        "median": 0.375185,
        "peak_to_peak": 0.010729999999999962,
        "fractional_peak_to_peak": 0.028599224382637796,
        "slope_per_cycle": 0.0008257802197802178,
        "fractional_slope_per_cycle": 0.002200994761997995,
        "log_slope_per_cycle": 0.0022009298638033603,
        "efolding_cycles": 454.3534150933507
      }
    },
    "500": {
      "delta_r": {
        "available": true,
        "window_cycles": 500,
        "window_start_period": 532.0,
        "window_end_period": 1031.0,
        "first": 0.007123524603090736,
        "last": 0.06616185292775523,
        "median": 0.0396563634101752,
        "peak_to_peak": 0.05903832832466449,
        "fractional_peak_to_peak": 1.4887479145280422,
        "slope_per_cycle": 0.00010869255031609323,
        "fractional_slope_per_cycle": 0.0027408602546799446,