{
  "generated_at": "2026-06-20T03:23:49.204889+00:00",
  "workspace": "<local-rre-root>/rsp_batch_runs",
  "model_id": "model_008",
  "run_name": "model_008_M0p6151_Z0p0004406_T6792",
  "source": "cumulative:saturation+continue_saturation+continue_saturation_resume:LOGS_continue_saturation_resume_1620000",
  "source_kind": "history_exact_rsp_columns",
  "cycle_count": 1196,
  "first_period": 1.0,
  "last_period": 1196.0,
  "rolling_window": 100,
  "fits": {
    "50": {
      "delta_r": {
        "available": true,
        "window_cycles": 50,
        "window_start_period": 1147.0,
        "window_end_period": 1196.0,
        "first": 0.0841937915908968,
        "last": 0.09326944801086867,
        "median": 0.08861425848357873,
        "peak_to_peak": 0.009075656419971878,
        "fractional_peak_to_peak": 0.10241756321476983,
        "slope_per_cycle": 0.00018517351824148993,
        "fractional_slope_per_cycle": 0.002089658271820948,
        "log_slope_per_cycle": 0.0020890734272538346,
        "efolding_cycles": 478.68111620879574
      },
      "period_days": {
        "available": true,
        "window_cycles": 50,
        "window_start_period": 1147.0,
        "window_end_period": 1196.0,
        "first": 0.6316199279419595,
        "last": 0.6316196226528673,
        "median": 0.6316180064262719,
        "peak_to_peak": 2.857926301724767e-06,
        "fractional_peak_to_peak": 4.5247701500707135e-06,
        "slope_per_cycle": -1.0150335520674555e-08,
        "fractional_slope_per_cycle": -1.6070370726296566e-08,
        "log_slope_per_cycle": -1.6070348902042125e-08,
        "efolding_cycles": null
      },
      "gamma": {
        "available": true,
        "window_cycles": 50,
        "window_start_period": 1147.0,
        "window_end_period": 1196.0,
        "first": 0.00424878474047923,
        "last": 0.004279188907727642,
        "median": 0.004263760881689944,
        "peak_to_peak": 3.040416724841167e-05,
        "fractional_peak_to_peak": 0.007130833105340785,
        "slope_per_cycle": 6.246562015430704e-07,
        "fractional_slope_per_cycle": 0.00014650357252104802,
        "log_slope_per_cycle": 0.00014649899840252537,
        "efolding_cycles": 6825.985234741112
      },
      "max_vsurf_div_cs": {
        "available": true,
        "window_cycles": 50,
        "window_start_period": 1147.0,
        "window_end_period": 1196.0,
        "first": 0.49464,
        "last": 0.55405,
        "median": 0.523245,
        "peak_to_peak": 0.05941000000000002,
        "fractional_peak_to_peak": 0.11354145763456894,
        "slope_per_cycle": 0.0012107755102040815,
        "fractional_slope_per_cycle": 0.002313974352748868,
        "log_slope_per_cycle": 0.0023124821706363907,
        "efolding_cycles": 432.4357665100622
      }
    },
    "100": {
      "delta_r": {
        "available": true,
        "window_cycles": 100,
        "window_start_period": 1097.0,
        "window_end_period": 1196.0,
        "first": 0.0758592410525667,
        "last": 0.09326944801086867,
        "median": 0.08410598166692207,
        "peak_to_peak": 0.017410206958301977,
        "fractional_peak_to_peak": 0.20700319541183376,
        "slope_per_cycle": 0.00017576387155168144,
        "fractional_slope_per_cycle": 0.002089790381946251,
        "log_slope_per_cycle": 0.002087393740874409,
        "efolding_cycles": 479.0663018760898
      },
      "period_days": {
        "available": true,
        "window_cycles": 100,
        "window_start_period": 1097.0,
        "window_end_period": 1196.0,
        "first": 0.6316181156085804,
        "last": 0.6316196226528673,
        "median": 0.6316191776450378,
        "peak_to_peak": 3.6466785672262247e-06,
        "fractional_peak_to_peak": 5.773539968850681e-06,
        "slope_per_cycle": -2.0274496859538786e-08,
        "fractional_slope_per_cycle": -3.209924203874127e-08,
        "log_slope_per_cycle": -3.2099254654288645e-08,
        "efolding_cycles": null
      },
      "gamma": {
        "available": true,
        "window_cycles": 100,
        "window_start_period": 1097.0,
        "window_end_period": 1196.0,
        "first": 0.004222327310990559,
        "last": 0.004279188907727642,
        "median": 0.004248538354924072,
        "peak_to_peak": 5.6861596737082555e-05,
        "fractional_peak_to_peak": 0.013383802142489722,
        "slope_per_cycle": 5.67835388494017e-07,
        "fractional_slope_per_cycle": 0.000133654292619459,
        "log_slope_per_cycle": 0.00013360015018195254,
        "efolding_cycles": 7485.021526084225
      },
      "max_vsurf_div_cs": {
        "available": true,
        "window_cycles": 100,
        "window_start_period": 1097.0,
        "window_end_period": 1196.0,
        "first": 0.4411,
        "last": 0.55405,
        "median": 0.49407500000000004,
        "peak_to_peak": 0.11295000000000005,
        "fractional_peak_to_peak": 0.22860901684966867,
        "slope_per_cycle": 0.0011374490849084908,
        "fractional_slope_per_cycle": 0.0023021789908586566,
        "log_slope_per_cycle": 0.0022985672091754886,
        "efolding_cycles": 435.05362645397986
      }
    },
    "250": {
      "delta_r": {
        "available": true,
        "window_cycles": 250,
        "window_start_period": 947.0,
        "window_end_period": 1196.0,
        "first": 0.05563266656374655,
        "last": 0.09326944801086867,
        "median": 0.07194872782831307,
        "peak_to_peak": 0.037636781447122125,
        "fractional_peak_to_peak": 0.5231055862020593,
        "slope_per_cycle": 0.0001504305344506581,
        "fractional_slope_per_cycle": 0.002090801866707379,
        "log_slope_per_cycle": 0.002075261861051944,
        "efolding_cycles": 481.866900157411
      },
      "period_days": {
        "available": true,
        "window_cycles": 250,
        "window_start_period": 947.0,
        "window_end_period": 1196.0,
        "first": 0.6316220265897681,
        "last": 0.6316196226528673,
        "median": 0.6316194845883487,
        "peak_to_peak": 6.033168174268688e-06,
        "fractional_peak_to_peak": 9.55190319722442e-06,
        "slope_per_cycle": -1.5773868528076196e-08,
        "fractional_slope_per_cycle": -2.4973688926579978e-08,
        "log_slope_per_cycle": -2.4973658486101335e-08,
        "efolding_cycles": null
      },
      "gamma": {
        "available": true,
        "window_cycles": 250,
        "window_start_period": 947.0,
        "window_end_period": 1196.0,
        "first": 0.0041492370203242614,
        "last": 0.004279188907727642,
        "median": 0.004207951138809061,
        "peak_to_peak": 0.00013028617236260798,
        "fractional_peak_to_peak": 0.03096190237595813,
        "slope_per_cycle": 5.251166256301534e-07,
        "fractional_slope_per_cycle": 0.000124791521647462,
        "log_slope_per_cycle": 0.00012469784798355832,
        "efolding_cycles": 8019.384585785732
      },
      "max_vsurf_div_cs": {
        "available": true,
        "window_cycles": 250,
        "window_start_period": 1018.0,
        "window_end_period": 1196.0,
        "first": 0.36986,
        "last": 0.55405,
        "median": 0.45129,
        "peak_to_peak": 0.18419000000000002,
        "fractional_peak_to_peak": 0.4081411066055087,
        "slope_per_cycle": 0.001031485907978156,
        "fractional_slope_per_cycle": 0.0022856387422237495,
        "log_slope_per_cycle": 0.0022722072539084243,
        "efolding_cycles": 440.1006986840218
      }
    },
    "500": {
      "delta_r": {
        "available": true,
        "window_cycles": 500,
        "window_start_period": 697.0,
        "window_end_period": 1196.0,
        "first": 0.033401050117166875,
        "last": 0.09326944801086867,
        "median": 0.05557555597791408,
        "peak_to_peak": 0.0598683978937018,
        "fractional_peak_to_peak": 1.0772433462922748,
        "slope_per_cycle": 0.00011770202043221357,
        "fractional_slope_per_cycle": 0.0021178739170686616,