{
  "generated_at": "2026-06-19T17:43:54.569423+00:00",
  "workspace": "<local-rre-root>/rsp_batch_runs",
  "model_id": "model_009",
  "run_name": "model_009_M0p6668_Z0p0001120_T6852",
  "source": "cumulative:saturation+saturation_resume:LOGS_saturation_resume_130000",
  "source_kind": "history_exact_rsp_columns",
  "cycle_count": 291,
  "first_period": 1.0,
  "last_period": 291.0,
  "rolling_window": 100,
  "fits": {
    "50": {
      "delta_r": {
        "available": true,
        "window_cycles": 50,
        "window_start_period": 242.0,
        "window_end_period": 291.0,
        "first": 0.0036068503423400955,
        "last": 0.004528767884327323,
        "median": 0.00405865000811767,
        "peak_to_peak": 0.0009228259997104971,
        "fractional_peak_to_peak": 0.22737264801467505,
        "slope_per_cycle": 1.1883305872303214e-05,
        "fractional_slope_per_cycle": 0.0029278961843311243,
        "log_slope_per_cycle": 0.0029130245965699134,
        "efolding_cycles": 343.285807190746
      },
      "period_days": {
        "available": true,
        "window_cycles": 50,
        "window_start_period": 242.0,
        "window_end_period": 291.0,
        "first": 0.5069661849091924,
        "last": 0.4889561970244136,
        "median": 0.5029463542762527,
        "peak_to_peak": 0.030753643585420654,
        "fractional_peak_to_peak": 0.0611469659217942,
        "slope_per_cycle": -3.527261325571479e-05,
        "fractional_slope_per_cycle": -7.01319593149703e-05,
        "log_slope_per_cycle": -7.068833302823823e-05,
        "efolding_cycles": null
      },
      "gamma": {
        "available": true,
        "window_cycles": 50,
        "window_start_period": 242.0,
        "window_end_period": 291.0,
        "first": 0.006882849859448262,
        "last": 0.004369744114212789,
        "median": 0.0050228209389812616,
        "peak_to_peak": 0.005381840883952802,
        "fractional_peak_to_peak": 1.0714777511149656,
        "slope_per_cycle": -4.603641832114868e-06,
        "fractional_slope_per_cycle": -0.000916545082542518,
        "log_slope_per_cycle": -0.0005148457335206986,
        "efolding_cycles": null
      },
      "max_vsurf_div_cs": {
        "available": true,
        "window_cycles": 50,
        "window_start_period": 242.0,
        "window_end_period": 291.0,
        "first": 0.02398,
        "last": 0.03181,
        "median": 0.02812,
        "peak_to_peak": 0.008159999999999997,
        "fractional_peak_to_peak": 0.29018492176386906,
        "slope_per_cycle": 8.488355342136857e-05,
        "fractional_slope_per_cycle": 0.003018618542722922,
        "log_slope_per_cycle": 0.003029797377335044,
        "efolding_cycles": 330.0550747982963
      }
    },
    "100": {
      "delta_r": {
        "available": true,
        "window_cycles": 100,
        "window_start_period": 192.0,
        "window_end_period": 291.0,
        "first": 0.0032791082456942178,
        "last": 0.004528767884327323,
        "median": 0.003771534270400334,
        "peak_to_peak": 0.001345780490469295,
        "fractional_peak_to_peak": 0.35682573562468134,
        "slope_per_cycle": 1.0580100161826487e-05,
        "fractional_slope_per_cycle": 0.002805250967719153,
        "log_slope_per_cycle": 0.0027699775255842773,
        "efolding_cycles": 361.0137594127475
      },
      "period_days": {
        "available": true,
        "window_cycles": 100,
        "window_start_period": 192.0,
        "window_end_period": 291.0,
        "first": 0.49710051683599077,
        "last": 0.4889561970244136,
        "median": 0.5018674242341055,
        "peak_to_peak": 0.030753643585420654,
        "fractional_peak_to_peak": 0.061278421551973536,
        "slope_per_cycle": -6.071887645696226e-06,
        "fractional_slope_per_cycle": -1.2098588895189738e-05,
        "log_slope_per_cycle": -1.2376512162956693e-05,
        "efolding_cycles": null
      },
      "gamma": {
        "available": true,
        "window_cycles": 100,
        "window_start_period": 192.0,
        "window_end_period": 291.0,
        "first": 0.004579673079342568,
        "last": 0.004369744114212789,
        "median": 0.005133047614262601,
        "peak_to_peak": 0.005381840883952802,
        "fractional_peak_to_peak": 1.048468919126896,
        "slope_per_cycle": -7.798050747797578e-07,
        "fractional_slope_per_cycle": -0.00015191853522126004,
        "log_slope_per_cycle": -0.000323086623950746,
        "efolding_cycles": null
      },
      "max_vsurf_div_cs": {
        "available": true,
        "window_cycles": 100,
        "window_start_period": 192.0,
        "window_end_period": 291.0,
        "first": 0.02241,
        "last": 0.03181,
        "median": 0.02589,
        "peak_to_peak": 0.010679999999999999,
        "fractional_peak_to_peak": 0.4125144843568945,
        "slope_per_cycle": 7.344608460846086e-05,
        "fractional_slope_per_cycle": 0.002836851471937461,
        "log_slope_per_cycle": 0.002793352820541462,
        "efolding_cycles": 357.9927292557911
      }
    },
    "250": {
      "delta_r": {
        "available": true,
        "window_cycles": 250,
        "window_start_period": 42.0,
        "window_end_period": 291.0,
        "first": 0.002331462234860915,
        "last": 0.004528767884327323,
        "median": 0.003085942651686935,
        "peak_to_peak": 0.0023927060544748358,
        "fractional_peak_to_peak": 0.775356616937408,
        "slope_per_cycle": 8.591755031462415e-06,
        "fractional_slope_per_cycle": 0.0027841590078693523,
        "log_slope_per_cycle": 0.0027338879985327885,
        "efolding_cycles": 365.7794322725276
      },
      "period_days": {
        "available": true,
        "window_cycles": 250,
        "window_start_period": 42.0,
        "window_end_period": 291.0,
        "first": 0.4911809128777855,
        "last": 0.4889561970244136,
        "median": 0.5014151912974678,
        "peak_to_peak": 0.030753643585420654,
        "fractional_peak_to_peak": 0.061333689363982306,
        "slope_per_cycle": -2.625903456470539e-08,
        "fractional_slope_per_cycle": -5.2369842438872275e-08,
        "log_slope_per_cycle": -3.2575555147674427e-07,
        "efolding_cycles": null
      },
      "gamma": {
        "available": true,
        "window_cycles": 250,
        "window_start_period": 42.0,
        "window_end_period": 291.0,
        "first": 0.004922692236436076,
        "last": 0.004369744114212789,
        "median": 0.0050867255220922855,
        "peak_to_peak": 0.005381840883952802,
        "fractional_peak_to_peak": 1.0580167655162036,
        "slope_per_cycle": -6.804874986378605e-08,
        "fractional_slope_per_cycle": -1.3377712158488169e-05,
        "log_slope_per_cycle": -9.14735050522675e-05,
        "efolding_cycles": null
      },
      "max_vsurf_div_cs": {
        "available": true,
        "window_cycles": 250,
        "window_start_period": 129.0,
        "window_end_period": 291.0,
        "first": 0.01909,
        "last": 0.03181,
        "median": 0.02388,
        "peak_to_peak": 0.014359999999999998,
        "fractional_peak_to_peak": 0.6013400335008374,
        "slope_per_cycle": 6.6487494527297e-05,
        "fractional_slope_per_cycle": 0.0027842334391665413,
        "log_slope_per_cycle": 0.0027480908641980576,
        "efolding_cycles": 363.8889867245412
      }
    },
    "500": {
      "delta_r": {
        "available": false,
        "reason": "only 291 rows for 500-cycle window"
      },
      "period_days": {
        "available": false,
        "reason": "only 291 rows for 500-cycle window"
      },
      "gamma": {
        "available": false,
        "reason": "only 291 rows for 500-cycle window"
      },
      "max_vsurf_div_cs": {
        "available": false,
        "reason": "only 291 rows for 500-cycle window"
      }
    }
  },
  "latest_rolling": {
    "window_start_period": 192.0,
    "window_end_period": 291.0,
    "gamma_peak_to_peak": 0.005381840883952802,