{
  "generated_at": "2026-06-18T03:44:21.553372+00:00",
  "workspace": "<local-rre-root>/rsp_batch_runs",
  "model_id": "model_009",
  "run_name": "model_009_M0p6668_Z0p0001120_T6852",
  "source": "cumulative:saturation",
  "source_kind": "history_exact_rsp_columns",
  "cycle_count": 113,
  "first_period": 1.0,
  "last_period": 113.0,
  "rolling_window": 100,
  "fits": {
    "50": {
      "delta_r": {
        "available": true,
        "window_cycles": 50,
        "window_start_period": 64.0,
        "window_end_period": 113.0,
        "first": 0.0022003788952646985,
        "last": 0.002675056745496285,
        "median": 0.0024735238007487226,
        "peak_to_peak": 0.0006133366664018425,
        "fractional_peak_to_peak": 0.24796068920630104,
        "slope_per_cycle": 7.130173171649678e-06,
        "fractional_slope_per_cycle": 0.002882597357458785,
        "log_slope_per_cycle": 0.0028473410310534365,
        "efolding_cycles": 351.204857125958
      },
      "period_days": {
        "available": true,
        "window_cycles": 50,
        "window_start_period": 64.0,
        "window_end_period": 113.0,
        "first": 0.5131687889598079,
        "last": 0.49532172481047587,
        "median": 0.5002618951175747,
        "peak_to_peak": 0.027068679924521777,
        "fractional_peak_to_peak": 0.05410901807374301,
        "slope_per_cycle": -3.35268120922801e-05,
        "fractional_slope_per_cycle": -6.701852053792827e-05,
        "log_slope_per_cycle": -6.671834950413566e-05,
        "efolding_cycles": null
      },
      "gamma": {
        "available": true,
        "window_cycles": 50,
        "window_start_period": 64.0,
        "window_end_period": 113.0,
        "first": 0.007970636074407731,
        "last": 0.0044962621217244795,
        "median": 0.004804956454475834,
        "peak_to_peak": 0.004415816500496566,
        "fractional_peak_to_peak": 0.9190128032030795,
        "slope_per_cycle": -5.1152444631829665e-06,
        "fractional_slope_per_cycle": -0.0010645766536381612,
        "log_slope_per_cycle": -0.0011106985368059842,
        "efolding_cycles": null
      },
      "max_vsurf_div_cs": {
        "available": true,
        "window_cycles": 50,
        "window_start_period": 64.0,
        "window_end_period": 113.0,
        "first": 0.0145,
        "last": 0.0184,
        "median": 0.016915,
        "peak_to_peak": 0.005339999999999999,
        "fractional_peak_to_peak": 0.31569612769731004,
        "slope_per_cycle": 5.0213685474189666e-05,
        "fractional_slope_per_cycle": 0.0029685891501146713,
        "log_slope_per_cycle": 0.002925033853444603,
        "efolding_cycles": 341.8763850621324
      }
    },
    "100": {
      "delta_r": {
        "available": true,
        "window_cycles": 100,
        "window_start_period": 14.0,
        "window_end_period": 113.0,
        "first": 0.001995336066450193,
        "last": 0.002675056745496285,
        "median": 0.0023717003669658787,
        "peak_to_peak": 0.0008399644797307815,
        "fractional_peak_to_peak": 0.3541612977044608,
        "slope_per_cycle": 6.443742002938464e-06,
        "fractional_slope_per_cycle": 0.002716929209393325,
        "log_slope_per_cycle": 0.002745475715747625,
        "efolding_cycles": 364.235601962951
      },
      "period_days": {
        "available": true,
        "window_cycles": 100,
        "window_start_period": 14.0,
        "window_end_period": 113.0,
        "first": 0.49451434871606276,
        "last": 0.49532172481047587,
        "median": 0.5003284864776456,
        "peak_to_peak": 0.027832439044026658,
        "fractional_peak_to_peak": 0.05562833177852686,
        "slope_per_cycle": -3.3925156424366496e-06,
        "fractional_slope_per_cycle": -6.780576629406499e-06,
        "log_slope_per_cycle": -7.177392792769843e-06,
        "efolding_cycles": null
      },
      "gamma": {
        "available": true,
        "window_cycles": 100,
        "window_start_period": 14.0,
        "window_end_period": 113.0,
        "first": 0.005197615358311781,
        "last": 0.0044962621217244795,
        "median": 0.005055960417966539,
        "peak_to_peak": 0.004415816500496566,
        "fractional_peak_to_peak": 0.8733882656210682,
        "slope_per_cycle": -1.7755683649140926e-07,
        "fractional_slope_per_cycle": -3.511832012379974e-05,
        "log_slope_per_cycle": -0.00019697770669596532,
        "efolding_cycles": null
      },
      "max_vsurf_div_cs": {
        "available": true,
        "window_cycles": 100,
        "window_start_period": 14.0,
        "window_end_period": 113.0,
        "first": 0.0142,
        "last": 0.0184,
        "median": 0.01609,
        "peak_to_peak": 0.0069,
        "fractional_peak_to_peak": 0.4288377874456184,
        "slope_per_cycle": 4.3677407740774076e-05,
        "fractional_slope_per_cycle": 0.0027145685357845913,
        "log_slope_per_cycle": 0.0027027993237788823,
        "efolding_cycles": 369.9867730475319
      }
    },
    "250": {
      "delta_r": {
        "available": false,
        "reason": "only 113 rows for 250-cycle window"
      },
      "period_days": {
        "available": false,
        "reason": "only 113 rows for 250-cycle window"
      },
      "gamma": {
        "available": false,
        "reason": "only 113 rows for 250-cycle window"
      },
      "max_vsurf_div_cs": {
        "available": false,
        "reason": "only 113 rows for 250-cycle window"
      }
    },
    "500": {
      "delta_r": {
        "available": false,
        "reason": "only 113 rows for 500-cycle window"
      },
      "period_days": {
        "available": false,
        "reason": "only 113 rows for 500-cycle window"
      },
      "gamma": {
        "available": false,
        "reason": "only 113 rows for 500-cycle window"
      },
      "max_vsurf_div_cs": {
        "available": false,
        "reason": "only 113 rows for 500-cycle window"
      }
    }
  },
  "latest_rolling": {
    "window_start_period": 14.0,
    "window_end_period": 113.0,
    "gamma_peak_to_peak": 0.004415816500496566,
    "period_fractional_peak_to_peak": 0.05562833177852686,
    "delta_r_fractional_peak_to_peak": 0.3541612977044608
  },
  "growth_outlook": {
    "status": "amplitude still growing",
    "tolerance": 0.001,
    "delta_r_fractional_peak_to_peak": 0.3541612977044608,
    "delta_r_criterion_factor": 354.1612977044608,
    "log_slope_per_cycle": 0.002745475715747625,
    "efolding_cycles": 364.235601962951,
    "doubling_cycles": 252.46888056017397,
    "fit_window_cycles": 100,
    "max_vsurf_div_cs_latest": 0.0184,
    "max_vsurf_div_cs_log_slope_per_cycle": 0.0027027993237788823,
    "max_vsurf_div_cs_efolding_cycles": 369.9867730475319,
    "max_vsurf_div_cs_fit_window_cycles": 100,
    "cycles_to_vsurf_div_cs_0p8": 1395.6866978118271,
    "cycles_to_vsurf_div_cs_1p0": 1478.246860288938
  }
}
