{
  "generated_at": "2026-06-18T03:25:59.392925+00:00",
  "workspace": "<local-rre-root>/rsp_batch_runs",
  "model_id": "model_007",
  "run_name": "model_007_M0p6887_Z0p004060_T6669",
  "source": "cumulative:continue_saturation+continue_saturation_resume:LOGS_continue_saturation_resume_2180000",
  "source_kind": "history_exact_rsp_columns",
  "cycle_count": 1616,
  "first_period": 1.0,
  "last_period": 1616.0,
  "rolling_window": 100,
  "fits": {
    "50": {
      "delta_r": {
        "available": true,
        "window_cycles": 50,
        "window_start_period": 1567.0,
        "window_end_period": 1616.0,
        "first": 0.6097223807604344,
        "last": 0.6235836165991522,
        "median": 0.6174080048992923,
        "peak_to_peak": 0.01386123583871779,
        "fractional_peak_to_peak": 0.022450690189834432,
        "slope_per_cycle": 0.00028052830575147855,
        "fractional_slope_per_cycle": 0.000454364542612687,
        "log_slope_per_cycle": 0.0004547452130004944,
        "efolding_cycles": 2199.0335937827954
      },
      "period_days": {
        "available": true,
        "window_cycles": 50,
        "window_start_period": 1567.0,
        "window_end_period": 1616.0,
        "first": 0.5572289702508392,
        "last": 0.5572505238364209,
        "median": 0.5572326528004163,
        "peak_to_peak": 3.908675094999037e-05,
        "fractional_peak_to_peak": 7.014440154136129e-05,
        "slope_per_cycle": 3.40594818306214e-07,
        "fractional_slope_per_cycle": 6.112255206053128e-07,
        "log_slope_per_cycle": 6.112187309939762e-07,
        "efolding_cycles": 1636075.5148550174
      },
      "gamma": {
        "available": true,
        "window_cycles": 50,
        "window_start_period": 1567.0,
        "window_end_period": 1616.0,
        "first": 0.0008911030027810234,
        "last": 0.0005812563140652941,
        "median": 0.0007136091802848211,
        "peak_to_peak": 0.000315283671987965,
        "fractional_peak_to_peak": 0.441815605373976,
        "slope_per_cycle": -6.424775751276665e-06,
        "fractional_slope_per_cycle": -0.009003213423785216,
        "log_slope_per_cycle": -0.008920407222477653,
        "efolding_cycles": null
      },
      "max_vsurf_div_cs": {
        "available": true,
        "window_cycles": 50,
        "window_start_period": 1567.0,
        "window_end_period": 1616.0,
        "first": 4.73311,
        "last": 4.83498,
        "median": 4.7876650000000005,
        "peak_to_peak": 0.1018699999999999,
        "fractional_peak_to_peak": 0.02127759565466671,
        "slope_per_cycle": 0.0020749056422569,
        "fractional_slope_per_cycle": 0.0004333857198147531,
        "log_slope_per_cycle": 0.00043360175854287335,
        "efolding_cycles": 2306.263709262892
      }
    },
    "100": {
      "delta_r": {
        "available": true,
        "window_cycles": 100,
        "window_start_period": 1517.0,
        "window_end_period": 1616.0,
        "first": 0.5883841510380297,
        "last": 0.6235836165991522,
        "median": 0.6095433405300956,
        "peak_to_peak": 0.03519946556112252,
        "fractional_peak_to_peak": 0.057747272787052266,
        "slope_per_cycle": 0.00035225551303053217,
        "fractional_slope_per_cycle": 0.0005779006833610709,
        "log_slope_per_cycle": 0.0005801075837142651,
        "efolding_cycles": 1723.8181814436596
      },
      "period_days": {
        "available": true,
        "window_cycles": 100,
        "window_start_period": 1517.0,
        "window_end_period": 1616.0,
        "first": 0.5571907379999067,
        "last": 0.5572505238364209,
        "median": 0.5572269236960414,
        "peak_to_peak": 9.096969608901606e-05,
        "fractional_peak_to_peak": 0.00016325430847027522,
        "slope_per_cycle": 4.821008561329064e-07,
        "fractional_slope_per_cycle": 8.651786832825129e-07,
        "log_slope_per_cycle": 8.651892168367224e-07,
        "efolding_cycles": 1155816.5318520365
      },
      "gamma": {
        "available": true,
        "window_cycles": 100,
        "window_start_period": 1517.0,
        "window_end_period": 1616.0,
        "first": 0.001358384198057281,
        "last": 0.0005812563140652941,
        "median": 0.0008982847997075424,
        "peak_to_peak": 0.0007825648672642227,
        "fractional_peak_to_peak": 0.8711767888302295,
        "slope_per_cycle": -7.846142611365187e-06,
        "fractional_slope_per_cycle": -0.008734582410745102,
        "log_slope_per_cycle": -0.008677429772728295,
        "efolding_cycles": null
      },
      "max_vsurf_div_cs": {
        "available": true,
        "window_cycles": 100,
        "window_start_period": 1562.0,
        "window_end_period": 1616.0,
        "first": 4.72111,
        "last": 4.83498,
        "median": 4.78253,
        "peak_to_peak": 0.11386999999999947,
        "fractional_peak_to_peak": 0.02380957359389266,
        "slope_per_cycle": 0.0021061240981240952,
        "fractional_slope_per_cycle": 0.0004403786485655281,
        "log_slope_per_cycle": 0.0004406534803635414,
        "efolding_cycles": 2269.3568632999218
      }
    },
    "250": {
      "delta_r": {
        "available": true,
        "window_cycles": 250,
        "window_start_period": 1367.0,
        "window_end_period": 1616.0,
        "first": 0.47283784004908114,
        "last": 0.6235836165991522,
        "median": 0.5739440134787208,
        "peak_to_peak": 0.15074577655007104,
        "fractional_peak_to_peak": 0.26264892221174807,
        "slope_per_cycle": 0.0006084324676423292,
        "fractional_slope_per_cycle": 0.0010600902759740816,
        "log_slope_per_cycle": 0.0010950339382647728,
        "efolding_cycles": 913.2137051246406
      },
      "period_days": {
        "available": true,
        "window_cycles": 250,
        "window_start_period": 1367.0,
        "window_end_period": 1616.0,
        "first": 0.5569892975291306,
        "last": 0.5572505238364209,
        "median": 0.5571504456461924,
        "peak_to_peak": 0.0005568297119398213,
        "fractional_peak_to_peak": 0.0009994243319575934,
        "slope_per_cycle": 1.4889987586930085e-06,
        "fractional_slope_per_cycle": 2.6725254737363493e-06,
        "log_slope_per_cycle": 2.6727994981737232e-06,
        "efolding_cycles": 374139.54944367596
      },
      "gamma": {
        "available": true,
        "window_cycles": 250,
        "window_start_period": 1367.0,
        "window_end_period": 1616.0,
        "first": 0.0033707694170548768,
        "last": 0.0005812563140652941,
        "median": 0.0016561734236806781,
        "peak_to_peak": 0.0027949500862618185,
        "fractional_peak_to_peak": 1.6875950587652373,
        "slope_per_cycle": -1.1626527714721202e-05,
        "fractional_slope_per_cycle": -0.00702011489164125,
        "log_slope_per_cycle": -0.007226630175304762,
        "efolding_cycles": null
      },
      "max_vsurf_div_cs": {
        "available": true,
        "window_cycles": 250,
        "window_start_period": 1562.0,
        "window_end_period": 1616.0,
        "first": 4.72111,
        "last": 4.83498,
        "median": 4.78253,
        "peak_to_peak": 0.11386999999999947,
        "fractional_peak_to_peak": 0.02380957359389266,
        "slope_per_cycle": 0.0021061240981240952,
        "fractional_slope_per_cycle": 0.0004403786485655281,
        "log_slope_per_cycle": 0.0004406534803635414,
        "efolding_cycles": 2269.3568632999218
      }
    },
    "500": {
      "delta_r": {
        "available": true,
        "window_cycles": 500,
        "window_start_period": 1117.0,
        "window_end_period": 1616.0,
        "first": 0.2586349315240053,
        "last": 0.6235836165991522,
        "median": 0.4723763361382112,
        "peak_to_peak": 0.36574066186214615,