{
  "generated_at": "2026-06-18T16:27:51.918111+00:00",
  "workspace": "<local-rre-root>/rsp_batch_runs",
  "model_id": "model_009",
  "run_name": "model_009_M0p6668_Z0p0001120_T6852",
  "source": "cumulative:saturation+saturation_resume:LOGS_saturation_resume_130000",
  "source_kind": "history_exact_rsp_columns",
  "cycle_count": 172,
  "first_period": 1.0,
  "last_period": 172.0,
  "rolling_window": 100,
  "fits": {
    "50": {
      "delta_r": {
        "available": true,
        "window_cycles": 50,
        "window_start_period": 123.0,
        "window_end_period": 172.0,
        "first": 0.0026810612123471245,
        "last": 0.002954166159947924,
        "median": 0.002952790718565801,
        "peak_to_peak": 0.000645859185160802,
        "fractional_peak_to_peak": 0.2187283985620566,
        "slope_per_cycle": 7.85530429731455e-06,
        "fractional_slope_per_cycle": 0.002660298357050495,
        "log_slope_per_cycle": 0.0026678421268419043,
        "efolding_cycles": 374.83477374418857
      },
      "period_days": {
        "available": true,
        "window_cycles": 50,
        "window_start_period": 123.0,
        "window_end_period": 172.0,
        "first": 0.514087489433759,
        "last": 0.5110920954989248,
        "median": 0.5036570020410754,
        "peak_to_peak": 0.028222050720144554,
        "fractional_peak_to_peak": 0.05603426658574067,
        "slope_per_cycle": -5.757777082239593e-06,
        "fractional_slope_per_cycle": -1.1431940902054652e-05,
        "log_slope_per_cycle": -1.1687498794867638e-05,
        "efolding_cycles": null
      },
      "gamma": {
        "available": true,
        "window_cycles": 50,
        "window_start_period": 123.0,
        "window_end_period": 172.0,
        "first": 0.005333990137783873,
        "last": 0.007892640892830288,
        "median": 0.00521294062701415,
        "peak_to_peak": 0.004702758101273996,
        "fractional_peak_to_peak": 0.9021315295447025,
        "slope_per_cycle": 3.717979730402275e-06,
        "fractional_slope_per_cycle": 0.0007132211924945416,
        "log_slope_per_cycle": 0.0008848640940393329,
        "efolding_cycles": 1130.1170504445276
      },
      "max_vsurf_div_cs": {
        "available": true,
        "window_cycles": 50,
        "window_start_period": 129.0,
        "window_end_period": 172.0,
        "first": 0.01909,
        "last": 0.0195,
        "median": 0.020445,
        "peak_to_peak": 0.005660000000000002,
        "fractional_peak_to_peak": 0.2768403032526291,
        "slope_per_cycle": 5.211134601832275e-05,
        "fractional_slope_per_cycle": 0.0025488552711334187,
        "log_slope_per_cycle": 0.0025549062654248835,
        "efolding_cycles": 391.40379180748494
      }
    },
    "100": {
      "delta_r": {
        "available": true,
        "window_cycles": 100,
        "window_start_period": 73.0,
        "window_end_period": 172.0,
        "first": 0.0022683831182446212,
        "last": 0.002954166159947924,
        "median": 0.0026951657492877423,
        "peak_to_peak": 0.0010338838119690053,
        "fractional_peak_to_peak": 0.38360676416366307,
        "slope_per_cycle": 7.517256418443969e-06,
        "fractional_slope_per_cycle": 0.002789162937541252,
        "log_slope_per_cycle": 0.002730730565809301,
        "efolding_cycles": 366.20236815770653
      },
      "period_days": {
        "available": true,
        "window_cycles": 100,
        "window_start_period": 73.0,
        "window_end_period": 172.0,
        "first": 0.5163025475771671,
        "last": 0.5110920954989248,
        "median": 0.5014029844478851,
        "peak_to_peak": 0.028222050720144554,
        "fractional_peak_to_peak": 0.05628616421424173,
        "slope_per_cycle": -3.2287310913369636e-06,
        "fractional_slope_per_cycle": -6.4393934449597435e-06,
        "log_slope_per_cycle": -6.568438047365047e-06,
        "efolding_cycles": null
      },
      "gamma": {
        "available": true,
        "window_cycles": 100,
        "window_start_period": 73.0,
        "window_end_period": 172.0,
        "first": 0.007602538154303569,
        "last": 0.007892640892830288,
        "median": 0.0051153951052743335,
        "peak_to_peak": 0.004702758101273996,
        "fractional_peak_to_peak": 0.9193342849362935,
        "slope_per_cycle": 2.8094098120397187e-07,
        "fractional_slope_per_cycle": 5.492068069469392e-05,
        "log_slope_per_cycle": 9.414768498106348e-06,
        "efolding_cycles": 106216.10082086844
      },
      "max_vsurf_div_cs": {
        "available": true,
        "window_cycles": 100,
        "window_start_period": 129.0,
        "window_end_period": 172.0,
        "first": 0.01909,
        "last": 0.0195,
        "median": 0.020445,
        "peak_to_peak": 0.005660000000000002,
        "fractional_peak_to_peak": 0.2768403032526291,
        "slope_per_cycle": 5.211134601832275e-05,
        "fractional_slope_per_cycle": 0.0025488552711334187,
        "log_slope_per_cycle": 0.0025549062654248835,
        "efolding_cycles": 391.40379180748494
      }
    },
    "250": {
      "delta_r": {
        "available": false,
        "reason": "only 172 rows for 250-cycle window"
      },
      "period_days": {
        "available": false,
        "reason": "only 172 rows for 250-cycle window"
      },
      "gamma": {
        "available": false,
        "reason": "only 172 rows for 250-cycle window"
      },
      "max_vsurf_div_cs": {
        "available": false,
        "reason": "only 172 rows for 250-cycle window"
      }
    },
    "500": {
      "delta_r": {
        "available": false,
        "reason": "only 172 rows for 500-cycle window"
      },
      "period_days": {
        "available": false,
        "reason": "only 172 rows for 500-cycle window"
      },
      "gamma": {
        "available": false,
        "reason": "only 172 rows for 500-cycle window"
      },
      "max_vsurf_div_cs": {
        "available": false,
        "reason": "only 172 rows for 500-cycle window"
      }
    }
  },
  "latest_rolling": {
    "window_start_period": 73.0,
    "window_end_period": 172.0,
    "gamma_peak_to_peak": 0.004702758101273996,
    "period_fractional_peak_to_peak": 0.05628616421424173,
    "delta_r_fractional_peak_to_peak": 0.38360676416366307
  },
  "growth_outlook": {
    "status": "amplitude still growing",
    "tolerance": 0.001,
    "delta_r_fractional_peak_to_peak": 0.38360676416366307,
    "delta_r_criterion_factor": 383.60676416366306,
    "log_slope_per_cycle": 0.002730730565809301,
    "efolding_cycles": 366.20236815770653,
    "doubling_cycles": 253.8321390028894,
    "fit_window_cycles": 100,
    "max_vsurf_div_cs_latest": 0.0195,
    "max_vsurf_div_cs_log_slope_per_cycle": 0.0025549062654248835,
    "max_vsurf_div_cs_efolding_cycles": 391.40379180748494,
    "max_vsurf_div_cs_fit_window_cycles": 100,
    "cycles_to_vsurf_div_cs_0p8": 1453.7508919062248,
    "cycles_to_vsurf_div_cs_1p0": 1541.0901240079945
  }
}
