{
  "generated_at": "2026-06-17T12:41:48.845887+00:00",
  "workspace": "<local-rre-root>/rsp_batch_runs",
  "model_id": "model_008",
  "run_name": "model_008_M0p6151_Z0p0004406_T6792",
  "source": "cumulative:saturation+continue_saturation",
  "source_kind": "history_exact_rsp_columns",
  "cycle_count": 1507,
  "first_period": 1.0,
  "last_period": 1507.0,
  "rolling_window": 100,
  "fits": {
    "50": {
      "delta_r": {
        "available": true,
        "window_cycles": 50,
        "window_start_period": 1458.0,
        "window_end_period": 1507.0,
        "first": 0.04635980851265664,
        "last": 0.051249421878315715,
        "median": 0.04874274936232936,
        "peak_to_peak": 0.0048896133656590735,
        "fractional_peak_to_peak": 0.10031468125263347,
        "slope_per_cycle": 9.977488715431641e-05,
        "fractional_slope_per_cycle": 0.002046968799659607,
        "log_slope_per_cycle": 0.0020464170726125787,
        "efolding_cycles": 488.65894122127315
      },
      "period_days": {
        "available": true,
        "window_cycles": 50,
        "window_start_period": 1458.0,
        "window_end_period": 1507.0,
        "first": 0.6316271335326342,
        "last": 0.6316233329230022,
        "median": 0.6316253182964606,
        "peak_to_peak": 3.800609632009788e-06,
        "fractional_peak_to_peak": 6.017190131422073e-06,
        "slope_per_cycle": -7.667583909726677e-08,
        "fractional_slope_per_cycle": -1.213944990426715e-07,
        "log_slope_per_cycle": -1.2139450350451387e-07,
        "efolding_cycles": null
      },
      "gamma": {
        "available": true,
        "window_cycles": 50,
        "window_start_period": 1458.0,
        "window_end_period": 1507.0,
        "first": 0.0041159150026952645,
        "last": 0.0041313468634739305,
        "median": 0.004122456209906261,
        "peak_to_peak": 1.6667321131177797e-05,
        "fractional_peak_to_peak": 0.004043055955603902,
        "slope_per_cycle": 3.3599213016031086e-07,
        "fractional_slope_per_cycle": 8.150289852756274e-05,
        "log_slope_per_cycle": 8.149392096316366e-05,
        "efolding_cycles": 12270.853926049445
      },
      "max_vsurf_div_cs": {
        "available": true,
        "window_cycles": 50,
        "window_start_period": 1458.0,
        "window_end_period": 1507.0,
        "first": 0.26129,
        "last": 0.2902,
        "median": 0.275345,
        "peak_to_peak": 0.02890999999999999,
        "fractional_peak_to_peak": 0.10499555103597302,
        "slope_per_cycle": 0.0005898424969987996,
        "fractional_slope_per_cycle": 0.00214219432711253,
        "log_slope_per_cycle": 0.002141483359272623,
        "efolding_cycles": 466.96603812959836
      }
    },
    "100": {
      "delta_r": {
        "available": true,
        "window_cycles": 100,
        "window_start_period": 1408.0,
        "window_end_period": 1507.0,
        "first": 0.0418580630087515,
        "last": 0.051249421878315715,
        "median": 0.046312447555504566,
        "peak_to_peak": 0.009391358869564215,
        "fractional_peak_to_peak": 0.2027826073823642,
        "slope_per_cycle": 9.480231041424949e-05,
        "fractional_slope_per_cycle": 0.002047015768290604,
        "log_slope_per_cycle": 0.0020447695939037063,
        "efolding_cycles": 489.0526556055062
      },
      "period_days": {
        "available": true,
        "window_cycles": 100,
        "window_start_period": 1408.0,
        "window_end_period": 1507.0,
        "first": 0.6316290793538576,
        "last": 0.6316233329230022,
        "median": 0.6316271017805708,
        "peak_to_peak": 5.746430855380069e-06,
        "fractional_peak_to_peak": 9.097821862267711e-06,
        "slope_per_cycle": -5.9286829203574405e-08,
        "fractional_slope_per_cycle": -9.386365631943835e-08,
        "log_slope_per_cycle": -9.38637369576182e-08,
        "efolding_cycles": null
      },
      "gamma": {
        "available": true,
        "window_cycles": 100,
        "window_start_period": 1408.0,
        "window_end_period": 1507.0,
        "first": 0.004099472806700904,
        "last": 0.0041313468634739305,
        "median": 0.004114479803749899,
        "peak_to_peak": 3.1874056773026696e-05,
        "fractional_peak_to_peak": 0.007746801125132994,
        "slope_per_cycle": 3.0166943570445945e-07,
        "fractional_slope_per_cycle": 7.331897350170991e-05,
        "log_slope_per_cycle": 7.329901802964862e-05,
        "efolding_cycles": 13642.747568535111
      },
      "max_vsurf_div_cs": {
        "available": true,
        "window_cycles": 100,
        "window_start_period": 1408.0,
        "window_end_period": 1507.0,
        "first": 0.23486,
        "last": 0.2902,
        "median": 0.26101,
        "peak_to_peak": 0.05534,
        "fractional_peak_to_peak": 0.2120225278724953,
        "slope_per_cycle": 0.0005584014401440145,
        "fractional_slope_per_cycle": 0.002139387150469386,
        "log_slope_per_cycle": 0.002136667281143502,
        "efolding_cycles": 468.01858615292684
      }
    },
    "250": {
      "delta_r": {
        "available": true,
        "window_cycles": 250,
        "window_start_period": 1258.0,
        "window_end_period": 1507.0,
        "first": 0.030863499275857187,
        "last": 0.051249421878315715,
        "median": 0.039737237028050654,
        "peak_to_peak": 0.02038592260245853,
        "fractional_peak_to_peak": 0.513018119203105,
        "slope_per_cycle": 8.150764702277991e-05,
        "fractional_slope_per_cycle": 0.0020511654337024834,
        "log_slope_per_cycle": 0.0020368093576730683,
        "efolding_cycles": 490.9639658875289
      },
      "period_days": {
        "available": true,
        "window_cycles": 250,
        "window_start_period": 1258.0,
        "window_end_period": 1507.0,
        "first": 0.6316320634603984,
        "last": 0.6316233329230022,
        "median": 0.6316293735950496,
        "peak_to_peak": 8.730537396139937e-06,
        "fractional_peak_to_peak": 1.382224728791233e-05,
        "slope_per_cycle": -2.5951925370653232e-08,
        "fractional_slope_per_cycle": -4.108726803337607e-08,
        "log_slope_per_cycle": -4.10873477957263e-08,
        "efolding_cycles": null
      },
      "gamma": {
        "available": true,
        "window_cycles": 250,
        "window_start_period": 1258.0,
        "window_end_period": 1507.0,
        "first": 0.004065606922299562,
        "last": 0.0041313468634739305,
        "median": 0.0040941782940660185,
        "peak_to_peak": 6.802209410943384e-05,
        "fractional_peak_to_peak": 0.016614345840293046,
        "slope_per_cycle": 2.6412553605109925e-07,
        "fractional_slope_per_cycle": 6.45124655254792e-05,
        "log_slope_per_cycle": 6.448171923057878e-05,
        "efolding_cycles": 15508.27136640265
      },
      "max_vsurf_div_cs": {
        "available": true,
        "window_cycles": 250,
        "window_start_period": 1258.0,
        "window_end_period": 1507.0,
        "first": 0.17114,
        "last": 0.2902,
        "median": 0.222455,
        "peak_to_peak": 0.11906000000000003,
        "fractional_peak_to_peak": 0.5352093681868244,
        "slope_per_cycle": 0.0004758632438919023,
        "fractional_slope_per_cycle": 0.0021391438443366176,
        "log_slope_per_cycle": 0.002121886124149021,
        "efolding_cycles": 471.2788252956074
      }
    },
    "500": {
      "delta_r": {
        "available": true,
        "window_cycles": 500,
        "window_start_period": 1008.0,
        "window_end_period": 1507.0,
        "first": 0.018618447896972867,
        "last": 0.051249421878315715,
        "median": 0.030832275519539376,
        "peak_to_peak": 0.03263097398134285,
        "fractional_peak_to_peak": 1.0583381677639583,