{
  "generated_at": "2026-06-18T11:32:18.456572+00:00",
  "workspace": "<local-rre-root>/rsp_batch_runs",
  "model_id": "model_008",
  "run_name": "model_008_M0p6151_Z0p0004406_T6792",
  "source": "cumulative:saturation+continue_saturation+continue_saturation_resume:LOGS_continue_saturation_resume_1620000",
  "source_kind": "history_exact_rsp_columns",
  "cycle_count": 1041,
  "first_period": 1.0,
  "last_period": 1041.0,
  "rolling_window": 100,
  "fits": {
    "50": {
      "delta_r": {
        "available": true,
        "window_cycles": 50,
        "window_start_period": 992.0,
        "window_end_period": 1041.0,
        "first": 0.06103703118828996,
        "last": 0.06754440906705561,
        "median": 0.06420711463418982,
        "peak_to_peak": 0.006507377878765652,
        "fractional_peak_to_peak": 0.10134979458024923,
        "slope_per_cycle": 0.0001327880239918089,
        "fractional_slope_per_cycle": 0.002068120094608647,
        "log_slope_per_cycle": 0.002067546385916723,
        "efolding_cycles": 483.66508573233926
      },
      "period_days": {
        "available": true,
        "window_cycles": 50,
        "window_start_period": 992.0,
        "window_end_period": 1041.0,
        "first": 0.6316222007977949,
        "last": 0.6316180139621375,
        "median": 0.6316207702763172,
        "peak_to_peak": 4.18683565739375e-06,
        "fractional_peak_to_peak": 6.628717506490677e-06,
        "slope_per_cycle": -8.901081781985146e-08,
        "fractional_slope_per_cycle": -1.4092446291927925e-07,
        "log_slope_per_cycle": -1.4092455916147867e-07,
        "efolding_cycles": null
      },
      "gamma": {
        "available": true,
        "window_cycles": 50,
        "window_start_period": 992.0,
        "window_end_period": 1041.0,
        "first": 0.0041685633572392964,
        "last": 0.004191448053372444,
        "median": 0.004178450549838175,
        "peak_to_peak": 2.3117338937420247e-05,
        "fractional_peak_to_peak": 0.0055325146634355995,
        "slope_per_cycle": 4.7039532180175665e-07,
        "fractional_slope_per_cycle": 0.00011257649604587861,
        "log_slope_per_cycle": 0.00011255109726447347,
        "efolding_cycles": 8884.853407072453
      },
      "max_vsurf_div_cs": {
        "available": true,
        "window_cycles": 50,
        "window_start_period": 1018.0,
        "window_end_period": 1041.0,
        "first": 0.36986,
        "last": 0.38908,
        "median": 0.37934,
        "peak_to_peak": 0.01921999999999996,
        "fractional_peak_to_peak": 0.05066694785680381,
        "slope_per_cycle": 0.0008355521739130436,
        "fractional_slope_per_cycle": 0.0022026471606291023,
        "log_slope_per_cycle": 0.0022024678779018797,
        "efolding_cycles": 454.0361337540243
      }
    },
    "100": {
      "delta_r": {
        "available": true,
        "window_cycles": 100,
        "window_start_period": 942.0,
        "window_end_period": 1041.0,
        "first": 0.055064020297990623,
        "last": 0.06754440906705561,
        "median": 0.06097407762086071,
        "peak_to_peak": 0.012480388769064987,
        "fractional_peak_to_peak": 0.2046835188991058,
        "slope_per_cycle": 0.00012600113378756129,
        "fractional_slope_per_cycle": 0.0020664705183576775,
        "log_slope_per_cycle": 0.002064025578126467,
        "efolding_cycles": 484.49011998567784
      },
      "period_days": {
        "available": true,
        "window_cycles": 100,
        "window_start_period": 942.0,
        "window_end_period": 1041.0,
        "first": 0.63162202815439,
        "last": 0.6316180139621375,
        "median": 0.6316220301219814,
        "peak_to_peak": 4.335808291733301e-06,
        "fractional_peak_to_peak": 6.864561533574046e-06,
        "slope_per_cycle": -3.523844829091432e-08,
        "fractional_slope_per_cycle": -5.579040408724966e-08,
        "log_slope_per_cycle": -5.5790525648660654e-08,
        "efolding_cycles": null
      },
      "gamma": {
        "available": true,
        "window_cycles": 100,
        "window_start_period": 942.0,
        "window_end_period": 1041.0,
        "first": 0.004147793628960364,
        "last": 0.004191448053372444,
        "median": 0.0041680939884637825,
        "peak_to_peak": 4.434832128498607e-05,
        "fractional_peak_to_peak": 0.010639952315790114,
        "slope_per_cycle": 4.36604617011724e-07,
        "fractional_slope_per_cycle": 0.00010474922547815233,
        "log_slope_per_cycle": 0.00010473689920611035,
        "efolding_cycles": 9547.733488196107
      },
      "max_vsurf_div_cs": {
        "available": true,
        "window_cycles": 100,
        "window_start_period": 1018.0,
        "window_end_period": 1041.0,
        "first": 0.36986,
        "last": 0.38908,
        "median": 0.37934,
        "peak_to_peak": 0.01921999999999996,
        "fractional_peak_to_peak": 0.05066694785680381,
        "slope_per_cycle": 0.0008355521739130436,
        "fractional_slope_per_cycle": 0.0022026471606291023,
        "log_slope_per_cycle": 0.0022024678779018797,
        "efolding_cycles": 454.0361337540243
      }
    },
    "250": {
      "delta_r": {
        "available": true,
        "window_cycles": 250,
        "window_start_period": 792.0,
        "window_end_period": 1041.0,
        "first": 0.04051406832177573,
        "last": 0.06754440906705561,
        "median": 0.05225697398069462,
        "peak_to_peak": 0.02703034074527988,
        "fractional_peak_to_peak": 0.5172580554562104,
        "slope_per_cycle": 0.00010801411967325836,
        "fractional_slope_per_cycle": 0.0020669799922429914,
        "log_slope_per_cycle": 0.0020520953801351012,
        "efolding_cycles": 487.30678392451927
      },
      "period_days": {
        "available": true,
        "window_cycles": 250,
        "window_start_period": 792.0,
        "window_end_period": 1041.0,
        "first": 0.631629306123661,
        "last": 0.6316180139621375,
        "median": 0.6316228364957324,
        "peak_to_peak": 1.1292161523512867e-05,
        "fractional_peak_to_peak": 1.7878013382420132e-05,
        "slope_per_cycle": -4.188596999189867e-08,
        "fractional_slope_per_cycle": -6.631484419449372e-08,
        "log_slope_per_cycle": -6.631466871483523e-08,
        "efolding_cycles": null
      },
      "gamma": {
        "available": true,
        "window_cycles": 250,
        "window_start_period": 792.0,
        "window_end_period": 1041.0,
        "first": 0.004096356028931154,
        "last": 0.004191448053372444,
        "median": 0.00413528164126755,
        "peak_to_peak": 9.527085150269447e-05,
        "fractional_peak_to_peak": 0.023038539999779065,
        "slope_per_cycle": 3.829008955149188e-07,
        "fractional_slope_per_cycle": 9.259366803310445e-05,
        "log_slope_per_cycle": 9.247383300525517e-05,
        "efolding_cycles": 10813.869907860002
      },
      "max_vsurf_div_cs": {
        "available": true,
        "window_cycles": 250,
        "window_start_period": 1018.0,
        "window_end_period": 1041.0,
        "first": 0.36986,
        "last": 0.38908,
        "median": 0.37934,
        "peak_to_peak": 0.01921999999999996,
        "fractional_peak_to_peak": 0.05066694785680381,
        "slope_per_cycle": 0.0008355521739130436,
        "fractional_slope_per_cycle": 0.0022026471606291023,
        "log_slope_per_cycle": 0.0022024678779018797,
        "efolding_cycles": 454.0361337540243
      }
    },
    "500": {
      "delta_r": {
        "available": true,
        "window_cycles": 500,
        "window_start_period": 542.0,
        "window_end_period": 1041.0,
        "first": 0.007268268621055007,
        "last": 0.06754440906705561,
        "median": 0.04047281450582618,
        "peak_to_peak": 0.0602761404460006,
        "fractional_peak_to_peak": 1.4892994515447813,
        "slope_per_cycle": 0.00010749418712391391,
        "fractional_slope_per_cycle": 0.0026559602645978525,