{
  "generated_at": "2026-06-19T10:42:53.196245+00:00",
  "workspace": "<local-rre-root>/rsp_batch_runs",
  "model_id": "model_008",
  "run_name": "model_008_M0p6151_Z0p0004406_T6792",
  "source": "cumulative:saturation+continue_saturation+continue_saturation_resume:LOGS_continue_saturation_resume_1620000",
  "source_kind": "history_exact_rsp_columns",
  "cycle_count": 1143,
  "first_period": 1.0,
  "last_period": 1143.0,
  "rolling_window": 100,
  "fits": {
    "50": {
      "delta_r": {
        "available": true,
        "window_cycles": 50,
        "window_start_period": 1094.0,
        "window_end_period": 1143.0,
        "first": 0.07538758353986452,
        "last": 0.08349355360935018,
        "median": 0.07933240129652219,
        "peak_to_peak": 0.008105970069485657,
        "fractional_peak_to_peak": 0.10217729372879843,
        "slope_per_cycle": 0.00016541279851993554,
        "fractional_slope_per_cycle": 0.00208505977150079,
        "log_slope_per_cycle": 0.002084416426615495,
        "efolding_cycles": 479.7505849748643
      },
      "period_days": {
        "available": true,
        "window_cycles": 50,
        "window_start_period": 1094.0,
        "window_end_period": 1143.0,
        "first": 0.6316178634428178,
        "last": 0.6316202365217247,
        "median": 0.6316201937224508,
        "peak_to_peak": 2.8532514072532322e-06,
        "fractional_peak_to_peak": 4.517353047941054e-06,
        "slope_per_cycle": 5.5333346589798095e-08,
        "fractional_slope_per_cycle": 8.7605410877843e-08,
        "log_slope_per_cycle": 8.760551105288736e-08,
        "efolding_cycles": 11414806.990810214
      },
      "gamma": {
        "available": true,
        "window_cycles": 50,
        "window_start_period": 1094.0,
        "window_end_period": 1143.0,
        "first": 0.004220621298410963,
        "last": 0.00424656896098496,
        "median": 0.004234165920161064,
        "peak_to_peak": 2.594766257399666e-05,
        "fractional_peak_to_peak": 0.006128163861138826,
        "slope_per_cycle": 5.249952571592633e-07,
        "fractional_slope_per_cycle": 0.00012399024201188906,
        "log_slope_per_cycle": 0.0001239999123204523,
        "efolding_cycles": 8064.521831400214
      },
      "max_vsurf_div_cs": {
        "available": true,
        "window_cycles": 50,
        "window_start_period": 1094.0,
        "window_end_period": 1143.0,
        "first": 0.43809,
        "last": 0.49013,
        "median": 0.46334,
        "peak_to_peak": 0.05204000000000003,
        "fractional_peak_to_peak": 0.11231493072042135,
        "slope_per_cycle": 0.001062287635054022,
        "fractional_slope_per_cycle": 0.002292674137898783,
        "log_slope_per_cycle": 0.0022918088954207464,
        "efolding_cycles": 436.3365558088616
      }
    },
    "100": {
      "delta_r": {
        "available": true,
        "window_cycles": 100,
        "window_start_period": 1044.0,
        "window_end_period": 1143.0,
        "first": 0.06796512791552978,
        "last": 0.08349355360935018,
        "median": 0.07530931674315378,
        "peak_to_peak": 0.015528425693820402,
        "fractional_peak_to_peak": 0.20619528054916342,
        "slope_per_cycle": 0.00015671997494909776,
        "fractional_slope_per_cycle": 0.0020810170869508633,
        "log_slope_per_cycle": 0.0020783938023303094,
        "efolding_cycles": 481.1407726864818
      },
      "period_days": {
        "available": true,
        "window_cycles": 100,
        "window_start_period": 1044.0,
        "window_end_period": 1143.0,
        "first": 0.6316176919990943,
        "last": 0.6316202365217247,
        "median": 0.6316177777209561,
        "peak_to_peak": 4.4000919701137065e-06,
        "fractional_peak_to_peak": 6.966383983032273e-06,
        "slope_per_cycle": 5.1177997091337746e-08,
        "fractional_slope_per_cycle": 8.10268470846427e-08,
        "log_slope_per_cycle": 8.102674829106317e-08,
        "efolding_cycles": 12341603.49626538
      },
      "gamma": {
        "available": true,
        "window_cycles": 100,
        "window_start_period": 1044.0,
        "window_end_period": 1143.0,
        "first": 0.004192476267335059,
        "last": 0.00424656896098496,
        "median": 0.0042203757459522645,
        "peak_to_peak": 5.4092693649900915e-05,
        "fractional_peak_to_peak": 0.012817032630751153,
        "slope_per_cycle": 5.51368341375895e-07,
        "fractional_slope_per_cycle": 0.00013064437257860484,
        "log_slope_per_cycle": 0.0001306621383296616,
        "efolding_cycles": 7653.326455418876
      },
      "max_vsurf_div_cs": {
        "available": true,
        "window_cycles": 100,
        "window_start_period": 1044.0,
        "window_end_period": 1143.0,
        "first": 0.39167,
        "last": 0.49013,
        "median": 0.43759499999999996,
        "peak_to_peak": 0.09845999999999999,
        "fractional_peak_to_peak": 0.2250025708703253,
        "slope_per_cycle": 0.0009947588958895892,
        "fractional_slope_per_cycle": 0.0022732410011302444,
        "log_slope_per_cycle": 0.002268506286962036,
        "efolding_cycles": 440.81870336766457
      }
    },
    "250": {
      "delta_r": {
        "available": true,
        "window_cycles": 250,
        "window_start_period": 894.0,
        "window_end_period": 1143.0,
        "first": 0.04990363268409048,
        "last": 0.08349355360935018,
        "median": 0.06447321852959131,
        "peak_to_peak": 0.0335899209252597,
        "fractional_peak_to_peak": 0.520990291648662,
        "slope_per_cycle": 0.0001342440881621991,
        "fractional_slope_per_cycle": 0.00208216824324638,
        "log_slope_per_cycle": 0.0020669500825271432,
        "efolding_cycles": 483.80462036962035
      },
      "period_days": {
        "available": true,
        "window_cycles": 250,
        "window_start_period": 894.0,
        "window_end_period": 1143.0,
        "first": 0.6316244080157398,
        "last": 0.6316202365217247,
        "median": 0.6316207002281833,
        "peak_to_peak": 8.109173116555013e-06,
        "fractional_peak_to_peak": 1.2838675353143812e-05,
        "slope_per_cycle": -2.3037609887597218e-08,
        "fractional_slope_per_cycle": -3.6473804419764114e-08,
        "log_slope_per_cycle": -3.647381473126753e-08,
        "efolding_cycles": null
      },
      "gamma": {
        "available": true,
        "window_cycles": 250,
        "window_start_period": 894.0,
        "window_end_period": 1143.0,
        "first": 0.004125958630738069,
        "last": 0.00424656896098496,
        "median": 0.004179590053583826,
        "peak_to_peak": 0.00012061033024689076,
        "fractional_peak_to_peak": 0.028856976091105484,
        "slope_per_cycle": 4.854282486979374e-07,
        "fractional_slope_per_cycle": 0.00011614255045939318,
        "log_slope_per_cycle": 0.00011600156745180236,
        "efolding_cycles": 8620.573169543517
      },
      "max_vsurf_div_cs": {
        "available": true,
        "window_cycles": 250,
        "window_start_period": 1018.0,
        "window_end_period": 1143.0,
        "first": 0.36986,
        "last": 0.49013,
        "median": 0.42489,
        "peak_to_peak": 0.12026999999999999,
        "fractional_peak_to_peak": 0.2830614982701405,
        "slope_per_cycle": 0.0009608836895388079,
        "fractional_slope_per_cycle": 0.0022614881252531432,
        "log_slope_per_cycle": 0.002253824259787754,
        "efolding_cycles": 443.6903168724306
      }
    },
    "500": {
      "delta_r": {
        "available": true,
        "window_cycles": 500,
        "window_start_period": 644.0,
        "window_end_period": 1143.0,
        "first": 0.03000070456961268,
        "last": 0.08349355360935018,
        "median": 0.04985260580811435,
        "peak_to_peak": 0.0534928490397375,
        "fractional_peak_to_peak": 1.0730201194624542,
        "slope_per_cycle": 0.00010517050639041334,
        "fractional_slope_per_cycle": 0.0021096290692450637,