{
  "generated_at": "2026-06-17T15:08:13.306678+00:00",
  "workspace": "<local-rre-root>/rsp_batch_runs",
  "model_id": "model_007",
  "run_name": "model_007_M0p6887_Z0p004060_T6669",
  "source": "cumulative:continue_saturation+continue_saturation_resume:LOGS_continue_saturation_resume_2180000",
  "source_kind": "history_exact_rsp_columns",
  "cycle_count": 1572,
  "first_period": 1.0,
  "last_period": 3132.0,
  "rolling_window": 100,
  "fits": {
    "50": {
      "delta_r": {
        "available": true,
        "window_cycles": 50,
        "window_start_period": 1523.0,
        "window_end_period": 3132.0,
        "first": 0.5914115614304061,
        "last": 0.6100831842043446,
        "median": 0.6022683938703932,
        "peak_to_peak": 0.018671622773938523,
        "fractional_peak_to_peak": 0.031002162763262342,
        "slope_per_cycle": 5.448196278498576e-06,
        "fractional_slope_per_cycle": 9.046126833066083e-06,
        "log_slope_per_cycle": 9.034442852780843e-06,
        "efolding_cycles": 110687.51181399032
      },
      "period_days": {
        "available": true,
        "window_cycles": 50,
        "window_start_period": 1523.0,
        "window_end_period": 3132.0,
        "first": 0.5571665173767273,
        "last": 0.5572212251049846,
        "median": 0.5572143804003415,
        "peak_to_peak": 6.683059761092291e-05,
        "fractional_peak_to_peak": 0.00011993695777001873,
        "slope_per_cycle": 8.952016274625402e-09,
        "fractional_slope_per_cycle": 1.6065659088327282e-08,
        "log_slope_per_cycle": 1.6065682846735123e-08,
        "efolding_cycles": 62244475.35407563
      },
      "gamma": {
        "available": true,
        "window_cycles": 50,
        "window_start_period": 1523.0,
        "window_end_period": 3132.0,
        "first": 0.0012805920291045897,
        "last": 0.0008820443105714292,
        "median": 0.0010479158681958789,
        "peak_to_peak": 0.00040009991484551163,
        "fractional_peak_to_peak": 0.38180537864583997,
        "slope_per_cycle": -1.1509891374240889e-07,
        "fractional_slope_per_cycle": -0.00010983602523413104,
        "log_slope_per_cycle": -0.00011153589213063463,
        "efolding_cycles": null
      },
      "max_vsurf_div_cs": {
        "available": true,
        "window_cycles": 50,
        "window_start_period": 1562.0,
        "window_end_period": 1564.0,
        "first": 4.72111,
        "last": 4.72559,
        "median": 4.72344,
        "peak_to_peak": 0.0044800000000000395,
        "fractional_peak_to_peak": 0.0009484612909235725,
        "slope_per_cycle": 0.0022400000000000198,
        "fractional_slope_per_cycle": 0.00047423064546178625,
        "log_slope_per_cycle": 0.00047423971713456137,
        "efolding_cycles": 2108.6382347774947
      }
    },
    "100": {
      "delta_r": {
        "available": true,
        "window_cycles": 100,
        "window_start_period": 1473.0,
        "window_end_period": 3132.0,
        "first": 0.5618950109437133,
        "last": 0.6100831842043446,
        "median": 0.591091499346978,
        "peak_to_peak": 0.048188173260631295,
        "fractional_peak_to_peak": 0.08152405053002504,
        "slope_per_cycle": 1.4776419336585436e-05,
        "fractional_slope_per_cycle": 2.4998531281383724e-05,
        "log_slope_per_cycle": 2.492360303133946e-05,
        "efolding_cycles": 40122.60983063239
      },
      "period_days": {
        "available": true,
        "window_cycles": 100,
        "window_start_period": 1473.0,
        "window_end_period": 3132.0,
        "first": 0.5570414361861293,
        "last": 0.5572212251049846,
        "median": 0.5571979212886826,
        "peak_to_peak": 0.0001919117882088761,
        "fractional_peak_to_peak": 0.00034442301537131393,
        "slope_per_cycle": 3.4747216426920735e-08,
        "fractional_slope_per_cycle": 6.236063542117613e-08,
        "log_slope_per_cycle": 6.23628871139432e-08,
        "efolding_cycles": 16035178.072703728
      },
      "gamma": {
        "available": true,
        "window_cycles": 100,
        "window_start_period": 1473.0,
        "window_end_period": 3132.0,
        "first": 0.0018918091836956604,
        "last": 0.0008820443105714292,
        "median": 0.0012929038784744978,
        "peak_to_peak": 0.0010097648731242311,
        "fractional_peak_to_peak": 0.7810053708831445,
        "slope_per_cycle": -3.130526561486415e-07,
        "fractional_slope_per_cycle": -0.00024213142319444002,
        "log_slope_per_cycle": -0.0002591107650983273,
        "efolding_cycles": null
      },
      "max_vsurf_div_cs": {
        "available": true,
        "window_cycles": 100,
        "window_start_period": 1562.0,
        "window_end_period": 1564.0,
        "first": 4.72111,
        "last": 4.72559,
        "median": 4.72344,
        "peak_to_peak": 0.0044800000000000395,
        "fractional_peak_to_peak": 0.0009484612909235725,
        "slope_per_cycle": 0.0022400000000000198,
        "fractional_slope_per_cycle": 0.00047423064546178625,
        "log_slope_per_cycle": 0.00047423971713456137,
        "efolding_cycles": 2108.6382347774947
      }
    },
    "250": {
      "delta_r": {
        "available": true,
        "window_cycles": 250,
        "window_start_period": 1323.0,
        "window_end_period": 3132.0,
        "first": 0.42991133295716466,
        "last": 0.6100831842043446,
        "median": 0.5432619432125341,
        "peak_to_peak": 0.18017185124717994,
        "fractional_peak_to_peak": 0.33164821040426423,
        "slope_per_cycle": 8.136991548507788e-05,
        "fractional_slope_per_cycle": 0.00014978026070426302,
        "log_slope_per_cycle": 0.00015158302404582734,
        "efolding_cycles": 6597.044796372943
      },
      "period_days": {
        "available": true,
        "window_cycles": 250,
        "window_start_period": 1323.0,
        "window_end_period": 3132.0,
        "first": 0.5568734321886397,
        "last": 0.5572212251049846,
        "median": 0.5570066366325719,
        "peak_to_peak": 0.0005568297119398213,
        "fractional_peak_to_peak": 0.0009996823651979801,
        "slope_per_cycle": 1.7256650168335026e-07,
        "fractional_slope_per_cycle": 3.098104947664804e-07,
        "log_slope_per_cycle": 3.097666984272057e-07,
        "efolding_cycles": 3228235.9759049346
      },
      "gamma": {
        "available": true,
        "window_cycles": 250,
        "window_start_period": 1323.0,
        "window_end_period": 3132.0,
        "first": 0.003919964464200673,
        "last": 0.0008820443105714292,
        "median": 0.0022373942905722826,
        "peak_to_peak": 0.0030379201536292443,
        "fractional_peak_to_peak": 1.357793825804482,
        "slope_per_cycle": -1.464554512573386e-06,
        "fractional_slope_per_cycle": -0.000654580428109871,
        "log_slope_per_cycle": -0.00078855982668003,
        "efolding_cycles": null
      },
      "max_vsurf_div_cs": {
        "available": true,
        "window_cycles": 250,
        "window_start_period": 1562.0,
        "window_end_period": 1564.0,
        "first": 4.72111,
        "last": 4.72559,
        "median": 4.72344,
        "peak_to_peak": 0.0044800000000000395,
        "fractional_peak_to_peak": 0.0009484612909235725,
        "slope_per_cycle": 0.0022400000000000198,
        "fractional_slope_per_cycle": 0.00047423064546178625,
        "log_slope_per_cycle": 0.00047423971713456137,
        "efolding_cycles": 2108.6382347774947
      }
    },
    "500": {
      "delta_r": {
        "available": true,
        "window_cycles": 500,
        "window_start_period": 1073.0,
        "window_end_period": 3132.0,
        "first": 0.2276908031410665,
        "last": 0.6100831842043446,
        "median": 0.42942162494115177,