{
  "generated_at": "2026-06-19T07:14:59.868588+00:00",
  "workspace": "<local-rre-root>/rsp_batch_runs",
  "model_id": "model_008",
  "run_name": "model_008_M0p6151_Z0p0004406_T6792",
  "source": "cumulative:saturation+continue_saturation+continue_saturation_resume:LOGS_continue_saturation_resume_1620000",
  "source_kind": "history_exact_rsp_columns",
  "cycle_count": 1131,
  "first_period": 1.0,
  "last_period": 1131.0,
  "rolling_window": 100,
  "fits": {
    "50": {
      "delta_r": {
        "available": true,
        "window_cycles": 50,
        "window_start_period": 1082.0,
        "window_end_period": 1131.0,
        "first": 0.07353275415024552,
        "last": 0.0814280608961484,
        "median": 0.07737363565790867,
        "peak_to_peak": 0.007895306745902886,
        "fractional_peak_to_peak": 0.1020413048807779,
        "slope_per_cycle": 0.0001611160272732181,
        "fractional_slope_per_cycle": 0.002082311706090158,
        "log_slope_per_cycle": 0.002081647525800947,
        "efolding_cycles": 480.38872460659934
      },
      "period_days": {
        "available": true,
        "window_cycles": 50,
        "window_start_period": 1082.0,
        "window_end_period": 1131.0,
        "first": 0.6316167892472543,
        "last": 0.6316206637454322,
        "median": 0.6316191426818949,
        "peak_to_peak": 3.927446970752868e-06,
        "fractional_peak_to_peak": 6.218061970187729e-06,
        "slope_per_cycle": 8.84958647103845e-08,
        "fractional_slope_per_cycle": 1.4010953552583197e-07,
        "log_slope_per_cycle": 1.4010959330224778e-07,
        "efolding_cycles": 7137270.021495073
      },
      "gamma": {
        "available": true,
        "window_cycles": 50,
        "window_start_period": 1082.0,
        "window_end_period": 1131.0,
        "first": 0.00421359772213142,
        "last": 0.004240187259040445,
        "median": 0.004227743996541662,
        "peak_to_peak": 2.670410472276584e-05,
        "fractional_peak_to_peak": 0.006316395870849813,
        "slope_per_cycle": 5.407825200729831e-07,
        "fractional_slope_per_cycle": 0.00012791278765113232,
        "log_slope_per_cycle": 0.00012792489712766287,
        "efolding_cycles": 7817.086606698994
      },
      "max_vsurf_div_cs": {
        "available": true,
        "window_cycles": 50,
        "window_start_period": 1082.0,
        "window_end_period": 1131.0,
        "first": 0.42634,
        "last": 0.47682,
        "median": 0.45077,
        "peak_to_peak": 0.050480000000000025,
        "fractional_peak_to_peak": 0.11198615702020992,
        "slope_per_cycle": 0.0010306247298919572,
        "fractional_slope_per_cycle": 0.0022863649530624423,
        "log_slope_per_cycle": 0.0022852902389021495,
        "efolding_cycles": 437.5811802707383
      }
    },
    "100": {
      "delta_r": {
        "available": true,
        "window_cycles": 100,
        "window_start_period": 1032.0,
        "window_end_period": 1131.0,
        "first": 0.06629886519314887,
        "last": 0.0814280608961484,
        "median": 0.07345653932825158,
        "peak_to_peak": 0.015129195702999532,
        "fractional_peak_to_peak": 0.20596118250810114,
        "slope_per_cycle": 0.00015267573446321484,
        "fractional_slope_per_cycle": 0.002078449867900261,
        "log_slope_per_cycle": 0.0020758898696052962,
        "efolding_cycles": 481.721123380277
      },
      "period_days": {
        "available": true,
        "window_cycles": 100,
        "window_start_period": 1032.0,
        "window_end_period": 1131.0,
        "first": 0.6316190474971922,
        "last": 0.6316206637454322,
        "median": 0.6316177488195158,
        "peak_to_peak": 4.4000919701137065e-06,
        "fractional_peak_to_peak": 6.966384301798695e-06,
        "slope_per_cycle": 3.2753953437071196e-08,
        "fractional_slope_per_cycle": 5.1857240393082444e-08,
        "log_slope_per_cycle": 5.1857164225927105e-08,
        "efolding_cycles": 19283738.610219423
      },
      "gamma": {
        "available": true,
        "window_cycles": 100,
        "window_start_period": 1032.0,
        "window_end_period": 1131.0,
        "first": 0.0041861090556791405,
        "last": 0.004240187259040445,
        "median": 0.004213407097687528,
        "peak_to_peak": 5.419277117504548e-05,
        "fractional_peak_to_peak": 0.012861983169105225,
        "slope_per_cycle": 5.548900018894852e-07,
        "fractional_slope_per_cycle": 0.00013169627074346296,
        "log_slope_per_cycle": 0.00013169453634518996,
        "efolding_cycles": 7593.329440629632
      },
      "max_vsurf_div_cs": {
        "available": true,
        "window_cycles": 100,
        "window_start_period": 1032.0,
        "window_end_period": 1131.0,
        "first": 0.38143,
        "last": 0.47682,
        "median": 0.425855,
        "peak_to_peak": 0.09539000000000003,
        "fractional_peak_to_peak": 0.2239964307099835,
        "slope_per_cycle": 0.0009627921392139214,
        "fractional_slope_per_cycle": 0.0022608449806011937,
        "log_slope_per_cycle": 0.002255861849028695,
        "efolding_cycles": 443.2895571289391
      }
    },
    "250": {
      "delta_r": {
        "available": true,
        "window_cycles": 250,
        "window_start_period": 882.0,
        "window_end_period": 1131.0,
        "first": 0.04869287510213205,
        "last": 0.0814280608961484,
        "median": 0.06289328215804346,
        "peak_to_peak": 0.03273518579401635,
        "fractional_peak_to_peak": 0.520487795687887,
        "slope_per_cycle": 0.00013083280340026393,
        "fractional_slope_per_cycle": 0.0020802349457847724,
        "log_slope_per_cycle": 0.002065020072385998,
        "efolding_cycles": 484.25679409719453
      },
      "period_days": {
        "available": true,
        "window_cycles": 250,
        "window_start_period": 882.0,
        "window_end_period": 1131.0,
        "first": 0.6316253617581807,
        "last": 0.6316206637454322,
        "median": 0.6316215711236173,
        "peak_to_peak": 9.04515592581312e-06,
        "fractional_peak_to_peak": 1.43205304241309e-05,
        "slope_per_cycle": -2.8064949866516704e-08,
        "fractional_slope_per_cycle": -4.443317193329991e-08,
        "log_slope_per_cycle": -4.443323403844449e-08,
        "efolding_cycles": null
      },
      "gamma": {
        "available": true,
        "window_cycles": 250,
        "window_start_period": 882.0,
        "window_end_period": 1131.0,
        "first": 0.004122099869587382,
        "last": 0.004240187259040445,
        "median": 0.004174490205773959,
        "peak_to_peak": 0.00011820195726680409,
        "fractional_peak_to_peak": 0.028315303531749263,
        "slope_per_cycle": 4.7643285531909295e-07,
        "fractional_slope_per_cycle": 0.00011412958992216903,
        "log_slope_per_cycle": 0.00011400622025369173,
        "efolding_cycles": 8771.451222352214
      },
      "max_vsurf_div_cs": {
        "available": true,
        "window_cycles": 250,
        "window_start_period": 1018.0,
        "window_end_period": 1131.0,
        "first": 0.36986,
        "last": 0.47682,
        "median": 0.41918999999999995,
        "peak_to_peak": 0.10696,
        "fractional_peak_to_peak": 0.2551587585581717,
        "slope_per_cycle": 0.0009449892873777364,
        "fractional_slope_per_cycle": 0.0022543221149782596,
        "log_slope_per_cycle": 0.0022479444800052035,
        "efolding_cycles": 444.85084435790213
      }
    },
    "500": {
      "delta_r": {
        "available": true,
        "window_cycles": 500,
        "window_start_period": 632.0,
        "window_end_period": 1131.0,
        "first": 0.02928047549557089,
        "last": 0.0814280608961484,
        "median": 0.0486431043084492,
        "peak_to_peak": 0.05214758540057751,
        "fractional_peak_to_peak": 1.072044766508037,
        "slope_per_cycle": 0.00010253223036817237,
        "fractional_slope_per_cycle": 0.002107847182573065,