{
  "generated_at": "2026-06-17T13:18:29.874423+00:00",
  "workspace": "<local-rre-root>/rsp_batch_runs",
  "model_id": "model_008",
  "run_name": "model_008_M0p6151_Z0p0004406_T6792",
  "source": "cumulative:saturation+continue_saturation",
  "source_kind": "history_exact_rsp_columns",
  "cycle_count": 1513,
  "first_period": 1.0,
  "last_period": 1513.0,
  "rolling_window": 100,
  "fits": {
    "50": {
      "delta_r": {
        "available": true,
        "window_cycles": 50,
        "window_start_period": 1464.0,
        "window_end_period": 1513.0,
        "first": 0.0469322606147875,
        "last": 0.0518834046644745,
        "median": 0.049344980801091065,
        "peak_to_peak": 0.004951144049686995,
        "fractional_peak_to_peak": 0.10033733865750173,
        "slope_per_cycle": 0.00010102263543975645,
        "fractional_slope_per_cycle": 0.0020472727681661745,
        "log_slope_per_cycle": 0.002046720026063712,
        "efolding_cycles": 488.5866104135491
      },
      "period_days": {
        "available": true,
        "window_cycles": 50,
        "window_start_period": 1464.0,
        "window_end_period": 1513.0,
        "first": 0.6316267011393966,
        "last": 0.6316230724591555,
        "median": 0.6316248399337443,
        "peak_to_peak": 3.7009372478857827e-06,
        "fractional_peak_to_peak": 5.859391546846069e-06,
        "slope_per_cycle": -7.630013759108531e-08,
        "fractional_slope_per_cycle": -1.207997734843503e-07,
        "log_slope_per_cycle": -1.2079976738584945e-07,
        "efolding_cycles": null
      },
      "gamma": {
        "available": true,
        "window_cycles": 50,
        "window_start_period": 1464.0,
        "window_end_period": 1513.0,
        "first": 0.0041157422094737295,
        "last": 0.0041340305987643275,
        "median": 0.004124917334205486,
        "peak_to_peak": 1.8288389290598006e-05,
        "fractional_peak_to_peak": 0.004433637769887719,
        "slope_per_cycle": 3.5278321881285897e-07,
        "fractional_slope_per_cycle": 8.552491849653266e-05,
        "log_slope_per_cycle": 8.552404764085398e-05,
        "efolding_cycles": 11692.617779263175
      },
      "max_vsurf_div_cs": {
        "available": true,
        "window_cycles": 50,
        "window_start_period": 1464.0,
        "window_end_period": 1513.0,
        "first": 0.26466,
        "last": 0.29398,
        "median": 0.27890000000000004,
        "peak_to_peak": 0.029320000000000013,
        "fractional_peak_to_peak": 0.10512728576550738,
        "slope_per_cycle": 0.0005980480192076832,
        "fractional_slope_per_cycle": 0.00214430985732407,
        "log_slope_per_cycle": 0.002143530613924418,
        "efolding_cycles": 466.5200457152232
      }
    },
    "100": {
      "delta_r": {
        "available": true,
        "window_cycles": 100,
        "window_start_period": 1414.0,
        "window_end_period": 1513.0,
        "first": 0.04237381960486175,
        "last": 0.0518834046644745,
        "median": 0.046884308983356604,
        "peak_to_peak": 0.009509585059612746,
        "fractional_peak_to_peak": 0.20283086742279896,
        "slope_per_cycle": 9.599145532112589e-05,
        "fractional_slope_per_cycle": 0.002047411114776199,
        "log_slope_per_cycle": 0.0020451715824660413,
        "efolding_cycles": 488.9565298937965
      },
      "period_days": {
        "available": true,
        "window_cycles": 100,
        "window_start_period": 1414.0,
        "window_end_period": 1513.0,
        "first": 0.6316289524004485,
        "last": 0.6316230724591555,
        "median": 0.6316267935609169,
        "peak_to_peak": 5.9739067391761935e-06,
        "fractional_peak_to_peak": 9.45796916799104e-06,
        "slope_per_cycle": -6.288852935770175e-08,
        "fractional_slope_per_cycle": -9.956596205039947e-08,
        "log_slope_per_cycle": -9.956604760859919e-08,
        "efolding_cycles": null
      },
      "gamma": {
        "available": true,
        "window_cycles": 100,
        "window_start_period": 1414.0,
        "window_end_period": 1513.0,
        "first": 0.004102971805689924,
        "last": 0.0041340305987643275,
        "median": 0.004116405924632893,
        "peak_to_peak": 3.2326056064169856e-05,
        "fractional_peak_to_peak": 0.007852980647687883,
        "slope_per_cycle": 3.0846640373260386e-07,
        "fractional_slope_per_cycle": 7.493585651665617e-05,
        "log_slope_per_cycle": 7.49135545873203e-05,
        "efolding_cycles": 13348.719140464571
      },
      "max_vsurf_div_cs": {
        "available": true,
        "window_cycles": 100,
        "window_start_period": 1414.0,
        "window_end_period": 1513.0,
        "first": 0.23788,
        "last": 0.29398,
        "median": 0.26438,
        "peak_to_peak": 0.05610000000000001,
        "fractional_peak_to_peak": 0.21219456842423787,
        "slope_per_cycle": 0.0005659262526252626,
        "fractional_slope_per_cycle": 0.002140578911510941,
        "log_slope_per_cycle": 0.0021378349169718937,
        "efolding_cycles": 467.7629652604028
      }
    },
    "250": {
      "delta_r": {
        "available": true,
        "window_cycles": 250,
        "window_start_period": 1264.0,
        "window_end_period": 1513.0,
        "first": 0.03124086857614561,
        "last": 0.0518834046644745,
        "median": 0.04022607173860937,
        "peak_to_peak": 0.02064253608832889,
        "fractional_peak_to_peak": 0.5131631102948585,
        "slope_per_cycle": 8.253543570357872e-05,
        "fractional_slope_per_cycle": 0.0020517896015275192,
        "log_slope_per_cycle": 0.0020374358110538575,
        "efolding_cycles": 490.8130084759593
      },
      "period_days": {
        "available": true,
        "window_cycles": 250,
        "window_start_period": 1264.0,
        "window_end_period": 1513.0,
        "first": 0.6316317876117925,
        "last": 0.6316230724591555,
        "median": 0.6316293335787917,
        "peak_to_peak": 8.715152637006618e-06,
        "fractional_peak_to_peak": 1.3797890904823627e-05,
        "slope_per_cycle": -2.7131795942228163e-08,
        "fractional_slope_per_cycle": -4.295525001744341e-08,
        "log_slope_per_cycle": -4.295535210765564e-08,
        "efolding_cycles": null
      },
      "gamma": {
        "available": true,
        "window_cycles": 250,
        "window_start_period": 1264.0,
        "window_end_period": 1513.0,
        "first": 0.004067370436446383,
        "last": 0.0041340305987643275,
        "median": 0.004095419228690989,
        "peak_to_peak": 6.87661322605693e-05,
        "fractional_peak_to_peak": 0.01679098730084072,
        "slope_per_cycle": 2.6801062542764514e-07,
        "fractional_slope_per_cycle": 6.544156054893283e-05,
        "log_slope_per_cycle": 6.54037846913061e-05,
        "efolding_cycles": 15289.635068059397
      },
      "max_vsurf_div_cs": {
        "available": true,
        "window_cycles": 250,
        "window_start_period": 1264.0,
        "window_end_period": 1513.0,
        "first": 0.1733,
        "last": 0.29398,
        "median": 0.22531,
        "peak_to_peak": 0.12068000000000001,
        "fractional_peak_to_peak": 0.5356175935377924,
        "slope_per_cycle": 0.00048227469495511926,
        "fractional_slope_per_cycle": 0.002140493963672803,
        "log_slope_per_cycle": 0.002123273039251611,
        "efolding_cycles": 470.9709874865974
      }
    },
    "500": {
      "delta_r": {
        "available": true,
        "window_cycles": 500,
        "window_start_period": 1014.0,
        "window_end_period": 1513.0,
        "first": 0.018845110565486323,
        "last": 0.0518834046644745,
        "median": 0.031209260616188228,
        "peak_to_peak": 0.033038294098988175,
        "fractional_peak_to_peak": 1.0586054730771555,