{
  "generated_at": "2026-06-18T20:41:38.373461+00:00",
  "workspace": "<local-rre-root>/rsp_batch_runs",
  "model_id": "model_009",
  "run_name": "model_009_M0p6668_Z0p0001120_T6852",
  "source": "cumulative:saturation+saturation_resume:LOGS_saturation_resume_130000",
  "source_kind": "history_exact_rsp_columns",
  "cycle_count": 194,
  "first_period": 1.0,
  "last_period": 194.0,
  "rolling_window": 100,
  "fits": {
    "50": {
      "delta_r": {
        "available": true,
        "window_cycles": 50,
        "window_start_period": 145.0,
        "window_end_period": 194.0,
        "first": 0.002978283095255385,
        "last": 0.0035568804295635914,
        "median": 0.003129926885165002,
        "peak_to_peak": 0.0008051991309807605,
        "fractional_peak_to_peak": 0.25725812791256697,
        "slope_per_cycle": 8.839571648713322e-06,
        "fractional_slope_per_cycle": 0.002824210268492365,
        "log_slope_per_cycle": 0.002817335508969367,
        "efolding_cycles": 354.945300911576
      },
      "period_days": {
        "available": true,
        "window_cycles": 50,
        "window_start_period": 145.0,
        "window_end_period": 194.0,
        "first": 0.49210792341034565,
        "last": 0.49140504831325316,
        "median": 0.49894782324602904,
        "peak_to_peak": 0.02868338307300028,
        "fractional_peak_to_peak": 0.05748774067475313,
        "slope_per_cycle": -8.93299689390747e-07,
        "fractional_slope_per_cycle": -1.7903669437400566e-06,
        "log_slope_per_cycle": -2.1609660063278664e-06,
        "efolding_cycles": null
      },
      "gamma": {
        "available": true,
        "window_cycles": 50,
        "window_start_period": 145.0,
        "window_end_period": 194.0,
        "first": 0.0044523823052772735,
        "last": 0.00505776845075075,
        "median": 0.00497300324586435,
        "peak_to_peak": 0.0049164772507597505,
        "fractional_peak_to_peak": 0.9886334288738686,
        "slope_per_cycle": -2.0825098574579713e-07,
        "fractional_slope_per_cycle": -4.1876301994973134e-05,
        "log_slope_per_cycle": -0.0004574993731427782,
        "efolding_cycles": null
      },
      "max_vsurf_div_cs": {
        "available": true,
        "window_cycles": 50,
        "window_start_period": 145.0,
        "window_end_period": 194.0,
        "first": 0.0207,
        "last": 0.0252,
        "median": 0.021519999999999997,
        "peak_to_peak": 0.007050000000000001,
        "fractional_peak_to_peak": 0.3276022304832715,
        "slope_per_cycle": 6.174789915966388e-05,
        "fractional_slope_per_cycle": 0.002869326169129363,
        "log_slope_per_cycle": 0.0028557963166446518,
        "efolding_cycles": 350.1650289874054
      }
    },
    "100": {
      "delta_r": {
        "available": true,
        "window_cycles": 100,
        "window_start_period": 95.0,
        "window_end_period": 194.0,
        "first": 0.0026767446543889406,
        "last": 0.0035568804295635914,
        "median": 0.002945537249184671,
        "peak_to_peak": 0.001146980758911731,
        "fractional_peak_to_peak": 0.38939611414834996,
        "slope_per_cycle": 8.037464115743783e-06,
        "fractional_slope_per_cycle": 0.002728692063890404,
        "log_slope_per_cycle": 0.0027416847829593734,
        "efolding_cycles": 364.7392312257722
      },
      "period_days": {
        "available": true,
        "window_cycles": 100,
        "window_start_period": 95.0,
        "window_end_period": 194.0,
        "first": 0.48962229533015356,
        "last": 0.49140504831325316,
        "median": 0.5010520650552913,
        "peak_to_peak": 0.02868338307300028,
        "fractional_peak_to_peak": 0.05724631245624156,
        "slope_per_cycle": 2.030553633775365e-06,
        "fractional_slope_per_cycle": 4.052580111712128e-06,
        "log_slope_per_cycle": 3.6716775145908376e-06,
        "efolding_cycles": 272355.07367575483
      },
      "gamma": {
        "available": true,
        "window_cycles": 100,
        "window_start_period": 95.0,
        "window_end_period": 194.0,
        "first": 0.005001336679466135,
        "last": 0.00505776845075075,
        "median": 0.004966028538446227,
        "peak_to_peak": 0.0049164772507597505,
        "fractional_peak_to_peak": 0.9900219486652447,
        "slope_per_cycle": -1.467144034841414e-07,
        "fractional_slope_per_cycle": -2.954360860963668e-05,
        "log_slope_per_cycle": -5.5486033253968085e-05,
        "efolding_cycles": null
      },
      "max_vsurf_div_cs": {
        "available": true,
        "window_cycles": 100,
        "window_start_period": 129.0,
        "window_end_period": 194.0,
        "first": 0.01909,
        "last": 0.0252,
        "median": 0.02087,
        "peak_to_peak": 0.00757,
        "fractional_peak_to_peak": 0.3627216099664591,
        "slope_per_cycle": 5.8490554221897505e-05,
        "fractional_slope_per_cycle": 0.002802614002007547,
        "log_slope_per_cycle": 0.0027671555771745806,
        "efolding_cycles": 361.381921655831
      }
    },
    "250": {
      "delta_r": {
        "available": false,
        "reason": "only 194 rows for 250-cycle window"
      },
      "period_days": {
        "available": false,
        "reason": "only 194 rows for 250-cycle window"
      },
      "gamma": {
        "available": false,
        "reason": "only 194 rows for 250-cycle window"
      },
      "max_vsurf_div_cs": {
        "available": false,
        "reason": "only 194 rows for 250-cycle window"
      }
    },
    "500": {
      "delta_r": {
        "available": false,
        "reason": "only 194 rows for 500-cycle window"
      },
      "period_days": {
        "available": false,
        "reason": "only 194 rows for 500-cycle window"
      },
      "gamma": {
        "available": false,
        "reason": "only 194 rows for 500-cycle window"
      },
      "max_vsurf_div_cs": {
        "available": false,
        "reason": "only 194 rows for 500-cycle window"
      }
    }
  },
  "latest_rolling": {
    "window_start_period": 95.0,
    "window_end_period": 194.0,
    "gamma_peak_to_peak": 0.0049164772507597505,
    "period_fractional_peak_to_peak": 0.05724631245624156,
    "delta_r_fractional_peak_to_peak": 0.38939611414834996
  },
  "growth_outlook": {
    "status": "amplitude still growing",
    "tolerance": 0.001,
    "delta_r_fractional_peak_to_peak": 0.38939611414834996,
    "delta_r_criterion_factor": 389.39611414834997,
    "log_slope_per_cycle": 0.0027416847829593734,
    "efolding_cycles": 364.7392312257722,
    "doubling_cycles": 252.81796976374596,
    "fit_window_cycles": 100,
    "max_vsurf_div_cs_latest": 0.0252,
    "max_vsurf_div_cs_log_slope_per_cycle": 0.0027671555771745806,
    "max_vsurf_div_cs_efolding_cycles": 361.381921655831,
    "max_vsurf_div_cs_fit_window_cycles": 100,
    "cycles_to_vsurf_div_cs_0p8": 1249.5747480454722,
    "cycles_to_vsurf_div_cs_1p0": 1330.214793424508
  }
}
