{
  "generated_at": "2026-06-19T20:20:39.588291+00:00",
  "workspace": "<local-rre-root>/rsp_batch_runs",
  "model_id": "model_007",
  "run_name": "model_007_M0p6887_Z0p004060_T6669",
  "source": "cumulative:continue_saturation+continue_saturation_resume:LOGS_continue_saturation_resume_2180000+continue_saturation_resume:LOGS_continue_saturation_resume_2270000",
  "source_kind": "history_exact_rsp_columns",
  "cycle_count": 1731,
  "first_period": 1.0,
  "last_period": 1731.0,
  "rolling_window": 100,
  "fits": {
    "50": {
      "delta_r": {
        "available": true,
        "window_cycles": 50,
        "window_start_period": 1682.0,
        "window_end_period": 1731.0,
        "first": 0.6339142193339731,
        "last": 0.6379453332133389,
        "median": 0.6364203126826324,
        "peak_to_peak": 0.004297685310906019,
        "fractional_peak_to_peak": 0.006752904056111062,
        "slope_per_cycle": 8.481573471986005e-05,
        "fractional_slope_per_cycle": 0.00013326999944792087,
        "log_slope_per_cycle": 0.0001333052355439776,
        "efolding_cycles": 7501.580833785771
      },
      "period_days": {
        "available": true,
        "window_cycles": 50,
        "window_start_period": 1682.0,
        "window_end_period": 1731.0,
        "first": 0.557261981698167,
        "last": 0.5572332585025234,
        "median": 0.5572566626045887,
        "peak_to_peak": 7.364367203854805e-05,
        "fractional_peak_to_peak": 0.00013215395522476366,
        "slope_per_cycle": 2.3972491961365027e-08,
        "fractional_slope_per_cycle": 4.301876239454696e-08,
        "log_slope_per_cycle": 4.302759232747745e-08,
        "efolding_cycles": 23240900.68505644
      },
      "gamma": {
        "available": true,
        "window_cycles": 50,
        "window_start_period": 1682.0,
        "window_end_period": 1731.0,
        "first": 0.0003012325447629284,
        "last": 0.00017038317354534175,
        "median": 0.00021766068339266925,
        "peak_to_peak": 0.00015099667486222765,
        "fractional_peak_to_peak": 0.6937250793696312,
        "slope_per_cycle": -2.5248448871124083e-06,
        "fractional_slope_per_cycle": -0.011599912523280465,
        "log_slope_per_cycle": -0.011304723263732342,
        "efolding_cycles": null
      },
      "max_vsurf_div_cs": {
        "available": true,
        "window_cycles": 50,
        "window_start_period": 1682.0,
        "window_end_period": 1731.0,
        "first": 4.9139,
        "last": 4.94695,
        "median": 4.934514999999999,
        "peak_to_peak": 0.03467999999999982,
        "fractional_peak_to_peak": 0.0070280463226882126,
        "slope_per_cycle": 0.000667688835534211,
        "fractional_slope_per_cycle": 0.00013530992114406604,
        "log_slope_per_cycle": 0.00013535348082403822,
        "efolding_cycles": 7388.062677900516
      }
    },
    "100": {
      "delta_r": {
        "available": true,
        "window_cycles": 100,
        "window_start_period": 1632.0,
        "window_end_period": 1731.0,
        "first": 0.626652456041854,
        "last": 0.6379453332133389,
        "median": 0.6339447638714066,
        "peak_to_peak": 0.011559448603025047,
        "fractional_peak_to_peak": 0.01823415739319812,
        "slope_per_cycle": 0.00011466506443861814,
        "fractional_slope_per_cycle": 0.00018087548154570375,
        "log_slope_per_cycle": 0.00018113003795289988,
        "efolding_cycles": 5520.8954367913
      },
      "period_days": {
        "available": true,
        "window_cycles": 100,
        "window_start_period": 1632.0,
        "window_end_period": 1731.0,
        "first": 0.5572483096028574,
        "last": 0.5572332585025234,
        "median": 0.5572543477918952,
        "peak_to_peak": 7.466691114976776e-05,
        "fractional_peak_to_peak": 0.00013399071975953765,
        "slope_per_cycle": 1.286005040625672e-07,
        "fractional_slope_per_cycle": 2.3077523678755152e-07,
        "log_slope_per_cycle": 2.3077622720682377e-07,
        "efolding_cycles": 4333201.9597659465
      },
      "gamma": {
        "available": true,
        "window_cycles": 100,
        "window_start_period": 1632.0,
        "window_end_period": 1731.0,
        "first": 0.0004721897848372879,
        "last": 0.00017038317354534175,
        "median": 0.000291984484348747,
        "peak_to_peak": 0.00033071302501080544,
        "fractional_peak_to_peak": 1.13263903644894,
        "slope_per_cycle": -3.131221009447972e-06,
        "fractional_slope_per_cycle": -0.01072392944588122,
        "log_slope_per_cycle": -0.010643721121888322,
        "efolding_cycles": null
      },
      "max_vsurf_div_cs": {
        "available": true,
        "window_cycles": 100,
        "window_start_period": 1632.0,
        "window_end_period": 1731.0,
        "first": 4.85708,
        "last": 4.94695,
        "median": 4.914664999999999,
        "peak_to_peak": 0.09149999999999991,
        "fractional_peak_to_peak": 0.01861774912430449,
        "slope_per_cycle": 0.0009069625562556247,
        "fractional_slope_per_cycle": 0.00018454209112027468,
        "log_slope_per_cycle": 0.0001848069709500972,
        "efolding_cycles": 5411.051297789121
      }
    },
    "250": {
      "delta_r": {
        "available": true,
        "window_cycles": 250,
        "window_start_period": 1482.0,
        "window_end_period": 1731.0,
        "first": 0.567911426419653,
        "last": 0.6379453332133389,
        "median": 0.621332578174794,
        "peak_to_peak": 0.07030047822522612,
        "fractional_peak_to_peak": 0.11314468401405647,
        "slope_per_cycle": 0.0002667300267300796,
        "fractional_slope_per_cycle": 0.0004292870454557797,
        "log_slope_per_cycle": 0.0004374887629253127,
        "efolding_cycles": 2285.7729952042637
      },
      "period_days": {
        "available": true,
        "window_cycles": 250,
        "window_start_period": 1482.0,
        "window_end_period": 1731.0,
        "first": 0.55710197526013,
        "last": 0.5572332585025234,
        "median": 0.5572333032384308,
        "peak_to_peak": 0.00019179508452205063,
        "fractional_peak_to_peak": 0.0003441917118151582,
        "slope_per_cycle": 4.1062684917572474e-07,
        "fractional_slope_per_cycle": 7.369029216116762e-07,
        "log_slope_per_cycle": 7.369292684137505e-07,
        "efolding_cycles": 1356982.3358387062
      },
      "gamma": {
        "available": true,
        "window_cycles": 250,
        "window_start_period": 1482.0,
        "window_end_period": 1731.0,
        "first": 0.0017773341965266571,
        "last": 0.00017038317354534175,
        "median": 0.0006304009614045275,
        "peak_to_peak": 0.0016270983266259563,
        "fractional_peak_to_peak": 2.581053053917932,
        "slope_per_cycle": -6.248789602372985e-06,
        "fractional_slope_per_cycle": -0.009912404937407993,
        "log_slope_per_cycle": -0.009502503478683224,
        "efolding_cycles": null
      },
      "max_vsurf_div_cs": {
        "available": true,
        "window_cycles": 250,
        "window_start_period": 1629.0,
        "window_end_period": 1731.0,
        "first": 4.85518,
        "last": 4.94695,
        "median": 4.91286,
        "peak_to_peak": 0.09339999999999993,
        "fractional_peak_to_peak": 0.019011329449648458,
        "slope_per_cycle": 0.0009205160787242449,
        "fractional_slope_per_cycle": 0.00018736867704844935,
        "log_slope_per_cycle": 0.00018763636757421114,
        "efolding_cycles": 5329.4572524939485
      }
    },
    "500": {
      "delta_r": {
        "available": true,
        "window_cycles": 500,
        "window_start_period": 1232.0,
        "window_end_period": 1731.0,
        "first": 0.3441684412512487,
        "last": 0.6379453332133389,
        "median": 0.5675905529320957,
        "peak_to_peak": 0.2940434633936304,
        "fractional_peak_to_peak": 0.5180555981325655,
        "slope_per_cycle": 0.0006134719565397883,