{
  "generated_at": "2026-06-17T12:28:16.364561+00:00",
  "workspace": "<local-rre-root>/rsp_batch_runs",
  "model_id": "model_008",
  "run_name": "model_008_M0p6151_Z0p0004406_T6792",
  "source": "cumulative:saturation+continue_saturation",
  "source_kind": "history_exact_rsp_columns",
  "cycle_count": 1504,
  "first_period": 1.0,
  "last_period": 1504.0,
  "rolling_window": 100,
  "fits": {
    "50": {
      "delta_r": {
        "available": true,
        "window_cycles": 50,
        "window_start_period": 1455.0,
        "window_end_period": 1504.0,
        "first": 0.04607623747754008,
        "last": 0.050935417805386685,
        "median": 0.048444431305490365,
        "peak_to_peak": 0.004859180327846602,
        "fractional_peak_to_peak": 0.10030420828360297,
        "slope_per_cycle": 9.915906129179594e-05,
        "fractional_slope_per_cycle": 0.0020468619120843703,
        "log_slope_per_cycle": 0.002046308516839509,
        "efolding_cycles": 488.6848643646776
      },
      "period_days": {
        "available": true,
        "window_cycles": 50,
        "window_start_period": 1455.0,
        "window_end_period": 1504.0,
        "first": 0.6316272989422497,
        "last": 0.6316236618061171,
        "median": 0.6316255583470963,
        "peak_to_peak": 3.67846460669341e-06,
        "fractional_peak_to_peak": 5.8238058262233725e-06,
        "slope_per_cycle": -7.593682574389184e-08,
        "fractional_slope_per_cycle": -1.2022443477843304e-07,
        "log_slope_per_cycle": -1.202244445093606e-07,
        "efolding_cycles": null
      },
      "gamma": {
        "available": true,
        "window_cycles": 50,
        "window_start_period": 1455.0,
        "window_end_period": 1504.0,
        "first": 0.004114280065157045,
        "last": 0.0041302548832224195,
        "median": 0.004121766651831076,
        "peak_to_peak": 1.65903471075644e-05,
        "fractional_peak_to_peak": 0.0040250573380213595,
        "slope_per_cycle": 3.321115988420445e-07,
        "fractional_slope_per_cycle": 8.05750608648613e-05,
        "log_slope_per_cycle": 8.05727233790791e-05,
        "efolding_cycles": 12411.148066761913
      },
      "max_vsurf_div_cs": {
        "available": true,
        "window_cycles": 50,
        "window_start_period": 1455.0,
        "window_end_period": 1504.0,
        "first": 0.25962,
        "last": 0.28834,
        "median": 0.27358,
        "peak_to_peak": 0.028719999999999968,
        "fractional_peak_to_peak": 0.10497843409605954,
        "slope_per_cycle": 0.0005858160864345738,
        "fractional_slope_per_cycle": 0.0021412971943657205,
        "log_slope_per_cycle": 0.0021405778057747554,
        "efolding_cycles": 467.16358419780147
      }
    },
    "100": {
      "delta_r": {
        "available": true,
        "window_cycles": 100,
        "window_start_period": 1405.0,
        "window_end_period": 1504.0,
        "first": 0.04160260992310061,
        "last": 0.050935417805386685,
        "median": 0.04602917103426574,
        "peak_to_peak": 0.009332807882286076,
        "fractional_peak_to_peak": 0.2027585479507855,
        "slope_per_cycle": 9.421350232876386e-05,
        "fractional_slope_per_cycle": 0.002046821617939372,
        "log_slope_per_cycle": 0.0020445704683681033,
        "efolding_cycles": 489.1002855960065
      },
      "period_days": {
        "available": true,
        "window_cycles": 100,
        "window_start_period": 1405.0,
        "window_end_period": 1504.0,
        "first": 0.6316291354222361,
        "last": 0.6316236618061171,
        "median": 0.6316273266368511,
        "peak_to_peak": 5.473616119022751e-06,
        "fractional_peak_to_peak": 8.665895043153763e-06,
        "slope_per_cycle": -5.721476445566071e-08,
        "fractional_slope_per_cycle": -9.058310500957136e-08,
        "log_slope_per_cycle": -9.058319300217944e-08,
        "efolding_cycles": null
      },
      "gamma": {
        "available": true,
        "window_cycles": 100,
        "window_start_period": 1405.0,
        "window_end_period": 1504.0,
        "first": 0.004100227750759874,
        "last": 0.0041302548832224195,
        "median": 0.0041139278811327465,
        "peak_to_peak": 3.078207652151572e-05,
        "fractional_peak_to_peak": 0.0074824054798549484,
        "slope_per_cycle": 2.982880958503272e-07,
        "fractional_slope_per_cycle": 7.250688501816791e-05,
        "log_slope_per_cycle": 7.249391731938876e-05,
        "efolding_cycles": 13794.260773552465
      },
      "max_vsurf_div_cs": {
        "available": true,
        "window_cycles": 100,
        "window_start_period": 1405.0,
        "window_end_period": 1504.0,
        "first": 0.23336,
        "last": 0.28834,
        "median": 0.25934500000000005,
        "peak_to_peak": 0.05497999999999997,
        "fractional_peak_to_peak": 0.2119956043108599,
        "slope_per_cycle": 0.0005546909090909091,
        "fractional_slope_per_cycle": 0.0021388147413326226,
        "log_slope_per_cycle": 0.00213613093158899,
        "efolding_cycles": 468.1360984067285
      }
    },
    "250": {
      "delta_r": {
        "available": true,
        "window_cycles": 250,
        "window_start_period": 1255.0,
        "window_end_period": 1504.0,
        "first": 0.030676538502441453,
        "last": 0.050935417805386685,
        "median": 0.03949512614714479,
        "peak_to_peak": 0.020258879302945232,
        "fractional_peak_to_peak": 0.5129463120960256,
        "slope_per_cycle": 8.099868461407814e-05,
        "fractional_slope_per_cycle": 0.002050852662485641,
        "log_slope_per_cycle": 0.002036497198746733,
        "efolding_cycles": 491.03922196180935
      },
      "period_days": {
        "available": true,
        "window_cycles": 250,
        "window_start_period": 1255.0,
        "window_end_period": 1504.0,
        "first": 0.6316322006847434,
        "last": 0.6316236618061171,
        "median": 0.6316293851518141,
        "peak_to_peak": 8.538878626285218e-06,
        "fractional_peak_to_peak": 1.3518811548377965e-05,
        "slope_per_cycle": -2.5410521667300528e-08,
        "fractional_slope_per_cycle": -4.0230113203477745e-08,
        "log_slope_per_cycle": -4.023018161533296e-08,
        "efolding_cycles": null
      },
      "gamma": {
        "available": true,
        "window_cycles": 250,
        "window_start_period": 1255.0,
        "window_end_period": 1504.0,
        "first": 0.004064134884973444,
        "last": 0.0041302548832224195,
        "median": 0.004093450152757347,
        "peak_to_peak": 6.693011385792286e-05,
        "fractional_peak_to_peak": 0.01635053838699825,
        "slope_per_cycle": 2.6231502128121004e-07,
        "fractional_slope_per_cycle": 6.408164543166959e-05,
        "log_slope_per_cycle": 6.405225732882734e-05,
        "efolding_cycles": 15612.252271863965
      },
      "max_vsurf_div_cs": {
        "available": true,
        "window_cycles": 250,
        "window_start_period": 1255.0,
        "window_end_period": 1504.0,
        "first": 0.17007,
        "last": 0.28834,
        "median": 0.221045,
        "peak_to_peak": 0.11826999999999999,
        "fractional_peak_to_peak": 0.5350494243253636,
        "slope_per_cycle": 0.00047269003600057606,
        "fractional_slope_per_cycle": 0.0021384335135405737,
        "log_slope_per_cycle": 0.002121186156417623,
        "efolding_cycles": 471.4343420423107
      }
    },
    "500": {
      "delta_r": {
        "available": true,
        "window_cycles": 500,
        "window_start_period": 1005.0,
        "window_end_period": 1504.0,
        "first": 0.018506149692614215,
        "last": 0.050935417805386685,
        "median": 0.030645504960380876,
        "peak_to_peak": 0.03242926811277247,