{
  "generated_at": "2026-06-19T11:10:45.890266+00:00",
  "workspace": "<local-rre-root>/rsp_batch_runs",
  "model_id": "model_009",
  "run_name": "model_009_M0p6668_Z0p0001120_T6852",
  "source": "cumulative:saturation+saturation_resume:LOGS_saturation_resume_130000",
  "source_kind": "history_exact_rsp_columns",
  "cycle_count": 265,
  "first_period": 1.0,
  "last_period": 265.0,
  "rolling_window": 100,
  "fits": {
    "50": {
      "delta_r": {
        "available": true,
        "window_cycles": 50,
        "window_start_period": 216.0,
        "window_end_period": 265.0,
        "first": 0.0033091156173306047,
        "last": 0.004041950200196709,
        "median": 0.0037463511262485483,
        "peak_to_peak": 0.0009853007581828166,
        "fractional_peak_to_peak": 0.2630027792321375,
        "slope_per_cycle": 1.084395124497637e-05,
        "fractional_slope_per_cycle": 0.002894536811832447,
        "log_slope_per_cycle": 0.002857494821090333,
        "efolding_cycles": 349.95688972707586
      },
      "period_days": {
        "available": true,
        "window_cycles": 50,
        "window_start_period": 216.0,
        "window_end_period": 265.0,
        "first": 0.5153451591349181,
        "last": 0.49492515043377083,
        "median": 0.4999168411883228,
        "peak_to_peak": 0.030376256475962315,
        "fractional_peak_to_peak": 0.06076261884627993,
        "slope_per_cycle": -3.821085897384296e-05,
        "fractional_slope_per_cycle": -7.643443034048259e-05,
        "log_slope_per_cycle": -7.593425411252327e-05,
        "efolding_cycles": null
      },
      "gamma": {
        "available": true,
        "window_cycles": 50,
        "window_start_period": 216.0,
        "window_end_period": 265.0,
        "first": 0.00846769463485049,
        "last": 0.00426772132763333,
        "median": 0.0048981384075522695,
        "peak_to_peak": 0.005295484819423992,
        "fractional_peak_to_peak": 1.0811219240475254,
        "slope_per_cycle": -5.741042932383809e-06,
        "fractional_slope_per_cycle": -0.0011720867102350343,
        "log_slope_per_cycle": -0.001356629547289437,
        "efolding_cycles": null
      },
      "max_vsurf_div_cs": {
        "available": true,
        "window_cycles": 50,
        "window_start_period": 216.0,
        "window_end_period": 265.0,
        "first": 0.02172,
        "last": 0.0278,
        "median": 0.025775,
        "peak_to_peak": 0.0087,
        "fractional_peak_to_peak": 0.3375363724539282,
        "slope_per_cycle": 7.655078031212484e-05,
        "fractional_slope_per_cycle": 0.002969962378743932,
        "log_slope_per_cycle": 0.0029366561653029954,
        "efolding_cycles": 340.52335163208426
      }
    },
    "100": {
      "delta_r": {
        "available": true,
        "window_cycles": 100,
        "window_start_period": 166.0,
        "window_end_period": 265.0,
        "first": 0.002941744276744096,
        "last": 0.004041950200196709,
        "median": 0.003600121081843266,
        "peak_to_peak": 0.0013526720987693253,
        "fractional_peak_to_peak": 0.3757296124264675,
        "slope_per_cycle": 9.82625621843424e-06,
        "fractional_slope_per_cycle": 0.002729423815213233,
        "log_slope_per_cycle": 0.0027652923536273678,
        "efolding_cycles": 361.6254168165083
      },
      "period_days": {
        "available": true,
        "window_cycles": 100,
        "window_start_period": 166.0,
        "window_end_period": 265.0,
        "first": 0.5064266104858554,
        "last": 0.49492515043377083,
        "median": 0.5013145875856087,
        "peak_to_peak": 0.030376256475962315,
        "fractional_peak_to_peak": 0.06059320280755846,
        "slope_per_cycle": -7.909403653675289e-06,
        "fractional_slope_per_cycle": -1.5777325953684947e-05,
        "log_slope_per_cycle": -1.6154361545954645e-05,
        "efolding_cycles": null
      },
      "gamma": {
        "available": true,
        "window_cycles": 100,
        "window_start_period": 166.0,
        "window_end_period": 265.0,
        "first": 0.0067401404479874175,
        "last": 0.00426772132763333,
        "median": 0.005024979931761238,
        "peak_to_peak": 0.005295484819423992,
        "fractional_peak_to_peak": 1.0538320334282296,
        "slope_per_cycle": -8.613268534021676e-07,
        "fractional_slope_per_cycle": -0.00017140901358789616,
        "log_slope_per_cycle": -0.0002691574653631682,
        "efolding_cycles": null
      },
      "max_vsurf_div_cs": {
        "available": true,
        "window_cycles": 100,
        "window_start_period": 166.0,
        "window_end_period": 265.0,
        "first": 0.0196,
        "last": 0.0278,
        "median": 0.02419,
        "peak_to_peak": 0.01092,
        "fractional_peak_to_peak": 0.451426209177346,
        "slope_per_cycle": 6.81093309330933e-05,
        "fractional_slope_per_cycle": 0.002815598633034035,
        "log_slope_per_cycle": 0.0027879372721109704,
        "efolding_cycles": 358.68812760009484
      }
    },
    "250": {
      "delta_r": {
        "available": true,
        "window_cycles": 250,
        "window_start_period": 16.0,
        "window_end_period": 265.0,
        "first": 0.0021293765151648714,
        "last": 0.004041950200196709,
        "median": 0.0029345465909829116,
        "peak_to_peak": 0.0023206652935776617,
        "fractional_peak_to_peak": 0.7908088086617724,
        "slope_per_cycle": 7.996586045656406e-06,
        "fractional_slope_per_cycle": 0.0027249817979471884,
        "log_slope_per_cycle": 0.0027333307158377497,
        "efolding_cycles": 365.8540088858241
      },
      "period_days": {
        "available": true,
        "window_cycles": 250,
        "window_start_period": 16.0,
        "window_end_period": 265.0,
        "first": 0.4911577780083004,
        "last": 0.49492515043377083,
        "median": 0.5010520650552913,
        "peak_to_peak": 0.030376256475962315,
        "fractional_peak_to_peak": 0.06062495016882184,
        "slope_per_cycle": 1.0403164352619721e-07,
        "fractional_slope_per_cycle": 2.0762641406281255e-07,
        "log_slope_per_cycle": -1.2864130019609596e-07,
        "efolding_cycles": null
      },
      "gamma": {
        "available": true,
        "window_cycles": 250,
        "window_start_period": 16.0,
        "window_end_period": 265.0,
        "first": 0.005547287185956678,
        "last": 0.00426772132763333,
        "median": 0.005064725089701533,
        "peak_to_peak": 0.005295484819423992,
        "fractional_peak_to_peak": 1.0455621431835815,
        "slope_per_cycle": -8.018807022070243e-08,
        "fractional_slope_per_cycle": -1.5832659976699342e-05,
        "log_slope_per_cycle": -0.00010084098862948827,
        "efolding_cycles": null
      },
      "max_vsurf_div_cs": {
        "available": true,
        "window_cycles": 250,
        "window_start_period": 129.0,
        "window_end_period": 265.0,
        "first": 0.01909,
        "last": 0.0278,
        "median": 0.02309,
        "peak_to_peak": 0.01279,
        "fractional_peak_to_peak": 0.5539194456474664,
        "slope_per_cycle": 6.38515783971475e-05,
        "fractional_slope_per_cycle": 0.0027653347075421177,
        "log_slope_per_cycle": 0.002739864513957384,
        "efolding_cycles": 364.98155106057703
      }
    },
    "500": {
      "delta_r": {
        "available": false,
        "reason": "only 265 rows for 500-cycle window"
      },
      "period_days": {
        "available": false,
        "reason": "only 265 rows for 500-cycle window"
      },
      "gamma": {
        "available": false,
        "reason": "only 265 rows for 500-cycle window"
      },
      "max_vsurf_div_cs": {
        "available": false,
        "reason": "only 265 rows for 500-cycle window"
      }
    }
  },
  "latest_rolling": {
    "window_start_period": 166.0,
    "window_end_period": 265.0,
    "gamma_peak_to_peak": 0.005295484819423992,
    "period_fractional_peak_to_peak": 0.06059320280755846,