{
  "generated_at": "2026-06-19T01:36:02.820412+00:00",
  "workspace": "<local-rre-root>/rsp_batch_runs",
  "model_id": "model_009",
  "run_name": "model_009_M0p6668_Z0p0001120_T6852",
  "source": "cumulative:saturation+saturation_resume:LOGS_saturation_resume_130000",
  "source_kind": "history_exact_rsp_columns",
  "cycle_count": 221,
  "first_period": 1.0,
  "last_period": 221.0,
  "rolling_window": 100,
  "fits": {
    "50": {
      "delta_r": {
        "available": true,
        "window_cycles": 50,
        "window_start_period": 172.0,
        "window_end_period": 221.0,
        "first": 0.002954166159947924,
        "last": 0.003665703309876811,
        "median": 0.003309027296814815,
        "peak_to_peak": 0.0007987879671951248,
        "fractional_peak_to_peak": 0.24139660859371503,
        "slope_per_cycle": 9.721932632476137e-06,
        "fractional_slope_per_cycle": 0.002938003153323704,
        "log_slope_per_cycle": 0.0028881986997826674,
        "efolding_cycles": 346.23656609057
      },
      "period_days": {
        "available": true,
        "window_cycles": 50,
        "window_start_period": 172.0,
        "window_end_period": 221.0,
        "first": 0.5110920954989248,
        "last": 0.49170066818172387,
        "median": 0.5013145875856087,
        "peak_to_peak": 0.029043331457446475,
        "fractional_peak_to_peak": 0.05793434337772346,
        "slope_per_cycle": -3.7079133199675684e-05,
        "fractional_slope_per_cycle": -7.396380260597092e-05,
        "log_slope_per_cycle": -7.388192457268391e-05,
        "efolding_cycles": null
      },
      "gamma": {
        "available": true,
        "window_cycles": 50,
        "window_start_period": 172.0,
        "window_end_period": 221.0,
        "first": 0.007892640892830288,
        "last": 0.004172171198941949,
        "median": 0.004976979636929904,
        "peak_to_peak": 0.005084203462958899,
        "fractional_peak_to_peak": 1.0215439551396552,
        "slope_per_cycle": -5.692904638850968e-06,
        "fractional_slope_per_cycle": -0.0011438472837238065,
        "log_slope_per_cycle": -0.0009792253551274713,
        "efolding_cycles": null
      },
      "max_vsurf_div_cs": {
        "available": true,
        "window_cycles": 50,
        "window_start_period": 172.0,
        "window_end_period": 221.0,
        "first": 0.0195,
        "last": 0.0255,
        "median": 0.022965,
        "peak_to_peak": 0.0069099999999999995,
        "fractional_peak_to_peak": 0.30089266274765947,
        "slope_per_cycle": 6.902857142857143e-05,
        "fractional_slope_per_cycle": 0.0030058163043140186,
        "log_slope_per_cycle": 0.002987655537797191,
        "efolding_cycles": 334.7106074809761
      }
    },
    "100": {
      "delta_r": {
        "available": true,
        "window_cycles": 100,
        "window_start_period": 122.0,
        "window_end_period": 221.0,
        "first": 0.0026590188948292237,
        "last": 0.003665703309876811,
        "median": 0.003156751439226113,
        "peak_to_peak": 0.0010965463820902244,
        "fractional_peak_to_peak": 0.3473654493237662,
        "slope_per_cycle": 8.723967185802897e-06,
        "fractional_slope_per_cycle": 0.0027635901507473784,
        "log_slope_per_cycle": 0.0027675750372469768,
        "efolding_cycles": 361.32714977612386
      },
      "period_days": {
        "available": true,
        "window_cycles": 100,
        "window_start_period": 122.0,
        "window_end_period": 221.0,
        "first": 0.5014601602311423,
        "last": 0.49170066818172387,
        "median": 0.5016265023563162,
        "peak_to_peak": 0.029043331457446475,
        "fractional_peak_to_peak": 0.05789831940900197,
        "slope_per_cycle": -7.031574579343653e-06,
        "fractional_slope_per_cycle": -1.4017550002469712e-05,
        "log_slope_per_cycle": -1.4330161994245905e-05,
        "efolding_cycles": null
      },
      "gamma": {
        "available": true,
        "window_cycles": 100,
        "window_start_period": 122.0,
        "window_end_period": 221.0,
        "first": 0.005586647167416807,
        "last": 0.004172171198941949,
        "median": 0.005081291118727068,
        "peak_to_peak": 0.005084203462958899,
        "fractional_peak_to_peak": 1.0005731504383006,
        "slope_per_cycle": -8.70493875141141e-07,
        "fractional_slope_per_cycle": -0.00017131352146562535,
        "log_slope_per_cycle": -0.00034279900661575804,
        "efolding_cycles": null
      },
      "max_vsurf_div_cs": {
        "available": true,
        "window_cycles": 100,
        "window_start_period": 129.0,
        "window_end_period": 221.0,
        "first": 0.01909,
        "last": 0.0255,
        "median": 0.02173,
        "peak_to_peak": 0.00878,
        "fractional_peak_to_peak": 0.4040497008743672,
        "slope_per_cycle": 6.034003759959416e-05,
        "fractional_slope_per_cycle": 0.0027768079889366848,
        "log_slope_per_cycle": 0.002753320588394609,
        "efolding_cycles": 363.1978071188123
      }
    },
    "250": {
      "delta_r": {
        "available": false,
        "reason": "only 221 rows for 250-cycle window"
      },
      "period_days": {
        "available": false,
        "reason": "only 221 rows for 250-cycle window"
      },
      "gamma": {
        "available": false,
        "reason": "only 221 rows for 250-cycle window"
      },
      "max_vsurf_div_cs": {
        "available": false,
        "reason": "only 221 rows for 250-cycle window"
      }
    },
    "500": {
      "delta_r": {
        "available": false,
        "reason": "only 221 rows for 500-cycle window"
      },
      "period_days": {
        "available": false,
        "reason": "only 221 rows for 500-cycle window"
      },
      "gamma": {
        "available": false,
        "reason": "only 221 rows for 500-cycle window"
      },
      "max_vsurf_div_cs": {
        "available": false,
        "reason": "only 221 rows for 500-cycle window"
      }
    }
  },
  "latest_rolling": {
    "window_start_period": 122.0,
    "window_end_period": 221.0,
    "gamma_peak_to_peak": 0.005084203462958899,
    "period_fractional_peak_to_peak": 0.05789831940900197,
    "delta_r_fractional_peak_to_peak": 0.3473654493237662
  },
  "growth_outlook": {
    "status": "amplitude still growing",
    "tolerance": 0.001,
    "delta_r_fractional_peak_to_peak": 0.3473654493237662,
    "delta_r_criterion_factor": 347.36544932376614,
    "log_slope_per_cycle": 0.0027675750372469768,
    "efolding_cycles": 361.32714977612386,
    "doubling_cycles": 250.45289512708135,
    "fit_window_cycles": 100,
    "max_vsurf_div_cs_latest": 0.0255,
    "max_vsurf_div_cs_log_slope_per_cycle": 0.002753320588394609,
    "max_vsurf_div_cs_efolding_cycles": 363.1978071188123,
    "max_vsurf_div_cs_fit_window_cycles": 100,
    "cycles_to_vsurf_div_cs_0p8": 1251.5554091406343,
    "cycles_to_vsurf_div_cs_1p0": 1332.6006576506593
  }
}
