{
  "generated_at": "2026-06-19T09:33:35.911420+00:00",
  "workspace": "<local-rre-root>/rsp_batch_runs",
  "model_id": "model_008",
  "run_name": "model_008_M0p6151_Z0p0004406_T6792",
  "source": "cumulative:saturation+continue_saturation+continue_saturation_resume:LOGS_continue_saturation_resume_1620000",
  "source_kind": "history_exact_rsp_columns",
  "cycle_count": 1139,
  "first_period": 1.0,
  "last_period": 1139.0,
  "rolling_window": 100,
  "fits": {
    "50": {
      "delta_r": {
        "available": true,
        "window_cycles": 50,
        "window_start_period": 1090.0,
        "window_end_period": 1139.0,
        "first": 0.07476352152450527,
        "last": 0.08279919272256198,
        "median": 0.07867373160251612,
        "peak_to_peak": 0.008035671198056704,
        "fractional_peak_to_peak": 0.10213918971907149,
        "slope_per_cycle": 0.0001639751393545326,
        "fractional_slope_per_cycle": 0.0020842425548464566,
        "log_slope_per_cycle": 0.002083592374571179,
        "efolding_cycles": 479.9403243188622
      },
      "period_days": {
        "available": true,
        "window_cycles": 50,
        "window_start_period": 1090.0,
        "window_end_period": 1139.0,
        "first": 0.6316174309662784,
        "last": 0.6316205023444706,
        "median": 0.631619905651616,
        "peak_to_peak": 3.3962540328946744e-06,
        "fractional_peak_to_peak": 5.3770535135223466e-06,
        "slope_per_cycle": 7.055776550584449e-08,
        "fractional_slope_per_cycle": 1.117092176394488e-07,
        "log_slope_per_cycle": 1.1170932625168559e-07,
        "efolding_cycles": 8951804.057496147
      },
      "gamma": {
        "available": true,
        "window_cycles": 50,
        "window_start_period": 1090.0,
        "window_end_period": 1139.0,
        "first": 0.0042184653493820504,
        "last": 0.004244367025630909,
        "median": 0.004232083647896241,
        "peak_to_peak": 2.5901676248858176e-05,
        "fractional_peak_to_peak": 0.006120312924753705,
        "slope_per_cycle": 5.287975526910187e-07,
        "fractional_slope_per_cycle": 0.00012494969303215042,
        "log_slope_per_cycle": 0.00012496150307879543,
        "efolding_cycles": 8002.46456198148
      },
      "max_vsurf_div_cs": {
        "available": true,
        "window_cycles": 50,
        "window_start_period": 1090.0,
        "window_end_period": 1139.0,
        "first": 0.43413,
        "last": 0.48565,
        "median": 0.459105,
        "peak_to_peak": 0.05152000000000001,
        "fractional_peak_to_peak": 0.11221833785299662,
        "slope_per_cycle": 0.0010518914765906366,
        "fractional_slope_per_cycle": 0.0022911784375919163,
        "log_slope_per_cycle": 0.0022902271025315403,
        "efolding_cycles": 436.637920708664
      }
    },
    "100": {
      "delta_r": {
        "available": true,
        "window_cycles": 100,
        "window_start_period": 1040.0,
        "window_end_period": 1139.0,
        "first": 0.06740475826576464,
        "last": 0.08279919272256198,
        "median": 0.07468594701786913,
        "peak_to_peak": 0.015394434456797335,
        "fractional_peak_to_peak": 0.2061222367993019,
        "slope_per_cycle": 0.00015535875708913113,
        "fractional_slope_per_cycle": 0.0020801605026439644,
        "log_slope_per_cycle": 0.0020775450544370804,
        "efolding_cycles": 481.3373350745234
      },
      "period_days": {
        "available": true,
        "window_cycles": 100,
        "window_start_period": 1040.0,
        "window_end_period": 1139.0,
        "first": 0.6316181357836144,
        "last": 0.6316205023444706,
        "median": 0.6316177488195158,
        "peak_to_peak": 4.4000919701137065e-06,
        "fractional_peak_to_peak": 6.966384301798695e-06,
        "slope_per_cycle": 4.6994681341743204e-08,
        "fractional_slope_per_cycle": 7.440367442108073e-08,
        "log_slope_per_cycle": 7.440357424171972e-08,
        "efolding_cycles": 13440214.53527535
      },
      "gamma": {
        "available": true,
        "window_cycles": 100,
        "window_start_period": 1040.0,
        "window_end_period": 1139.0,
        "first": 0.0041904558187617754,
        "last": 0.004244367025630909,
        "median": 0.004218096666990096,
        "peak_to_peak": 5.391120686913317e-05,
        "fractional_peak_to_peak": 0.012780932047155417,
        "slope_per_cycle": 5.530682211867412e-07,
        "fractional_slope_per_cycle": 0.0001311179578967292,
        "log_slope_per_cycle": 0.00013113117913789944,
        "efolding_cycles": 7625.951406632175
      },
      "max_vsurf_div_cs": {
        "available": true,
        "window_cycles": 100,
        "window_start_period": 1040.0,
        "window_end_period": 1139.0,
        "first": 0.38822,
        "last": 0.48565,
        "median": 0.43364,
        "peak_to_peak": 0.09743000000000002,
        "fractional_peak_to_peak": 0.22467945761461122,
        "slope_per_cycle": 0.0009840771077107712,
        "fractional_slope_per_cycle": 0.0022693411763462113,
        "log_slope_per_cycle": 0.002264508686080119,
        "efolding_cycles": 441.59689302451176
      }
    },
    "250": {
      "delta_r": {
        "available": true,
        "window_cycles": 250,
        "window_start_period": 890.0,
        "window_end_period": 1139.0,
        "first": 0.049496688511247555,
        "last": 0.08279919272256198,
        "median": 0.06394212757695872,
        "peak_to_peak": 0.03330250421131442,
        "fractional_peak_to_peak": 0.5208225855674349,
        "slope_per_cycle": 0.00013309666328082547,
        "fractional_slope_per_cycle": 0.00208151758980235,
        "log_slope_per_cycle": 0.0020663034773250205,
        "efolding_cycles": 483.95601661309325
      },
      "period_days": {
        "available": true,
        "window_cycles": 250,
        "window_start_period": 890.0,
        "window_end_period": 1139.0,
        "first": 0.6316247203668441,
        "last": 0.6316205023444706,
        "median": 0.6316209434439359,
        "peak_to_peak": 8.403764589215434e-06,
        "fractional_peak_to_peak": 1.3305075894718762e-05,
        "slope_per_cycle": -2.4569913461287032e-08,
        "fractional_slope_per_cycle": -3.889977638695559e-08,
        "log_slope_per_cycle": -3.889979947759723e-08,
        "efolding_cycles": null
      },
      "gamma": {
        "available": true,
        "window_cycles": 250,
        "window_start_period": 890.0,
        "window_end_period": 1139.0,
        "first": 0.004125153879256089,
        "last": 0.004244367025630909,
        "median": 0.004177890455944013,
        "peak_to_peak": 0.00011937602746345255,
        "fractional_peak_to_peak": 0.028573278481634823,
        "slope_per_cycle": 4.825139851835736e-07,
        "fractional_slope_per_cycle": 0.00011549225387111005,
        "log_slope_per_cycle": 0.00011535731526323318,
        "efolding_cycles": 8668.71769439247
      },
      "max_vsurf_div_cs": {
        "available": true,
        "window_cycles": 250,
        "window_start_period": 1018.0,
        "window_end_period": 1139.0,
        "first": 0.36986,
        "last": 0.48565,
        "median": 0.42298,
        "peak_to_peak": 0.11579,
        "fractional_peak_to_peak": 0.2737481677620691,
        "slope_per_cycle": 0.0009556008340465466,
        "fractional_slope_per_cycle": 0.002259210445048339,
        "log_slope_per_cycle": 0.0022519783582839606,
        "efolding_cycles": 444.0540009283278
      }
    },
    "500": {
      "delta_r": {
        "available": true,
        "window_cycles": 500,
        "window_start_period": 640.0,
        "window_end_period": 1139.0,
        "first": 0.029758672587086643,
        "last": 0.08279919272256198,
        "median": 0.04944608425953989,
        "peak_to_peak": 0.05304052013547533,
        "fractional_peak_to_peak": 1.0726940450343538,
        "slope_per_cycle": 0.00010428318632794066,
        "fractional_slope_per_cycle": 0.002109028204954789,