{
  "generated_at": "2026-06-18T14:36:01.474141+00:00",
  "workspace": "<local-rre-root>/rsp_batch_runs",
  "model_id": "model_008",
  "run_name": "model_008_M0p6151_Z0p0004406_T6792",
  "source": "cumulative:saturation+continue_saturation+continue_saturation_resume:LOGS_continue_saturation_resume_1620000",
  "source_kind": "history_exact_rsp_columns",
  "cycle_count": 1055,
  "first_period": 1.0,
  "last_period": 1055.0,
  "rolling_window": 100,
  "fits": {
    "50": {
      "delta_r": {
        "available": true,
        "window_cycles": 50,
        "window_start_period": 1006.0,
        "window_end_period": 1055.0,
        "first": 0.06282828251041472,
        "last": 0.06953069688942914,
        "median": 0.06609348948006177,
        "peak_to_peak": 0.006702414379014421,
        "fractional_peak_to_peak": 0.10140808772150423,
        "slope_per_cycle": 0.000136752994752467,
        "fractional_slope_per_cycle": 0.002069084199189103,
        "log_slope_per_cycle": 0.0020685148642939585,
        "efolding_cycles": 483.43863380519036
      },
      "period_days": {
        "available": true,
        "window_cycles": 50,
        "window_start_period": 1006.0,
        "window_end_period": 1055.0,
        "first": 0.6316216063456334,
        "last": 0.6316167966174652,
        "median": 0.6316192407932788,
        "peak_to_peak": 4.809728168186922e-06,
        "fractional_peak_to_peak": 7.61491711706909e-06,
        "slope_per_cycle": -1.0523648838088544e-07,
        "fractional_slope_per_cycle": -1.6661381032141175e-07,
        "log_slope_per_cycle": -1.6661382083930369e-07,
        "efolding_cycles": null
      },
      "gamma": {
        "available": true,
        "window_cycles": 50,
        "window_start_period": 1006.0,
        "window_end_period": 1055.0,
        "first": 0.00417426281711772,
        "last": 0.004198477033128133,
        "median": 0.004185974311169072,
        "peak_to_peak": 2.4214216010413382e-05,
        "fractional_peak_to_peak": 0.005784606930292117,
        "slope_per_cycle": 5.048582611402725e-07,
        "fractional_slope_per_cycle": 0.0001206071092680151,
        "log_slope_per_cycle": 0.000120605944255803,
        "efolding_cycles": 8291.465285318096
      },
      "max_vsurf_div_cs": {
        "available": true,
        "window_cycles": 50,
        "window_start_period": 1018.0,
        "window_end_period": 1055.0,
        "first": 0.36986,
        "last": 0.40132,
        "median": 0.385235,
        "peak_to_peak": 0.03145999999999999,
        "fractional_peak_to_peak": 0.0816644385894324,
        "slope_per_cycle": 0.0008500306379253752,
        "fractional_slope_per_cycle": 0.002206524946916493,
        "log_slope_per_cycle": 0.002206011952021889,
        "efolding_cycles": 453.3067008469578
      }
    },
    "100": {
      "delta_r": {
        "available": true,
        "window_cycles": 100,
        "window_start_period": 956.0,
        "window_end_period": 1055.0,
        "first": 0.05667185123090679,
        "last": 0.06953069688942914,
        "median": 0.0627634203461307,
        "peak_to_peak": 0.012858845658522355,
        "fractional_peak_to_peak": 0.20487802588845194,
        "slope_per_cycle": 0.00012981964515111416,
        "fractional_slope_per_cycle": 0.0020683965984514326,
        "log_slope_per_cycle": 0.002066015081822986,
        "efolding_cycles": 484.02357214044724
      },
      "period_days": {
        "available": true,
        "window_cycles": 100,
        "window_start_period": 956.0,
        "window_end_period": 1055.0,
        "first": 0.6316220877022931,
        "last": 0.6316167966174652,
        "median": 0.6316216290265286,
        "peak_to_peak": 5.5531529640218125e-06,
        "fractional_peak_to_peak": 8.791898042789435e-06,
        "slope_per_cycle": -5.81492480263602e-08,
        "fractional_slope_per_cycle": -9.206342112758442e-08,
        "log_slope_per_cycle": -9.20636478057511e-08,
        "efolding_cycles": null
      },
      "gamma": {
        "available": true,
        "window_cycles": 100,
        "window_start_period": 956.0,
        "window_end_period": 1055.0,
        "first": 0.0041526667726231575,
        "last": 0.004198477033128133,
        "median": 0.00417395063121812,
        "peak_to_peak": 4.5810260504975525e-05,
        "fractional_peak_to_peak": 0.010975276075943025,
        "slope_per_cycle": 4.5342790956651474e-07,
        "fractional_slope_per_cycle": 0.00010863279171900194,
        "log_slope_per_cycle": 0.0001086019450461821,
        "efolding_cycles": 9207.938214870444
      },
      "max_vsurf_div_cs": {
        "available": true,
        "window_cycles": 100,
        "window_start_period": 1018.0,
        "window_end_period": 1055.0,
        "first": 0.36986,
        "last": 0.40132,
        "median": 0.385235,
        "peak_to_peak": 0.03145999999999999,
        "fractional_peak_to_peak": 0.0816644385894324,
        "slope_per_cycle": 0.0008500306379253752,
        "fractional_slope_per_cycle": 0.002206524946916493,
        "log_slope_per_cycle": 0.002206011952021889,
        "efolding_cycles": 453.3067008469578
      }
    },
    "250": {
      "delta_r": {
        "available": true,
        "window_cycles": 250,
        "window_start_period": 806.0,
        "window_end_period": 1055.0,
        "first": 0.04168758205561396,
        "last": 0.06953069688942914,
        "median": 0.053779165687046326,
        "peak_to_peak": 0.027843114833815186,
        "fractional_peak_to_peak": 0.5177305091685663,
        "slope_per_cycle": 0.00011126912172990617,
        "fractional_slope_per_cycle": 0.002069000519223513,
        "log_slope_per_cycle": 0.00205396571988591,
        "efolding_cycles": 486.8630427072299
      },
      "period_days": {
        "available": true,
        "window_cycles": 250,
        "window_start_period": 806.0,
        "window_end_period": 1055.0,
        "first": 0.6316291049217667,
        "last": 0.6316167966174652,
        "median": 0.6316223470005207,
        "peak_to_peak": 1.2308304301544837e-05,
        "fractional_peak_to_peak": 1.9486809420209907e-05,
        "slope_per_cycle": -4.351267207520718e-08,
        "fractional_slope_per_cycle": -6.889033024534723e-08,
        "log_slope_per_cycle": -6.889018383392815e-08,
        "efolding_cycles": null
      },
      "gamma": {
        "available": true,
        "window_cycles": 250,
        "window_start_period": 806.0,
        "window_end_period": 1055.0,
        "first": 0.004100653837017776,
        "last": 0.004198477033128133,
        "median": 0.004142191773943921,
        "peak_to_peak": 9.900422642722916e-05,
        "fractional_peak_to_peak": 0.023901410613097685,
        "slope_per_cycle": 3.972083830088104e-07,
        "fractional_slope_per_cycle": 9.589328661879285e-05,
        "log_slope_per_cycle": 9.580578403540575e-05,
        "efolding_cycles": 10437.783167981199
      },
      "max_vsurf_div_cs": {
        "available": true,
        "window_cycles": 250,
        "window_start_period": 1018.0,
        "window_end_period": 1055.0,
        "first": 0.36986,
        "last": 0.40132,
        "median": 0.385235,
        "peak_to_peak": 0.03145999999999999,
        "fractional_peak_to_peak": 0.0816644385894324,
        "slope_per_cycle": 0.0008500306379253752,
        "fractional_slope_per_cycle": 0.002206524946916493,
        "log_slope_per_cycle": 0.002206011952021889,
        "efolding_cycles": 453.3067008469578
      }
    },
    "500": {
      "delta_r": {
        "available": true,
        "window_cycles": 500,
        "window_start_period": 556.0,
        "window_end_period": 1055.0,
        "first": 0.007476040305112619,
        "last": 0.06953069688942914,
        "median": 0.041645095989357284,
        "peak_to_peak": 0.062054656584316525,
        "fractional_peak_to_peak": 1.4900831685002012,
        "slope_per_cycle": 0.00010546525785573918,
        "fractional_slope_per_cycle": 0.002532477242523144,