{
  "generated_at": "2026-06-18T10:30:32.085357+00:00",
  "workspace": "<local-rre-root>/rsp_batch_runs",
  "model_id": "model_007",
  "run_name": "model_007_M0p6887_Z0p004060_T6669",
  "source": "cumulative:continue_saturation+continue_saturation_resume:LOGS_continue_saturation_resume_2180000+continue_saturation_resume:LOGS_continue_saturation_resume_2270000",
  "source_kind": "history_exact_rsp_columns",
  "cycle_count": 1640,
  "first_period": 1.0,
  "last_period": 1640.0,
  "rolling_window": 100,
  "fits": {
    "50": {
      "delta_r": {
        "available": true,
        "window_cycles": 50,
        "window_start_period": 1591.0,
        "window_end_period": 1640.0,
        "first": 0.6172735297070453,
        "last": 0.6281044446552286,
        "median": 0.6234717629576063,
        "peak_to_peak": 0.010830914948183334,
        "fractional_peak_to_peak": 0.01737194142811532,
        "slope_per_cycle": 0.00022307366997524394,
        "fractional_slope_per_cycle": 0.00035779273934882615,
        "log_slope_per_cycle": 0.0003580978864976792,
        "efolding_cycles": 2792.532538464119
      },
      "period_days": {
        "available": true,
        "window_cycles": 50,
        "window_start_period": 1591.0,
        "window_end_period": 1640.0,
        "first": 0.5572373268818828,
        "last": 0.5572697083826211,
        "median": 0.5572404505597877,
        "peak_to_peak": 5.130806075481775e-05,
        "fractional_peak_to_peak": 9.207526248906582e-05,
        "slope_per_cycle": 2.98647028176773e-07,
        "fractional_slope_per_cycle": 5.359392482666339e-07,
        "log_slope_per_cycle": 5.359335928095856e-07,
        "efolding_cycles": 1865902.8159768567
      },
      "gamma": {
        "available": true,
        "window_cycles": 50,
        "window_start_period": 1591.0,
        "window_end_period": 1640.0,
        "first": 0.0007118031843851174,
        "last": 0.00044816611542246646,
        "median": 0.0005776157132104255,
        "peak_to_peak": 0.00027133839222931894,
        "fractional_peak_to_peak": 0.4697559052214882,
        "slope_per_cycle": -5.622897967172365e-06,
        "fractional_slope_per_cycle": -0.009734669328713263,
        "log_slope_per_cycle": -0.00981434022329071,
        "efolding_cycles": null
      },
      "max_vsurf_div_cs": {
        "available": true,
        "window_cycles": 50,
        "window_start_period": 1629.0,
        "window_end_period": 1640.0,
        "first": 4.85518,
        "last": 4.86857,
        "median": 4.861235,
        "peak_to_peak": 0.01364000000000054,
        "fractional_peak_to_peak": 0.0028058713475074834,
        "slope_per_cycle": 0.0013726573426573508,
        "fractional_slope_per_cycle": 0.0002823680284243306,
        "log_slope_per_cycle": 0.00028232358261160427,
        "efolding_cycles": 3542.0349612653904
      }
    },
    "100": {
      "delta_r": {
        "available": true,
        "window_cycles": 100,
        "window_start_period": 1541.0,
        "window_end_period": 1640.0,
        "first": 0.5996577543082733,
        "last": 0.6281044446552286,
        "median": 0.6170708729415799,
        "peak_to_peak": 0.02844669034695535,
        "fractional_peak_to_peak": 0.04609955127415079,
        "slope_per_cycle": 0.0002857879726742809,
        "fractional_slope_per_cycle": 0.00046313638385154723,
        "log_slope_per_cycle": 0.0004646459851149385,
        "efolding_cycles": 2152.1761341650936
      },
      "period_days": {
        "available": true,
        "window_cycles": 100,
        "window_start_period": 1541.0,
        "window_end_period": 1640.0,
        "first": 0.5572138710385534,
        "last": 0.5572697083826211,
        "median": 0.5572322187118266,
        "peak_to_peak": 7.59156455319987e-05,
        "fractional_peak_to_peak": 0.00013623699955378672,
        "slope_per_cycle": 3.642080494681128e-07,
        "fractional_slope_per_cycle": 6.536019225702085e-07,
        "log_slope_per_cycle": 6.536007955300955e-07,
        "efolding_cycles": 1529985.8978735812
      },
      "gamma": {
        "available": true,
        "window_cycles": 100,
        "window_start_period": 1541.0,
        "window_end_period": 1640.0,
        "first": 0.0011090304574951735,
        "last": 0.00044816611542246646,
        "median": 0.0007215713736342219,
        "peak_to_peak": 0.0006649536735399678,
        "fractional_peak_to_peak": 0.921535551210829,
        "slope_per_cycle": -6.644756568966709e-06,
        "fractional_slope_per_cycle": -0.009208730850144646,
        "log_slope_per_cycle": -0.009143650258799221,
        "efolding_cycles": null
      },
      "max_vsurf_div_cs": {
        "available": true,
        "window_cycles": 100,
        "window_start_period": 1629.0,
        "window_end_period": 1640.0,
        "first": 4.85518,
        "last": 4.86857,
        "median": 4.861235,
        "peak_to_peak": 0.01364000000000054,
        "fractional_peak_to_peak": 0.0028058713475074834,
        "slope_per_cycle": 0.0013726573426573508,
        "fractional_slope_per_cycle": 0.0002823680284243306,
        "log_slope_per_cycle": 0.00028232358261160427,
        "efolding_cycles": 3542.0349612653904
      }
    },
    "250": {
      "delta_r": {
        "available": true,
        "window_cycles": 250,
        "window_start_period": 1391.0,
        "window_end_period": 1640.0,
        "first": 0.4952963195771911,
        "last": 0.6281044446552286,
        "median": 0.5876044717965403,
        "peak_to_peak": 0.13280812507803752,
        "fractional_peak_to_peak": 0.22601619193262829,
        "slope_per_cycle": 0.0005305045349518592,
        "fractional_slope_per_cycle": 0.0009028258980567252,
        "log_slope_per_cycle": 0.0009311340869138764,
        "efolding_cycles": 1073.9591795144895
      },
      "period_days": {
        "available": true,
        "window_cycles": 250,
        "window_start_period": 1391.0,
        "window_end_period": 1640.0,
        "first": 0.5569965404204817,
        "last": 0.5572697083826211,
        "median": 0.5571907337722196,
        "peak_to_peak": 0.0005568297119398213,
        "fractional_peak_to_peak": 0.0009993520677740741,
        "slope_per_cycle": 1.4856810228173252e-06,
        "fractional_slope_per_cycle": 2.66637783575323e-06,
        "log_slope_per_cycle": 2.66684107481729e-06,
        "efolding_cycles": 374975.47545779863
      },
      "gamma": {
        "available": true,
        "window_cycles": 250,
        "window_start_period": 1391.0,
        "window_end_period": 1640.0,
        "first": 0.003033413781455632,
        "last": 0.00044816611542246646,
        "median": 0.001375516885896203,
        "peak_to_peak": 0.0025893369975004263,
        "fractional_peak_to_peak": 1.8824465363166893,
        "slope_per_cycle": -1.0625758514820719e-05,
        "fractional_slope_per_cycle": -0.007724920445376883,
        "log_slope_per_cycle": -0.007766663965723474,
        "efolding_cycles": null
      },
      "max_vsurf_div_cs": {
        "available": true,
        "window_cycles": 250,
        "window_start_period": 1629.0,
        "window_end_period": 1640.0,
        "first": 4.85518,
        "last": 4.86857,
        "median": 4.861235,
        "peak_to_peak": 0.01364000000000054,
        "fractional_peak_to_peak": 0.0028058713475074834,
        "slope_per_cycle": 0.0013726573426573508,
        "fractional_slope_per_cycle": 0.0002823680284243306,
        "log_slope_per_cycle": 0.00028232358261160427,
        "efolding_cycles": 3542.0349612653904
      }
    },
    "500": {
      "delta_r": {
        "available": true,
        "window_cycles": 500,
        "window_start_period": 1141.0,
        "window_end_period": 1640.0,
        "first": 0.2743031947889616,
        "last": 0.6281044446552286,
        "median": 0.49484353178965046,
        "peak_to_peak": 0.35380124986626704,
        "fractional_peak_to_peak": 0.7149760017812296,
        "slope_per_cycle": 0.0007786083202953596,