{
  "generated_at": "2026-06-18T09:51:45.296236+00:00",
  "workspace": "<local-rre-root>/rsp_batch_runs",
  "model_id": "model_007",
  "run_name": "model_007_M0p6887_Z0p004060_T6669",
  "source": "cumulative:continue_saturation+continue_saturation_resume:LOGS_continue_saturation_resume_2180000+continue_saturation_resume:LOGS_continue_saturation_resume_2270000",
  "source_kind": "history_exact_rsp_columns",
  "cycle_count": 1637,
  "first_period": 1.0,
  "last_period": 1637.0,
  "rolling_window": 100,
  "fits": {
    "50": {
      "delta_r": {
        "available": true,
        "window_cycles": 50,
        "window_start_period": 1588.0,
        "window_end_period": 1637.0,
        "first": 0.6163133896850006,
        "last": 0.6275351996526952,
        "median": 0.6226670230225095,
        "peak_to_peak": 0.011221809967694618,
        "fractional_peak_to_peak": 0.018022168434779863,
        "slope_per_cycle": 0.00022961402845318897,
        "fractional_slope_per_cycle": 0.00036875893529516235,
        "log_slope_per_cycle": 0.0003690095463323176,
        "efolding_cycles": 2709.9569914633958
      },
      "period_days": {
        "available": true,
        "window_cycles": 50,
        "window_start_period": 1588.0,
        "window_end_period": 1637.0,
        "first": 0.5572361010288889,
        "last": 0.5572613286237336,
        "median": 0.5572400323054063,
        "peak_to_peak": 4.292830186725105e-05,
        "fractional_peak_to_peak": 7.703736160097585e-05,
        "slope_per_cycle": 3.161737372350238e-07,
        "fractional_slope_per_cycle": 5.673923603926191e-07,
        "log_slope_per_cycle": 5.673891117695717e-07,
        "efolding_cycles": 1762458.917974655
      },
      "gamma": {
        "available": true,
        "window_cycles": 50,
        "window_start_period": 1588.0,
        "window_end_period": 1637.0,
        "first": 0.0007344758345467323,
        "last": 0.00045870108050769355,
        "median": 0.000590617495417823,
        "peak_to_peak": 0.0002823917526643344,
        "fractional_peak_to_peak": 0.47812967759202735,
        "slope_per_cycle": -5.729715802091286e-06,
        "fractional_slope_per_cycle": -0.009701229385421253,
        "log_slope_per_cycle": -0.009739745722143204,
        "efolding_cycles": null
      },
      "max_vsurf_div_cs": {
        "available": true,
        "window_cycles": 50,
        "window_start_period": 1629.0,
        "window_end_period": 1637.0,
        "first": 4.85518,
        "last": 4.86368,
        "median": 4.85836,
        "peak_to_peak": 0.009020000000000472,
        "fractional_peak_to_peak": 0.0018565935830198816,
        "slope_per_cycle": 0.0011878333333333066,
        "fractional_slope_per_cycle": 0.0002444926545857669,
        "log_slope_per_cycle": 0.0002444269591851511,
        "efolding_cycles": 4091.201737049428
      }
    },
    "100": {
      "delta_r": {
        "available": true,
        "window_cycles": 100,
        "window_start_period": 1538.0,
        "window_end_period": 1637.0,
        "first": 0.5983597062806334,
        "last": 0.6275351996526952,
        "median": 0.6161688034290256,
        "peak_to_peak": 0.029175493372061823,
        "fractional_peak_to_peak": 0.04734983856647402,
        "slope_per_cycle": 0.0002935194512342262,
        "fractional_slope_per_cycle": 0.0004763620774060103,
        "log_slope_per_cycle": 0.0004779135792908982,
        "efolding_cycles": 2092.428512878301
      },
      "period_days": {
        "available": true,
        "window_cycles": 100,
        "window_start_period": 1538.0,
        "window_end_period": 1637.0,
        "first": 0.5572115115907595,
        "last": 0.5572613286237336,
        "median": 0.5572320234975605,
        "peak_to_peak": 6.7535886644432e-05,
        "fractional_peak_to_peak": 0.00012119886115039054,
        "slope_per_cycle": 3.779230070459058e-07,
        "fractional_slope_per_cycle": 6.782148030075667e-07,
        "log_slope_per_cycle": 6.782153981393432e-07,
        "efolding_cycles": 1474457.8237879293
      },
      "gamma": {
        "available": true,
        "window_cycles": 100,
        "window_start_period": 1538.0,
        "window_end_period": 1637.0,
        "first": 0.0011400962048865393,
        "last": 0.00045870108050769355,
        "median": 0.000738109947942818,
        "peak_to_peak": 0.0006880121230041414,
        "fractional_peak_to_peak": 0.9321268801778054,
        "slope_per_cycle": -6.786752384544925e-06,
        "fractional_slope_per_cycle": -0.009194771596643893,
        "log_slope_per_cycle": -0.009090807682760271,
        "efolding_cycles": null
      },
      "max_vsurf_div_cs": {
        "available": true,
        "window_cycles": 100,
        "window_start_period": 1629.0,
        "window_end_period": 1637.0,
        "first": 4.85518,
        "last": 4.86368,
        "median": 4.85836,
        "peak_to_peak": 0.009020000000000472,
        "fractional_peak_to_peak": 0.0018565935830198816,
        "slope_per_cycle": 0.0011878333333333066,
        "fractional_slope_per_cycle": 0.0002444926545857669,
        "log_slope_per_cycle": 0.0002444269591851511,
        "efolding_cycles": 4091.201737049428
      }
    },
    "250": {
      "delta_r": {
        "available": true,
        "window_cycles": 250,
        "window_start_period": 1388.0,
        "window_end_period": 1637.0,
        "first": 0.4926047622818901,
        "last": 0.6275351996526952,
        "median": 0.5860258351021796,
        "peak_to_peak": 0.13493043737080512,
        "fractional_peak_to_peak": 0.23024656813513794,
        "slope_per_cycle": 0.0005402303232249288,
        "fractional_slope_per_cycle": 0.000921854107559497,
        "log_slope_per_cycle": 0.0009510157043853865,
        "efolding_cycles": 1051.5073467122927
      },
      "period_days": {
        "available": true,
        "window_cycles": 250,
        "window_start_period": 1388.0,
        "window_end_period": 1637.0,
        "first": 0.5569872730204628,
        "last": 0.5572613286237336,
        "median": 0.5571856812367871,
        "peak_to_peak": 0.0005568297119398213,
        "fractional_peak_to_peak": 0.0009993611298549962,
        "slope_per_cycle": 1.4872631473887087e-06,
        "fractional_slope_per_cycle": 2.6692415068661223e-06,
        "log_slope_per_cycle": 2.6696795442695284e-06,
        "efolding_cycles": 374576.79223954113
      },
      "gamma": {
        "available": true,
        "window_cycles": 250,
        "window_start_period": 1388.0,
        "window_end_period": 1637.0,
        "first": 0.0030820597849935774,
        "last": 0.00045870108050769355,
        "median": 0.0014095902402717715,
        "peak_to_peak": 0.002629975703111179,
        "fractional_peak_to_peak": 1.865773206974046,
        "slope_per_cycle": -1.0760599413758367e-05,
        "fractional_slope_per_cycle": -0.007633849260820438,
        "log_slope_per_cycle": -0.007703181064900444,
        "efolding_cycles": null
      },
      "max_vsurf_div_cs": {
        "available": true,
        "window_cycles": 250,
        "window_start_period": 1629.0,
        "window_end_period": 1637.0,
        "first": 4.85518,
        "last": 4.86368,
        "median": 4.85836,
        "peak_to_peak": 0.009020000000000472,
        "fractional_peak_to_peak": 0.0018565935830198816,
        "slope_per_cycle": 0.0011878333333333066,
        "fractional_slope_per_cycle": 0.0002444926545857669,
        "log_slope_per_cycle": 0.0002444269591851511,
        "efolding_cycles": 4091.201737049428
      }
    },
    "500": {
      "delta_r": {
        "available": true,
        "window_cycles": 500,
        "window_start_period": 1138.0,
        "window_end_period": 1637.0,
        "first": 0.27137638578581313,
        "last": 0.6275351996526952,
        "median": 0.49214871600323296,
        "peak_to_peak": 0.3561588138668821,
        "fractional_peak_to_peak": 0.7236812822743247,
        "slope_per_cycle": 0.0007824776185328151,