{
  "generated_at": "2026-06-18T04:20:50.330865+00:00",
  "workspace": "<local-rre-root>/rsp_batch_runs",
  "model_id": "model_008",
  "run_name": "model_008_M0p6151_Z0p0004406_T6792",
  "source": "cumulative:saturation+continue_saturation",
  "source_kind": "history_exact_rsp_columns",
  "cycle_count": 1004,
  "first_period": 1.0,
  "last_period": 1004.0,
  "rolling_window": 100,
  "fits": {
    "50": {
      "delta_r": {
        "available": true,
        "window_cycles": 50,
        "window_start_period": 955.0,
        "window_end_period": 1004.0,
        "first": 0.05655538287558404,
        "last": 0.06256910908925395,
        "median": 0.05948249993255006,
        "peak_to_peak": 0.006013726213669912,
        "fractional_peak_to_peak": 0.10110076443473547,
        "slope_per_cycle": 0.00012272041209433743,
        "fractional_slope_per_cycle": 0.0020631347410330057,
        "log_slope_per_cycle": 0.0020625075816780437,
        "efolding_cycles": 484.8467025689215
      },
      "period_days": {
        "available": true,
        "window_cycles": 50,
        "window_start_period": 955.0,
        "window_end_period": 1004.0,
        "first": 0.6316220571835421,
        "last": 0.631621730299839,
        "median": 0.6316222115312875,
        "peak_to_peak": 6.194705901574338e-07,
        "fractional_peak_to_peak": 9.807612507096707e-07,
        "slope_per_cycle": -3.7280947753473956e-09,
        "fractional_slope_per_cycle": -5.902412402991822e-09,
        "log_slope_per_cycle": -5.902414545666841e-09,
        "efolding_cycles": null
      },
      "gamma": {
        "available": true,
        "window_cycles": 50,
        "window_start_period": 955.0,
        "window_end_period": 1004.0,
        "first": 0.004152060255581536,
        "last": 0.00417363844531852,
        "median": 0.00416302930542456,
        "peak_to_peak": 2.1578189736984332e-05,
        "fractional_peak_to_peak": 0.005183290376761763,
        "slope_per_cycle": 4.2190234109481005e-07,
        "fractional_slope_per_cycle": 0.00010134503270132109,
        "log_slope_per_cycle": 0.00010134836723873217,
        "efolding_cycles": 9866.957181899535
      },
      "max_vsurf_div_cs": {
        "available": true,
        "window_cycles": 50,
        "window_start_period": 955.0,
        "window_end_period": 1004.0,
        "first": 0.32205,
        "last": 0.35864,
        "median": 0.33982999999999997,
        "peak_to_peak": 0.03659000000000001,
        "fractional_peak_to_peak": 0.10767148280022369,
        "slope_per_cycle": 0.0007468144057623049,
        "fractional_slope_per_cycle": 0.0021976117640064297,
        "log_slope_per_cycle": 0.0021968600511329305,
        "efolding_cycles": 455.19513156256613
      }
    },
    "100": {
      "delta_r": {
        "available": true,
        "window_cycles": 100,
        "window_start_period": 905.0,
        "window_end_period": 1004.0,
        "first": 0.05103986636056668,
        "last": 0.06256910908925395,
        "median": 0.05649727543226124,
        "peak_to_peak": 0.011529242728687272,
        "fractional_peak_to_peak": 0.20406723404760524,
        "slope_per_cycle": 0.00011636094157796077,
        "fractional_slope_per_cycle": 0.0020595850098554663,
        "log_slope_per_cycle": 0.0020570908435419344,
        "efolding_cycles": 486.12340244448455
      },
      "period_days": {
        "available": true,
        "window_cycles": 100,
        "window_start_period": 905.0,
        "window_end_period": 1004.0,
        "first": 0.63162359188604,
        "last": 0.631621730299839,
        "median": 0.6316222327767389,
        "peak_to_peak": 1.8751340123968063e-06,
        "fractional_peak_to_peak": 2.96875872173362e-06,
        "slope_per_cycle": -8.973513434279852e-09,
        "fractional_slope_per_cycle": -1.4207089251482606e-08,
        "log_slope_per_cycle": -1.420708046397109e-08,
        "efolding_cycles": null
      },
      "gamma": {
        "available": true,
        "window_cycles": 100,
        "window_start_period": 905.0,
        "window_end_period": 1004.0,
        "first": 0.004131245173663607,
        "last": 0.00417363844531852,
        "median": 0.004152362132438445,
        "peak_to_peak": 4.3424599766996724e-05,
        "fractional_peak_to_peak": 0.010457806516382985,
        "slope_per_cycle": 4.328241825759633e-07,
        "fractional_slope_per_cycle": 0.0001042356540135844,
        "log_slope_per_cycle": 0.00010424670460853771,
        "efolding_cycles": 9592.629366608304
      },
      "max_vsurf_div_cs": {
        "available": true,
        "window_cycles": 100,
        "window_start_period": 905.0,
        "window_end_period": 1004.0,
        "first": 0.28896,
        "last": 0.35864,
        "median": 0.3217,
        "peak_to_peak": 0.06968000000000002,
        "fractional_peak_to_peak": 0.21659931613304328,
        "slope_per_cycle": 0.0007037173717371736,
        "fractional_slope_per_cycle": 0.0021874957156890694,
        "log_slope_per_cycle": 0.0021839602171637097,
        "efolding_cycles": 457.88379849642655
      }
    },
    "250": {
      "delta_r": {
        "available": true,
        "window_cycles": 250,
        "window_start_period": 755.0,
        "window_end_period": 1004.0,
        "first": 0.03757407287151526,
        "last": 0.06256910908925395,
        "median": 0.048444431305490365,
        "peak_to_peak": 0.024995036217738686,
        "fractional_peak_to_peak": 0.5159527224113769,
        "slope_per_cycle": 9.988476879532176e-05,
        "fractional_slope_per_cycle": 0.00206184211690811,
        "log_slope_per_cycle": 0.0020473937695609044,
        "efolding_cycles": 488.4258293969829
      },
      "period_days": {
        "available": true,
        "window_cycles": 250,
        "window_start_period": 755.0,
        "window_end_period": 1004.0,
        "first": 0.6316294260887015,
        "last": 0.631621730299839,
        "median": 0.6316255583470963,
        "peak_to_peak": 7.695788862505104e-06,
        "fractional_peak_to_peak": 1.2184099837005088e-05,
        "slope_per_cycle": -4.014384422552112e-08,
        "fractional_slope_per_cycle": -6.355639618284877e-08,
        "log_slope_per_cycle": -6.355638503220782e-08,
        "efolding_cycles": null
      },
      "gamma": {
        "available": true,
        "window_cycles": 250,
        "window_start_period": 755.0,
        "window_end_period": 1004.0,
        "first": 0.0040875183812951275,
        "last": 0.00417363844531852,
        "median": 0.004121766651831076,
        "peak_to_peak": 8.675337365166187e-05,
        "fractional_peak_to_peak": 0.02104761889252563,
        "slope_per_cycle": 3.475842854737605e-07,
        "fractional_slope_per_cycle": 8.432895766172201e-05,
        "log_slope_per_cycle": 8.421163873588665e-05,
        "efolding_cycles": 11874.84313345694
      },
      "max_vsurf_div_cs": {
        "available": true,
        "window_cycles": 250,
        "window_start_period": 755.0,
        "window_end_period": 1004.0,
        "first": 0.20985,
        "last": 0.35864,
        "median": 0.27358,
        "peak_to_peak": 0.14879,
        "fractional_peak_to_peak": 0.5438628554718913,
        "slope_per_cycle": 0.0005932746315941054,
        "fractional_slope_per_cycle": 0.002168559951729313,
        "log_slope_per_cycle": 0.0021493524545304963,
        "efolding_cycles": 465.2564068271621
      }
    },
    "500": {
      "delta_r": {
        "available": true,
        "window_cycles": 500,
        "window_start_period": 505.0,
        "window_end_period": 1004.0,
        "first": 0.0067466340315602835,
        "last": 0.06256910908925395,
        "median": 0.03753611626868292,
        "peak_to_peak": 0.055822475057693666,
        "fractional_peak_to_peak": 1.4871670435512636,