{
  "generated_at": "2026-06-18T20:54:56.868751+00:00",
  "workspace": "<local-rre-root>/rsp_batch_runs",
  "model_id": "model_008",
  "run_name": "model_008_M0p6151_Z0p0004406_T6792",
  "source": "cumulative:saturation+continue_saturation+continue_saturation_resume:LOGS_continue_saturation_resume_1620000",
  "source_kind": "history_exact_rsp_columns",
  "cycle_count": 1084,
  "first_period": 1.0,
  "last_period": 1084.0,
  "rolling_window": 100,
  "fits": {
    "50": {
      "delta_r": {
        "available": true,
        "window_cycles": 50,
        "window_start_period": 1035.0,
        "window_end_period": 1084.0,
        "first": 0.0667108795943756,
        "last": 0.07383861603957698,
        "median": 0.07018176644471863,
        "peak_to_peak": 0.007127736445201371,
        "fractional_peak_to_peak": 0.10156108639436723,
        "slope_per_cycle": 0.00014542739496258412,
        "fractional_slope_per_cycle": 0.0020721535283261304,
        "log_slope_per_cycle": 0.0020715522900001423,
        "efolding_cycles": 482.72978907036486
      },
      "period_days": {
        "available": true,
        "window_cycles": 50,
        "window_start_period": 1035.0,
        "window_end_period": 1084.0,
        "first": 0.6316187000081495,
        "last": 0.6316169097274542,
        "median": 0.631616722720727,
        "peak_to_peak": 2.3834058945348957e-06,
        "fractional_peak_to_peak": 3.773500302949915e-06,
        "slope_per_cycle": -3.942787962037165e-08,
        "fractional_slope_per_cycle": -6.24237424407221e-08,
        "log_slope_per_cycle": -6.242368298581215e-08,
        "efolding_cycles": null
      },
      "gamma": {
        "available": true,
        "window_cycles": 50,
        "window_start_period": 1035.0,
        "window_end_period": 1084.0,
        "first": 0.004187794778597471,
        "last": 0.004215015610307049,
        "median": 0.004200973318980766,
        "peak_to_peak": 2.722083170957762e-05,
        "fractional_peak_to_peak": 0.0064796487962894035,
        "slope_per_cycle": 5.549306120938958e-07,
        "fractional_slope_per_cycle": 0.0001320957240043915,
        "log_slope_per_cycle": 0.00013208330402368076,
        "efolding_cycles": 7570.979598002133
      },
      "max_vsurf_div_cs": {
        "available": true,
        "window_cycles": 50,
        "window_start_period": 1035.0,
        "window_end_period": 1084.0,
        "first": 0.38396,
        "last": 0.42827,
        "median": 0.40536,
        "peak_to_peak": 0.04430999999999996,
        "fractional_peak_to_peak": 0.10931024274718759,
        "slope_per_cycle": 0.0009034866746698676,
        "fractional_slope_per_cycle": 0.002228850095396358,
        "log_slope_per_cycle": 0.002227637425349684,
        "efolding_cycles": 448.9060870590396
      }
    },
    "100": {
      "delta_r": {
        "available": true,
        "window_cycles": 100,
        "window_start_period": 985.0,
        "window_end_period": 1084.0,
        "first": 0.06016132690422982,
        "last": 0.07383861603957698,
        "median": 0.06664192757174048,
        "peak_to_peak": 0.01367728913534716,
        "fractional_peak_to_peak": 0.2052354971368958,
        "slope_per_cycle": 0.00013804502656054754,
        "fractional_slope_per_cycle": 0.002071444083185336,
        "log_slope_per_cycle": 0.0020690802024227214,
        "efolding_cycles": 483.30654308570683
      },
      "period_days": {
        "available": true,
        "window_cycles": 100,
        "window_start_period": 985.0,
        "window_end_period": 1084.0,
        "first": 0.6316223211063899,
        "last": 0.6316169097274542,
        "median": 0.6316187643563306,
        "peak_to_peak": 6.004504135015409e-06,
        "fractional_peak_to_peak": 9.506532221433405e-06,
        "slope_per_cycle": -7.520976682533463e-08,
        "fractional_slope_per_cycle": -1.1907462391808344e-07,
        "log_slope_per_cycle": -1.1907454084003059e-07,
        "efolding_cycles": null
      },
      "gamma": {
        "available": true,
        "window_cycles": 100,
        "window_start_period": 985.0,
        "window_end_period": 1084.0,
        "first": 0.004165062772800288,
        "last": 0.004215015610307049,
        "median": 0.004187719751298013,
        "peak_to_peak": 4.99528375067608e-05,
        "fractional_peak_to_peak": 0.011928409844349678,
        "slope_per_cycle": 5.065896503861035e-07,
        "fractional_slope_per_cycle": 0.00012097028465887254,
        "log_slope_per_cycle": 0.00012092729057536091,
        "efolding_cycles": 8269.431947429668
      },
      "max_vsurf_div_cs": {
        "available": true,
        "window_cycles": 100,
        "window_start_period": 1018.0,
        "window_end_period": 1084.0,
        "first": 0.36986,
        "last": 0.42827,
        "median": 0.39778,
        "peak_to_peak": 0.05840999999999996,
        "fractional_peak_to_peak": 0.14683996178792286,
        "slope_per_cycle": 0.00088369422938782,
        "fractional_slope_per_cycle": 0.0022215652606662477,
        "log_slope_per_cycle": 0.00221959552909116,
        "efolding_cycles": 450.53253482154105
      }
    },
    "250": {
      "delta_r": {
        "available": true,
        "window_cycles": 250,
        "window_start_period": 835.0,
        "window_end_period": 1084.0,
        "first": 0.04423085420438433,
        "last": 0.07383861603957698,
        "median": 0.05708087569634346,
        "peak_to_peak": 0.029607761835192647,
        "fractional_peak_to_peak": 0.5186984515216414,
        "slope_per_cycle": 0.00011834179499473631,
        "fractional_slope_per_cycle": 0.002073230194019556,
        "log_slope_per_cycle": 0.0020579800223238273,
        "efolding_cycles": 485.9133660932341
      },
      "period_days": {
        "available": true,
        "window_cycles": 250,
        "window_start_period": 835.0,
        "window_end_period": 1084.0,
        "first": 0.6316282695695689,
        "last": 0.6316169097274542,
        "median": 0.6316221995668106,
        "peak_to_peak": 1.1952967313932916e-05,
        "fractional_peak_to_peak": 1.8924235598639018e-05,
        "slope_per_cycle": -4.447299376985748e-08,
        "fractional_slope_per_cycle": -7.041075155426561e-08,
        "log_slope_per_cycle": -7.041077190672297e-08,
        "efolding_cycles": null
      },
      "gamma": {
        "available": true,
        "window_cycles": 250,
        "window_start_period": 835.0,
        "window_end_period": 1084.0,
        "first": 0.0041084461642894275,
        "last": 0.004215015610307049,
        "median": 0.004154359841289517,
        "peak_to_peak": 0.00010716946108664874,
        "fractional_peak_to_peak": 0.025796865264657295,
        "slope_per_cycle": 4.2924309629783717e-07,
        "fractional_slope_per_cycle": 0.00010332352340585877,
        "log_slope_per_cycle": 0.00010323831914786562,
        "efolding_cycles": 9686.325855109337
      },
      "max_vsurf_div_cs": {
        "available": true,
        "window_cycles": 250,
        "window_start_period": 1018.0,
        "window_end_period": 1084.0,
        "first": 0.36986,
        "last": 0.42827,
        "median": 0.39778,
        "peak_to_peak": 0.05840999999999996,
        "fractional_peak_to_peak": 0.14683996178792286,
        "slope_per_cycle": 0.00088369422938782,
        "fractional_slope_per_cycle": 0.0022215652606662477,
        "log_slope_per_cycle": 0.00221959552909116,
        "efolding_cycles": 450.53253482154105
      }
    },
    "500": {
      "delta_r": {
        "available": true,
        "window_cycles": 500,
        "window_start_period": 585.0,
        "window_end_period": 1084.0,
        "first": 0.007925484448428222,
        "last": 0.07383861603957698,
        "median": 0.04418570974446956,
        "peak_to_peak": 0.06591313159114875,
        "fractional_peak_to_peak": 1.4917296105987905,
        "slope_per_cycle": 9.991163854069936e-05,
        "fractional_slope_per_cycle": 0.002261175369106856,