{
  "generated_at": "2026-06-20T02:23:02.170142+00:00",
  "workspace": "<local-rre-root>/rsp_batch_runs",
  "model_id": "model_001",
  "run_name": "model_001_M0p5602_Z0p003592_T6824",
  "source": "cumulative:continue_saturation_resume:LOGS_continue_saturation_resume_2500000",
  "source_kind": "history_exact_rsp_columns",
  "cycle_count": 111,
  "first_period": 1907.0,
  "last_period": 2017.0,
  "rolling_window": 100,
  "fits": {
    "50": {
      "delta_r": {
        "available": true,
        "window_cycles": 50,
        "window_start_period": 1968.0,
        "window_end_period": 2017.0,
        "first": 0.547442283058043,
        "last": 0.5568069328791978,
        "median": 0.5528621839239425,
        "peak_to_peak": 0.009364649821154813,
        "fractional_peak_to_peak": 0.01693848863868597,
        "slope_per_cycle": 0.00017245967265728623,
        "fractional_slope_per_cycle": 0.00031193971603058965,
        "log_slope_per_cycle": 0.0003122031579246262,
        "efolding_cycles": 3203.0425529565764
      },
      "period_days": {
        "available": true,
        "window_cycles": 50,
        "window_start_period": 1968.0,
        "window_end_period": 2017.0,
        "first": 0.5920910235823788,
        "last": 0.5920472011504764,
        "median": 0.5920529882779724,
        "peak_to_peak": 0.00012572914517172684,
        "fractional_peak_to_peak": 0.00021236130491870142,
        "slope_per_cycle": 2.669191017422023e-07,
        "fractional_slope_per_cycle": 4.5083650792567605e-07,
        "log_slope_per_cycle": 4.50902178275815e-07,
        "efolding_cycles": 2217775.9349574577
      },
      "gamma": {
        "available": true,
        "window_cycles": 50,
        "window_start_period": 1968.0,
        "window_end_period": 2017.0,
        "first": 0.0005669601239166104,
        "last": 0.0002996043845884771,
        "median": 0.00043255476289386855,
        "peak_to_peak": 0.0002673557393281333,
        "fractional_peak_to_peak": 0.6180852975458546,
        "slope_per_cycle": -4.097213160420681e-06,
        "fractional_slope_per_cycle": -0.009472125871437859,
        "log_slope_per_cycle": -0.009607802933022191,
        "efolding_cycles": null
      },
      "max_vsurf_div_cs": {
        "available": true,
        "window_cycles": 50,
        "window_start_period": 1968.0,
        "window_end_period": 2017.0,
        "first": 4.44052,
        "last": 4.50006,
        "median": 4.474115,
        "peak_to_peak": 0.05954000000000015,
        "fractional_peak_to_peak": 0.01330765972711925,
        "slope_per_cycle": 0.0011398914765906318,
        "fractional_slope_per_cycle": 0.0002547747379293183,
        "log_slope_per_cycle": 0.0002549381184395045,
        "efolding_cycles": 3922.5205164338536
      }
    },
    "100": {
      "delta_r": {
        "available": true,
        "window_cycles": 100,
        "window_start_period": 1918.0,
        "window_end_period": 2017.0,
        "first": 0.5349205278623552,
        "last": 0.5568069328791978,
        "median": 0.5481438147866742,
        "peak_to_peak": 0.02188640501684258,
        "fractional_peak_to_peak": 0.03992821669502975,
        "slope_per_cycle": 0.0002146751309338661,
        "fractional_slope_per_cycle": 0.0003916401592844992,
        "log_slope_per_cycle": 0.0003927558635931192,
        "efolding_cycles": 2546.1109373429076
      },
      "period_days": {
        "available": true,
        "window_cycles": 100,
        "window_start_period": 1918.0,
        "window_end_period": 2017.0,
        "first": 0.5919695583851663,
        "last": 0.5920472011504764,
        "median": 0.5920484372262015,
        "peak_to_peak": 0.00017026286037569172,
        "fractional_peak_to_peak": 0.00028758265315822476,
        "slope_per_cycle": 4.008208731707362e-07,
        "fractional_slope_per_cycle": 6.770068933018672e-07,
        "log_slope_per_cycle": 6.770618699857071e-07,
        "efolding_cycles": 1476969.8964455202
      },
      "gamma": {
        "available": true,
        "window_cycles": 100,
        "window_start_period": 1918.0,
        "window_end_period": 2017.0,
        "first": 0.0008696217197900471,
        "last": 0.0002996043845884771,
        "median": 0.0005476043162819199,
        "peak_to_peak": 0.00057001733520157,
        "fractional_peak_to_peak": 1.0409292225302902,
        "slope_per_cycle": -5.327602636618213e-06,
        "fractional_slope_per_cycle": -0.009728927399241746,
        "log_slope_per_cycle": -0.00958596157015068,
        "efolding_cycles": null
      },
      "max_vsurf_div_cs": {
        "available": true,
        "window_cycles": 100,
        "window_start_period": 1918.0,
        "window_end_period": 2017.0,
        "first": 4.35115,
        "last": 4.50006,
        "median": 4.44219,
        "peak_to_peak": 0.14891000000000076,
        "fractional_peak_to_peak": 0.033521753909670854,
        "slope_per_cycle": 0.0014567040504050415,
        "fractional_slope_per_cycle": 0.0003279247511711659,
        "log_slope_per_cycle": 0.0003287284006101981,
        "efolding_cycles": 3042.024960860583
      }
    },
    "250": {
      "delta_r": {
        "available": false,
        "reason": "only 111 rows for 250-cycle window"
      },
      "period_days": {
        "available": false,
        "reason": "only 111 rows for 250-cycle window"
      },
      "gamma": {
        "available": false,
        "reason": "only 111 rows for 250-cycle window"
      },
      "max_vsurf_div_cs": {
        "available": false,
        "reason": "only 111 rows for 250-cycle window"
      }
    },
    "500": {
      "delta_r": {
        "available": false,
        "reason": "only 111 rows for 500-cycle window"
      },
      "period_days": {
        "available": false,
        "reason": "only 111 rows for 500-cycle window"
      },
      "gamma": {
        "available": false,
        "reason": "only 111 rows for 500-cycle window"
      },
      "max_vsurf_div_cs": {
        "available": false,
        "reason": "only 111 rows for 500-cycle window"
      }
    }
  },
  "latest_rolling": {
    "window_start_period": 1918.0,
    "window_end_period": 2017.0,
    "gamma_peak_to_peak": 0.00057001733520157,
    "period_fractional_peak_to_peak": 0.00028758265315822476,
    "delta_r_fractional_peak_to_peak": 0.03992821669502975
  },
  "growth_outlook": {
    "status": "amplitude still growing",
    "tolerance": 0.001,
    "delta_r_fractional_peak_to_peak": 0.03992821669502975,
    "delta_r_criterion_factor": 39.928216695029754,
    "log_slope_per_cycle": 0.0003927558635931192,
    "efolding_cycles": 2546.1109373429076,
    "doubling_cycles": 1764.829617612076,
    "fit_window_cycles": 100,
    "max_vsurf_div_cs_latest": 4.50006,
    "max_vsurf_div_cs_log_slope_per_cycle": 0.0003287284006101981,
    "max_vsurf_div_cs_efolding_cycles": 3042.024960860583,
    "max_vsurf_div_cs_fit_window_cycles": 100,
    "cycles_to_vsurf_div_cs_0p8": 0.0,
    "cycles_to_vsurf_div_cs_1p0": 0.0
  }
}
