{
  "generated_at": "2026-06-19T01:22:38.515775+00:00",
  "workspace": "<local-rre-root>/rsp_batch_runs",
  "model_id": "model_009",
  "run_name": "model_009_M0p6668_Z0p0001120_T6852",
  "source": "cumulative:saturation+saturation_resume:LOGS_saturation_resume_130000",
  "source_kind": "history_exact_rsp_columns",
  "cycle_count": 219,
  "first_period": 1.0,
  "last_period": 219.0,
  "rolling_window": 100,
  "fits": {
    "50": {
      "delta_r": {
        "available": true,
        "window_cycles": 50,
        "window_start_period": 170.0,
        "window_end_period": 219.0,
        "first": 0.0031477716825998314,
        "last": 0.00333900914603813,
        "median": 0.003306337079598265,
        "peak_to_peak": 0.000737814287626648,
        "fractional_peak_to_peak": 0.2231515631540798,
        "slope_per_cycle": 8.700177380281378e-06,
        "fractional_slope_per_cycle": 0.002631364307639949,
        "log_slope_per_cycle": 0.0025959433053776163,
        "efolding_cycles": 385.21642515399077
      },
      "period_days": {
        "available": true,
        "window_cycles": 50,
        "window_start_period": 170.0,
        "window_end_period": 219.0,
        "first": 0.5082397158813977,
        "last": 0.5167192167677718,
        "median": 0.5024466161553088,
        "peak_to_peak": 0.029043331457446475,
        "fractional_peak_to_peak": 0.0578038154176145,
        "slope_per_cycle": 1.491053997731201e-05,
        "fractional_slope_per_cycle": 2.9675869033424012e-05,
        "log_slope_per_cycle": 2.9263267326584667e-05,
        "efolding_cycles": 34172.53407966289
      },
      "gamma": {
        "available": true,
        "window_cycles": 50,
        "window_start_period": 170.0,
        "window_end_period": 219.0,
        "first": 0.0038443734827090866,
        "last": 0.008422766674010295,
        "median": 0.0049831308977807635,
        "peak_to_peak": 0.005084203462958899,
        "fractional_peak_to_peak": 1.020282944046914,
        "slope_per_cycle": 6.671529064335264e-06,
        "fractional_slope_per_cycle": 0.0013388227604670044,
        "log_slope_per_cycle": 0.001246805264430617,
        "efolding_cycles": 802.04986979797
      },
      "max_vsurf_div_cs": {
        "available": true,
        "window_cycles": 50,
        "window_start_period": 170.0,
        "window_end_period": 219.0,
        "first": 0.02174,
        "last": 0.02193,
        "median": 0.022885000000000003,
        "peak_to_peak": 0.00639,
        "fractional_peak_to_peak": 0.27922219794625297,
        "slope_per_cycle": 5.8027370948379366e-05,
        "fractional_slope_per_cycle": 0.002535607207707204,
        "log_slope_per_cycle": 0.0025164961378376866,
        "efolding_cycles": 397.37791962568065
      }
    },
    "100": {
      "delta_r": {
        "available": true,
        "window_cycles": 100,
        "window_start_period": 120.0,
        "window_end_period": 219.0,
        "first": 0.0026339484354540588,
        "last": 0.00333900914603813,
        "median": 0.003129926885165002,
        "peak_to_peak": 0.0010580320121205133,
        "fractional_peak_to_peak": 0.3380372931825647,
        "slope_per_cycle": 8.49860333258167e-06,
        "fractional_slope_per_cycle": 0.0027152721595072164,
        "log_slope_per_cycle": 0.0027139926268527157,
        "efolding_cycles": 368.4608388784206
      },
      "period_days": {
        "available": true,
        "window_cycles": 100,
        "window_start_period": 120.0,
        "window_end_period": 219.0,
        "first": 0.5153939361731021,
        "last": 0.5167192167677718,
        "median": 0.5024466161553088,
        "peak_to_peak": 0.029043331457446475,
        "fractional_peak_to_peak": 0.0578038154176145,
        "slope_per_cycle": 4.399439598757424e-07,
        "fractional_slope_per_cycle": 8.756033889573524e-07,
        "log_slope_per_cycle": 5.724688987376653e-07,
        "efolding_cycles": 1746819.7874243846
      },
      "gamma": {
        "available": true,
        "window_cycles": 100,
        "window_start_period": 120.0,
        "window_end_period": 219.0,
        "first": 0.006157749019337019,
        "last": 0.008422766674010295,
        "median": 0.0051134587787234915,
        "peak_to_peak": 0.005084203462958899,
        "fractional_peak_to_peak": 0.9942787617871645,
        "slope_per_cycle": 7.042408915702071e-07,
        "fractional_slope_per_cycle": 0.0001377230016012785,
        "log_slope_per_cycle": -7.672592539990274e-05,
        "efolding_cycles": null
      },
      "max_vsurf_div_cs": {
        "available": true,
        "window_cycles": 100,
        "window_start_period": 129.0,
        "window_end_period": 219.0,
        "first": 0.01909,
        "last": 0.02193,
        "median": 0.02172,
        "peak_to_peak": 0.00826,
        "fractional_peak_to_peak": 0.3802946593001842,
        "slope_per_cycle": 5.8383341296384776e-05,
        "fractional_slope_per_cycle": 0.0026879991388759107,
        "log_slope_per_cycle": 0.002678738408001598,
        "efolding_cycles": 373.31006156216034
      }
    },
    "250": {
      "delta_r": {
        "available": false,
        "reason": "only 219 rows for 250-cycle window"
      },
      "period_days": {
        "available": false,
        "reason": "only 219 rows for 250-cycle window"
      },
      "gamma": {
        "available": false,
        "reason": "only 219 rows for 250-cycle window"
      },
      "max_vsurf_div_cs": {
        "available": false,
        "reason": "only 219 rows for 250-cycle window"
      }
    },
    "500": {
      "delta_r": {
        "available": false,
        "reason": "only 219 rows for 500-cycle window"
      },
      "period_days": {
        "available": false,
        "reason": "only 219 rows for 500-cycle window"
      },
      "gamma": {
        "available": false,
        "reason": "only 219 rows for 500-cycle window"
      },
      "max_vsurf_div_cs": {
        "available": false,
        "reason": "only 219 rows for 500-cycle window"
      }
    }
  },
  "latest_rolling": {
    "window_start_period": 120.0,
    "window_end_period": 219.0,
    "gamma_peak_to_peak": 0.005084203462958899,
    "period_fractional_peak_to_peak": 0.0578038154176145,
    "delta_r_fractional_peak_to_peak": 0.3380372931825647
  },
  "growth_outlook": {
    "status": "amplitude still growing",
    "tolerance": 0.001,
    "delta_r_fractional_peak_to_peak": 0.3380372931825647,
    "delta_r_criterion_factor": 338.03729318256467,
    "log_slope_per_cycle": 0.0027139926268527157,
    "efolding_cycles": 368.4608388784206,
    "doubling_cycles": 255.39759161532953,
    "fit_window_cycles": 100,
    "max_vsurf_div_cs_latest": 0.02193,
    "max_vsurf_div_cs_log_slope_per_cycle": 0.002678738408001598,
    "max_vsurf_div_cs_efolding_cycles": 373.31006156216034,
    "max_vsurf_div_cs_fit_window_cycles": 100,
    "cycles_to_vsurf_div_cs_0p8": 1342.7052654691263,
    "cycles_to_vsurf_div_cs_1p0": 1426.006998347433
  }
}
