{
  "generated_at": "2026-06-17T16:38:01.530413+00:00",
  "workspace": "<local-rre-root>/rsp_batch_runs",
  "model_id": "model_007",
  "run_name": "model_007_M0p6887_Z0p004060_T6669",
  "source": "cumulative:continue_saturation+continue_saturation_resume:LOGS_continue_saturation_resume_2180000",
  "source_kind": "history_exact_rsp_columns",
  "cycle_count": 1578,
  "first_period": 1.0,
  "last_period": 3138.0,
  "rolling_window": 100,
  "fits": {
    "50": {
      "delta_r": {
        "available": true,
        "window_cycles": 50,
        "window_start_period": 1529.0,
        "window_end_period": 3138.0,
        "first": 0.594299433231738,
        "last": 0.6121666408164925,
        "median": 0.6047309843348105,
        "peak_to_peak": 0.017867207584754574,
        "fractional_peak_to_peak": 0.02954571213910607,
        "slope_per_cycle": 5.184962673117028e-06,
        "fractional_slope_per_cycle": 8.573998699306538e-06,
        "log_slope_per_cycle": 8.573367728621063e-06,
        "efolding_cycles": 116640.2785525729
      },
      "period_days": {
        "available": true,
        "window_cycles": 50,
        "window_start_period": 1529.0,
        "window_end_period": 3138.0,
        "first": 0.5571990932155124,
        "last": 0.5572249827963404,
        "median": 0.5572194880000487,
        "peak_to_peak": 3.955523724907817e-05,
        "fractional_peak_to_peak": 7.098681596914052e-05,
        "slope_per_cycle": 7.771386826864469e-09,
        "fractional_slope_per_cycle": 1.3946724754292493e-08,
        "log_slope_per_cycle": 1.3946783060769348e-08,
        "efolding_cycles": 71701122.44829288
      },
      "gamma": {
        "available": true,
        "window_cycles": 50,
        "window_start_period": 1529.0,
        "window_end_period": 3138.0,
        "first": 0.0012317977508302016,
        "last": 0.000838090728412208,
        "median": 0.0009968702283813208,
        "peak_to_peak": 0.00039370702241799354,
        "fractional_peak_to_peak": 0.39494310413631245,
        "slope_per_cycle": -1.1086629155700625e-07,
        "fractional_slope_per_cycle": -0.00011121436712682918,
        "log_slope_per_cycle": -0.00011162417539281034,
        "efolding_cycles": null
      },
      "max_vsurf_div_cs": {
        "available": true,
        "window_cycles": 50,
        "window_start_period": 1562.0,
        "window_end_period": 1564.0,
        "first": 4.72111,
        "last": 4.72559,
        "median": 4.72344,
        "peak_to_peak": 0.0044800000000000395,
        "fractional_peak_to_peak": 0.0009484612909235725,
        "slope_per_cycle": 0.0022400000000000198,
        "fractional_slope_per_cycle": 0.00047423064546178625,
        "log_slope_per_cycle": 0.00047423971713456137,
        "efolding_cycles": 2108.6382347774947
      }
    },
    "100": {
      "delta_r": {
        "available": true,
        "window_cycles": 100,
        "window_start_period": 1479.0,
        "window_end_period": 3138.0,
        "first": 0.5659314730423155,
        "last": 0.6121666408164925,
        "median": 0.5940576425041733,
        "peak_to_peak": 0.04623516777417702,
        "fractional_peak_to_peak": 0.07782943011940499,
        "slope_per_cycle": 1.3504865832780885e-05,
        "fractional_slope_per_cycle": 2.2733258301084837e-05,
        "log_slope_per_cycle": 2.2686327272210386e-05,
        "efolding_cycles": 44079.41347231422
      },
      "period_days": {
        "available": true,
        "window_cycles": 100,
        "window_start_period": 1479.0,
        "window_end_period": 3138.0,
        "first": 0.5570909277820546,
        "last": 0.5572249827963404,
        "median": 0.5572006246783012,
        "peak_to_peak": 0.00014242019228360991,
        "fractional_peak_to_peak": 0.00025559948423574717,
        "slope_per_cycle": 2.7751805842221565e-08,
        "fractional_slope_per_cycle": 4.98057694358186e-08,
        "log_slope_per_cycle": 4.980672751367387e-08,
        "efolding_cycles": 20077608.988172557
      },
      "gamma": {
        "available": true,
        "window_cycles": 100,
        "window_start_period": 1479.0,
        "window_end_period": 3138.0,
        "first": 0.0018155505080791638,
        "last": 0.000838090728412208,
        "median": 0.0012361640744049925,
        "peak_to_peak": 0.0009774597796669557,
        "fractional_peak_to_peak": 0.790720099301899,
        "slope_per_cycle": -2.8883940514227263e-07,
        "fractional_slope_per_cycle": -0.00023365782190466972,
        "log_slope_per_cycle": -0.00024888694955598113,
        "efolding_cycles": null
      },
      "max_vsurf_div_cs": {
        "available": true,
        "window_cycles": 100,
        "window_start_period": 1562.0,
        "window_end_period": 1564.0,
        "first": 4.72111,
        "last": 4.72559,
        "median": 4.72344,
        "peak_to_peak": 0.0044800000000000395,
        "fractional_peak_to_peak": 0.0009484612909235725,
        "slope_per_cycle": 0.0022400000000000198,
        "fractional_slope_per_cycle": 0.00047423064546178625,
        "log_slope_per_cycle": 0.00047423971713456137,
        "efolding_cycles": 2108.6382347774947
      }
    },
    "250": {
      "delta_r": {
        "available": true,
        "window_cycles": 250,
        "window_start_period": 1329.0,
        "window_end_period": 3138.0,
        "first": 0.4357213364752486,
        "last": 0.6121666408164925,
        "median": 0.5478747374866537,
        "peak_to_peak": 0.17644530434124395,
        "fractional_peak_to_peak": 0.32205409789594863,
        "slope_per_cycle": 6.417548071716031e-05,
        "fractional_slope_per_cycle": 0.0001171353163892205,
        "log_slope_per_cycle": 0.00011812041145314947,
        "efolding_cycles": 8465.937323598248
      },
      "period_days": {
        "available": true,
        "window_cycles": 250,
        "window_start_period": 1329.0,
        "window_end_period": 3138.0,
        "first": 0.556967297759321,
        "last": 0.5572249827963404,
        "median": 0.5570172994544178,
        "peak_to_peak": 0.0005568297119398213,
        "fractional_peak_to_peak": 0.000999663228566186,
        "slope_per_cycle": 1.4262445277984457e-07,
        "fractional_slope_per_cycle": 2.560503110397847e-07,
        "log_slope_per_cycle": 2.5601669448578405e-07,
        "efolding_cycles": 3905995.278973995
      },
      "gamma": {
        "available": true,
        "window_cycles": 250,
        "window_start_period": 1329.0,
        "window_end_period": 3138.0,
        "first": 0.0038601531450889537,
        "last": 0.000838090728412208,
        "median": 0.002157867882803685,
        "peak_to_peak": 0.003022062416676746,
        "fractional_peak_to_peak": 1.4004853776081165,
        "slope_per_cycle": -1.180151370505412e-06,
        "fractional_slope_per_cycle": -0.0005469062216042898,
        "log_slope_per_cycle": -0.0006723119021770337,
        "efolding_cycles": null
      },
      "max_vsurf_div_cs": {
        "available": true,
        "window_cycles": 250,
        "window_start_period": 1562.0,
        "window_end_period": 1564.0,
        "first": 4.72111,
        "last": 4.72559,
        "median": 4.72344,
        "peak_to_peak": 0.0044800000000000395,
        "fractional_peak_to_peak": 0.0009484612909235725,
        "slope_per_cycle": 0.0022400000000000198,
        "fractional_slope_per_cycle": 0.00047423064546178625,
        "log_slope_per_cycle": 0.00047423971713456137,
        "efolding_cycles": 2108.6382347774947
      }
    },
    "500": {
      "delta_r": {
        "available": true,
        "window_cycles": 500,
        "window_start_period": 1079.0,
        "window_end_period": 3138.0,
        "first": 0.2334000503035405,
        "last": 0.6121666408164925,
        "median": 0.43529577422230403,