{
  "generated_at": "2026-06-18T00:03:17.521798+00:00",
  "workspace": "<local-rre-root>/rsp_batch_runs",
  "model_id": "model_008",
  "run_name": "model_008_M0p6151_Z0p0004406_T6792",
  "source": "cumulative:saturation+continue_saturation",
  "source_kind": "history_exact_rsp_columns",
  "cycle_count": 979,
  "first_period": 1.0,
  "last_period": 979.0,
  "rolling_window": 100,
  "fits": {
    "50": {
      "delta_r": {
        "available": true,
        "window_cycles": 50,
        "window_start_period": 930.0,
        "window_end_period": 979.0,
        "first": 0.05372398716934512,
        "last": 0.05942115131829517,
        "median": 0.05649727543226124,
        "peak_to_peak": 0.005697164148950051,
        "fractional_peak_to_peak": 0.10083962643084979,
        "slope_per_cycle": 0.00011623985115109257,
        "fractional_slope_per_cycle": 0.0020574417131045747,
        "log_slope_per_cycle": 0.0020568215719392723,
        "efolding_cycles": 486.1870439530401
      },
      "period_days": {
        "available": true,
        "window_cycles": 50,
        "window_start_period": 930.0,
        "window_end_period": 979.0,
        "first": 0.6316222745828607,
        "last": 0.6316223185219698,
        "median": 0.631622134865848,
        "peak_to_peak": 3.8896221665751796e-07,
        "fractional_peak_to_peak": 6.158147335038072e-07,
        "slope_per_cycle": 4.191964723125443e-09,
        "fractional_slope_per_cycle": 6.6368236509250685e-09,
        "log_slope_per_cycle": 6.636823157126536e-09,
        "efolding_cycles": 150674498.37445387
      },
      "gamma": {
        "available": true,
        "window_cycles": 50,
        "window_start_period": 930.0,
        "window_end_period": 979.0,
        "first": 0.004142243335938283,
        "last": 0.004162907987303893,
        "median": 0.004152362132438445,
        "peak_to_peak": 2.0767775354332482e-05,
        "fractional_peak_to_peak": 0.005001436457599317,
        "slope_per_cycle": 4.2660988250175656e-07,
        "fractional_slope_per_cycle": 0.00010273908413937706,
        "log_slope_per_cycle": 0.00010274058823904064,
        "efolding_cycles": 9733.251650003767
      },
      "max_vsurf_div_cs": {
        "available": true,
        "window_cycles": 50,
        "window_start_period": 930.0,
        "window_end_period": 979.0,
        "first": 0.30498,
        "last": 0.33946,
        "median": 0.3217,
        "peak_to_peak": 0.03448000000000001,
        "fractional_peak_to_peak": 0.10718060304631648,
        "slope_per_cycle": 0.000703570708283313,
        "fractional_slope_per_cycle": 0.0021870398143715047,
        "log_slope_per_cycle": 0.002186145785297311,
        "efolding_cycles": 457.4260356859056
      }
    },
    "100": {
      "delta_r": {
        "available": true,
        "window_cycles": 100,
        "window_start_period": 880.0,
        "window_end_period": 979.0,
        "first": 0.04849399637793006,
        "last": 0.05942115131829517,
        "median": 0.05366892696879777,
        "peak_to_peak": 0.010927154940365114,
        "fractional_peak_to_peak": 0.20360300750409974,
        "slope_per_cycle": 0.00011027360087224293,
        "fractional_slope_per_cycle": 0.0020547010551627796,
        "log_slope_per_cycle": 0.002052272418926351,
        "efolding_cycles": 487.26474652090843
      },
      "period_days": {
        "available": true,
        "window_cycles": 100,
        "window_start_period": 880.0,
        "window_end_period": 979.0,
        "first": 0.6316255194074647,
        "last": 0.6316223185219698,
        "median": 0.6316223491834373,
        "peak_to_peak": 3.5585992521625087e-06,
        "fractional_peak_to_peak": 5.634061645796849e-06,
        "slope_per_cycle": -3.153944575534798e-08,
        "fractional_slope_per_cycle": -4.993402433609615e-08,
        "log_slope_per_cycle": -4.9933940799002165e-08,
        "efolding_cycles": null
      },
      "gamma": {
        "available": true,
        "window_cycles": 100,
        "window_start_period": 880.0,
        "window_end_period": 979.0,
        "first": 0.004121695680849738,
        "last": 0.004162907987303893,
        "median": 0.0041416929521606504,
        "peak_to_peak": 4.121230645415513e-05,
        "fractional_peak_to_peak": 0.009950594341537408,
        "slope_per_cycle": 4.258336067975301e-07,
        "fractional_slope_per_cycle": 0.00010281631490218994,
        "log_slope_per_cycle": 0.00010281461450819774,
        "efolding_cycles": 9726.243732794104
      },
      "max_vsurf_div_cs": {
        "available": true,
        "window_cycles": 100,
        "window_start_period": 880.0,
        "window_end_period": 979.0,
        "first": 0.27387,
        "last": 0.33946,
        "median": 0.30465,
        "peak_to_peak": 0.06558999999999998,
        "fractional_peak_to_peak": 0.2152962415887083,
        "slope_per_cycle": 0.0006617397539753975,
        "fractional_slope_per_cycle": 0.0021721311471373625,
        "log_slope_per_cycle": 0.0021684120615872446,
        "efolding_cycles": 461.1669607058057
      }
    },
    "250": {
      "delta_r": {
        "available": true,
        "window_cycles": 250,
        "window_start_period": 730.0,
        "window_end_period": 979.0,
        "first": 0.03571366581542357,
        "last": 0.05942115131829517,
        "median": 0.04602917103426574,
        "peak_to_peak": 0.023707485502871606,
        "fractional_peak_to_peak": 0.5150534969492047,
        "slope_per_cycle": 9.476388109333122e-05,
        "fractional_slope_per_cycle": 0.0020587787910146295,
        "log_slope_per_cycle": 0.0020444673263300427,
        "efolding_cycles": 489.12496038519123
      },
      "period_days": {
        "available": true,
        "window_cycles": 250,
        "window_start_period": 730.0,
        "window_end_period": 979.0,
        "first": 0.6316296089785518,
        "last": 0.6316223185219698,
        "median": 0.6316273266368511,
        "peak_to_peak": 7.648170339269456e-06,
        "fractional_peak_to_peak": 1.2108675506477426e-05,
        "slope_per_cycle": -3.945589428330557e-08,
        "fractional_slope_per_cycle": -6.24670476076321e-08,
        "log_slope_per_cycle": -6.246718473461837e-08,
        "efolding_cycles": null
      },
      "gamma": {
        "available": true,
        "window_cycles": 250,
        "window_start_period": 730.0,
        "window_end_period": 979.0,
        "first": 0.004081513711513033,
        "last": 0.004162907987303893,
        "median": 0.0041139278811327465,
        "peak_to_peak": 8.344550465467539e-05,
        "fractional_peak_to_peak": 0.020283657629821927,
        "slope_per_cycle": 3.2430053720157113e-07,
        "fractional_slope_per_cycle": 7.882990333614619e-05,
        "log_slope_per_cycle": 7.873416512128825e-05,
        "efolding_cycles": 12700.966581147104
      },
      "max_vsurf_div_cs": {
        "available": true,
        "window_cycles": 250,
        "window_start_period": 730.0,
        "window_end_period": 979.0,
        "first": 0.19905,
        "last": 0.33946,
        "median": 0.25934500000000005,
        "peak_to_peak": 0.14040999999999998,
        "fractional_peak_to_peak": 0.5414023790703502,
        "slope_per_cycle": 0.0005599058263332213,
        "fractional_slope_per_cycle": 0.002158922772111362,
        "log_slope_per_cycle": 0.0021408411433914464,
        "efolding_cycles": 467.10611998788227
      }
    },
    "500": {
      "delta_r": {
        "available": true,
        "window_cycles": 500,
        "window_start_period": 480.0,
        "window_end_period": 979.0,
        "first": 0.006415523441408055,
        "last": 0.05942115131829517,
        "median": 0.03567745075518447,
        "peak_to_peak": 0.05300562787688712,
        "fractional_peak_to_peak": 1.4856898896899073,