{
  "generated_at": "2026-06-18T19:47:42.599938+00:00",
  "workspace": "<local-rre-root>/rsp_batch_runs",
  "model_id": "model_007",
  "run_name": "model_007_M0p6887_Z0p004060_T6669",
  "source": "cumulative:continue_saturation+continue_saturation_resume:LOGS_continue_saturation_resume_2180000+continue_saturation_resume:LOGS_continue_saturation_resume_2270000",
  "source_kind": "history_exact_rsp_columns",
  "cycle_count": 1668,
  "first_period": 1.0,
  "last_period": 1668.0,
  "rolling_window": 100,
  "fits": {
    "50": {
      "delta_r": {
        "available": true,
        "window_cycles": 50,
        "window_start_period": 1619.0,
        "window_end_period": 1668.0,
        "first": 0.6240391165121189,
        "last": 0.6324518829345545,
        "median": 0.6287422834458476,
        "peak_to_peak": 0.008412766422435602,
        "fractional_peak_to_peak": 0.013380309618002935,
        "slope_per_cycle": 0.00016693698363493632,
        "fractional_slope_per_cycle": 0.0002655093955507993,
        "log_slope_per_cycle": 0.0002656447740770204,
        "efolding_cycles": 3764.4256450159355
      },
      "period_days": {
        "available": true,
        "window_cycles": 50,
        "window_start_period": 1619.0,
        "window_end_period": 1668.0,
        "first": 0.5572359612484084,
        "last": 0.5572406194134857,
        "median": 0.5572471570791849,
        "peak_to_peak": 6.489789837760274e-05,
        "fractional_peak_to_peak": 0.0001164616051480021,
        "slope_per_cycle": 1.8765850692537906e-07,
        "fractional_slope_per_cycle": 3.3675991800297825e-07,
        "log_slope_per_cycle": 3.367509013189946e-07,
        "efolding_cycles": 2969554.0415279493
      },
      "gamma": {
        "available": true,
        "window_cycles": 50,
        "window_start_period": 1619.0,
        "window_end_period": 1668.0,
        "first": 0.0005400351279753236,
        "last": 0.0003433666540388034,
        "median": 0.00042924959969146634,
        "peak_to_peak": 0.00022058511336716334,
        "fractional_peak_to_peak": 0.5138854259286771,
        "slope_per_cycle": -4.516896188613016e-06,
        "fractional_slope_per_cycle": -0.010522773211342876,
        "log_slope_per_cycle": -0.010531677368334246,
        "efolding_cycles": null
      },
      "max_vsurf_div_cs": {
        "available": true,
        "window_cycles": 50,
        "window_start_period": 1629.0,
        "window_end_period": 1668.0,
        "first": 4.85518,
        "last": 4.90284,
        "median": 4.88015,
        "peak_to_peak": 0.04766000000000048,
        "fractional_peak_to_peak": 0.009766093255330364,
        "slope_per_cycle": 0.0012166050656660463,
        "fractional_slope_per_cycle": 0.00024929665392786003,
        "log_slope_per_cycle": 0.0002493844944723829,
        "efolding_cycles": 4009.8723944954045
      }
    },
    "100": {
      "delta_r": {
        "available": true,
        "window_cycles": 100,
        "window_start_period": 1569.0,
        "window_end_period": 1668.0,
        "first": 0.6103997446174532,
        "last": 0.6324518829345545,
        "median": 0.6239175464647344,
        "peak_to_peak": 0.02205213831710129,
        "fractional_peak_to_peak": 0.03534463558855487,
        "slope_per_cycle": 0.0002191355165928967,
        "fractional_slope_per_cycle": 0.00035122512234921234,
        "log_slope_per_cycle": 0.00035210737425137473,
        "efolding_cycles": 2840.042762881998
      },
      "period_days": {
        "available": true,
        "window_cycles": 100,
        "window_start_period": 1569.0,
        "window_end_period": 1668.0,
        "first": 0.5572301520010525,
        "last": 0.5572406194134857,
        "median": 0.557238861330164,
        "peak_to_peak": 6.560101001351626e-05,
        "fractional_peak_to_peak": 0.0001177251167603827,
        "slope_per_cycle": 2.4552133927716335e-07,
        "fractional_slope_per_cycle": 4.4060340424048777e-07,
        "log_slope_per_cycle": 4.4059615076006826e-07,
        "efolding_cycles": 2269652.1480610063
      },
      "gamma": {
        "available": true,
        "window_cycles": 100,
        "window_start_period": 1569.0,
        "window_end_period": 1668.0,
        "first": 0.000878885125767755,
        "last": 0.0003433666540388034,
        "median": 0.0005452014086027066,
        "peak_to_peak": 0.0005576978233191338,
        "fractional_peak_to_peak": 1.0229207307964485,
        "slope_per_cycle": -5.488065106993401e-06,
        "fractional_slope_per_cycle": -0.010066124225648518,
        "log_slope_per_cycle": -0.00985944115684965,
        "efolding_cycles": null
      },
      "max_vsurf_div_cs": {
        "available": true,
        "window_cycles": 100,
        "window_start_period": 1629.0,
        "window_end_period": 1668.0,
        "first": 4.85518,
        "last": 4.90284,
        "median": 4.88015,
        "peak_to_peak": 0.04766000000000048,
        "fractional_peak_to_peak": 0.009766093255330364,
        "slope_per_cycle": 0.0012166050656660463,
        "fractional_slope_per_cycle": 0.00024929665392786003,
        "log_slope_per_cycle": 0.0002493844944723829,
        "efolding_cycles": 4009.8723944954045
      }
    },
    "250": {
      "delta_r": {
        "available": true,
        "window_cycles": 250,
        "window_start_period": 1419.0,
        "window_end_period": 1668.0,
        "first": 0.5201075114735287,
        "last": 0.6324518829345545,
        "median": 0.600632844994172,
        "peak_to_peak": 0.11234437146102572,
        "fractional_peak_to_peak": 0.1870433367028335,
        "slope_per_cycle": 0.00044109513905086464,
        "fractional_slope_per_cycle": 0.0007343839797091759,
        "log_slope_per_cycle": 0.0007548807285204679,
        "efolding_cycles": 1324.71258335069
      },
      "period_days": {
        "available": true,
        "window_cycles": 250,
        "window_start_period": 1419.0,
        "window_end_period": 1668.0,
        "first": 0.5569825127625976,
        "last": 0.5572406194134857,
        "median": 0.5572140411374642,
        "peak_to_peak": 0.0005596078207923405,
        "fractional_peak_to_peak": 0.001004295978705041,
        "slope_per_cycle": 1.3483327218308767e-06,
        "fractional_slope_per_cycle": 2.4197752071689886e-06,
        "log_slope_per_cycle": 2.4202978484382648e-06,
        "efolding_cycles": 413172.2881319197
      },
      "gamma": {
        "available": true,
        "window_cycles": 250,
        "window_start_period": 1419.0,
        "window_end_period": 1668.0,
        "first": 0.0026463430864605672,
        "last": 0.0003433666540388034,
        "median": 0.0010865601672612219,
        "peak_to_peak": 0.0023251557840119463,
        "fractional_peak_to_peak": 2.139923636141312,
        "slope_per_cycle": -9.309576595857006e-06,
        "fractional_slope_per_cycle": -0.008567934732342231,
        "log_slope_per_cycle": -0.008372659387947026,
        "efolding_cycles": null
      },
      "max_vsurf_div_cs": {
        "available": true,
        "window_cycles": 250,
        "window_start_period": 1629.0,
        "window_end_period": 1668.0,
        "first": 4.85518,
        "last": 4.90284,
        "median": 4.88015,
        "peak_to_peak": 0.04766000000000048,
        "fractional_peak_to_peak": 0.009766093255330364,
        "slope_per_cycle": 0.0012166050656660463,
        "fractional_slope_per_cycle": 0.00024929665392786003,
        "log_slope_per_cycle": 0.0002493844944723829,
        "efolding_cycles": 4009.8723944954045
      }
    },
    "500": {
      "delta_r": {
        "available": true,
        "window_cycles": 500,
        "window_start_period": 1169.0,
        "window_end_period": 1668.0,
        "first": 0.29581277759576796,
        "last": 0.6324518829345545,
        "median": 0.5196799912537591,
        "peak_to_peak": 0.33777392943411666,
        "fractional_peak_to_peak": 0.6499652384522576,
        "slope_per_cycle": 0.0007371394511483453,