{
  "generated_at": "2026-06-18T08:58:49.291160+00:00",
  "workspace": "<local-rre-root>/rsp_batch_runs",
  "model_id": "model_007",
  "run_name": "model_007_M0p6887_Z0p004060_T6669",
  "source": "cumulative:continue_saturation+continue_saturation_resume:LOGS_continue_saturation_resume_2180000+continue_saturation_resume:LOGS_continue_saturation_resume_2270000",
  "source_kind": "history_exact_rsp_columns",
  "cycle_count": 1633,
  "first_period": 1.0,
  "last_period": 1633.0,
  "rolling_window": 100,
  "fits": {
    "50": {
      "delta_r": {
        "available": true,
        "window_cycles": 50,
        "window_start_period": 1584.0,
        "window_end_period": 1633.0,
        "first": 0.6151570906048871,
        "last": 0.6268335725993328,
        "median": 0.6217051776302549,
        "peak_to_peak": 0.011676481994445709,
        "fractional_peak_to_peak": 0.01878138129547641,
        "slope_per_cycle": 0.00023931788478697273,
        "fractional_slope_per_cycle": 0.00038493789885935556,
        "log_slope_per_cycle": 0.0003851909989310811,
        "efolding_cycles": 2596.1146620119266
      },
      "period_days": {
        "available": true,
        "window_cycles": 50,
        "window_start_period": 1584.0,
        "window_end_period": 1633.0,
        "first": 0.5572327000889238,
        "last": 0.557232219178264,
        "median": 0.5572385930935679,
        "peak_to_peak": 4.287866306396104e-05,
        "fractional_peak_to_peak": 7.69484805887469e-05,
        "slope_per_cycle": 2.855519197528368e-07,
        "fractional_slope_per_cycle": 5.124410320677282e-07,
        "log_slope_per_cycle": 5.124372536022287e-07,
        "efolding_cycles": 1951458.4331455226
      },
      "gamma": {
        "available": true,
        "window_cycles": 50,
        "window_start_period": 1584.0,
        "window_end_period": 1633.0,
        "first": 0.0007602598445225119,
        "last": 0.00047080461466563443,
        "median": 0.0006197323067092767,
        "peak_to_peak": 0.0002894552298568775,
        "fractional_peak_to_peak": 0.46706493549426037,
        "slope_per_cycle": -5.771767550142465e-06,
        "fractional_slope_per_cycle": -0.00931332365225566,
        "log_slope_per_cycle": -0.009442392366512608,
        "efolding_cycles": null
      },
      "max_vsurf_div_cs": {
        "available": true,
        "window_cycles": 50,
        "window_start_period": 1629.0,
        "window_end_period": 1633.0,
        "first": 4.85518,
        "last": 4.85836,
        "median": 4.85708,
        "peak_to_peak": 0.0031800000000004047,
        "fractional_peak_to_peak": 0.0006547143551270321,
        "slope_per_cycle": 0.0006180000000000519,
        "fractional_slope_per_cycle": 0.0001272369407133611,
        "log_slope_per_cycle": 0.00012724537193733453,
        "efolding_cycles": 7858.831993453384
      }
    },
    "100": {
      "delta_r": {
        "available": true,
        "window_cycles": 100,
        "window_start_period": 1534.0,
        "window_end_period": 1633.0,
        "first": 0.5965940328944948,
        "last": 0.6268335725993328,
        "median": 0.6150097550853002,
        "peak_to_peak": 0.03023953970483806,
        "fractional_peak_to_peak": 0.04916920334156962,
        "slope_per_cycle": 0.00030418621346598194,
        "fractional_slope_per_cycle": 0.0004946038838421224,
        "log_slope_per_cycle": 0.0004962718579986927,
        "efolding_cycles": 2015.0245956574759
      },
      "period_days": {
        "available": true,
        "window_cycles": 100,
        "window_start_period": 1534.0,
        "window_end_period": 1633.0,
        "first": 0.5572093932889401,
        "last": 0.557232219178264,
        "median": 0.5572311479765577,
        "peak_to_peak": 6.748624784114199e-05,
        "fractional_peak_to_peak": 0.00012110997040671726,
        "slope_per_cycle": 3.8158715651979063e-07,
        "fractional_slope_per_cycle": 6.847915051149361e-07,
        "log_slope_per_cycle": 6.847933157805653e-07,
        "efolding_cycles": 1460294.6275258902
      },
      "gamma": {
        "available": true,
        "window_cycles": 100,
        "window_start_period": 1534.0,
        "window_end_period": 1633.0,
        "first": 0.0011796830129590695,
        "last": 0.00047080461466563443,
        "median": 0.0007640980382664334,
        "peak_to_peak": 0.0007088783982934352,
        "fractional_peak_to_peak": 0.9277322578941845,
        "slope_per_cycle": -6.966723629420273e-06,
        "fractional_slope_per_cycle": -0.00911757821709136,
        "log_slope_per_cycle": -0.008986355158593863,
        "efolding_cycles": null
      },
      "max_vsurf_div_cs": {
        "available": true,
        "window_cycles": 100,
        "window_start_period": 1629.0,
        "window_end_period": 1633.0,
        "first": 4.85518,
        "last": 4.85836,
        "median": 4.85708,
        "peak_to_peak": 0.0031800000000004047,
        "fractional_peak_to_peak": 0.0006547143551270321,
        "slope_per_cycle": 0.0006180000000000519,
        "fractional_slope_per_cycle": 0.0001272369407133611,
        "log_slope_per_cycle": 0.00012724537193733453,
        "efolding_cycles": 7858.831993453384
      }
    },
    "250": {
      "delta_r": {
        "available": true,
        "window_cycles": 250,
        "window_start_period": 1384.0,
        "window_end_period": 1633.0,
        "first": 0.4888638330426609,
        "last": 0.6268335725993328,
        "median": 0.583851983473537,
        "peak_to_peak": 0.1379697395566719,
        "fractional_peak_to_peak": 0.23630944736342646,
        "slope_per_cycle": 0.0005532425128565061,
        "fractional_slope_per_cycle": 0.000947573235197516,
        "log_slope_per_cycle": 0.000977845668313413,
        "efolding_cycles": 1022.6562661210114
      },
      "period_days": {
        "available": true,
        "window_cycles": 250,
        "window_start_period": 1384.0,
        "window_end_period": 1633.0,
        "first": 0.5570051748203804,
        "last": 0.557232219178264,
        "median": 0.5571812244245989,
        "peak_to_peak": 0.0005568297119398213,
        "fractional_peak_to_peak": 0.0009993691236004217,
        "slope_per_cycle": 1.490549781488671e-06,
        "fractional_slope_per_cycle": 2.675161538380913e-06,
        "log_slope_per_cycle": 2.6755804417079115e-06,
        "efolding_cycles": 373750.67645571026
      },
      "gamma": {
        "available": true,
        "window_cycles": 250,
        "window_start_period": 1384.0,
        "window_end_period": 1633.0,
        "first": 0.0031357528608286843,
        "last": 0.00047080461466563443,
        "median": 0.0014553045304322664,
        "peak_to_peak": 0.00266494824616305,
        "fractional_peak_to_peak": 1.8311962825893804,
        "slope_per_cycle": -1.0932905214825838e-05,
        "fractional_slope_per_cycle": -0.007512451851969744,
        "log_slope_per_cycle": -0.007610922843614185,
        "efolding_cycles": null
      },
      "max_vsurf_div_cs": {
        "available": true,
        "window_cycles": 250,
        "window_start_period": 1629.0,
        "window_end_period": 1633.0,
        "first": 4.85518,
        "last": 4.85836,
        "median": 4.85708,
        "peak_to_peak": 0.0031800000000004047,
        "fractional_peak_to_peak": 0.0006547143551270321,
        "slope_per_cycle": 0.0006180000000000519,
        "fractional_slope_per_cycle": 0.0001272369407133611,
        "log_slope_per_cycle": 0.00012724537193733453,
        "efolding_cycles": 7858.831993453384
      }
    },
    "500": {
      "delta_r": {
        "available": true,
        "window_cycles": 500,
        "window_start_period": 1134.0,
        "window_end_period": 1633.0,
        "first": 0.27057195231487174,
        "last": 0.6268335725993328,