{
  "generated_at": "2026-06-18T14:49:00.308657+00:00",
  "workspace": "<local-rre-root>/rsp_batch_runs",
  "model_id": "model_007",
  "run_name": "model_007_M0p6887_Z0p004060_T6669",
  "source": "cumulative:continue_saturation+continue_saturation_resume:LOGS_continue_saturation_resume_2180000+continue_saturation_resume:LOGS_continue_saturation_resume_2270000",
  "source_kind": "history_exact_rsp_columns",
  "cycle_count": 1653,
  "first_period": 1.0,
  "last_period": 1653.0,
  "rolling_window": 100,
  "fits": {
    "50": {
      "delta_r": {
        "available": true,
        "window_cycles": 50,
        "window_start_period": 1604.0,
        "window_end_period": 1653.0,
        "first": 0.6206622536545288,
        "last": 0.6303553436989588,
        "median": 0.6261701850386441,
        "peak_to_peak": 0.009693090044430086,
        "fractional_peak_to_peak": 0.015479961001068547,
        "slope_per_cycle": 0.00019544139813859604,
        "fractional_slope_per_cycle": 0.0003121218525064945,
        "log_slope_per_cycle": 0.0003123629917046569,
        "efolding_cycles": 3201.4035803111797
      },
      "period_days": {
        "available": true,
        "window_cycles": 50,
        "window_start_period": 1604.0,
        "window_end_period": 1653.0,
        "first": 0.5572385236365651,
        "last": 0.5572840013318798,
        "median": 0.5572448113052761,
        "peak_to_peak": 6.489789837760274e-05,
        "fractional_peak_to_peak": 0.00011646209540397073,
        "slope_per_cycle": 2.580751030603793e-07,
        "fractional_slope_per_cycle": 4.6312697368302214e-07,
        "log_slope_per_cycle": 4.6311660185837396e-07,
        "efolding_cycles": 2159283.420173762
      },
      "gamma": {
        "available": true,
        "window_cycles": 50,
        "window_start_period": 1604.0,
        "window_end_period": 1653.0,
        "first": 0.0006407864557942388,
        "last": 0.00038158005398068555,
        "median": 0.0005092351485974591,
        "peak_to_peak": 0.00025920640181355324,
        "fractional_peak_to_peak": 0.5090112152066923,
        "slope_per_cycle": -5.151061896606714e-06,
        "fractional_slope_per_cycle": -0.010115291355661178,
        "log_slope_per_cycle": -0.010214003712930943,
        "efolding_cycles": null
      },
      "max_vsurf_div_cs": {
        "available": true,
        "window_cycles": 50,
        "window_start_period": 1629.0,
        "window_end_period": 1653.0,
        "first": 4.85518,
        "last": 4.88566,
        "median": 4.86989,
        "peak_to_peak": 0.03047999999999984,
        "fractional_peak_to_peak": 0.006258868270125165,
        "slope_per_cycle": 0.0013172923076923114,
        "fractional_slope_per_cycle": 0.000270497343408642,
        "log_slope_per_cycle": 0.0002704873642364372,
        "efolding_cycles": 3697.0303689524085
      }
    },
    "100": {
      "delta_r": {
        "available": true,
        "window_cycles": 100,
        "window_start_period": 1554.0,
        "window_end_period": 1653.0,
        "first": 0.6049811530580627,
        "last": 0.6303553436989588,
        "median": 0.6205386463277716,
        "peak_to_peak": 0.025374190640896188,
        "fractional_peak_to_peak": 0.04089058883126099,
        "slope_per_cycle": 0.0002529759568479568,
        "fractional_slope_per_cycle": 0.0004076715581616389,
        "log_slope_per_cycle": 0.0004088800609896725,
        "efolding_cycles": 2445.7049766123423
      },
      "period_days": {
        "available": true,
        "window_cycles": 100,
        "window_start_period": 1554.0,
        "window_end_period": 1653.0,
        "first": 0.5571988088939408,
        "last": 0.5572840013318798,
        "median": 0.5572357060558473,
        "peak_to_peak": 8.519243793903009e-05,
        "fractional_peak_to_peak": 0.0001528840255805358,
        "slope_per_cycle": 3.2001190257645646e-07,
        "fractional_slope_per_cycle": 5.742846323354309e-07,
        "log_slope_per_cycle": 5.74279867929463e-07,
        "efolding_cycles": 1741311.2592740704
      },
      "gamma": {
        "available": true,
        "window_cycles": 100,
        "window_start_period": 1554.0,
        "window_end_period": 1653.0,
        "first": 0.000990965238858267,
        "last": 0.00038158005398068555,
        "median": 0.0006423045681417892,
        "peak_to_peak": 0.0006141465752547843,
        "fractional_peak_to_peak": 0.9561609954472736,
        "slope_per_cycle": -6.133214373390565e-06,
        "fractional_slope_per_cycle": -0.009548763433419415,
        "log_slope_per_cycle": -0.009505348836775876,
        "efolding_cycles": null
      },
      "max_vsurf_div_cs": {
        "available": true,
        "window_cycles": 100,
        "window_start_period": 1629.0,
        "window_end_period": 1653.0,
        "first": 4.85518,
        "last": 4.88566,
        "median": 4.86989,
        "peak_to_peak": 0.03047999999999984,
        "fractional_peak_to_peak": 0.006258868270125165,
        "slope_per_cycle": 0.0013172923076923114,
        "fractional_slope_per_cycle": 0.000270497343408642,
        "log_slope_per_cycle": 0.0002704873642364372,
        "efolding_cycles": 3697.0303689524085
      }
    },
    "250": {
      "delta_r": {
        "available": true,
        "window_cycles": 250,
        "window_start_period": 1404.0,
        "window_end_period": 1653.0,
        "first": 0.5070181362846018,
        "last": 0.6303553436989588,
        "median": 0.5940576425041733,
        "peak_to_peak": 0.12333720741435705,
        "fractional_peak_to_peak": 0.20761824878549662,
        "slope_per_cycle": 0.0004885475500321868,
        "fractional_slope_per_cycle": 0.0008223908171146114,
        "log_slope_per_cycle": 0.0008470492030272234,
        "efolding_cycles": 1180.5689639116051
      },
      "period_days": {
        "available": true,
        "window_cycles": 250,
        "window_start_period": 1404.0,
        "window_end_period": 1653.0,
        "first": 0.5569946283936776,
        "last": 0.5572840013318798,
        "median": 0.5572012633794954,
        "peak_to_peak": 0.0005596078207923405,
        "fractional_peak_to_peak": 0.0010043190092539436,
        "slope_per_cycle": 1.4475338704142628e-06,
        "fractional_slope_per_cycle": 2.5978653774666425e-06,
        "log_slope_per_cycle": 2.5983672689293644e-06,
        "efolding_cycles": 384857.0646489253
      },
      "gamma": {
        "available": true,
        "window_cycles": 250,
        "window_start_period": 1404.0,
        "window_end_period": 1653.0,
        "first": 0.0028542999736164663,
        "last": 0.00038158005398068555,
        "median": 0.0012361640744049925,
        "peak_to_peak": 0.0024727199196357807,
        "fractional_peak_to_peak": 2.0003169246169725,
        "slope_per_cycle": -1.002892032673355e-05,
        "fractional_slope_per_cycle": -0.00811293624720554,
        "log_slope_per_cycle": -0.008050512772303153,
        "efolding_cycles": null
      },
      "max_vsurf_div_cs": {
        "available": true,
        "window_cycles": 250,
        "window_start_period": 1629.0,
        "window_end_period": 1653.0,
        "first": 4.85518,
        "last": 4.88566,
        "median": 4.86989,
        "peak_to_peak": 0.03047999999999984,
        "fractional_peak_to_peak": 0.006258868270125165,
        "slope_per_cycle": 0.0013172923076923114,
        "fractional_slope_per_cycle": 0.000270497343408642,
        "log_slope_per_cycle": 0.0002704873642364372,
        "efolding_cycles": 3697.0303689524085
      }
    },
    "500": {
      "delta_r": {
        "available": true,
        "window_cycles": 500,
        "window_start_period": 1154.0,
        "window_end_period": 1653.0,
        "first": 0.2826932096497199,
        "last": 0.6303553436989588,
        "median": 0.5065850785766939,
        "peak_to_peak": 0.34766213404923896,
        "fractional_peak_to_peak": 0.6862857765689303,
        "slope_per_cycle": 0.0007605678694203133,