{
  "generated_at": "2026-06-18T13:43:21.445256+00:00",
  "workspace": "<local-rre-root>/rsp_batch_runs",
  "model_id": "model_009",
  "run_name": "model_009_M0p6668_Z0p0001120_T6852",
  "source": "cumulative:saturation+saturation_resume:LOGS_saturation_resume_130000",
  "source_kind": "history_exact_rsp_columns",
  "cycle_count": 158,
  "first_period": 1.0,
  "last_period": 158.0,
  "rolling_window": 100,
  "fits": {
    "50": {
      "delta_r": {
        "available": true,
        "window_cycles": 50,
        "window_start_period": 109.0,
        "window_end_period": 158.0,
        "first": 0.002775656952502814,
        "last": 0.002921283575624045,
        "median": 0.002841559887732714,
        "peak_to_peak": 0.0006855430204604218,
        "fractional_peak_to_peak": 0.24125587618968602,
        "slope_per_cycle": 7.30256028594844e-06,
        "fractional_slope_per_cycle": 0.0025699125038589864,
        "log_slope_per_cycle": 0.002573825510049144,
        "efolding_cycles": 388.52672649938347
      },
      "period_days": {
        "available": true,
        "window_cycles": 50,
        "window_start_period": 109.0,
        "window_end_period": 158.0,
        "first": 0.49704842037711017,
        "last": 0.515690780195938,
        "median": 0.49925136500520034,
        "peak_to_peak": 0.02787633754667629,
        "fractional_peak_to_peak": 0.055836277075348446,
        "slope_per_cycle": 3.4301337469152465e-05,
        "fractional_slope_per_cycle": 6.870554568998559e-05,
        "log_slope_per_cycle": 6.756732811303709e-05,
        "efolding_cycles": 14800.052450306235
      },
      "gamma": {
        "available": true,
        "window_cycles": 50,
        "window_start_period": 109.0,
        "window_end_period": 158.0,
        "first": 0.004012971611989506,
        "last": 0.006008032292947877,
        "median": 0.005043498038069111,
        "peak_to_peak": 0.004702758101273996,
        "fractional_peak_to_peak": 0.9324397602173815,
        "slope_per_cycle": 3.829097519392098e-06,
        "fractional_slope_per_cycle": 0.0007592146344639121,
        "log_slope_per_cycle": 0.0003404451396042487,
        "efolding_cycles": 2937.330816831318
      },
      "max_vsurf_div_cs": {
        "available": true,
        "window_cycles": 50,
        "window_start_period": 129.0,
        "window_end_period": 158.0,
        "first": 0.01909,
        "last": 0.01967,
        "median": 0.02031,
        "peak_to_peak": 0.00502,
        "fractional_peak_to_peak": 0.24716888232397832,
        "slope_per_cycle": 4.573081201334816e-05,
        "fractional_slope_per_cycle": 0.002251640177909806,
        "log_slope_per_cycle": 0.002301068309469249,
        "efolding_cycles": 434.5807535938184
      }
    },
    "100": {
      "delta_r": {
        "available": true,
        "window_cycles": 100,
        "window_start_period": 59.0,
        "window_end_period": 158.0,
        "first": 0.0023435821986392824,
        "last": 0.002921283575624045,
        "median": 0.002661905229714545,
        "peak_to_peak": 0.0010134673374757597,
        "fractional_peak_to_peak": 0.3807300598693519,
        "slope_per_cycle": 7.162272674756379e-06,
        "fractional_slope_per_cycle": 0.002690656524809653,
        "log_slope_per_cycle": 0.002700731239282623,
        "efolding_cycles": 370.270090357315
      },
      "period_days": {
        "available": true,
        "window_cycles": 100,
        "window_start_period": 59.0,
        "window_end_period": 158.0,
        "first": 0.5062557057306846,
        "last": 0.515690780195938,
        "median": 0.5012360662727399,
        "peak_to_peak": 0.02787633754667629,
        "fractional_peak_to_peak": 0.05561518697959737,
        "slope_per_cycle": 5.375389238732344e-06,
        "fractional_slope_per_cycle": 1.072426666880633e-05,
        "log_slope_per_cycle": 1.0282527120108105e-05,
        "efolding_cycles": 97252.35716076444
      },
      "gamma": {
        "available": true,
        "window_cycles": 100,
        "window_start_period": 59.0,
        "window_end_period": 158.0,
        "first": 0.003874070317075929,
        "last": 0.006008032292947877,
        "median": 0.004975568901805194,
        "peak_to_peak": 0.004702758101273996,
        "fractional_peak_to_peak": 0.9451699281197332,
        "slope_per_cycle": 8.7496553192136e-07,
        "fractional_slope_per_cycle": 0.00017585235963749036,
        "log_slope_per_cycle": 0.00016054866001642744,
        "efolding_cycles": 6228.641210071011
      },
      "max_vsurf_div_cs": {
        "available": true,
        "window_cycles": 100,
        "window_start_period": 129.0,
        "window_end_period": 158.0,
        "first": 0.01909,
        "last": 0.01967,
        "median": 0.02031,
        "peak_to_peak": 0.00502,
        "fractional_peak_to_peak": 0.24716888232397832,
        "slope_per_cycle": 4.573081201334816e-05,
        "fractional_slope_per_cycle": 0.002251640177909806,
        "log_slope_per_cycle": 0.002301068309469249,
        "efolding_cycles": 434.5807535938184
      }
    },
    "250": {
      "delta_r": {
        "available": false,
        "reason": "only 158 rows for 250-cycle window"
      },
      "period_days": {
        "available": false,
        "reason": "only 158 rows for 250-cycle window"
      },
      "gamma": {
        "available": false,
        "reason": "only 158 rows for 250-cycle window"
      },
      "max_vsurf_div_cs": {
        "available": false,
        "reason": "only 158 rows for 250-cycle window"
      }
    },
    "500": {
      "delta_r": {
        "available": false,
        "reason": "only 158 rows for 500-cycle window"
      },
      "period_days": {
        "available": false,
        "reason": "only 158 rows for 500-cycle window"
      },
      "gamma": {
        "available": false,
        "reason": "only 158 rows for 500-cycle window"
      },
      "max_vsurf_div_cs": {
        "available": false,
        "reason": "only 158 rows for 500-cycle window"
      }
    }
  },
  "latest_rolling": {
    "window_start_period": 59.0,
    "window_end_period": 158.0,
    "gamma_peak_to_peak": 0.004702758101273996,
    "period_fractional_peak_to_peak": 0.05561518697959737,
    "delta_r_fractional_peak_to_peak": 0.3807300598693519
  },
  "growth_outlook": {
    "status": "amplitude still growing",
    "tolerance": 0.001,
    "delta_r_fractional_peak_to_peak": 0.3807300598693519,
    "delta_r_criterion_factor": 380.73005986935186,
    "log_slope_per_cycle": 0.002700731239282623,
    "efolding_cycles": 370.270090357315,
    "doubling_cycles": 256.65166917684905,
    "fit_window_cycles": 100,
    "max_vsurf_div_cs_latest": 0.01967,
    "max_vsurf_div_cs_log_slope_per_cycle": 0.002301068309469249,
    "max_vsurf_div_cs_efolding_cycles": 434.5807535938184,
    "max_vsurf_div_cs_fit_window_cycles": 100,
    "cycles_to_vsurf_div_cs_0p8": 1610.3464117158921,
    "cycles_to_vsurf_div_cs_1p0": 1707.3203044056224
  }
}
