{
  "generated_at": "2026-06-18T04:57:24.408173+00:00",
  "workspace": "<local-rre-root>/rsp_batch_runs",
  "model_id": "model_008",
  "run_name": "model_008_M0p6151_Z0p0004406_T6792",
  "source": "cumulative:saturation+continue_saturation",
  "source_kind": "history_exact_rsp_columns",
  "cycle_count": 1008,
  "first_period": 1.0,
  "last_period": 1008.0,
  "rolling_window": 100,
  "fits": {
    "50": {
      "delta_r": {
        "available": true,
        "window_cycles": 50,
        "window_start_period": 959.0,
        "window_end_period": 1008.0,
        "first": 0.05702212513316507,
        "last": 0.06308855899731558,
        "median": 0.059975417157208,
        "peak_to_peak": 0.006066433864150511,
        "fractional_peak_to_peak": 0.101148673101333,
        "slope_per_cycle": 0.0001237883719019063,
        "fractional_slope_per_cycle": 0.002063985175416643,
        "log_slope_per_cycle": 0.0020633662530194184,
        "efolding_cycles": 484.6449332670117
      },
      "period_days": {
        "available": true,
        "window_cycles": 50,
        "window_start_period": 959.0,
        "window_end_period": 1008.0,
        "first": 0.6316220336359132,
        "last": 0.6316214673245256,
        "median": 0.6316222115312875,
        "peak_to_peak": 8.824459035716714e-07,
        "fractional_peak_to_peak": 1.3971103097091755e-06,
        "slope_per_cycle": -1.0050388686528284e-08,
        "fractional_slope_per_cycle": -1.5912025421275795e-08,
        "log_slope_per_cycle": -1.591203190066346e-08,
        "efolding_cycles": null
      },
      "gamma": {
        "available": true,
        "window_cycles": 50,
        "window_start_period": 959.0,
        "window_end_period": 1008.0,
        "first": 0.004154207126987785,
        "last": 0.004174880485357695,
        "median": 0.004164532791869456,
        "peak_to_peak": 2.0673358369909835e-05,
        "fractional_peak_to_peak": 0.004964148297804513,
        "slope_per_cycle": 4.19897823216079e-07,
        "fractional_slope_per_cycle": 0.00010082711415692495,
        "log_slope_per_cycle": 0.00010082546119734596,
        "efolding_cycles": 9918.12968792374
      },
      "max_vsurf_div_cs": {
        "available": true,
        "window_cycles": 50,
        "window_start_period": 959.0,
        "window_end_period": 1008.0,
        "first": 0.32488,
        "last": 0.36181,
        "median": 0.34282999999999997,
        "peak_to_peak": 0.03693000000000002,
        "fractional_peak_to_peak": 0.10772102791470997,
        "slope_per_cycle": 0.0007537022809123653,
        "fractional_slope_per_cycle": 0.0021984723650566324,
        "log_slope_per_cycle": 0.0021977375519942723,
        "efolding_cycles": 455.0133836920516
      }
    },
    "100": {
      "delta_r": {
        "available": true,
        "window_cycles": 100,
        "window_start_period": 909.0,
        "window_end_period": 1008.0,
        "first": 0.05145986208553399,
        "last": 0.06308855899731558,
        "median": 0.056963836750089314,
        "peak_to_peak": 0.011628696911781589,
        "fractional_peak_to_peak": 0.2041417428183216,
        "slope_per_cycle": 0.00011736856364453448,
        "fractional_slope_per_cycle": 0.0020604048171728962,
        "log_slope_per_cycle": 0.0020578938068261305,
        "efolding_cycles": 485.93372344236275
      },
      "period_days": {
        "available": true,
        "window_cycles": 100,
        "window_start_period": 909.0,
        "window_end_period": 1008.0,
        "first": 0.6316233234586953,
        "last": 0.6316214673245256,
        "median": 0.6316222085699404,
        "peak_to_peak": 1.856134169697654e-06,
        "fractional_peak_to_peak": 2.9386778116940164e-06,
        "slope_per_cycle": -7.835045372657017e-09,
        "fractional_slope_per_cycle": -1.2404638827371807e-08,
        "log_slope_per_cycle": -1.2404634894559648e-08,
        "efolding_cycles": null
      },
      "gamma": {
        "available": true,
        "window_cycles": 100,
        "window_start_period": 909.0,
        "window_end_period": 1008.0,
        "first": 0.004131664508001016,
        "last": 0.004174880485357695,
        "median": 0.004154154940579155,
        "peak_to_peak": 4.321597735667832e-05,
        "fractional_peak_to_peak": 0.010403073061750878,
        "slope_per_cycle": 4.318971056594333e-07,
        "fractional_slope_per_cycle": 0.00010396750045129998,
        "log_slope_per_cycle": 0.00010398120743064032,
        "efolding_cycles": 9617.122408075906
      },
      "max_vsurf_div_cs": {
        "available": true,
        "window_cycles": 100,
        "window_start_period": 909.0,
        "window_end_period": 1008.0,
        "first": 0.29145,
        "last": 0.36181,
        "median": 0.324525,
        "peak_to_peak": 0.07036000000000003,
        "fractional_peak_to_peak": 0.21680918265156776,
        "slope_per_cycle": 0.0007105697569756976,
        "fractional_slope_per_cycle": 0.002189568621757022,
        "log_slope_per_cycle": 0.002186080961970384,
        "efolding_cycles": 457.4395996288575
      }
    },
    "250": {
      "delta_r": {
        "available": true,
        "window_cycles": 250,
        "window_start_period": 759.0,
        "window_end_period": 1008.0,
        "first": 0.037880987966824264,
        "last": 0.06308855899731558,
        "median": 0.04884260171305366,
        "peak_to_peak": 0.025207571030491316,
        "fractional_peak_to_peak": 0.5160980403661493,
        "slope_per_cycle": 0.00010073129762998628,
        "fractional_slope_per_cycle": 0.002062365518974082,
        "log_slope_per_cycle": 0.0020478801040697803,
        "efolding_cycles": 488.30983709089526
      },
      "period_days": {
        "available": true,
        "window_cycles": 250,
        "window_start_period": 759.0,
        "window_end_period": 1008.0,
        "first": 0.6316294180508703,
        "last": 0.6316214673245256,
        "median": 0.6316252381753832,
        "peak_to_peak": 7.953331460863744e-06,
        "fractional_peak_to_peak": 1.2591851908639764e-05,
        "slope_per_cycle": -4.0169365086200705e-08,
        "fractional_slope_per_cycle": -6.359683346764382e-08,
        "log_slope_per_cycle": -6.359679624151957e-08,
        "efolding_cycles": null
      },
      "gamma": {
        "available": true,
        "window_cycles": 250,
        "window_start_period": 759.0,
        "window_end_period": 1008.0,
        "first": 0.00408731791469286,
        "last": 0.004174880485357695,
        "median": 0.004122595880342415,
        "peak_to_peak": 8.778876569508036e-05,
        "fractional_peak_to_peak": 0.021294535832066273,
        "slope_per_cycle": 3.513140215500069e-07,
        "fractional_slope_per_cycle": 8.521670125979639e-05,
        "log_slope_per_cycle": 8.508712258621648e-05,
        "efolding_cycles": 11752.659739865185
      },
      "max_vsurf_div_cs": {
        "available": true,
        "window_cycles": 250,
        "window_start_period": 759.0,
        "window_end_period": 1008.0,
        "first": 0.21163,
        "last": 0.36181,
        "median": 0.275935,
        "peak_to_peak": 0.15018,
        "fractional_peak_to_peak": 0.5442586116295505,
        "slope_per_cycle": 0.0005988282705323285,
        "fractional_slope_per_cycle": 0.002170178739675389,
        "log_slope_per_cycle": 0.00215079782064554,
        "efolding_cycles": 464.94374803665187
      }
    },
    "500": {
      "delta_r": {
        "available": true,
        "window_cycles": 500,
        "window_start_period": 509.0,
        "window_end_period": 1008.0,
        "first": 0.006801245832619429,
        "last": 0.06308855899731558,
        "median": 0.03784250257141508,
        "peak_to_peak": 0.05628731316469615,
        "fractional_peak_to_peak": 1.487409905263867,