{
  "generated_at": "2026-06-18T13:38:47.561777+00:00",
  "workspace": "<local-rre-root>/rsp_batch_runs",
  "model_id": "model_009",
  "run_name": "model_009_M0p6668_Z0p0001120_T6852",
  "source": "cumulative:saturation+saturation_resume:LOGS_saturation_resume_130000",
  "source_kind": "history_exact_rsp_columns",
  "cycle_count": 157,
  "first_period": 1.0,
  "last_period": 157.0,
  "rolling_window": 100,
  "fits": {
    "50": {
      "delta_r": {
        "available": true,
        "window_cycles": 50,
        "window_start_period": 108.0,
        "window_end_period": 157.0,
        "first": 0.0024839412459778387,
        "last": 0.0029514152771836777,
        "median": 0.0028306586721487115,
        "peak_to_peak": 0.0007163151671711887,
        "fractional_peak_to_peak": 0.25305600220158103,
        "slope_per_cycle": 7.922887005701698e-06,
        "fractional_slope_per_cycle": 0.0027989552691944845,
        "log_slope_per_cycle": 0.002805429755380432,
        "efolding_cycles": 356.45162673638015
      },
      "period_days": {
        "available": true,
        "window_cycles": 50,
        "window_start_period": 108.0,
        "window_end_period": 157.0,
        "first": 0.51619732562182,
        "last": 0.499267484467289,
        "median": 0.49925136500520034,
        "peak_to_peak": 0.02787633754667629,
        "fractional_peak_to_peak": 0.055836277075348446,
        "slope_per_cycle": -3.133504283807888e-05,
        "fractional_slope_per_cycle": -6.27640604202504e-05,
        "log_slope_per_cycle": -6.229994259666635e-05,
        "efolding_cycles": null
      },
      "gamma": {
        "available": true,
        "window_cycles": 50,
        "window_start_period": 108.0,
        "window_end_period": 157.0,
        "first": 0.008126648010075559,
        "last": 0.005071709981835841,
        "median": 0.005043498038069111,
        "peak_to_peak": 0.004702758101273996,
        "fractional_peak_to_peak": 0.9324397602173815,
        "slope_per_cycle": -3.887832006687314e-06,
        "fractional_slope_per_cycle": -0.0007708602198992347,
        "log_slope_per_cycle": -0.0009915068777034898,
        "efolding_cycles": null
      },
      "max_vsurf_div_cs": {
        "available": true,
        "window_cycles": 50,
        "window_start_period": 129.0,
        "window_end_period": 157.0,
        "first": 0.01909,
        "last": 0.02005,
        "median": 0.0204,
        "peak_to_peak": 0.00502,
        "fractional_peak_to_peak": 0.246078431372549,
        "slope_per_cycle": 5.298522167487684e-05,
        "fractional_slope_per_cycle": 0.0025973147879841587,
        "log_slope_per_cycle": 0.0026466744890304627,
        "efolding_cycles": 377.83263644420543
      }
    },
    "100": {
      "delta_r": {
        "available": true,
        "window_cycles": 100,
        "window_start_period": 58.0,
        "window_end_period": 157.0,
        "first": 0.0021774843773831876,
        "last": 0.0029514152771836777,
        "median": 0.0026596265718894507,
        "peak_to_peak": 0.0010227720357658399,
        "fractional_peak_to_peak": 0.3845547516241134,
        "slope_per_cycle": 7.284070985011557e-06,
        "fractional_slope_per_cycle": 0.002738757035291917,
        "log_slope_per_cycle": 0.002755612970735864,
        "efolding_cycles": 362.89566445644874
      },
      "period_days": {
        "available": true,
        "window_cycles": 100,
        "window_start_period": 58.0,
        "window_end_period": 157.0,
        "first": 0.5092562948112404,
        "last": 0.499267484467289,
        "median": 0.5012360662727399,
        "peak_to_peak": 0.02787633754667629,
        "fractional_peak_to_peak": 0.05561518697959737,
        "slope_per_cycle": -6.8658859923629365e-06,
        "fractional_slope_per_cycle": -1.3697908938234645e-05,
        "log_slope_per_cycle": -1.4043499655040457e-05,
        "efolding_cycles": null
      },
      "gamma": {
        "available": true,
        "window_cycles": 100,
        "window_start_period": 58.0,
        "window_end_period": 157.0,
        "first": 0.007489693168972699,
        "last": 0.005071709981835841,
        "median": 0.004975568901805194,
        "peak_to_peak": 0.004702758101273996,
        "fractional_peak_to_peak": 0.9451699281197332,
        "slope_per_cycle": -6.726248894612987e-07,
        "fractional_slope_per_cycle": -0.00013518552405479954,
        "log_slope_per_cycle": -0.00012526272233370585,
        "efolding_cycles": null
      },
      "max_vsurf_div_cs": {
        "available": true,
        "window_cycles": 100,
        "window_start_period": 129.0,
        "window_end_period": 157.0,
        "first": 0.01909,
        "last": 0.02005,
        "median": 0.0204,
        "peak_to_peak": 0.00502,
        "fractional_peak_to_peak": 0.246078431372549,
        "slope_per_cycle": 5.298522167487684e-05,
        "fractional_slope_per_cycle": 0.0025973147879841587,
        "log_slope_per_cycle": 0.0026466744890304627,
        "efolding_cycles": 377.83263644420543
      }
    },
    "250": {
      "delta_r": {
        "available": false,
        "reason": "only 157 rows for 250-cycle window"
      },
      "period_days": {
        "available": false,
        "reason": "only 157 rows for 250-cycle window"
      },
      "gamma": {
        "available": false,
        "reason": "only 157 rows for 250-cycle window"
      },
      "max_vsurf_div_cs": {
        "available": false,
        "reason": "only 157 rows for 250-cycle window"
      }
    },
    "500": {
      "delta_r": {
        "available": false,
        "reason": "only 157 rows for 500-cycle window"
      },
      "period_days": {
        "available": false,
        "reason": "only 157 rows for 500-cycle window"
      },
      "gamma": {
        "available": false,
        "reason": "only 157 rows for 500-cycle window"
      },
      "max_vsurf_div_cs": {
        "available": false,
        "reason": "only 157 rows for 500-cycle window"
      }
    }
  },
  "latest_rolling": {
    "window_start_period": 58.0,
    "window_end_period": 157.0,
    "gamma_peak_to_peak": 0.004702758101273996,
    "period_fractional_peak_to_peak": 0.05561518697959737,
    "delta_r_fractional_peak_to_peak": 0.3845547516241134
  },
  "growth_outlook": {
    "status": "amplitude still growing",
    "tolerance": 0.001,
    "delta_r_fractional_peak_to_peak": 0.3845547516241134,
    "delta_r_criterion_factor": 384.5547516241134,
    "log_slope_per_cycle": 0.002755612970735864,
    "efolding_cycles": 362.89566445644874,
    "doubling_cycles": 251.5401066554154,
    "fit_window_cycles": 100,
    "max_vsurf_div_cs_latest": 0.02005,
    "max_vsurf_div_cs_log_slope_per_cycle": 0.0026466744890304627,
    "max_vsurf_div_cs_efolding_cycles": 377.83263644420543,
    "max_vsurf_div_cs_fit_window_cycles": 100,
    "cycles_to_vsurf_div_cs_0p8": 1392.8356468444126,
    "cycles_to_vsurf_div_cs_1p0": 1477.146563142983
  }
}
