{
  "generated_at": "2026-06-18T19:07:29.541614+00:00",
  "workspace": "<local-rre-root>/rsp_batch_runs",
  "model_id": "model_007",
  "run_name": "model_007_M0p6887_Z0p004060_T6669",
  "source": "cumulative:continue_saturation+continue_saturation_resume:LOGS_continue_saturation_resume_2180000+continue_saturation_resume:LOGS_continue_saturation_resume_2270000",
  "source_kind": "history_exact_rsp_columns",
  "cycle_count": 1666,
  "first_period": 1.0,
  "last_period": 1666.0,
  "rolling_window": 100,
  "fits": {
    "50": {
      "delta_r": {
        "available": true,
        "window_cycles": 50,
        "window_start_period": 1617.0,
        "window_end_period": 1666.0,
        "first": 0.623615862571814,
        "last": 0.6319691516204209,
        "median": 0.628422745730147,
        "peak_to_peak": 0.008353289048606882,
        "fractional_peak_to_peak": 0.01329246769847808,
        "slope_per_cycle": 0.00017041062183922097,
        "fractional_slope_per_cycle": 0.0002711719507243895,
        "log_slope_per_cycle": 0.00027133057272410866,
        "efolding_cycles": 3685.541183067523
      },
      "period_days": {
        "available": true,
        "window_cycles": 50,
        "window_start_period": 1617.0,
        "window_end_period": 1666.0,
        "first": 0.5572489370046942,
        "last": 0.5572639930496613,
        "median": 0.5572471570791849,
        "peak_to_peak": 6.489789837760274e-05,
        "fractional_peak_to_peak": 0.0001164616051480021,
        "slope_per_cycle": 1.9988293483049983e-07,
        "fractional_slope_per_cycle": 3.5869709210933924e-07,
        "log_slope_per_cycle": 3.5868479408250784e-07,
        "efolding_cycles": 2787963.1824313444
      },
      "gamma": {
        "available": true,
        "window_cycles": 50,
        "window_start_period": 1617.0,
        "window_end_period": 1666.0,
        "first": 0.0005711114797905726,
        "last": 0.00032950379187809476,
        "median": 0.00044024592328336157,
        "peak_to_peak": 0.0002466459067440558,
        "fractional_peak_to_peak": 0.5602457483412144,
        "slope_per_cycle": -4.589015367760369e-06,
        "fractional_slope_per_cycle": -0.010423754372409435,
        "log_slope_per_cycle": -0.010483917097355893,
        "efolding_cycles": null
      },
      "max_vsurf_div_cs": {
        "available": true,
        "window_cycles": 50,
        "window_start_period": 1629.0,
        "window_end_period": 1666.0,
        "first": 4.85518,
        "last": 4.89809,
        "median": 4.878005,
        "peak_to_peak": 0.042910000000000004,
        "fractional_peak_to_peak": 0.008796628949744825,
        "slope_per_cycle": 0.0012203173213699574,
        "fractional_slope_per_cycle": 0.00025016729613232404,
        "log_slope_per_cycle": 0.00025020950754273905,
        "efolding_cycles": 3996.65068614224
      }
    },
    "100": {
      "delta_r": {
        "available": true,
        "window_cycles": 100,
        "window_start_period": 1567.0,
        "window_end_period": 1666.0,
        "first": 0.6097223807604344,
        "last": 0.6319691516204209,
        "median": 0.6235997395854831,
        "peak_to_peak": 0.022246770859986498,
        "fractional_peak_to_peak": 0.03567475970207154,
        "slope_per_cycle": 0.00022333416585158518,
        "fractional_slope_per_cycle": 0.00035813704155816204,
        "log_slope_per_cycle": 0.00035912200894123054,
        "efolding_cycles": 2784.568962922146
      },
      "period_days": {
        "available": true,
        "window_cycles": 100,
        "window_start_period": 1567.0,
        "window_end_period": 1666.0,
        "first": 0.5572289702508392,
        "last": 0.5572639930496613,
        "median": 0.5572385930935679,
        "peak_to_peak": 6.560101001351626e-05,
        "fractional_peak_to_peak": 0.0001177251734294379,
        "slope_per_cycle": 2.6042674765625213e-07,
        "fractional_slope_per_cycle": 4.673523170935918e-07,
        "log_slope_per_cycle": 4.673446116633586e-07,
        "efolding_cycles": 2139748.645952781
      },
      "gamma": {
        "available": true,
        "window_cycles": 100,
        "window_start_period": 1567.0,
        "window_end_period": 1666.0,
        "first": 0.0008911030027810234,
        "last": 0.00032950379187809476,
        "median": 0.0005734654052918155,
        "peak_to_peak": 0.0005666374297345066,
        "fractional_peak_to_peak": 0.9880934830692456,
        "slope_per_cycle": -5.565099206099805e-06,
        "fractional_slope_per_cycle": -0.009704332911360067,
        "log_slope_per_cycle": -0.009806523350210903,
        "efolding_cycles": null
      },
      "max_vsurf_div_cs": {
        "available": true,
        "window_cycles": 100,
        "window_start_period": 1629.0,
        "window_end_period": 1666.0,
        "first": 4.85518,
        "last": 4.89809,
        "median": 4.878005,
        "peak_to_peak": 0.042910000000000004,
        "fractional_peak_to_peak": 0.008796628949744825,
        "slope_per_cycle": 0.0012203173213699574,
        "fractional_slope_per_cycle": 0.00025016729613232404,
        "log_slope_per_cycle": 0.00025020950754273905,
        "efolding_cycles": 3996.65068614224
      }
    },
    "250": {
      "delta_r": {
        "available": true,
        "window_cycles": 250,
        "window_start_period": 1417.0,
        "window_end_period": 1666.0,
        "first": 0.5183530719253335,
        "last": 0.6319691516204209,
        "median": 0.5998717307816914,
        "peak_to_peak": 0.11361607969508736,
        "fractional_peak_to_peak": 0.18940062327496998,
        "slope_per_cycle": 0.00044731526293296815,
        "fractional_slope_per_cycle": 0.0007456848522434499,
        "log_slope_per_cycle": 0.0007668066257824146,
        "efolding_cycles": 1304.1097538504516
      },
      "period_days": {
        "available": true,
        "window_cycles": 250,
        "window_start_period": 1417.0,
        "window_end_period": 1666.0,
        "first": 0.5569895262288412,
        "last": 0.5572639930496613,
        "median": 0.5572138408036833,
        "peak_to_peak": 0.0005596078207923405,
        "fractional_peak_to_peak": 0.0010042963397772107,
        "slope_per_cycle": 1.370599929154535e-06,
        "fractional_slope_per_cycle": 2.4597377681388614e-06,
        "log_slope_per_cycle": 2.4602701099816187e-06,
        "efolding_cycles": 406459.4354672184
      },
      "gamma": {
        "available": true,
        "window_cycles": 250,
        "window_start_period": 1417.0,
        "window_end_period": 1666.0,
        "first": 0.0026702526492255285,
        "last": 0.00032950379187809476,
        "median": 0.0011055604137517753,
        "peak_to_peak": 0.0023457870761790117,
        "fractional_peak_to_peak": 2.1218081318762714,
        "slope_per_cycle": -9.406508801521813e-06,
        "fractional_slope_per_cycle": -0.00850836253226574,
        "log_slope_per_cycle": -0.008330230304283098,
        "efolding_cycles": null
      },
      "max_vsurf_div_cs": {
        "available": true,
        "window_cycles": 250,
        "window_start_period": 1629.0,
        "window_end_period": 1666.0,
        "first": 4.85518,
        "last": 4.89809,
        "median": 4.878005,
        "peak_to_peak": 0.042910000000000004,
        "fractional_peak_to_peak": 0.008796628949744825,
        "slope_per_cycle": 0.0012203173213699574,
        "fractional_slope_per_cycle": 0.00025016729613232404,
        "log_slope_per_cycle": 0.00025020950754273905,
        "efolding_cycles": 3996.65068614224
      }
    },
    "500": {
      "delta_r": {
        "available": true,
        "window_cycles": 500,
        "window_start_period": 1167.0,
        "window_end_period": 1666.0,
        "first": 0.29280605801063153,
        "last": 0.6319691516204209,
        "median": 0.517928424055075,
        "peak_to_peak": 0.33916309360978936,
        "fractional_peak_to_peak": 0.6548454918815649,
        "slope_per_cycle": 0.000740427457772073,