{
  "generated_at": "2026-06-19T20:06:21.742455+00:00",
  "workspace": "<local-rre-root>/rsp_batch_runs",
  "model_id": "model_008",
  "run_name": "model_008_M0p6151_Z0p0004406_T6792",
  "source": "cumulative:saturation+continue_saturation+continue_saturation_resume:LOGS_continue_saturation_resume_1620000",
  "source_kind": "history_exact_rsp_columns",
  "cycle_count": 1175,
  "first_period": 1.0,
  "last_period": 1175.0,
  "rolling_window": 100,
  "fits": {
    "50": {
      "delta_r": {
        "available": true,
        "window_cycles": 50,
        "window_start_period": 1126.0,
        "window_end_period": 1175.0,
        "first": 0.08058296573157975,
        "last": 0.08926442557097314,
        "median": 0.08481140800964626,
        "peak_to_peak": 0.00868145983939339,
        "fractional_peak_to_peak": 0.10236193506427792,
        "slope_per_cycle": 0.00017715261904793872,
        "fractional_slope_per_cycle": 0.002088782903212617,
        "log_slope_per_cycle": 0.002088194371040622,
        "efolding_cycles": 478.88262408334344
      },
      "period_days": {
        "available": true,
        "window_cycles": 50,
        "window_start_period": 1126.0,
        "window_end_period": 1175.0,
        "first": 0.6316206077422464,
        "last": 0.6316174782671172,
        "median": 0.6316195156449382,
        "peak_to_peak": 3.6466785672262247e-06,
        "fractional_peak_to_peak": 5.773536879243907e-06,
        "slope_per_cycle": -8.211472093590975e-08,
        "fractional_slope_per_cycle": -1.300066240861217e-07,
        "log_slope_per_cycle": -1.3000670535093075e-07,
        "efolding_cycles": null
      },
      "gamma": {
        "available": true,
        "window_cycles": 50,
        "window_start_period": 1126.0,
        "window_end_period": 1175.0,
        "first": 0.004237907696435764,
        "last": 0.0042658612508807104,
        "median": 0.0042506894482658986,
        "peak_to_peak": 2.7953554444946384e-05,
        "fractional_peak_to_peak": 0.006576240110025034,
        "slope_per_cycle": 5.707578034132261e-07,
        "fractional_slope_per_cycle": 0.00013427417136908722,
        "log_slope_per_cycle": 0.00013424740123325595,
        "efolding_cycles": 7448.933765671128
      },
      "max_vsurf_div_cs": {
        "available": true,
        "window_cycles": 50,
        "window_start_period": 1126.0,
        "window_end_period": 1175.0,
        "first": 0.47138,
        "last": 0.52749,
        "median": 0.49862,
        "peak_to_peak": 0.05610999999999999,
        "fractional_peak_to_peak": 0.1125305844129798,
        "slope_per_cycle": 0.0011438381752701082,
        "fractional_slope_per_cycle": 0.0022940078121016167,
        "log_slope_per_cycle": 0.0022932018137770786,
        "efolding_cycles": 436.071519738127
      }
    },
    "100": {
      "delta_r": {
        "available": true,
        "window_cycles": 100,
        "window_start_period": 1076.0,
        "window_end_period": 1175.0,
        "first": 0.07262314873321962,
        "last": 0.08926442557097314,
        "median": 0.08049900079562278,
        "peak_to_peak": 0.016641276837753516,
        "fractional_peak_to_peak": 0.20672650186060948,
        "slope_per_cycle": 0.00016802162214494526,
        "fractional_slope_per_cycle": 0.0020872510277678085,
        "log_slope_per_cycle": 0.0020847320352571333,
        "efolding_cycles": 479.677955290143
      },
      "period_days": {
        "available": true,
        "window_cycles": 100,
        "window_start_period": 1076.0,
        "window_end_period": 1175.0,
        "first": 0.6316164613184002,
        "last": 0.6316174782671172,
        "median": 0.6316189507829646,
        "peak_to_peak": 4.25537582482427e-06,
        "fractional_peak_to_peak": 6.737251660275931e-06,
        "slope_per_cycle": 1.1830852818386236e-08,
        "fractional_slope_per_cycle": 1.8730997231353695e-08,
        "log_slope_per_cycle": 1.8731021561464654e-08,
        "efolding_cycles": 53387371.1435633
      },
      "gamma": {
        "available": true,
        "window_cycles": 100,
        "window_start_period": 1076.0,
        "window_end_period": 1175.0,
        "first": 0.004210604754373603,
        "last": 0.0042658612508807104,
        "median": 0.004237695108131901,
        "peak_to_peak": 5.5256496507107185e-05,
        "fractional_peak_to_peak": 0.013039280811182722,
        "slope_per_cycle": 5.45580781885423e-07,
        "fractional_slope_per_cycle": 0.00012874469917349265,
        "log_slope_per_cycle": 0.00012873953201204065,
        "efolding_cycles": 7767.621835897871
      },
      "max_vsurf_div_cs": {
        "available": true,
        "window_cycles": 100,
        "window_start_period": 1076.0,
        "window_end_period": 1175.0,
        "first": 0.42061,
        "last": 0.52749,
        "median": 0.47084000000000004,
        "peak_to_peak": 0.10688000000000003,
        "fractional_peak_to_peak": 0.22699855577266168,
        "slope_per_cycle": 0.0010794588058805881,
        "fractional_slope_per_cycle": 0.0022926234089724494,
        "log_slope_per_cycle": 0.002289227254194508,
        "efolding_cycles": 436.8286277248005
      }
    },
    "250": {
      "delta_r": {
        "available": true,
        "window_cycles": 250,
        "window_start_period": 926.0,
        "window_end_period": 1175.0,
        "first": 0.05328490798890684,
        "last": 0.08926442557097314,
        "median": 0.0688858801444927,
        "peak_to_peak": 0.0359795175820663,
        "fractional_peak_to_peak": 0.5223061316280909,
        "slope_per_cycle": 0.00014379652884916424,
        "fractional_slope_per_cycle": 0.0020874601376587114,
        "log_slope_per_cycle": 0.002072074306291087,
        "efolding_cycles": 482.60817527820797
      },
      "period_days": {
        "available": true,
        "window_cycles": 250,
        "window_start_period": 926.0,
        "window_end_period": 1175.0,
        "first": 0.6316224179430693,
        "last": 0.6316174782671172,
        "median": 0.6316200860494885,
        "peak_to_peak": 6.1178347096069174e-06,
        "fractional_peak_to_peak": 9.685940717736413e-06,
        "slope_per_cycle": -1.8182509723740225e-08,
        "fractional_slope_per_cycle": -2.878709864574445e-08,
        "log_slope_per_cycle": -2.8787093496954837e-08,
        "efolding_cycles": null
      },
      "gamma": {
        "available": true,
        "window_cycles": 250,
        "window_start_period": 926.0,
        "window_end_period": 1175.0,
        "first": 0.004140110968314621,
        "last": 0.0042658612508807104,
        "median": 0.004196041800458528,
        "peak_to_peak": 0.00012575028256608944,
        "fractional_peak_to_peak": 0.029968786905875896,
        "slope_per_cycle": 5.072340959936238e-07,
        "fractional_slope_per_cycle": 0.00012088394732821658,
        "log_slope_per_cycle": 0.00012075794632004209,
        "efolding_cycles": 8281.028540761386
      },
      "max_vsurf_div_cs": {
        "available": true,
        "window_cycles": 250,
        "window_start_period": 1018.0,
        "window_end_period": 1175.0,
        "first": 0.36986,
        "last": 0.52749,
        "median": 0.44059499999999996,
        "peak_to_peak": 0.15763,
        "fractional_peak_to_peak": 0.35776620252159014,
        "slope_per_cycle": 0.0010028463442350376,
        "fractional_slope_per_cycle": 0.002276118304191009,
        "log_slope_per_cycle": 0.0022652020942924653,
        "efolding_cycles": 441.4617143961053
      }
    },
    "500": {
      "delta_r": {
        "available": true,
        "window_cycles": 500,
        "window_start_period": 676.0,
        "window_end_period": 1175.0,
        "first": 0.032009619055587635,
        "last": 0.08926442557097314,
        "median": 0.05323031517653076,
        "peak_to_peak": 0.057254806515385503,
        "fractional_peak_to_peak": 1.0756052509835436,
        "slope_per_cycle": 0.00011256086255984728,
        "fractional_slope_per_cycle": 0.0021146007155237612,