{
  "generated_at": "2026-06-19T10:28:56.674473+00:00",
  "workspace": "<local-rre-root>/rsp_batch_runs",
  "model_id": "model_009",
  "run_name": "model_009_M0p6668_Z0p0001120_T6852",
  "source": "cumulative:saturation+saturation_resume:LOGS_saturation_resume_130000",
  "source_kind": "history_exact_rsp_columns",
  "cycle_count": 262,
  "first_period": 1.0,
  "last_period": 262.0,
  "rolling_window": 100,
  "fits": {
    "50": {
      "delta_r": {
        "available": true,
        "window_cycles": 50,
        "window_start_period": 213.0,
        "window_end_period": 262.0,
        "first": 0.0032864566466619394,
        "last": 0.004055302074982947,
        "median": 0.0036948080535670336,
        "peak_to_peak": 0.0009489634821209236,
        "fractional_peak_to_peak": 0.2568370178810175,
        "slope_per_cycle": 1.0830664393037083e-05,
        "fractional_slope_per_cycle": 0.0029313199051249675,
        "log_slope_per_cycle": 0.0028770313761153255,
        "efolding_cycles": 347.580498531176
      },
      "period_days": {
        "available": true,
        "window_cycles": 50,
        "window_start_period": 213.0,
        "window_end_period": 262.0,
        "first": 0.5135764430567872,
        "last": 0.4930669149564131,
        "median": 0.500602094184907,
        "peak_to_peak": 0.029964243336278895,
        "fractional_peak_to_peak": 0.059856408281845956,
        "slope_per_cycle": -3.875144961161583e-05,
        "fractional_slope_per_cycle": -7.740968338279113e-05,
        "log_slope_per_cycle": -7.706741107821904e-05,
        "efolding_cycles": null
      },
      "gamma": {
        "available": true,
        "window_cycles": 50,
        "window_start_period": 213.0,
        "window_end_period": 262.0,
        "first": 0.008337401817646263,
        "last": 0.00405254857312375,
        "median": 0.0048981384075522695,
        "peak_to_peak": 0.005295484819423992,
        "fractional_peak_to_peak": 1.0811219240475254,
        "slope_per_cycle": -6.1153644442340345e-06,
        "fractional_slope_per_cycle": -0.001248507889202348,
        "log_slope_per_cycle": -0.001246741347286145,
        "efolding_cycles": null
      },
      "max_vsurf_div_cs": {
        "available": true,
        "window_cycles": 50,
        "window_start_period": 213.0,
        "window_end_period": 262.0,
        "first": 0.0216,
        "last": 0.02806,
        "median": 0.02558,
        "peak_to_peak": 0.008329999999999997,
        "fractional_peak_to_peak": 0.3256450351837372,
        "slope_per_cycle": 7.674525810324128e-05,
        "fractional_slope_per_cycle": 0.0030002055552479,
        "log_slope_per_cycle": 0.002968772438091228,
        "efolding_cycles": 336.839559398143
      }
    },
    "100": {
      "delta_r": {
        "available": true,
        "window_cycles": 100,
        "window_start_period": 163.0,
        "window_end_period": 262.0,
        "first": 0.002942085507736003,
        "last": 0.004055302074982947,
        "median": 0.003559620559130394,
        "peak_to_peak": 0.001293675852038767,
        "fractional_peak_to_peak": 0.36343082936761345,
        "slope_per_cycle": 9.756590445455062e-06,
        "fractional_slope_per_cycle": 0.002740907431953526,
        "log_slope_per_cycle": 0.002767513913746322,
        "efolding_cycles": 361.3351300721456
      },
      "period_days": {
        "available": true,
        "window_cycles": 100,
        "window_start_period": 163.0,
        "window_end_period": 262.0,
        "first": 0.5039801458286497,
        "last": 0.4930669149564131,
        "median": 0.5017432852078088,
        "peak_to_peak": 0.029964243336278895,
        "fractional_peak_to_peak": 0.05972026775379465,
        "slope_per_cycle": -7.691447024108185e-06,
        "fractional_slope_per_cycle": -1.5329446852333244e-05,
        "log_slope_per_cycle": -1.5702924755359646e-05,
        "efolding_cycles": null
      },
      "gamma": {
        "available": true,
        "window_cycles": 100,
        "window_start_period": 163.0,
        "window_end_period": 262.0,
        "first": 0.006118049523964186,
        "last": 0.00405254857312375,
        "median": 0.005044994219685182,
        "peak_to_peak": 0.005295484819423992,
        "fractional_peak_to_peak": 1.0496513155082348,
        "slope_per_cycle": -9.08645532195357e-07,
        "fractional_slope_per_cycle": -0.0001801083395992589,
        "log_slope_per_cycle": -0.0003364746780692024,
        "efolding_cycles": null
      },
      "max_vsurf_div_cs": {
        "available": true,
        "window_cycles": 100,
        "window_start_period": 163.0,
        "window_end_period": 262.0,
        "first": 0.01973,
        "last": 0.02806,
        "median": 0.024085000000000002,
        "peak_to_peak": 0.010429999999999998,
        "fractional_peak_to_peak": 0.4330496159435332,
        "slope_per_cycle": 6.763864386438644e-05,
        "fractional_slope_per_cycle": 0.002808330656607284,
        "log_slope_per_cycle": 0.0027897429598727074,
        "efolding_cycles": 358.4559632854594
      }
    },
    "250": {
      "delta_r": {
        "available": true,
        "window_cycles": 250,
        "window_start_period": 13.0,
        "window_end_period": 262.0,
        "first": 0.0021120599199493384,
        "last": 0.004055302074982947,
        "median": 0.0028970074776166754,
        "peak_to_peak": 0.0022616690468471035,
        "fractional_peak_to_peak": 0.7806914770919904,
        "slope_per_cycle": 7.930848429462293e-06,
        "fractional_slope_per_cycle": 0.0027376002619043573,
        "log_slope_per_cycle": 0.002732469547843785,
        "efolding_cycles": 365.96931182238006
      },
      "period_days": {
        "available": true,
        "window_cycles": 250,
        "window_start_period": 13.0,
        "window_end_period": 262.0,
        "first": 0.4958868387915182,
        "last": 0.4930669149564131,
        "median": 0.5010520650552913,
        "peak_to_peak": 0.029964243336278895,
        "fractional_peak_to_peak": 0.05980265410735774,
        "slope_per_cycle": -6.641342175953684e-08,
        "fractional_slope_per_cycle": -1.3254794539606995e-07,
        "log_slope_per_cycle": -4.4350625414578416e-07,
        "efolding_cycles": null
      },
      "gamma": {
        "available": true,
        "window_cycles": 250,
        "window_start_period": 13.0,
        "window_end_period": 262.0,
        "first": 0.006001023942573635,
        "last": 0.00405254857312375,
        "median": 0.0050759950548931385,
        "peak_to_peak": 0.005295484819423992,
        "fractional_peak_to_peak": 1.0432407364777219,
        "slope_per_cycle": -9.792014184523156e-08,
        "fractional_slope_per_cycle": -1.9290826879517717e-05,
        "log_slope_per_cycle": -0.00010981487244010688,
        "efolding_cycles": null
      },
      "max_vsurf_div_cs": {
        "available": true,
        "window_cycles": 250,
        "window_start_period": 129.0,
        "window_end_period": 262.0,
        "first": 0.01909,
        "last": 0.02806,
        "median": 0.023010000000000003,
        "peak_to_peak": 0.012299999999999998,
        "fractional_peak_to_peak": 0.5345501955671446,
        "slope_per_cycle": 6.366530754747567e-05,
        "fractional_slope_per_cycle": 0.002766853869946791,
        "log_slope_per_cycle": 0.0027429774760248235,
        "efolding_cycles": 364.56733922920125
      }
    },
    "500": {
      "delta_r": {
        "available": false,
        "reason": "only 262 rows for 500-cycle window"
      },
      "period_days": {
        "available": false,
        "reason": "only 262 rows for 500-cycle window"
      },
      "gamma": {
        "available": false,
        "reason": "only 262 rows for 500-cycle window"
      },
      "max_vsurf_div_cs": {
        "available": false,
        "reason": "only 262 rows for 500-cycle window"
      }
    }
  },
  "latest_rolling": {
    "window_start_period": 163.0,
    "window_end_period": 262.0,
    "gamma_peak_to_peak": 0.005295484819423992,