{
  "generated_at": "2026-06-19T22:19:30.267213+00:00",
  "workspace": "<local-rre-root>/rsp_batch_runs",
  "model_id": "model_008",
  "run_name": "model_008_M0p6151_Z0p0004406_T6792",
  "source": "cumulative:saturation+continue_saturation+continue_saturation_resume:LOGS_continue_saturation_resume_1620000",
  "source_kind": "history_exact_rsp_columns",
  "cycle_count": 1182,
  "first_period": 1.0,
  "last_period": 1182.0,
  "rolling_window": 100,
  "fits": {
    "50": {
      "delta_r": {
        "available": true,
        "window_cycles": 50,
        "window_start_period": 1133.0,
        "window_end_period": 1182.0,
        "first": 0.08176865121312371,
        "last": 0.0905794309400747,
        "median": 0.08606059784410913,
        "peak_to_peak": 0.00881077972695099,
        "fractional_peak_to_peak": 0.1023787882918372,
        "slope_per_cycle": 0.00017978653648053253,
        "fractional_slope_per_cycle": 0.002089069109259493,
        "log_slope_per_cycle": 0.0020884911905353345,
        "efolding_cycles": 478.8145645678659
      },
      "period_days": {
        "available": true,
        "window_cycles": 50,
        "window_start_period": 1133.0,
        "window_end_period": 1182.0,
        "first": 0.631620637821551,
        "last": 0.6316178066405916,
        "median": 0.6316183931454671,
        "peak_to_peak": 3.5678058931676304e-06,
        "fractional_peak_to_peak": 5.648673205034317e-06,
        "slope_per_cycle": -7.874202880918299e-08,
        "fractional_slope_per_cycle": -1.246670927631584e-07,
        "log_slope_per_cycle": -1.2466698492807704e-07,
        "efolding_cycles": null
      },
      "gamma": {
        "available": true,
        "window_cycles": 50,
        "window_start_period": 1133.0,
        "window_end_period": 1182.0,
        "first": 0.004241555716791596,
        "last": 0.004270417708015501,
        "median": 0.00425499752546871,
        "peak_to_peak": 2.8861991223904856e-05,
        "fractional_peak_to_peak": 0.006783080613125752,
        "slope_per_cycle": 5.921237394930478e-07,
        "fractional_slope_per_cycle": 0.0001391595966739892,
        "log_slope_per_cycle": 0.00013914047734656183,
        "efolding_cycles": 7186.981237021824
      },
      "max_vsurf_div_cs": {
        "available": true,
        "window_cycles": 50,
        "window_start_period": 1133.0,
        "window_end_period": 1182.0,
        "first": 0.47902,
        "last": 0.53614,
        "median": 0.50667,
        "peak_to_peak": 0.05711999999999995,
        "fractional_peak_to_peak": 0.11273610042039188,
        "slope_per_cycle": 0.0011640388955582231,
        "fractional_slope_per_cycle": 0.0022974300739302175,
        "log_slope_per_cycle": 0.002296382139324709,
        "efolding_cycles": 435.4675917720155
      }
    },
    "100": {
      "delta_r": {
        "available": true,
        "window_cycles": 100,
        "window_start_period": 1083.0,
        "window_end_period": 1182.0,
        "first": 0.07368551781919663,
        "last": 0.0905794309400747,
        "median": 0.08168341113683653,
        "peak_to_peak": 0.016893913120878068,
        "fractional_peak_to_peak": 0.20682183672003226,
        "slope_per_cycle": 0.00017057615229461396,
        "fractional_slope_per_cycle": 0.0020882594142507564,
        "log_slope_per_cycle": 0.002085788912516961,
        "efolding_cycles": 479.4349006262963
      },
      "period_days": {
        "available": true,
        "window_cycles": 100,
        "window_start_period": 1083.0,
        "window_end_period": 1182.0,
        "first": 0.6316168568404047,
        "last": 0.6316178066405916,
        "median": 0.6316189507829646,
        "peak_to_peak": 3.859853820342707e-06,
        "fractional_peak_to_peak": 6.111048149454623e-06,
        "slope_per_cycle": -3.4516725362689494e-09,
        "fractional_slope_per_cycle": -5.464802048751392e-09,
        "log_slope_per_cycle": -5.4647997389040755e-09,
        "efolding_cycles": null
      },
      "gamma": {
        "available": true,
        "window_cycles": 100,
        "window_start_period": 1083.0,
        "window_end_period": 1182.0,
        "first": 0.0042148635005298364,
        "last": 0.004270417708015501,
        "median": 0.004241240100303349,
        "peak_to_peak": 5.555420748566426e-05,
        "fractional_peak_to_peak": 0.013098576400258693,
        "slope_per_cycle": 5.504904221566396e-07,
        "fractional_slope_per_cycle": 0.00012979468484164961,
        "log_slope_per_cycle": 0.00012977104191668398,
        "efolding_cycles": 7705.8794106163
      },
      "max_vsurf_div_cs": {
        "available": true,
        "window_cycles": 100,
        "window_start_period": 1083.0,
        "window_end_period": 1182.0,
        "first": 0.4273,
        "last": 0.53614,
        "median": 0.47847,
        "peak_to_peak": 0.10883999999999994,
        "fractional_peak_to_peak": 0.2274750768073232,
        "slope_per_cycle": 0.0010981975997599763,
        "fractional_slope_per_cycle": 0.00229522770447463,
        "log_slope_per_cycle": 0.0022919592279450193,
        "efolding_cycles": 436.30793593854827
      }
    },
    "250": {
      "delta_r": {
        "available": true,
        "window_cycles": 250,
        "window_start_period": 933.0,
        "window_end_period": 1182.0,
        "first": 0.0540557657682772,
        "last": 0.0905794309400747,
        "median": 0.06989165163674826,
        "peak_to_peak": 0.036523665171797504,
        "fractional_peak_to_peak": 0.5225755053210641,
        "slope_per_cycle": 0.0001459751896322058,
        "fractional_slope_per_cycle": 0.0020885926460987173,
        "log_slope_per_cycle": 0.002073156803100177,
        "efolding_cycles": 482.3561818887073
      },
      "period_days": {
        "available": true,
        "window_cycles": 250,
        "window_start_period": 933.0,
        "window_end_period": 1182.0,
        "first": 0.6316221092430944,
        "last": 0.6316178066405916,
        "median": 0.6316198550369936,
        "peak_to_peak": 6.033168174268688e-06,
        "fractional_peak_to_peak": 9.551897594978754e-06,
        "slope_per_cycle": -1.7913090469351483e-08,
        "fractional_slope_per_cycle": -2.8360556316429168e-08,
        "log_slope_per_cycle": -2.8360543091619383e-08,
        "efolding_cycles": null
      },
      "gamma": {
        "available": true,
        "window_cycles": 250,
        "window_start_period": 933.0,
        "window_end_period": 1182.0,
        "first": 0.004142532523312675,
        "last": 0.004270417708015501,
        "median": 0.004199996785540654,
        "peak_to_peak": 0.0001278851847028254,
        "fractional_peak_to_peak": 0.030448876804643338,
        "slope_per_cycle": 5.130095995280328e-07,
        "fractional_slope_per_cycle": 0.0001221452362283164,
        "log_slope_per_cycle": 0.00012203060782892693,
        "efolding_cycles": 8194.66540232174
      },
      "max_vsurf_div_cs": {
        "available": true,
        "window_cycles": 250,
        "window_start_period": 1018.0,
        "window_end_period": 1182.0,
        "first": 0.36986,
        "last": 0.53614,
        "median": 0.44412,
        "peak_to_peak": 0.16627999999999993,
        "fractional_peak_to_peak": 0.37440331441952607,
        "slope_per_cycle": 0.0010121962973846607,
        "fractional_slope_per_cycle": 0.002279105416069217,
        "log_slope_per_cycle": 0.0022673912723833014,
        "efolding_cycles": 441.0354808100146
      }
    },
    "500": {
      "delta_r": {
        "available": true,
        "window_cycles": 500,
        "window_start_period": 683.0,
        "window_end_period": 1182.0,
        "first": 0.03246652531702843,
        "last": 0.0905794309400747,
        "median": 0.054000352948239794,
        "peak_to_peak": 0.058112905623046274,
        "fractional_peak_to_peak": 1.0761578850928701,
        "slope_per_cycle": 0.00011424833198092533,
        "fractional_slope_per_cycle": 0.0021156960231432966,