{
  "history_file": "<local-rre-root>/rsp_batch_runs/runs/model_003_M0p7317_Z0p001405_T6745/LOGS/history.data",
  "period_days": 0.385234936363986,
  "max_light_age_days": 1036.4621223175839,
  "phase_reference_age_days": 1036.4621223175839,
  "cycle_selection": "radius-maximum to radius-maximum",
  "cycle_max_light_local_index": 849,
  "radius_min_rsun": 5.082141923109483,
  "radius_max_rsun": 5.413454384371334,
  "radius_peak_to_peak_rsun": 0.33131246126185054,
  "teff_min_k": 6453.846943043741,
  "teff_max_k": 7036.3102850984815,
  "abs_mag_V_min": 0.3043498913925486,
  "abs_mag_V_max": 0.7224489387841762,
  "abs_mag_V_peak_to_peak": 0.41809904739162757,
  "abs_mag_I_min": -0.020686851748610013,
  "abs_mag_I_max": 0.2409789653815056,
  "abs_mag_I_peak_to_peak": 0.2616658171301156,
  "cycle_start_age_days": 1036.1673599027208,
  "cycle_end_age_days": 1036.5525948390848,
  "cycle_last_sample_age_days": 1036.5522386480552,
  "cycle_interval": "half-open [radius maximum, next radius maximum)",
  "models_in_cycle": 1103,
  "lightcurve_csv": "<local-rre-root>/rsp_batch_runs/output/model_003_M0p7317_Z0p001405_T6745/mesa_rsp_model_003_M0p7317_Z0p001405_T6745_final_cycle_lightcurve.csv"
}
