{
  "history_file": "<local-rre-root>/mesa_rsp_combined_14507_full_pressure_minus_eq/LOGS/history.data",
  "period_days": 0.7214516813364753,
  "max_light_age_days": 1440.608969018512,
  "radius_min_rsun": 6.413343985448638,
  "radius_max_rsun": 6.984405074254844,
  "radius_peak_to_peak_rsun": 0.5710610888062062,
  "teff_min_k": 6011.564620107707,
  "teff_max_k": 6518.306859202312,
  "abs_mag_V_min": 0.27374141745529995,
  "abs_mag_V_max": 0.5797228731056757,
  "abs_mag_V_peak_to_peak": 0.30598145565037577,
  "abs_mag_I_min": -0.19367527118195488,
  "abs_mag_I_max": -0.012430459426284513,
  "abs_mag_I_peak_to_peak": 0.18124481175567037,
  "cycle_start_age_days": 1440.228833972221,
  "cycle_end_age_days": 1440.9502856535576,
  "models_in_cycle": 1062
}
